ISO-10303-21;
HEADER;
FILE_DESCRIPTION(('FreeCAD Model'),'2;1');
FILE_NAME('Open CASCADE Shape Model','2026-03-05T16:08:02',(''),(''),
  'Open CASCADE STEP processor 7.8','FreeCAD','Unknown');
FILE_SCHEMA(('AUTOMOTIVE_DESIGN { 1 0 10303 214 1 1 1 1 }'));
ENDSEC;
DATA;
#1 = APPLICATION_PROTOCOL_DEFINITION('international standard',
  'automotive_design',2000,#2);
#2 = APPLICATION_CONTEXT(
  'core data for automotive mechanical design processes');
#3 = SHAPE_DEFINITION_REPRESENTATION(#4,#10);
#4 = PRODUCT_DEFINITION_SHAPE('','',#5);
#5 = PRODUCT_DEFINITION('design','',#6,#9);
#6 = PRODUCT_DEFINITION_FORMATION('','',#7);
#7 = PRODUCT('PRS11R-415F-Nxxxxx','PRS11R-415F-Nxxxxx','',(#8));
#8 = PRODUCT_CONTEXT('',#2,'mechanical');
#9 = PRODUCT_DEFINITION_CONTEXT('part definition',#2,'design');
#10 = SHAPE_REPRESENTATION('',(#11,#15,#19,#23),#27);
#11 = AXIS2_PLACEMENT_3D('',#12,#13,#14);
#12 = CARTESIAN_POINT('',(0.,0.,0.));
#13 = DIRECTION('',(0.,0.,1.));
#14 = DIRECTION('',(1.,0.,-0.));
#15 = AXIS2_PLACEMENT_3D('',#16,#17,#18);
#16 = CARTESIAN_POINT('',(0.,0.,0.));
#17 = DIRECTION('',(0.,0.,1.));
#18 = DIRECTION('',(1.,0.,0.));
#19 = AXIS2_PLACEMENT_3D('',#20,#21,#22);
#20 = CARTESIAN_POINT('',(0.,0.,0.));
#21 = DIRECTION('',(0.,0.,1.));
#22 = DIRECTION('',(1.,0.,0.));
#23 = AXIS2_PLACEMENT_3D('',#24,#25,#26);
#24 = CARTESIAN_POINT('',(0.,0.,0.));
#25 = DIRECTION('',(0.,0.,1.));
#26 = DIRECTION('',(1.,0.,0.));
#27 = ( GEOMETRIC_REPRESENTATION_CONTEXT(3) 
GLOBAL_UNCERTAINTY_ASSIGNED_CONTEXT((#31)) GLOBAL_UNIT_ASSIGNED_CONTEXT(
(#28,#29,#30)) REPRESENTATION_CONTEXT('Context #1',
  '3D Context with UNIT and UNCERTAINTY') );
#28 = ( LENGTH_UNIT() NAMED_UNIT(*) SI_UNIT(.MILLI.,.METRE.) );
#29 = ( NAMED_UNIT(*) PLANE_ANGLE_UNIT() SI_UNIT($,.RADIAN.) );
#30 = ( NAMED_UNIT(*) SI_UNIT($,.STERADIAN.) SOLID_ANGLE_UNIT() );
#31 = UNCERTAINTY_MEASURE_WITH_UNIT(LENGTH_MEASURE(2.E-06),#28,
  'distance_accuracy_value','confusion accuracy');
#32 = PRODUCT_RELATED_PRODUCT_CATEGORY('part',$,(#7));
#33 = SHAPE_DEFINITION_REPRESENTATION(#34,#40);
#34 = PRODUCT_DEFINITION_SHAPE('','',#35);
#35 = PRODUCT_DEFINITION('design','',#36,#39);
#36 = PRODUCT_DEFINITION_FORMATION('','',#37);
#37 = PRODUCT('bodyBase','bodyBase','',(#38));
#38 = PRODUCT_CONTEXT('',#2,'mechanical');
#39 = PRODUCT_DEFINITION_CONTEXT('part definition',#2,'design');
#40 = ADVANCED_BREP_SHAPE_REPRESENTATION('',(#11,#41),#1500);
#41 = MANIFOLD_SOLID_BREP('',#42);
#42 = CLOSED_SHELL('',(#43,#94,#127,#321,#336,#345,#376,#409,#442,#466,
    #508,#532,#574,#598,#636,#669,#702,#726,#768,#792,#827,#894,#904,
    #937,#961,#1084,#1159,#1176,#1186,#1196,#1229,#1262,#1279,#1296,
    #1313,#1330,#1347,#1364,#1376,#1385,#1402,#1419,#1436,#1453,#1470,
    #1482,#1491));
#43 = ADVANCED_FACE('',(#44),#89,.T.);
#44 = FACE_BOUND('',#45,.F.);
#45 = EDGE_LOOP('',(#46,#56,#65,#74,#81,#82));
#46 = ORIENTED_EDGE('',*,*,#47,.F.);
#47 = EDGE_CURVE('',#48,#50,#52,.T.);
#48 = VERTEX_POINT('',#49);
#49 = CARTESIAN_POINT('',(-3.5,3.5,0.33));
#50 = VERTEX_POINT('',#51);
#51 = CARTESIAN_POINT('',(-3.5,3.5,0.32));
#52 = LINE('',#53,#54);
#53 = CARTESIAN_POINT('',(-3.5,3.5,0.33));
#54 = VECTOR('',#55,1.);
#55 = DIRECTION('',(0.,0.,-1.));
#56 = ORIENTED_EDGE('',*,*,#57,.F.);
#57 = EDGE_CURVE('',#58,#48,#60,.T.);
#58 = VERTEX_POINT('',#59);
#59 = CARTESIAN_POINT('',(-3.762513158259,3.94,0.33));
#60 = CIRCLE('',#61,0.5);
#61 = AXIS2_PLACEMENT_3D('',#62,#63,#64);
#62 = CARTESIAN_POINT('',(-4.,3.5,0.33));
#63 = DIRECTION('',(0.,0.,-1.));
#64 = DIRECTION('',(1.,0.,0.));
#65 = ORIENTED_EDGE('',*,*,#66,.F.);
#66 = EDGE_CURVE('',#67,#58,#69,.T.);
#67 = VERTEX_POINT('',#68);
#68 = CARTESIAN_POINT('',(-4.237486841741,3.94,0.33));
#69 = CIRCLE('',#70,0.5);
#70 = AXIS2_PLACEMENT_3D('',#71,#72,#73);
#71 = CARTESIAN_POINT('',(-4.,3.5,0.33));
#72 = DIRECTION('',(0.,0.,-1.));
#73 = DIRECTION('',(1.,0.,0.));
#74 = ORIENTED_EDGE('',*,*,#75,.F.);
#75 = EDGE_CURVE('',#48,#67,#76,.T.);
#76 = CIRCLE('',#77,0.5);
#77 = AXIS2_PLACEMENT_3D('',#78,#79,#80);
#78 = CARTESIAN_POINT('',(-4.,3.5,0.33));
#79 = DIRECTION('',(0.,0.,-1.));
#80 = DIRECTION('',(1.,0.,0.));
#81 = ORIENTED_EDGE('',*,*,#47,.T.);
#82 = ORIENTED_EDGE('',*,*,#83,.T.);
#83 = EDGE_CURVE('',#50,#50,#84,.T.);
#84 = CIRCLE('',#85,0.5);
#85 = AXIS2_PLACEMENT_3D('',#86,#87,#88);
#86 = CARTESIAN_POINT('',(-4.,3.5,0.32));
#87 = DIRECTION('',(0.,0.,-1.));
#88 = DIRECTION('',(1.,0.,0.));
#89 = CYLINDRICAL_SURFACE('',#90,0.5);
#90 = AXIS2_PLACEMENT_3D('',#91,#92,#93);
#91 = CARTESIAN_POINT('',(-4.,3.5,0.33));
#92 = DIRECTION('',(0.,0.,1.));
#93 = DIRECTION('',(1.,0.,0.));
#94 = ADVANCED_FACE('',(#95),#115,.T.);
#95 = FACE_BOUND('',#96,.T.);
#96 = EDGE_LOOP('',(#97,#106,#107,#108));
#97 = ORIENTED_EDGE('',*,*,#98,.F.);
#98 = EDGE_CURVE('',#50,#99,#101,.T.);
#99 = VERTEX_POINT('',#100);
#100 = CARTESIAN_POINT('',(-3.82,3.5,0.));
#101 = CIRCLE('',#102,0.32);
#102 = AXIS2_PLACEMENT_3D('',#103,#104,#105);
#103 = CARTESIAN_POINT('',(-3.82,3.5,0.32));
#104 = DIRECTION('',(-0.,1.,0.));
#105 = DIRECTION('',(1.,0.,0.));
#106 = ORIENTED_EDGE('',*,*,#83,.T.);
#107 = ORIENTED_EDGE('',*,*,#98,.T.);
#108 = ORIENTED_EDGE('',*,*,#109,.F.);
#109 = EDGE_CURVE('',#99,#99,#110,.T.);
#110 = CIRCLE('',#111,0.18);
#111 = AXIS2_PLACEMENT_3D('',#112,#113,#114);
#112 = CARTESIAN_POINT('',(-4.,3.5,0.));
#113 = DIRECTION('',(0.,0.,-1.));
#114 = DIRECTION('',(1.,0.,0.));
#115 = SURFACE_OF_REVOLUTION('',#116,#124);
#116 = B_SPLINE_CURVE_WITH_KNOTS('',6,(#117,#118,#119,#120,#121,#122,
    #123),.UNSPECIFIED.,.F.,.F.,(7,7),(0.,1.570796326795),
  .PIECEWISE_BEZIER_KNOTS.);
#117 = CARTESIAN_POINT('',(-3.5,3.5,0.32));
#118 = CARTESIAN_POINT('',(-3.5,3.5,0.236224195904));
#119 = CARTESIAN_POINT('',(-3.526312859526,3.5,0.152455519774));
#120 = CARTESIAN_POINT('',(-3.578979152115,3.5,7.897915211514E-02));
#121 = CARTESIAN_POINT('',(-3.652455519774,3.5,2.631285952649E-02));
#122 = CARTESIAN_POINT('',(-3.736224195904,3.5,1.698294282981E-16));
#123 = CARTESIAN_POINT('',(-3.82,3.5,1.387778780781E-17));
#124 = AXIS1_PLACEMENT('',#125,#126);
#125 = CARTESIAN_POINT('',(-4.,3.5,0.32));
#126 = DIRECTION('',(-0.,-0.,-1.));
#127 = ADVANCED_FACE('',(#128),#316,.F.);
#128 = FACE_BOUND('',#129,.F.);
#129 = EDGE_LOOP('',(#130,#140,#149,#157,#166,#174,#182,#191,#200,#208,
    #217,#226,#234,#242,#251,#259,#268,#276,#284,#293,#302,#308,#309,
    #310));
#130 = ORIENTED_EDGE('',*,*,#131,.F.);
#131 = EDGE_CURVE('',#132,#134,#136,.T.);
#132 = VERTEX_POINT('',#133);
#133 = CARTESIAN_POINT('',(-5.1,5.829795897113,0.33));
#134 = VERTEX_POINT('',#135);
#135 = CARTESIAN_POINT('',(-5.1,3.94,0.33));
#136 = LINE('',#137,#138);
#137 = CARTESIAN_POINT('',(-5.1,5.94,0.33));
#138 = VECTOR('',#139,1.);
#139 = DIRECTION('',(0.,-1.,2.22044604925E-16));
#140 = ORIENTED_EDGE('',*,*,#141,.T.);
#141 = EDGE_CURVE('',#132,#142,#144,.T.);
#142 = VERTEX_POINT('',#143);
#143 = CARTESIAN_POINT('',(-5.9,4.85,0.33));
#144 = CIRCLE('',#145,1.);
#145 = AXIS2_PLACEMENT_3D('',#146,#147,#148);
#146 = CARTESIAN_POINT('',(-4.9,4.85,0.33));
#147 = DIRECTION('',(0.,0.,1.));
#148 = DIRECTION('',(1.,0.,0.));
#149 = ORIENTED_EDGE('',*,*,#150,.T.);
#150 = EDGE_CURVE('',#142,#151,#153,.T.);
#151 = VERTEX_POINT('',#152);
#152 = CARTESIAN_POINT('',(-5.9,-4.85,0.33));
#153 = LINE('',#154,#155);
#154 = CARTESIAN_POINT('',(-5.9,4.85,0.33));
#155 = VECTOR('',#156,1.);
#156 = DIRECTION('',(0.,-1.,0.));
#157 = ORIENTED_EDGE('',*,*,#158,.T.);
#158 = EDGE_CURVE('',#151,#159,#161,.T.);
#159 = VERTEX_POINT('',#160);
#160 = CARTESIAN_POINT('',(-5.1,-5.829795897113,0.33));
#161 = CIRCLE('',#162,1.);
#162 = AXIS2_PLACEMENT_3D('',#163,#164,#165);
#163 = CARTESIAN_POINT('',(-4.9,-4.85,0.33));
#164 = DIRECTION('',(0.,0.,1.));
#165 = DIRECTION('',(1.,0.,0.));
#166 = ORIENTED_EDGE('',*,*,#167,.T.);
#167 = EDGE_CURVE('',#159,#168,#170,.T.);
#168 = VERTEX_POINT('',#169);
#169 = CARTESIAN_POINT('',(-5.1,-3.94,0.33));
#170 = LINE('',#171,#172);
#171 = CARTESIAN_POINT('',(-5.1,-5.94,0.33));
#172 = VECTOR('',#173,1.);
#173 = DIRECTION('',(0.,1.,-2.22044604925E-16));
#174 = ORIENTED_EDGE('',*,*,#175,.T.);
#175 = EDGE_CURVE('',#168,#176,#178,.T.);
#176 = VERTEX_POINT('',#177);
#177 = CARTESIAN_POINT('',(-4.237486841741,-3.94,0.33));
#178 = LINE('',#179,#180);
#179 = CARTESIAN_POINT('',(1.38,-3.94,0.33));
#180 = VECTOR('',#181,1.);
#181 = DIRECTION('',(1.,0.,0.));
#182 = ORIENTED_EDGE('',*,*,#183,.T.);
#183 = EDGE_CURVE('',#176,#184,#186,.T.);
#184 = VERTEX_POINT('',#185);
#185 = CARTESIAN_POINT('',(-3.5,-3.5,0.33));
#186 = CIRCLE('',#187,0.5);
#187 = AXIS2_PLACEMENT_3D('',#188,#189,#190);
#188 = CARTESIAN_POINT('',(-4.,-3.5,0.33));
#189 = DIRECTION('',(0.,0.,-1.));
#190 = DIRECTION('',(1.,0.,0.));
#191 = ORIENTED_EDGE('',*,*,#192,.T.);
#192 = EDGE_CURVE('',#184,#193,#195,.T.);
#193 = VERTEX_POINT('',#194);
#194 = CARTESIAN_POINT('',(-3.762513158259,-3.94,0.33));
#195 = CIRCLE('',#196,0.5);
#196 = AXIS2_PLACEMENT_3D('',#197,#198,#199);
#197 = CARTESIAN_POINT('',(-4.,-3.5,0.33));
#198 = DIRECTION('',(0.,0.,-1.));
#199 = DIRECTION('',(1.,0.,0.));
#200 = ORIENTED_EDGE('',*,*,#201,.T.);
#201 = EDGE_CURVE('',#193,#202,#204,.T.);
#202 = VERTEX_POINT('',#203);
#203 = CARTESIAN_POINT('',(3.762513158259,-3.94,0.33));
#204 = LINE('',#205,#206);
#205 = CARTESIAN_POINT('',(1.38,-3.94,0.33));
#206 = VECTOR('',#207,1.);
#207 = DIRECTION('',(1.,0.,0.));
#208 = ORIENTED_EDGE('',*,*,#209,.T.);
#209 = EDGE_CURVE('',#202,#210,#212,.T.);
#210 = VERTEX_POINT('',#211);
#211 = CARTESIAN_POINT('',(4.5,-3.5,0.33));
#212 = CIRCLE('',#213,0.5);
#213 = AXIS2_PLACEMENT_3D('',#214,#215,#216);
#214 = CARTESIAN_POINT('',(4.,-3.5,0.33));
#215 = DIRECTION('',(0.,0.,-1.));
#216 = DIRECTION('',(1.,0.,0.));
#217 = ORIENTED_EDGE('',*,*,#218,.T.);
#218 = EDGE_CURVE('',#210,#219,#221,.T.);
#219 = VERTEX_POINT('',#220);
#220 = CARTESIAN_POINT('',(4.237486841741,-3.94,0.33));
#221 = CIRCLE('',#222,0.5);
#222 = AXIS2_PLACEMENT_3D('',#223,#224,#225);
#223 = CARTESIAN_POINT('',(4.,-3.5,0.33));
#224 = DIRECTION('',(0.,0.,-1.));
#225 = DIRECTION('',(1.,0.,0.));
#226 = ORIENTED_EDGE('',*,*,#227,.T.);
#227 = EDGE_CURVE('',#219,#228,#230,.T.);
#228 = VERTEX_POINT('',#229);
#229 = CARTESIAN_POINT('',(5.1,-3.94,0.33));
#230 = LINE('',#231,#232);
#231 = CARTESIAN_POINT('',(1.38,-3.94,0.33));
#232 = VECTOR('',#233,1.);
#233 = DIRECTION('',(1.,0.,0.));
#234 = ORIENTED_EDGE('',*,*,#235,.F.);
#235 = EDGE_CURVE('',#236,#228,#238,.T.);
#236 = VERTEX_POINT('',#237);
#237 = CARTESIAN_POINT('',(5.1,-5.829795897113,0.33));
#238 = LINE('',#239,#240);
#239 = CARTESIAN_POINT('',(5.1,-5.94,0.33));
#240 = VECTOR('',#241,1.);
#241 = DIRECTION('',(0.,1.,-2.22044604925E-16));
#242 = ORIENTED_EDGE('',*,*,#243,.T.);
#243 = EDGE_CURVE('',#236,#244,#246,.T.);
#244 = VERTEX_POINT('',#245);
#245 = CARTESIAN_POINT('',(5.9,-4.85,0.33));
#246 = CIRCLE('',#247,1.);
#247 = AXIS2_PLACEMENT_3D('',#248,#249,#250);
#248 = CARTESIAN_POINT('',(4.9,-4.85,0.33));
#249 = DIRECTION('',(0.,0.,1.));
#250 = DIRECTION('',(1.,0.,0.));
#251 = ORIENTED_EDGE('',*,*,#252,.T.);
#252 = EDGE_CURVE('',#244,#253,#255,.T.);
#253 = VERTEX_POINT('',#254);
#254 = CARTESIAN_POINT('',(5.9,4.85,0.33));
#255 = LINE('',#256,#257);
#256 = CARTESIAN_POINT('',(5.9,-4.85,0.33));
#257 = VECTOR('',#258,1.);
#258 = DIRECTION('',(0.,1.,0.));
#259 = ORIENTED_EDGE('',*,*,#260,.T.);
#260 = EDGE_CURVE('',#253,#261,#263,.T.);
#261 = VERTEX_POINT('',#262);
#262 = CARTESIAN_POINT('',(5.1,5.829795897113,0.33));
#263 = CIRCLE('',#264,1.);
#264 = AXIS2_PLACEMENT_3D('',#265,#266,#267);
#265 = CARTESIAN_POINT('',(4.9,4.85,0.33));
#266 = DIRECTION('',(0.,0.,1.));
#267 = DIRECTION('',(1.,0.,0.));
#268 = ORIENTED_EDGE('',*,*,#269,.T.);
#269 = EDGE_CURVE('',#261,#270,#272,.T.);
#270 = VERTEX_POINT('',#271);
#271 = CARTESIAN_POINT('',(5.1,3.94,0.33));
#272 = LINE('',#273,#274);
#273 = CARTESIAN_POINT('',(5.1,5.94,0.33));
#274 = VECTOR('',#275,1.);
#275 = DIRECTION('',(0.,-1.,2.22044604925E-16));
#276 = ORIENTED_EDGE('',*,*,#277,.T.);
#277 = EDGE_CURVE('',#270,#278,#280,.T.);
#278 = VERTEX_POINT('',#279);
#279 = CARTESIAN_POINT('',(4.237486841741,3.94,0.33));
#280 = LINE('',#281,#282);
#281 = CARTESIAN_POINT('',(5.1,3.94,0.33));
#282 = VECTOR('',#283,1.);
#283 = DIRECTION('',(-1.,0.,0.));
#284 = ORIENTED_EDGE('',*,*,#285,.T.);
#285 = EDGE_CURVE('',#278,#286,#288,.T.);
#286 = VERTEX_POINT('',#287);
#287 = CARTESIAN_POINT('',(4.5,3.5,0.33));
#288 = CIRCLE('',#289,0.5);
#289 = AXIS2_PLACEMENT_3D('',#290,#291,#292);
#290 = CARTESIAN_POINT('',(4.,3.5,0.33));
#291 = DIRECTION('',(0.,0.,-1.));
#292 = DIRECTION('',(1.,0.,0.));
#293 = ORIENTED_EDGE('',*,*,#294,.T.);
#294 = EDGE_CURVE('',#286,#295,#297,.T.);
#295 = VERTEX_POINT('',#296);
#296 = CARTESIAN_POINT('',(3.762513158259,3.94,0.33));
#297 = CIRCLE('',#298,0.5);
#298 = AXIS2_PLACEMENT_3D('',#299,#300,#301);
#299 = CARTESIAN_POINT('',(4.,3.5,0.33));
#300 = DIRECTION('',(0.,0.,-1.));
#301 = DIRECTION('',(1.,0.,0.));
#302 = ORIENTED_EDGE('',*,*,#303,.T.);
#303 = EDGE_CURVE('',#295,#58,#304,.T.);
#304 = LINE('',#305,#306);
#305 = CARTESIAN_POINT('',(5.1,3.94,0.33));
#306 = VECTOR('',#307,1.);
#307 = DIRECTION('',(-1.,0.,0.));
#308 = ORIENTED_EDGE('',*,*,#57,.T.);
#309 = ORIENTED_EDGE('',*,*,#75,.T.);
#310 = ORIENTED_EDGE('',*,*,#311,.T.);
#311 = EDGE_CURVE('',#67,#134,#312,.T.);
#312 = LINE('',#313,#314);
#313 = CARTESIAN_POINT('',(5.1,3.94,0.33));
#314 = VECTOR('',#315,1.);
#315 = DIRECTION('',(-1.,0.,0.));
#316 = PLANE('',#317);
#317 = AXIS2_PLACEMENT_3D('',#318,#319,#320);
#318 = CARTESIAN_POINT('',(-7.974600598768E-04,-7.974600598766E-04,0.33)
  );
#319 = DIRECTION('',(0.,0.,1.));
#320 = DIRECTION('',(1.,0.,0.));
#321 = ADVANCED_FACE('',(#322),#331,.T.);
#322 = FACE_BOUND('',#323,.T.);
#323 = EDGE_LOOP('',(#324,#325));
#324 = ORIENTED_EDGE('',*,*,#66,.F.);
#325 = ORIENTED_EDGE('',*,*,#326,.F.);
#326 = EDGE_CURVE('',#58,#67,#327,.T.);
#327 = LINE('',#328,#329);
#328 = CARTESIAN_POINT('',(5.1,3.94,0.33));
#329 = VECTOR('',#330,1.);
#330 = DIRECTION('',(-1.,0.,0.));
#331 = PLANE('',#332);
#332 = AXIS2_PLACEMENT_3D('',#333,#334,#335);
#333 = CARTESIAN_POINT('',(-1.922962686384E-16,-2.136625207093E-16,0.33)
  );
#334 = DIRECTION('',(0.,0.,1.));
#335 = DIRECTION('',(1.,0.,0.));
#336 = ADVANCED_FACE('',(#337),#340,.F.);
#337 = FACE_BOUND('',#338,.F.);
#338 = EDGE_LOOP('',(#339));
#339 = ORIENTED_EDGE('',*,*,#109,.F.);
#340 = PLANE('',#341);
#341 = AXIS2_PLACEMENT_3D('',#342,#343,#344);
#342 = CARTESIAN_POINT('',(-1.922962686384E-16,-2.136625207093E-16,0.));
#343 = DIRECTION('',(0.,0.,1.));
#344 = DIRECTION('',(1.,0.,0.));
#345 = ADVANCED_FACE('',(#346),#371,.F.);
#346 = FACE_BOUND('',#347,.F.);
#347 = EDGE_LOOP('',(#348,#356,#357,#365));
#348 = ORIENTED_EDGE('',*,*,#349,.T.);
#349 = EDGE_CURVE('',#350,#132,#352,.T.);
#350 = VERTEX_POINT('',#351);
#351 = CARTESIAN_POINT('',(-5.1,5.829795897113,0.73));
#352 = LINE('',#353,#354);
#353 = CARTESIAN_POINT('',(-5.1,5.829795897113,0.33));
#354 = VECTOR('',#355,1.);
#355 = DIRECTION('',(-0.,-0.,-1.));
#356 = ORIENTED_EDGE('',*,*,#131,.T.);
#357 = ORIENTED_EDGE('',*,*,#358,.T.);
#358 = EDGE_CURVE('',#134,#359,#361,.T.);
#359 = VERTEX_POINT('',#360);
#360 = CARTESIAN_POINT('',(-5.1,3.94,0.73));
#361 = LINE('',#362,#363);
#362 = CARTESIAN_POINT('',(-5.1,3.94,0.33));
#363 = VECTOR('',#364,1.);
#364 = DIRECTION('',(0.,2.22044604925E-16,1.));
#365 = ORIENTED_EDGE('',*,*,#366,.F.);
#366 = EDGE_CURVE('',#350,#359,#367,.T.);
#367 = LINE('',#368,#369);
#368 = CARTESIAN_POINT('',(-5.1,5.94,0.73));
#369 = VECTOR('',#370,1.);
#370 = DIRECTION('',(0.,-1.,2.22044604925E-16));
#371 = PLANE('',#372);
#372 = AXIS2_PLACEMENT_3D('',#373,#374,#375);
#373 = CARTESIAN_POINT('',(-5.1,5.94,0.33));
#374 = DIRECTION('',(-1.,0.,0.));
#375 = DIRECTION('',(0.,2.22044604925E-16,1.));
#376 = ADVANCED_FACE('',(#377),#404,.T.);
#377 = FACE_BOUND('',#378,.T.);
#378 = EDGE_LOOP('',(#379,#387,#388,#394,#395,#396,#397,#398));
#379 = ORIENTED_EDGE('',*,*,#380,.T.);
#380 = EDGE_CURVE('',#381,#270,#383,.T.);
#381 = VERTEX_POINT('',#382);
#382 = CARTESIAN_POINT('',(5.1,3.94,0.73));
#383 = LINE('',#384,#385);
#384 = CARTESIAN_POINT('',(5.1,3.94,0.73));
#385 = VECTOR('',#386,1.);
#386 = DIRECTION('',(0.,-2.22044604925E-16,-1.));
#387 = ORIENTED_EDGE('',*,*,#277,.T.);
#388 = ORIENTED_EDGE('',*,*,#389,.T.);
#389 = EDGE_CURVE('',#278,#295,#390,.T.);
#390 = LINE('',#391,#392);
#391 = CARTESIAN_POINT('',(5.1,3.94,0.33));
#392 = VECTOR('',#393,1.);
#393 = DIRECTION('',(-1.,0.,0.));
#394 = ORIENTED_EDGE('',*,*,#303,.T.);
#395 = ORIENTED_EDGE('',*,*,#326,.T.);
#396 = ORIENTED_EDGE('',*,*,#311,.T.);
#397 = ORIENTED_EDGE('',*,*,#358,.T.);
#398 = ORIENTED_EDGE('',*,*,#399,.T.);
#399 = EDGE_CURVE('',#359,#381,#400,.T.);
#400 = LINE('',#401,#402);
#401 = CARTESIAN_POINT('',(-5.1,3.94,0.73));
#402 = VECTOR('',#403,1.);
#403 = DIRECTION('',(1.,0.,0.));
#404 = PLANE('',#405);
#405 = AXIS2_PLACEMENT_3D('',#406,#407,#408);
#406 = CARTESIAN_POINT('',(0.,3.94,0.53));
#407 = DIRECTION('',(0.,1.,0.));
#408 = DIRECTION('',(0.,0.,1.));
#409 = ADVANCED_FACE('',(#410),#437,.T.);
#410 = FACE_BOUND('',#411,.F.);
#411 = EDGE_LOOP('',(#412,#420,#421,#428,#429,#430));
#412 = ORIENTED_EDGE('',*,*,#413,.F.);
#413 = EDGE_CURVE('',#286,#414,#416,.T.);
#414 = VERTEX_POINT('',#415);
#415 = CARTESIAN_POINT('',(4.5,3.5,0.32));
#416 = LINE('',#417,#418);
#417 = CARTESIAN_POINT('',(4.5,3.5,0.33));
#418 = VECTOR('',#419,1.);
#419 = DIRECTION('',(0.,0.,-1.));
#420 = ORIENTED_EDGE('',*,*,#285,.F.);
#421 = ORIENTED_EDGE('',*,*,#422,.F.);
#422 = EDGE_CURVE('',#295,#278,#423,.T.);
#423 = CIRCLE('',#424,0.5);
#424 = AXIS2_PLACEMENT_3D('',#425,#426,#427);
#425 = CARTESIAN_POINT('',(4.,3.5,0.33));
#426 = DIRECTION('',(0.,0.,-1.));
#427 = DIRECTION('',(1.,0.,0.));
#428 = ORIENTED_EDGE('',*,*,#294,.F.);
#429 = ORIENTED_EDGE('',*,*,#413,.T.);
#430 = ORIENTED_EDGE('',*,*,#431,.T.);
#431 = EDGE_CURVE('',#414,#414,#432,.T.);
#432 = CIRCLE('',#433,0.5);
#433 = AXIS2_PLACEMENT_3D('',#434,#435,#436);
#434 = CARTESIAN_POINT('',(4.,3.5,0.32));
#435 = DIRECTION('',(0.,0.,-1.));
#436 = DIRECTION('',(1.,0.,0.));
#437 = CYLINDRICAL_SURFACE('',#438,0.5);
#438 = AXIS2_PLACEMENT_3D('',#439,#440,#441);
#439 = CARTESIAN_POINT('',(4.,3.5,0.33));
#440 = DIRECTION('',(0.,0.,1.));
#441 = DIRECTION('',(1.,0.,0.));
#442 = ADVANCED_FACE('',(#443),#461,.F.);
#443 = FACE_BOUND('',#444,.F.);
#444 = EDGE_LOOP('',(#445,#453,#459,#460));
#445 = ORIENTED_EDGE('',*,*,#446,.F.);
#446 = EDGE_CURVE('',#447,#261,#449,.T.);
#447 = VERTEX_POINT('',#448);
#448 = CARTESIAN_POINT('',(5.1,5.829795897113,0.73));
#449 = LINE('',#450,#451);
#450 = CARTESIAN_POINT('',(5.1,5.829795897113,0.33));
#451 = VECTOR('',#452,1.);
#452 = DIRECTION('',(-0.,-0.,-1.));
#453 = ORIENTED_EDGE('',*,*,#454,.T.);
#454 = EDGE_CURVE('',#447,#381,#455,.T.);
#455 = LINE('',#456,#457);
#456 = CARTESIAN_POINT('',(5.1,5.94,0.73));
#457 = VECTOR('',#458,1.);
#458 = DIRECTION('',(0.,-1.,2.22044604925E-16));
#459 = ORIENTED_EDGE('',*,*,#380,.T.);
#460 = ORIENTED_EDGE('',*,*,#269,.F.);
#461 = PLANE('',#462);
#462 = AXIS2_PLACEMENT_3D('',#463,#464,#465);
#463 = CARTESIAN_POINT('',(5.1,5.94,0.73));
#464 = DIRECTION('',(1.,0.,0.));
#465 = DIRECTION('',(0.,-2.22044604925E-16,-1.));
#466 = ADVANCED_FACE('',(#467),#503,.T.);
#467 = FACE_BOUND('',#468,.F.);
#468 = EDGE_LOOP('',(#469,#470,#478,#487,#495,#502));
#469 = ORIENTED_EDGE('',*,*,#260,.F.);
#470 = ORIENTED_EDGE('',*,*,#471,.T.);
#471 = EDGE_CURVE('',#253,#472,#474,.T.);
#472 = VERTEX_POINT('',#473);
#473 = CARTESIAN_POINT('',(5.9,4.85,1.4));
#474 = LINE('',#475,#476);
#475 = CARTESIAN_POINT('',(5.9,4.85,0.33));
#476 = VECTOR('',#477,1.);
#477 = DIRECTION('',(0.,0.,1.));
#478 = ORIENTED_EDGE('',*,*,#479,.T.);
#479 = EDGE_CURVE('',#472,#480,#482,.T.);
#480 = VERTEX_POINT('',#481);
#481 = CARTESIAN_POINT('',(4.9,5.85,1.4));
#482 = CIRCLE('',#483,1.);
#483 = AXIS2_PLACEMENT_3D('',#484,#485,#486);
#484 = CARTESIAN_POINT('',(4.9,4.85,1.4));
#485 = DIRECTION('',(0.,0.,1.));
#486 = DIRECTION('',(1.,0.,0.));
#487 = ORIENTED_EDGE('',*,*,#488,.F.);
#488 = EDGE_CURVE('',#489,#480,#491,.T.);
#489 = VERTEX_POINT('',#490);
#490 = CARTESIAN_POINT('',(4.9,5.85,0.73));
#491 = LINE('',#492,#493);
#492 = CARTESIAN_POINT('',(4.9,5.85,0.33));
#493 = VECTOR('',#494,1.);
#494 = DIRECTION('',(0.,0.,1.));
#495 = ORIENTED_EDGE('',*,*,#496,.T.);
#496 = EDGE_CURVE('',#489,#447,#497,.T.);
#497 = CIRCLE('',#498,1.);
#498 = AXIS2_PLACEMENT_3D('',#499,#500,#501);
#499 = CARTESIAN_POINT('',(4.9,4.85,0.73));
#500 = DIRECTION('',(0.,0.,-1.));
#501 = DIRECTION('',(1.,0.,0.));
#502 = ORIENTED_EDGE('',*,*,#446,.T.);
#503 = CYLINDRICAL_SURFACE('',#504,1.);
#504 = AXIS2_PLACEMENT_3D('',#505,#506,#507);
#505 = CARTESIAN_POINT('',(4.9,4.85,0.33));
#506 = DIRECTION('',(-0.,-0.,-1.));
#507 = DIRECTION('',(1.,0.,0.));
#508 = ADVANCED_FACE('',(#509),#527,.F.);
#509 = FACE_BOUND('',#510,.F.);
#510 = EDGE_LOOP('',(#511,#519,#525,#526));
#511 = ORIENTED_EDGE('',*,*,#512,.T.);
#512 = EDGE_CURVE('',#244,#513,#515,.T.);
#513 = VERTEX_POINT('',#514);
#514 = CARTESIAN_POINT('',(5.9,-4.85,1.4));
#515 = LINE('',#516,#517);
#516 = CARTESIAN_POINT('',(5.9,-4.85,0.33));
#517 = VECTOR('',#518,1.);
#518 = DIRECTION('',(0.,0.,1.));
#519 = ORIENTED_EDGE('',*,*,#520,.T.);
#520 = EDGE_CURVE('',#513,#472,#521,.T.);
#521 = LINE('',#522,#523);
#522 = CARTESIAN_POINT('',(5.9,-4.85,1.4));
#523 = VECTOR('',#524,1.);
#524 = DIRECTION('',(0.,1.,0.));
#525 = ORIENTED_EDGE('',*,*,#471,.F.);
#526 = ORIENTED_EDGE('',*,*,#252,.F.);
#527 = PLANE('',#528);
#528 = AXIS2_PLACEMENT_3D('',#529,#530,#531);
#529 = CARTESIAN_POINT('',(5.9,-4.85,0.33));
#530 = DIRECTION('',(-1.,0.,0.));
#531 = DIRECTION('',(0.,1.,0.));
#532 = ADVANCED_FACE('',(#533),#569,.T.);
#533 = FACE_BOUND('',#534,.F.);
#534 = EDGE_LOOP('',(#535,#546,#554,#561,#562,#563));
#535 = ORIENTED_EDGE('',*,*,#536,.T.);
#536 = EDGE_CURVE('',#537,#539,#541,.T.);
#537 = VERTEX_POINT('',#538);
#538 = CARTESIAN_POINT('',(5.1,-5.829795897113,0.73));
#539 = VERTEX_POINT('',#540);
#540 = CARTESIAN_POINT('',(4.9,-5.85,0.73));
#541 = CIRCLE('',#542,1.);
#542 = AXIS2_PLACEMENT_3D('',#543,#544,#545);
#543 = CARTESIAN_POINT('',(4.9,-4.85,0.73));
#544 = DIRECTION('',(0.,0.,-1.));
#545 = DIRECTION('',(1.,0.,0.));
#546 = ORIENTED_EDGE('',*,*,#547,.T.);
#547 = EDGE_CURVE('',#539,#548,#550,.T.);
#548 = VERTEX_POINT('',#549);
#549 = CARTESIAN_POINT('',(4.9,-5.85,1.4));
#550 = LINE('',#551,#552);
#551 = CARTESIAN_POINT('',(4.9,-5.85,0.33));
#552 = VECTOR('',#553,1.);
#553 = DIRECTION('',(0.,0.,1.));
#554 = ORIENTED_EDGE('',*,*,#555,.T.);
#555 = EDGE_CURVE('',#548,#513,#556,.T.);
#556 = CIRCLE('',#557,1.);
#557 = AXIS2_PLACEMENT_3D('',#558,#559,#560);
#558 = CARTESIAN_POINT('',(4.9,-4.85,1.4));
#559 = DIRECTION('',(0.,0.,1.));
#560 = DIRECTION('',(1.,0.,0.));
#561 = ORIENTED_EDGE('',*,*,#512,.F.);
#562 = ORIENTED_EDGE('',*,*,#243,.F.);
#563 = ORIENTED_EDGE('',*,*,#564,.F.);
#564 = EDGE_CURVE('',#537,#236,#565,.T.);
#565 = LINE('',#566,#567);
#566 = CARTESIAN_POINT('',(5.1,-5.829795897113,0.33));
#567 = VECTOR('',#568,1.);
#568 = DIRECTION('',(-0.,-0.,-1.));
#569 = CYLINDRICAL_SURFACE('',#570,1.);
#570 = AXIS2_PLACEMENT_3D('',#571,#572,#573);
#571 = CARTESIAN_POINT('',(4.9,-4.85,0.33));
#572 = DIRECTION('',(-0.,-0.,-1.));
#573 = DIRECTION('',(1.,0.,0.));
#574 = ADVANCED_FACE('',(#575),#593,.F.);
#575 = FACE_BOUND('',#576,.F.);
#576 = EDGE_LOOP('',(#577,#578,#579,#587));
#577 = ORIENTED_EDGE('',*,*,#564,.T.);
#578 = ORIENTED_EDGE('',*,*,#235,.T.);
#579 = ORIENTED_EDGE('',*,*,#580,.T.);
#580 = EDGE_CURVE('',#228,#581,#583,.T.);
#581 = VERTEX_POINT('',#582);
#582 = CARTESIAN_POINT('',(5.1,-3.94,0.73));
#583 = LINE('',#584,#585);
#584 = CARTESIAN_POINT('',(5.1,-3.94,0.33));
#585 = VECTOR('',#586,1.);
#586 = DIRECTION('',(0.,2.22044604925E-16,1.));
#587 = ORIENTED_EDGE('',*,*,#588,.F.);
#588 = EDGE_CURVE('',#537,#581,#589,.T.);
#589 = LINE('',#590,#591);
#590 = CARTESIAN_POINT('',(5.1,-5.94,0.73));
#591 = VECTOR('',#592,1.);
#592 = DIRECTION('',(0.,1.,-2.22044604925E-16));
#593 = PLANE('',#594);
#594 = AXIS2_PLACEMENT_3D('',#595,#596,#597);
#595 = CARTESIAN_POINT('',(5.1,-5.94,0.33));
#596 = DIRECTION('',(1.,0.,0.));
#597 = DIRECTION('',(0.,2.22044604925E-16,1.));
#598 = ADVANCED_FACE('',(#599),#631,.F.);
#599 = FACE_BOUND('',#600,.T.);
#600 = EDGE_LOOP('',(#601,#609,#610,#616,#617,#623,#624,#625));
#601 = ORIENTED_EDGE('',*,*,#602,.T.);
#602 = EDGE_CURVE('',#603,#168,#605,.T.);
#603 = VERTEX_POINT('',#604);
#604 = CARTESIAN_POINT('',(-5.1,-3.94,0.73));
#605 = LINE('',#606,#607);
#606 = CARTESIAN_POINT('',(-5.1,-3.94,0.73));
#607 = VECTOR('',#608,1.);
#608 = DIRECTION('',(0.,-2.22044604925E-16,-1.));
#609 = ORIENTED_EDGE('',*,*,#175,.T.);
#610 = ORIENTED_EDGE('',*,*,#611,.T.);
#611 = EDGE_CURVE('',#176,#193,#612,.T.);
#612 = LINE('',#613,#614);
#613 = CARTESIAN_POINT('',(1.38,-3.94,0.33));
#614 = VECTOR('',#615,1.);
#615 = DIRECTION('',(1.,0.,0.));
#616 = ORIENTED_EDGE('',*,*,#201,.T.);
#617 = ORIENTED_EDGE('',*,*,#618,.T.);
#618 = EDGE_CURVE('',#202,#219,#619,.T.);
#619 = LINE('',#620,#621);
#620 = CARTESIAN_POINT('',(1.38,-3.94,0.33));
#621 = VECTOR('',#622,1.);
#622 = DIRECTION('',(1.,0.,0.));
#623 = ORIENTED_EDGE('',*,*,#227,.T.);
#624 = ORIENTED_EDGE('',*,*,#580,.T.);
#625 = ORIENTED_EDGE('',*,*,#626,.F.);
#626 = EDGE_CURVE('',#603,#581,#627,.T.);
#627 = LINE('',#628,#629);
#628 = CARTESIAN_POINT('',(-5.1,-3.94,0.73));
#629 = VECTOR('',#630,1.);
#630 = DIRECTION('',(1.,0.,0.));
#631 = PLANE('',#632);
#632 = AXIS2_PLACEMENT_3D('',#633,#634,#635);
#633 = CARTESIAN_POINT('',(1.005485003434E-15,-3.94,0.53));
#634 = DIRECTION('',(0.,1.,0.));
#635 = DIRECTION('',(0.,0.,1.));
#636 = ADVANCED_FACE('',(#637),#664,.T.);
#637 = FACE_BOUND('',#638,.F.);
#638 = EDGE_LOOP('',(#639,#647,#648,#655,#656,#657));
#639 = ORIENTED_EDGE('',*,*,#640,.F.);
#640 = EDGE_CURVE('',#210,#641,#643,.T.);
#641 = VERTEX_POINT('',#642);
#642 = CARTESIAN_POINT('',(4.5,-3.5,0.32));
#643 = LINE('',#644,#645);
#644 = CARTESIAN_POINT('',(4.5,-3.5,0.33));
#645 = VECTOR('',#646,1.);
#646 = DIRECTION('',(0.,0.,-1.));
#647 = ORIENTED_EDGE('',*,*,#209,.F.);
#648 = ORIENTED_EDGE('',*,*,#649,.F.);
#649 = EDGE_CURVE('',#219,#202,#650,.T.);
#650 = CIRCLE('',#651,0.5);
#651 = AXIS2_PLACEMENT_3D('',#652,#653,#654);
#652 = CARTESIAN_POINT('',(4.,-3.5,0.33));
#653 = DIRECTION('',(0.,0.,-1.));
#654 = DIRECTION('',(1.,0.,0.));
#655 = ORIENTED_EDGE('',*,*,#218,.F.);
#656 = ORIENTED_EDGE('',*,*,#640,.T.);
#657 = ORIENTED_EDGE('',*,*,#658,.T.);
#658 = EDGE_CURVE('',#641,#641,#659,.T.);
#659 = CIRCLE('',#660,0.5);
#660 = AXIS2_PLACEMENT_3D('',#661,#662,#663);
#661 = CARTESIAN_POINT('',(4.,-3.5,0.32));
#662 = DIRECTION('',(0.,0.,-1.));
#663 = DIRECTION('',(1.,0.,0.));
#664 = CYLINDRICAL_SURFACE('',#665,0.5);
#665 = AXIS2_PLACEMENT_3D('',#666,#667,#668);
#666 = CARTESIAN_POINT('',(4.,-3.5,0.33));
#667 = DIRECTION('',(0.,0.,1.));
#668 = DIRECTION('',(1.,0.,0.));
#669 = ADVANCED_FACE('',(#670),#697,.T.);
#670 = FACE_BOUND('',#671,.F.);
#671 = EDGE_LOOP('',(#672,#680,#681,#688,#689,#690));
#672 = ORIENTED_EDGE('',*,*,#673,.F.);
#673 = EDGE_CURVE('',#184,#674,#676,.T.);
#674 = VERTEX_POINT('',#675);
#675 = CARTESIAN_POINT('',(-3.5,-3.5,0.32));
#676 = LINE('',#677,#678);
#677 = CARTESIAN_POINT('',(-3.5,-3.5,0.33));
#678 = VECTOR('',#679,1.);
#679 = DIRECTION('',(0.,0.,-1.));
#680 = ORIENTED_EDGE('',*,*,#183,.F.);
#681 = ORIENTED_EDGE('',*,*,#682,.F.);
#682 = EDGE_CURVE('',#193,#176,#683,.T.);
#683 = CIRCLE('',#684,0.5);
#684 = AXIS2_PLACEMENT_3D('',#685,#686,#687);
#685 = CARTESIAN_POINT('',(-4.,-3.5,0.33));
#686 = DIRECTION('',(0.,0.,-1.));
#687 = DIRECTION('',(1.,0.,0.));
#688 = ORIENTED_EDGE('',*,*,#192,.F.);
#689 = ORIENTED_EDGE('',*,*,#673,.T.);
#690 = ORIENTED_EDGE('',*,*,#691,.T.);
#691 = EDGE_CURVE('',#674,#674,#692,.T.);
#692 = CIRCLE('',#693,0.5);
#693 = AXIS2_PLACEMENT_3D('',#694,#695,#696);
#694 = CARTESIAN_POINT('',(-4.,-3.5,0.32));
#695 = DIRECTION('',(0.,0.,-1.));
#696 = DIRECTION('',(1.,0.,0.));
#697 = CYLINDRICAL_SURFACE('',#698,0.5);
#698 = AXIS2_PLACEMENT_3D('',#699,#700,#701);
#699 = CARTESIAN_POINT('',(-4.,-3.5,0.33));
#700 = DIRECTION('',(0.,0.,1.));
#701 = DIRECTION('',(1.,0.,0.));
#702 = ADVANCED_FACE('',(#703),#721,.F.);
#703 = FACE_BOUND('',#704,.F.);
#704 = EDGE_LOOP('',(#705,#713,#719,#720));
#705 = ORIENTED_EDGE('',*,*,#706,.F.);
#706 = EDGE_CURVE('',#707,#159,#709,.T.);
#707 = VERTEX_POINT('',#708);
#708 = CARTESIAN_POINT('',(-5.1,-5.829795897113,0.73));
#709 = LINE('',#710,#711);
#710 = CARTESIAN_POINT('',(-5.1,-5.829795897113,0.33));
#711 = VECTOR('',#712,1.);
#712 = DIRECTION('',(-0.,-0.,-1.));
#713 = ORIENTED_EDGE('',*,*,#714,.T.);
#714 = EDGE_CURVE('',#707,#603,#715,.T.);
#715 = LINE('',#716,#717);
#716 = CARTESIAN_POINT('',(-5.1,-5.94,0.73));
#717 = VECTOR('',#718,1.);
#718 = DIRECTION('',(0.,1.,-2.22044604925E-16));
#719 = ORIENTED_EDGE('',*,*,#602,.T.);
#720 = ORIENTED_EDGE('',*,*,#167,.F.);
#721 = PLANE('',#722);
#722 = AXIS2_PLACEMENT_3D('',#723,#724,#725);
#723 = CARTESIAN_POINT('',(-5.1,-5.94,0.73));
#724 = DIRECTION('',(-1.,0.,0.));
#725 = DIRECTION('',(0.,-2.22044604925E-16,-1.));
#726 = ADVANCED_FACE('',(#727),#763,.T.);
#727 = FACE_BOUND('',#728,.F.);
#728 = EDGE_LOOP('',(#729,#730,#738,#747,#755,#762));
#729 = ORIENTED_EDGE('',*,*,#158,.F.);
#730 = ORIENTED_EDGE('',*,*,#731,.T.);
#731 = EDGE_CURVE('',#151,#732,#734,.T.);
#732 = VERTEX_POINT('',#733);
#733 = CARTESIAN_POINT('',(-5.9,-4.85,1.4));
#734 = LINE('',#735,#736);
#735 = CARTESIAN_POINT('',(-5.9,-4.85,0.33));
#736 = VECTOR('',#737,1.);
#737 = DIRECTION('',(0.,0.,1.));
#738 = ORIENTED_EDGE('',*,*,#739,.T.);
#739 = EDGE_CURVE('',#732,#740,#742,.T.);
#740 = VERTEX_POINT('',#741);
#741 = CARTESIAN_POINT('',(-4.9,-5.85,1.4));
#742 = CIRCLE('',#743,1.);
#743 = AXIS2_PLACEMENT_3D('',#744,#745,#746);
#744 = CARTESIAN_POINT('',(-4.9,-4.85,1.4));
#745 = DIRECTION('',(0.,0.,1.));
#746 = DIRECTION('',(1.,0.,0.));
#747 = ORIENTED_EDGE('',*,*,#748,.F.);
#748 = EDGE_CURVE('',#749,#740,#751,.T.);
#749 = VERTEX_POINT('',#750);
#750 = CARTESIAN_POINT('',(-4.9,-5.85,0.73));
#751 = LINE('',#752,#753);
#752 = CARTESIAN_POINT('',(-4.9,-5.85,0.33));
#753 = VECTOR('',#754,1.);
#754 = DIRECTION('',(0.,0.,1.));
#755 = ORIENTED_EDGE('',*,*,#756,.T.);
#756 = EDGE_CURVE('',#749,#707,#757,.T.);
#757 = CIRCLE('',#758,1.);
#758 = AXIS2_PLACEMENT_3D('',#759,#760,#761);
#759 = CARTESIAN_POINT('',(-4.9,-4.85,0.73));
#760 = DIRECTION('',(0.,0.,-1.));
#761 = DIRECTION('',(1.,0.,0.));
#762 = ORIENTED_EDGE('',*,*,#706,.T.);
#763 = CYLINDRICAL_SURFACE('',#764,1.);
#764 = AXIS2_PLACEMENT_3D('',#765,#766,#767);
#765 = CARTESIAN_POINT('',(-4.9,-4.85,0.33));
#766 = DIRECTION('',(-0.,-0.,-1.));
#767 = DIRECTION('',(1.,0.,0.));
#768 = ADVANCED_FACE('',(#769),#787,.F.);
#769 = FACE_BOUND('',#770,.F.);
#770 = EDGE_LOOP('',(#771,#779,#785,#786));
#771 = ORIENTED_EDGE('',*,*,#772,.T.);
#772 = EDGE_CURVE('',#142,#773,#775,.T.);
#773 = VERTEX_POINT('',#774);
#774 = CARTESIAN_POINT('',(-5.9,4.85,1.4));
#775 = LINE('',#776,#777);
#776 = CARTESIAN_POINT('',(-5.9,4.85,0.33));
#777 = VECTOR('',#778,1.);
#778 = DIRECTION('',(0.,0.,1.));
#779 = ORIENTED_EDGE('',*,*,#780,.T.);
#780 = EDGE_CURVE('',#773,#732,#781,.T.);
#781 = LINE('',#782,#783);
#782 = CARTESIAN_POINT('',(-5.9,4.85,1.4));
#783 = VECTOR('',#784,1.);
#784 = DIRECTION('',(0.,-1.,0.));
#785 = ORIENTED_EDGE('',*,*,#731,.F.);
#786 = ORIENTED_EDGE('',*,*,#150,.F.);
#787 = PLANE('',#788);
#788 = AXIS2_PLACEMENT_3D('',#789,#790,#791);
#789 = CARTESIAN_POINT('',(-5.9,4.85,0.33));
#790 = DIRECTION('',(1.,0.,0.));
#791 = DIRECTION('',(0.,-1.,0.));
#792 = ADVANCED_FACE('',(#793),#822,.T.);
#793 = FACE_BOUND('',#794,.F.);
#794 = EDGE_LOOP('',(#795,#804,#812,#819,#820,#821));
#795 = ORIENTED_EDGE('',*,*,#796,.T.);
#796 = EDGE_CURVE('',#350,#797,#799,.T.);
#797 = VERTEX_POINT('',#798);
#798 = CARTESIAN_POINT('',(-4.9,5.85,0.73));
#799 = CIRCLE('',#800,1.);
#800 = AXIS2_PLACEMENT_3D('',#801,#802,#803);
#801 = CARTESIAN_POINT('',(-4.9,4.85,0.73));
#802 = DIRECTION('',(0.,0.,-1.));
#803 = DIRECTION('',(1.,0.,0.));
#804 = ORIENTED_EDGE('',*,*,#805,.T.);
#805 = EDGE_CURVE('',#797,#806,#808,.T.);
#806 = VERTEX_POINT('',#807);
#807 = CARTESIAN_POINT('',(-4.9,5.85,1.4));
#808 = LINE('',#809,#810);
#809 = CARTESIAN_POINT('',(-4.9,5.85,0.33));
#810 = VECTOR('',#811,1.);
#811 = DIRECTION('',(0.,0.,1.));
#812 = ORIENTED_EDGE('',*,*,#813,.T.);
#813 = EDGE_CURVE('',#806,#773,#814,.T.);
#814 = CIRCLE('',#815,1.);
#815 = AXIS2_PLACEMENT_3D('',#816,#817,#818);
#816 = CARTESIAN_POINT('',(-4.9,4.85,1.4));
#817 = DIRECTION('',(0.,0.,1.));
#818 = DIRECTION('',(1.,0.,0.));
#819 = ORIENTED_EDGE('',*,*,#772,.F.);
#820 = ORIENTED_EDGE('',*,*,#141,.F.);
#821 = ORIENTED_EDGE('',*,*,#349,.F.);
#822 = CYLINDRICAL_SURFACE('',#823,1.);
#823 = AXIS2_PLACEMENT_3D('',#824,#825,#826);
#824 = CARTESIAN_POINT('',(-4.9,4.85,0.33));
#825 = DIRECTION('',(-0.,-0.,-1.));
#826 = DIRECTION('',(1.,0.,0.));
#827 = ADVANCED_FACE('',(#828),#889,.F.);
#828 = FACE_BOUND('',#829,.F.);
#829 = EDGE_LOOP('',(#830,#831,#832,#833,#834,#835,#843,#851,#859,#867,
    #875,#883));
#830 = ORIENTED_EDGE('',*,*,#796,.F.);
#831 = ORIENTED_EDGE('',*,*,#366,.T.);
#832 = ORIENTED_EDGE('',*,*,#399,.T.);
#833 = ORIENTED_EDGE('',*,*,#454,.F.);
#834 = ORIENTED_EDGE('',*,*,#496,.F.);
#835 = ORIENTED_EDGE('',*,*,#836,.F.);
#836 = EDGE_CURVE('',#837,#489,#839,.T.);
#837 = VERTEX_POINT('',#838);
#838 = CARTESIAN_POINT('',(4.9,4.94,0.73));
#839 = LINE('',#840,#841);
#840 = CARTESIAN_POINT('',(4.9,5.44,0.73));
#841 = VECTOR('',#842,1.);
#842 = DIRECTION('',(0.,1.,-2.22044604925E-16));
#843 = ORIENTED_EDGE('',*,*,#844,.F.);
#844 = EDGE_CURVE('',#845,#837,#847,.T.);
#845 = VERTEX_POINT('',#846);
#846 = CARTESIAN_POINT('',(1.58,4.94,0.73));
#847 = LINE('',#848,#849);
#848 = CARTESIAN_POINT('',(-1.76,4.94,0.73));
#849 = VECTOR('',#850,1.);
#850 = DIRECTION('',(1.,0.,0.));
#851 = ORIENTED_EDGE('',*,*,#852,.F.);
#852 = EDGE_CURVE('',#853,#845,#855,.T.);
#853 = VERTEX_POINT('',#854);
#854 = CARTESIAN_POINT('',(1.58,5.85,0.73));
#855 = LINE('',#856,#857);
#856 = CARTESIAN_POINT('',(1.58,5.895,0.73));
#857 = VECTOR('',#858,1.);
#858 = DIRECTION('',(0.,-1.,2.22044604925E-16));
#859 = ORIENTED_EDGE('',*,*,#860,.T.);
#860 = EDGE_CURVE('',#853,#861,#863,.T.);
#861 = VERTEX_POINT('',#862);
#862 = CARTESIAN_POINT('',(-1.58,5.85,0.73));
#863 = LINE('',#864,#865);
#864 = CARTESIAN_POINT('',(-1.76,5.85,0.73));
#865 = VECTOR('',#866,1.);
#866 = DIRECTION('',(-1.,0.,0.));
#867 = ORIENTED_EDGE('',*,*,#868,.F.);
#868 = EDGE_CURVE('',#869,#861,#871,.T.);
#869 = VERTEX_POINT('',#870);
#870 = CARTESIAN_POINT('',(-1.58,4.94,0.73));
#871 = LINE('',#872,#873);
#872 = CARTESIAN_POINT('',(-1.58,5.44,0.73));
#873 = VECTOR('',#874,1.);
#874 = DIRECTION('',(0.,1.,-2.22044604925E-16));
#875 = ORIENTED_EDGE('',*,*,#876,.F.);
#876 = EDGE_CURVE('',#877,#869,#879,.T.);
#877 = VERTEX_POINT('',#878);
#878 = CARTESIAN_POINT('',(-4.9,4.94,0.73));
#879 = LINE('',#880,#881);
#880 = CARTESIAN_POINT('',(-5.,4.94,0.73));
#881 = VECTOR('',#882,1.);
#882 = DIRECTION('',(1.,0.,0.));
#883 = ORIENTED_EDGE('',*,*,#884,.F.);
#884 = EDGE_CURVE('',#797,#877,#885,.T.);
#885 = LINE('',#886,#887);
#886 = CARTESIAN_POINT('',(-4.9,5.895,0.73));
#887 = VECTOR('',#888,1.);
#888 = DIRECTION('',(0.,-1.,2.22044604925E-16));
#889 = PLANE('',#890);
#890 = AXIS2_PLACEMENT_3D('',#891,#892,#893);
#891 = CARTESIAN_POINT('',(-5.1,5.94,0.73));
#892 = DIRECTION('',(0.,2.22044604925E-16,1.));
#893 = DIRECTION('',(1.,0.,0.));
#894 = ADVANCED_FACE('',(#895),#899,.T.);
#895 = FACE_BOUND('',#896,.T.);
#896 = EDGE_LOOP('',(#897,#898));
#897 = ORIENTED_EDGE('',*,*,#422,.F.);
#898 = ORIENTED_EDGE('',*,*,#389,.F.);
#899 = PLANE('',#900);
#900 = AXIS2_PLACEMENT_3D('',#901,#902,#903);
#901 = CARTESIAN_POINT('',(-1.922962686384E-16,-2.136625207093E-16,0.33)
  );
#902 = DIRECTION('',(0.,0.,1.));
#903 = DIRECTION('',(1.,0.,0.));
#904 = ADVANCED_FACE('',(#905),#925,.T.);
#905 = FACE_BOUND('',#906,.T.);
#906 = EDGE_LOOP('',(#907,#916,#917,#918));
#907 = ORIENTED_EDGE('',*,*,#908,.F.);
#908 = EDGE_CURVE('',#414,#909,#911,.T.);
#909 = VERTEX_POINT('',#910);
#910 = CARTESIAN_POINT('',(4.18,3.5,0.));
#911 = CIRCLE('',#912,0.32);
#912 = AXIS2_PLACEMENT_3D('',#913,#914,#915);
#913 = CARTESIAN_POINT('',(4.18,3.5,0.32));
#914 = DIRECTION('',(-0.,1.,0.));
#915 = DIRECTION('',(1.,0.,0.));
#916 = ORIENTED_EDGE('',*,*,#431,.T.);
#917 = ORIENTED_EDGE('',*,*,#908,.T.);
#918 = ORIENTED_EDGE('',*,*,#919,.F.);
#919 = EDGE_CURVE('',#909,#909,#920,.T.);
#920 = CIRCLE('',#921,0.18);
#921 = AXIS2_PLACEMENT_3D('',#922,#923,#924);
#922 = CARTESIAN_POINT('',(4.,3.5,0.));
#923 = DIRECTION('',(0.,0.,-1.));
#924 = DIRECTION('',(1.,0.,0.));
#925 = SURFACE_OF_REVOLUTION('',#926,#934);
#926 = B_SPLINE_CURVE_WITH_KNOTS('',6,(#927,#928,#929,#930,#931,#932,
    #933),.UNSPECIFIED.,.F.,.F.,(7,7),(0.,1.570796326795),
  .PIECEWISE_BEZIER_KNOTS.);
#927 = CARTESIAN_POINT('',(4.5,3.5,0.32));
#928 = CARTESIAN_POINT('',(4.5,3.5,0.236224195904));
#929 = CARTESIAN_POINT('',(4.473687140473,3.5,0.152455519774));
#930 = CARTESIAN_POINT('',(4.421020847885,3.5,7.897915211514E-02));
#931 = CARTESIAN_POINT('',(4.347544480226,3.5,2.631285952649E-02));
#932 = CARTESIAN_POINT('',(4.263775804096,3.5,1.698294282981E-16));
#933 = CARTESIAN_POINT('',(4.18,3.5,1.387778780781E-17));
#934 = AXIS1_PLACEMENT('',#935,#936);
#935 = CARTESIAN_POINT('',(4.,3.5,0.32));
#936 = DIRECTION('',(-0.,-0.,-1.));
#937 = ADVANCED_FACE('',(#938),#956,.T.);
#938 = FACE_BOUND('',#939,.T.);
#939 = EDGE_LOOP('',(#940,#941,#949,#955));
#940 = ORIENTED_EDGE('',*,*,#836,.F.);
#941 = ORIENTED_EDGE('',*,*,#942,.T.);
#942 = EDGE_CURVE('',#837,#943,#945,.T.);
#943 = VERTEX_POINT('',#944);
#944 = CARTESIAN_POINT('',(4.9,4.94,1.4));
#945 = LINE('',#946,#947);
#946 = CARTESIAN_POINT('',(4.9,4.94,0.33));
#947 = VECTOR('',#948,1.);
#948 = DIRECTION('',(0.,0.,1.));
#949 = ORIENTED_EDGE('',*,*,#950,.T.);
#950 = EDGE_CURVE('',#943,#480,#951,.T.);
#951 = LINE('',#952,#953);
#952 = CARTESIAN_POINT('',(4.9,4.94,1.4));
#953 = VECTOR('',#954,1.);
#954 = DIRECTION('',(0.,1.,0.));
#955 = ORIENTED_EDGE('',*,*,#488,.F.);
#956 = PLANE('',#957);
#957 = AXIS2_PLACEMENT_3D('',#958,#959,#960);
#958 = CARTESIAN_POINT('',(4.9,4.94,0.33));
#959 = DIRECTION('',(-1.,0.,0.));
#960 = DIRECTION('',(0.,1.,0.));
#961 = ADVANCED_FACE('',(#962),#1079,.T.);
#962 = FACE_BOUND('',#963,.T.);
#963 = EDGE_LOOP('',(#964,#965,#966,#967,#975,#983,#991,#999,#1007,#1015
    ,#1023,#1029,#1030,#1031,#1032,#1033,#1041,#1049,#1057,#1065,#1073)
  );
#964 = ORIENTED_EDGE('',*,*,#813,.T.);
#965 = ORIENTED_EDGE('',*,*,#780,.T.);
#966 = ORIENTED_EDGE('',*,*,#739,.T.);
#967 = ORIENTED_EDGE('',*,*,#968,.T.);
#968 = EDGE_CURVE('',#740,#969,#971,.T.);
#969 = VERTEX_POINT('',#970);
#970 = CARTESIAN_POINT('',(-4.9,-4.94,1.4));
#971 = LINE('',#972,#973);
#972 = CARTESIAN_POINT('',(-4.9,-5.85,1.4));
#973 = VECTOR('',#974,1.);
#974 = DIRECTION('',(0.,1.,0.));
#975 = ORIENTED_EDGE('',*,*,#976,.T.);
#976 = EDGE_CURVE('',#969,#977,#979,.T.);
#977 = VERTEX_POINT('',#978);
#978 = CARTESIAN_POINT('',(-1.58,-4.94,1.4));
#979 = LINE('',#980,#981);
#980 = CARTESIAN_POINT('',(-4.9,-4.94,1.4));
#981 = VECTOR('',#982,1.);
#982 = DIRECTION('',(1.,0.,0.));
#983 = ORIENTED_EDGE('',*,*,#984,.T.);
#984 = EDGE_CURVE('',#977,#985,#987,.T.);
#985 = VERTEX_POINT('',#986);
#986 = CARTESIAN_POINT('',(-1.58,-5.85,1.4));
#987 = LINE('',#988,#989);
#988 = CARTESIAN_POINT('',(-1.58,-4.94,1.4));
#989 = VECTOR('',#990,1.);
#990 = DIRECTION('',(0.,-1.,0.));
#991 = ORIENTED_EDGE('',*,*,#992,.T.);
#992 = EDGE_CURVE('',#985,#993,#995,.T.);
#993 = VERTEX_POINT('',#994);
#994 = CARTESIAN_POINT('',(1.58,-5.85,1.4));
#995 = LINE('',#996,#997);
#996 = CARTESIAN_POINT('',(-1.58,-5.85,1.4));
#997 = VECTOR('',#998,1.);
#998 = DIRECTION('',(1.,0.,0.));
#999 = ORIENTED_EDGE('',*,*,#1000,.T.);
#1000 = EDGE_CURVE('',#993,#1001,#1003,.T.);
#1001 = VERTEX_POINT('',#1002);
#1002 = CARTESIAN_POINT('',(1.58,-4.94,1.4));
#1003 = LINE('',#1004,#1005);
#1004 = CARTESIAN_POINT('',(1.58,-5.85,1.4));
#1005 = VECTOR('',#1006,1.);
#1006 = DIRECTION('',(0.,1.,0.));
#1007 = ORIENTED_EDGE('',*,*,#1008,.T.);
#1008 = EDGE_CURVE('',#1001,#1009,#1011,.T.);
#1009 = VERTEX_POINT('',#1010);
#1010 = CARTESIAN_POINT('',(4.854,-4.94,1.4));
#1011 = LINE('',#1012,#1013);
#1012 = CARTESIAN_POINT('',(1.58,-4.94,1.4));
#1013 = VECTOR('',#1014,1.);
#1014 = DIRECTION('',(1.,0.,0.));
#1015 = ORIENTED_EDGE('',*,*,#1016,.T.);
#1016 = EDGE_CURVE('',#1009,#1017,#1019,.T.);
#1017 = VERTEX_POINT('',#1018);
#1018 = CARTESIAN_POINT('',(4.854,-5.85,1.4));
#1019 = LINE('',#1020,#1021);
#1020 = CARTESIAN_POINT('',(4.854,-4.94,1.4));
#1021 = VECTOR('',#1022,1.);
#1022 = DIRECTION('',(0.,-1.,0.));
#1023 = ORIENTED_EDGE('',*,*,#1024,.T.);
#1024 = EDGE_CURVE('',#1017,#548,#1025,.T.);
#1025 = LINE('',#1026,#1027);
#1026 = CARTESIAN_POINT('',(4.854,-5.85,1.4));
#1027 = VECTOR('',#1028,1.);
#1028 = DIRECTION('',(1.,0.,0.));
#1029 = ORIENTED_EDGE('',*,*,#555,.T.);
#1030 = ORIENTED_EDGE('',*,*,#520,.T.);
#1031 = ORIENTED_EDGE('',*,*,#479,.T.);
#1032 = ORIENTED_EDGE('',*,*,#950,.F.);
#1033 = ORIENTED_EDGE('',*,*,#1034,.F.);
#1034 = EDGE_CURVE('',#1035,#943,#1037,.T.);
#1035 = VERTEX_POINT('',#1036);
#1036 = CARTESIAN_POINT('',(1.58,4.94,1.4));
#1037 = LINE('',#1038,#1039);
#1038 = CARTESIAN_POINT('',(1.58,4.94,1.4));
#1039 = VECTOR('',#1040,1.);
#1040 = DIRECTION('',(1.,0.,0.));
#1041 = ORIENTED_EDGE('',*,*,#1042,.F.);
#1042 = EDGE_CURVE('',#1043,#1035,#1045,.T.);
#1043 = VERTEX_POINT('',#1044);
#1044 = CARTESIAN_POINT('',(1.58,5.85,1.4));
#1045 = LINE('',#1046,#1047);
#1046 = CARTESIAN_POINT('',(1.58,5.85,1.4));
#1047 = VECTOR('',#1048,1.);
#1048 = DIRECTION('',(0.,-1.,0.));
#1049 = ORIENTED_EDGE('',*,*,#1050,.T.);
#1050 = EDGE_CURVE('',#1043,#1051,#1053,.T.);
#1051 = VERTEX_POINT('',#1052);
#1052 = CARTESIAN_POINT('',(-1.58,5.85,1.4));
#1053 = LINE('',#1054,#1055);
#1054 = CARTESIAN_POINT('',(1.58,5.85,1.4));
#1055 = VECTOR('',#1056,1.);
#1056 = DIRECTION('',(-1.,0.,0.));
#1057 = ORIENTED_EDGE('',*,*,#1058,.F.);
#1058 = EDGE_CURVE('',#1059,#1051,#1061,.T.);
#1059 = VERTEX_POINT('',#1060);
#1060 = CARTESIAN_POINT('',(-1.58,4.94,1.4));
#1061 = LINE('',#1062,#1063);
#1062 = CARTESIAN_POINT('',(-1.58,4.94,1.4));
#1063 = VECTOR('',#1064,1.);
#1064 = DIRECTION('',(0.,1.,0.));
#1065 = ORIENTED_EDGE('',*,*,#1066,.F.);
#1066 = EDGE_CURVE('',#1067,#1059,#1069,.T.);
#1067 = VERTEX_POINT('',#1068);
#1068 = CARTESIAN_POINT('',(-4.9,4.94,1.4));
#1069 = LINE('',#1070,#1071);
#1070 = CARTESIAN_POINT('',(-4.9,4.94,1.4));
#1071 = VECTOR('',#1072,1.);
#1072 = DIRECTION('',(1.,0.,0.));
#1073 = ORIENTED_EDGE('',*,*,#1074,.F.);
#1074 = EDGE_CURVE('',#806,#1067,#1075,.T.);
#1075 = LINE('',#1076,#1077);
#1076 = CARTESIAN_POINT('',(-4.9,5.85,1.4));
#1077 = VECTOR('',#1078,1.);
#1078 = DIRECTION('',(0.,-1.,0.));
#1079 = PLANE('',#1080);
#1080 = AXIS2_PLACEMENT_3D('',#1081,#1082,#1083);
#1081 = CARTESIAN_POINT('',(-7.974600598768E-04,-7.974600598766E-04,1.4)
  );
#1082 = DIRECTION('',(0.,0.,1.));
#1083 = DIRECTION('',(1.,0.,0.));
#1084 = ADVANCED_FACE('',(#1085),#1154,.T.);
#1085 = FACE_BOUND('',#1086,.T.);
#1086 = EDGE_LOOP('',(#1087,#1088,#1089,#1090,#1091,#1092,#1100,#1108,
    #1116,#1124,#1132,#1140,#1148));
#1087 = ORIENTED_EDGE('',*,*,#756,.T.);
#1088 = ORIENTED_EDGE('',*,*,#714,.T.);
#1089 = ORIENTED_EDGE('',*,*,#626,.T.);
#1090 = ORIENTED_EDGE('',*,*,#588,.F.);
#1091 = ORIENTED_EDGE('',*,*,#536,.T.);
#1092 = ORIENTED_EDGE('',*,*,#1093,.T.);
#1093 = EDGE_CURVE('',#539,#1094,#1096,.T.);
#1094 = VERTEX_POINT('',#1095);
#1095 = CARTESIAN_POINT('',(4.854,-5.85,0.73));
#1096 = LINE('',#1097,#1098);
#1097 = CARTESIAN_POINT('',(-0.123,-5.85,0.73));
#1098 = VECTOR('',#1099,1.);
#1099 = DIRECTION('',(-1.,0.,0.));
#1100 = ORIENTED_EDGE('',*,*,#1101,.T.);
#1101 = EDGE_CURVE('',#1094,#1102,#1104,.T.);
#1102 = VERTEX_POINT('',#1103);
#1103 = CARTESIAN_POINT('',(4.854,-4.94,0.73));
#1104 = LINE('',#1105,#1106);
#1105 = CARTESIAN_POINT('',(4.854,-5.44,0.73));
#1106 = VECTOR('',#1107,1.);
#1107 = DIRECTION('',(0.,1.,-2.22044604925E-16));
#1108 = ORIENTED_EDGE('',*,*,#1109,.T.);
#1109 = EDGE_CURVE('',#1102,#1110,#1112,.T.);
#1110 = VERTEX_POINT('',#1111);
#1111 = CARTESIAN_POINT('',(1.58,-4.94,0.73));
#1112 = LINE('',#1113,#1114);
#1113 = CARTESIAN_POINT('',(-1.76,-4.94,0.73));
#1114 = VECTOR('',#1115,1.);
#1115 = DIRECTION('',(-1.,0.,0.));
#1116 = ORIENTED_EDGE('',*,*,#1117,.T.);
#1117 = EDGE_CURVE('',#1110,#1118,#1120,.T.);
#1118 = VERTEX_POINT('',#1119);
#1119 = CARTESIAN_POINT('',(1.58,-5.85,0.73));
#1120 = LINE('',#1121,#1122);
#1121 = CARTESIAN_POINT('',(1.58,-5.895,0.73));
#1122 = VECTOR('',#1123,1.);
#1123 = DIRECTION('',(0.,-1.,2.22044604925E-16));
#1124 = ORIENTED_EDGE('',*,*,#1125,.T.);
#1125 = EDGE_CURVE('',#1118,#1126,#1128,.T.);
#1126 = VERTEX_POINT('',#1127);
#1127 = CARTESIAN_POINT('',(-1.58,-5.85,0.73));
#1128 = LINE('',#1129,#1130);
#1129 = CARTESIAN_POINT('',(-3.34,-5.85,0.73));
#1130 = VECTOR('',#1131,1.);
#1131 = DIRECTION('',(-1.,0.,0.));
#1132 = ORIENTED_EDGE('',*,*,#1133,.T.);
#1133 = EDGE_CURVE('',#1126,#1134,#1136,.T.);
#1134 = VERTEX_POINT('',#1135);
#1135 = CARTESIAN_POINT('',(-1.58,-4.94,0.73));
#1136 = LINE('',#1137,#1138);
#1137 = CARTESIAN_POINT('',(-1.58,-5.44,0.73));
#1138 = VECTOR('',#1139,1.);
#1139 = DIRECTION('',(0.,1.,-2.22044604925E-16));
#1140 = ORIENTED_EDGE('',*,*,#1141,.T.);
#1141 = EDGE_CURVE('',#1134,#1142,#1144,.T.);
#1142 = VERTEX_POINT('',#1143);
#1143 = CARTESIAN_POINT('',(-4.9,-4.94,0.73));
#1144 = LINE('',#1145,#1146);
#1145 = CARTESIAN_POINT('',(-5.,-4.94,0.73));
#1146 = VECTOR('',#1147,1.);
#1147 = DIRECTION('',(-1.,0.,0.));
#1148 = ORIENTED_EDGE('',*,*,#1149,.T.);
#1149 = EDGE_CURVE('',#1142,#749,#1150,.T.);
#1150 = LINE('',#1151,#1152);
#1151 = CARTESIAN_POINT('',(-4.9,-5.895,0.73));
#1152 = VECTOR('',#1153,1.);
#1153 = DIRECTION('',(0.,-1.,2.22044604925E-16));
#1154 = PLANE('',#1155);
#1155 = AXIS2_PLACEMENT_3D('',#1156,#1157,#1158);
#1156 = CARTESIAN_POINT('',(-5.1,-5.94,0.73));
#1157 = DIRECTION('',(0.,-2.22044604925E-16,-1.));
#1158 = DIRECTION('',(1.,0.,0.));
#1159 = ADVANCED_FACE('',(#1160),#1171,.F.);
#1160 = FACE_BOUND('',#1161,.F.);
#1161 = EDGE_LOOP('',(#1162,#1163,#1169,#1170));
#1162 = ORIENTED_EDGE('',*,*,#1093,.T.);
#1163 = ORIENTED_EDGE('',*,*,#1164,.T.);
#1164 = EDGE_CURVE('',#1094,#1017,#1165,.T.);
#1165 = LINE('',#1166,#1167);
#1166 = CARTESIAN_POINT('',(4.854,-5.85,0.33));
#1167 = VECTOR('',#1168,1.);
#1168 = DIRECTION('',(0.,0.,1.));
#1169 = ORIENTED_EDGE('',*,*,#1024,.T.);
#1170 = ORIENTED_EDGE('',*,*,#547,.F.);
#1171 = PLANE('',#1172);
#1172 = AXIS2_PLACEMENT_3D('',#1173,#1174,#1175);
#1173 = CARTESIAN_POINT('',(4.854,-5.85,0.33));
#1174 = DIRECTION('',(0.,1.,0.));
#1175 = DIRECTION('',(1.,0.,0.));
#1176 = ADVANCED_FACE('',(#1177),#1181,.T.);
#1177 = FACE_BOUND('',#1178,.T.);
#1178 = EDGE_LOOP('',(#1179,#1180));
#1179 = ORIENTED_EDGE('',*,*,#682,.F.);
#1180 = ORIENTED_EDGE('',*,*,#611,.F.);
#1181 = PLANE('',#1182);
#1182 = AXIS2_PLACEMENT_3D('',#1183,#1184,#1185);
#1183 = CARTESIAN_POINT('',(-1.922962686384E-16,-2.136625207093E-16,0.33
    ));
#1184 = DIRECTION('',(0.,0.,1.));
#1185 = DIRECTION('',(1.,0.,0.));
#1186 = ADVANCED_FACE('',(#1187),#1191,.T.);
#1187 = FACE_BOUND('',#1188,.T.);
#1188 = EDGE_LOOP('',(#1189,#1190));
#1189 = ORIENTED_EDGE('',*,*,#649,.F.);
#1190 = ORIENTED_EDGE('',*,*,#618,.F.);
#1191 = PLANE('',#1192);
#1192 = AXIS2_PLACEMENT_3D('',#1193,#1194,#1195);
#1193 = CARTESIAN_POINT('',(-1.922962686384E-16,-2.136625207093E-16,0.33
    ));
#1194 = DIRECTION('',(0.,0.,1.));
#1195 = DIRECTION('',(1.,0.,0.));
#1196 = ADVANCED_FACE('',(#1197),#1217,.T.);
#1197 = FACE_BOUND('',#1198,.T.);
#1198 = EDGE_LOOP('',(#1199,#1208,#1209,#1210));
#1199 = ORIENTED_EDGE('',*,*,#1200,.F.);
#1200 = EDGE_CURVE('',#641,#1201,#1203,.T.);
#1201 = VERTEX_POINT('',#1202);
#1202 = CARTESIAN_POINT('',(4.18,-3.5,0.));
#1203 = CIRCLE('',#1204,0.32);
#1204 = AXIS2_PLACEMENT_3D('',#1205,#1206,#1207);
#1205 = CARTESIAN_POINT('',(4.18,-3.5,0.32));
#1206 = DIRECTION('',(-0.,1.,0.));
#1207 = DIRECTION('',(1.,0.,0.));
#1208 = ORIENTED_EDGE('',*,*,#658,.T.);
#1209 = ORIENTED_EDGE('',*,*,#1200,.T.);
#1210 = ORIENTED_EDGE('',*,*,#1211,.F.);
#1211 = EDGE_CURVE('',#1201,#1201,#1212,.T.);
#1212 = CIRCLE('',#1213,0.18);
#1213 = AXIS2_PLACEMENT_3D('',#1214,#1215,#1216);
#1214 = CARTESIAN_POINT('',(4.,-3.5,0.));
#1215 = DIRECTION('',(0.,0.,-1.));
#1216 = DIRECTION('',(1.,0.,0.));
#1217 = SURFACE_OF_REVOLUTION('',#1218,#1226);
#1218 = B_SPLINE_CURVE_WITH_KNOTS('',6,(#1219,#1220,#1221,#1222,#1223,
    #1224,#1225),.UNSPECIFIED.,.F.,.F.,(7,7),(0.,1.570796326795),
  .PIECEWISE_BEZIER_KNOTS.);
#1219 = CARTESIAN_POINT('',(4.5,-3.5,0.32));
#1220 = CARTESIAN_POINT('',(4.5,-3.5,0.236224195904));
#1221 = CARTESIAN_POINT('',(4.473687140473,-3.5,0.152455519774));
#1222 = CARTESIAN_POINT('',(4.421020847885,-3.5,7.897915211514E-02));
#1223 = CARTESIAN_POINT('',(4.347544480226,-3.5,2.631285952649E-02));
#1224 = CARTESIAN_POINT('',(4.263775804096,-3.5,1.698294282981E-16));
#1225 = CARTESIAN_POINT('',(4.18,-3.5,1.387778780781E-17));
#1226 = AXIS1_PLACEMENT('',#1227,#1228);
#1227 = CARTESIAN_POINT('',(4.,-3.5,0.32));
#1228 = DIRECTION('',(-0.,-0.,-1.));
#1229 = ADVANCED_FACE('',(#1230),#1250,.T.);
#1230 = FACE_BOUND('',#1231,.T.);
#1231 = EDGE_LOOP('',(#1232,#1241,#1242,#1243));
#1232 = ORIENTED_EDGE('',*,*,#1233,.F.);
#1233 = EDGE_CURVE('',#674,#1234,#1236,.T.);
#1234 = VERTEX_POINT('',#1235);
#1235 = CARTESIAN_POINT('',(-3.82,-3.5,0.));
#1236 = CIRCLE('',#1237,0.32);
#1237 = AXIS2_PLACEMENT_3D('',#1238,#1239,#1240);
#1238 = CARTESIAN_POINT('',(-3.82,-3.5,0.32));
#1239 = DIRECTION('',(-0.,1.,0.));
#1240 = DIRECTION('',(1.,0.,0.));
#1241 = ORIENTED_EDGE('',*,*,#691,.T.);
#1242 = ORIENTED_EDGE('',*,*,#1233,.T.);
#1243 = ORIENTED_EDGE('',*,*,#1244,.F.);
#1244 = EDGE_CURVE('',#1234,#1234,#1245,.T.);
#1245 = CIRCLE('',#1246,0.18);
#1246 = AXIS2_PLACEMENT_3D('',#1247,#1248,#1249);
#1247 = CARTESIAN_POINT('',(-4.,-3.5,0.));
#1248 = DIRECTION('',(0.,0.,-1.));
#1249 = DIRECTION('',(1.,0.,0.));
#1250 = SURFACE_OF_REVOLUTION('',#1251,#1259);
#1251 = B_SPLINE_CURVE_WITH_KNOTS('',6,(#1252,#1253,#1254,#1255,#1256,
    #1257,#1258),.UNSPECIFIED.,.F.,.F.,(7,7),(0.,1.570796326795),
  .PIECEWISE_BEZIER_KNOTS.);
#1252 = CARTESIAN_POINT('',(-3.5,-3.5,0.32));
#1253 = CARTESIAN_POINT('',(-3.5,-3.5,0.236224195904));
#1254 = CARTESIAN_POINT('',(-3.526312859526,-3.5,0.152455519774));
#1255 = CARTESIAN_POINT('',(-3.578979152115,-3.5,7.897915211514E-02));
#1256 = CARTESIAN_POINT('',(-3.652455519774,-3.5,2.631285952649E-02));
#1257 = CARTESIAN_POINT('',(-3.736224195904,-3.5,1.698294282981E-16));
#1258 = CARTESIAN_POINT('',(-3.82,-3.5,1.387778780781E-17));
#1259 = AXIS1_PLACEMENT('',#1260,#1261);
#1260 = CARTESIAN_POINT('',(-4.,-3.5,0.32));
#1261 = DIRECTION('',(-0.,-0.,-1.));
#1262 = ADVANCED_FACE('',(#1263),#1274,.F.);
#1263 = FACE_BOUND('',#1264,.F.);
#1264 = EDGE_LOOP('',(#1265,#1266,#1267,#1268));
#1265 = ORIENTED_EDGE('',*,*,#1149,.T.);
#1266 = ORIENTED_EDGE('',*,*,#748,.T.);
#1267 = ORIENTED_EDGE('',*,*,#968,.T.);
#1268 = ORIENTED_EDGE('',*,*,#1269,.F.);
#1269 = EDGE_CURVE('',#1142,#969,#1270,.T.);
#1270 = LINE('',#1271,#1272);
#1271 = CARTESIAN_POINT('',(-4.9,-4.94,0.33));
#1272 = VECTOR('',#1273,1.);
#1273 = DIRECTION('',(0.,0.,1.));
#1274 = PLANE('',#1275);
#1275 = AXIS2_PLACEMENT_3D('',#1276,#1277,#1278);
#1276 = CARTESIAN_POINT('',(-4.9,-5.85,0.33));
#1277 = DIRECTION('',(-1.,0.,0.));
#1278 = DIRECTION('',(0.,1.,0.));
#1279 = ADVANCED_FACE('',(#1280),#1291,.T.);
#1280 = FACE_BOUND('',#1281,.T.);
#1281 = EDGE_LOOP('',(#1282,#1283,#1284,#1285));
#1282 = ORIENTED_EDGE('',*,*,#884,.F.);
#1283 = ORIENTED_EDGE('',*,*,#805,.T.);
#1284 = ORIENTED_EDGE('',*,*,#1074,.T.);
#1285 = ORIENTED_EDGE('',*,*,#1286,.F.);
#1286 = EDGE_CURVE('',#877,#1067,#1287,.T.);
#1287 = LINE('',#1288,#1289);
#1288 = CARTESIAN_POINT('',(-4.9,4.94,0.33));
#1289 = VECTOR('',#1290,1.);
#1290 = DIRECTION('',(0.,0.,1.));
#1291 = PLANE('',#1292);
#1292 = AXIS2_PLACEMENT_3D('',#1293,#1294,#1295);
#1293 = CARTESIAN_POINT('',(-4.9,5.85,0.33));
#1294 = DIRECTION('',(1.,0.,0.));
#1295 = DIRECTION('',(0.,-1.,0.));
#1296 = ADVANCED_FACE('',(#1297),#1308,.T.);
#1297 = FACE_BOUND('',#1298,.T.);
#1298 = EDGE_LOOP('',(#1299,#1300,#1301,#1302));
#1299 = ORIENTED_EDGE('',*,*,#876,.F.);
#1300 = ORIENTED_EDGE('',*,*,#1286,.T.);
#1301 = ORIENTED_EDGE('',*,*,#1066,.T.);
#1302 = ORIENTED_EDGE('',*,*,#1303,.F.);
#1303 = EDGE_CURVE('',#869,#1059,#1304,.T.);
#1304 = LINE('',#1305,#1306);
#1305 = CARTESIAN_POINT('',(-1.58,4.94,0.33));
#1306 = VECTOR('',#1307,1.);
#1307 = DIRECTION('',(0.,0.,1.));
#1308 = PLANE('',#1309);
#1309 = AXIS2_PLACEMENT_3D('',#1310,#1311,#1312);
#1310 = CARTESIAN_POINT('',(-4.9,4.94,0.33));
#1311 = DIRECTION('',(0.,1.,0.));
#1312 = DIRECTION('',(1.,0.,0.));
#1313 = ADVANCED_FACE('',(#1314),#1325,.T.);
#1314 = FACE_BOUND('',#1315,.T.);
#1315 = EDGE_LOOP('',(#1316,#1317,#1318,#1319));
#1316 = ORIENTED_EDGE('',*,*,#868,.F.);
#1317 = ORIENTED_EDGE('',*,*,#1303,.T.);
#1318 = ORIENTED_EDGE('',*,*,#1058,.T.);
#1319 = ORIENTED_EDGE('',*,*,#1320,.F.);
#1320 = EDGE_CURVE('',#861,#1051,#1321,.T.);
#1321 = LINE('',#1322,#1323);
#1322 = CARTESIAN_POINT('',(-1.58,5.85,0.33));
#1323 = VECTOR('',#1324,1.);
#1324 = DIRECTION('',(0.,0.,1.));
#1325 = PLANE('',#1326);
#1326 = AXIS2_PLACEMENT_3D('',#1327,#1328,#1329);
#1327 = CARTESIAN_POINT('',(-1.58,4.94,0.33));
#1328 = DIRECTION('',(-1.,0.,0.));
#1329 = DIRECTION('',(0.,1.,0.));
#1330 = ADVANCED_FACE('',(#1331),#1342,.F.);
#1331 = FACE_BOUND('',#1332,.F.);
#1332 = EDGE_LOOP('',(#1333,#1334,#1340,#1341));
#1333 = ORIENTED_EDGE('',*,*,#860,.F.);
#1334 = ORIENTED_EDGE('',*,*,#1335,.T.);
#1335 = EDGE_CURVE('',#853,#1043,#1336,.T.);
#1336 = LINE('',#1337,#1338);
#1337 = CARTESIAN_POINT('',(1.58,5.85,0.33));
#1338 = VECTOR('',#1339,1.);
#1339 = DIRECTION('',(0.,0.,1.));
#1340 = ORIENTED_EDGE('',*,*,#1050,.T.);
#1341 = ORIENTED_EDGE('',*,*,#1320,.F.);
#1342 = PLANE('',#1343);
#1343 = AXIS2_PLACEMENT_3D('',#1344,#1345,#1346);
#1344 = CARTESIAN_POINT('',(1.58,5.85,0.33));
#1345 = DIRECTION('',(0.,-1.,0.));
#1346 = DIRECTION('',(-1.,0.,0.));
#1347 = ADVANCED_FACE('',(#1348),#1359,.T.);
#1348 = FACE_BOUND('',#1349,.T.);
#1349 = EDGE_LOOP('',(#1350,#1351,#1352,#1353));
#1350 = ORIENTED_EDGE('',*,*,#852,.F.);
#1351 = ORIENTED_EDGE('',*,*,#1335,.T.);
#1352 = ORIENTED_EDGE('',*,*,#1042,.T.);
#1353 = ORIENTED_EDGE('',*,*,#1354,.F.);
#1354 = EDGE_CURVE('',#845,#1035,#1355,.T.);
#1355 = LINE('',#1356,#1357);
#1356 = CARTESIAN_POINT('',(1.58,4.94,0.33));
#1357 = VECTOR('',#1358,1.);
#1358 = DIRECTION('',(0.,0.,1.));
#1359 = PLANE('',#1360);
#1360 = AXIS2_PLACEMENT_3D('',#1361,#1362,#1363);
#1361 = CARTESIAN_POINT('',(1.58,5.85,0.33));
#1362 = DIRECTION('',(1.,0.,0.));
#1363 = DIRECTION('',(0.,-1.,0.));
#1364 = ADVANCED_FACE('',(#1365),#1371,.T.);
#1365 = FACE_BOUND('',#1366,.T.);
#1366 = EDGE_LOOP('',(#1367,#1368,#1369,#1370));
#1367 = ORIENTED_EDGE('',*,*,#844,.F.);
#1368 = ORIENTED_EDGE('',*,*,#1354,.T.);
#1369 = ORIENTED_EDGE('',*,*,#1034,.T.);
#1370 = ORIENTED_EDGE('',*,*,#942,.F.);
#1371 = PLANE('',#1372);
#1372 = AXIS2_PLACEMENT_3D('',#1373,#1374,#1375);
#1373 = CARTESIAN_POINT('',(1.58,4.94,0.33));
#1374 = DIRECTION('',(0.,1.,0.));
#1375 = DIRECTION('',(1.,0.,0.));
#1376 = ADVANCED_FACE('',(#1377),#1380,.F.);
#1377 = FACE_BOUND('',#1378,.F.);
#1378 = EDGE_LOOP('',(#1379));
#1379 = ORIENTED_EDGE('',*,*,#919,.F.);
#1380 = PLANE('',#1381);
#1381 = AXIS2_PLACEMENT_3D('',#1382,#1383,#1384);
#1382 = CARTESIAN_POINT('',(-1.922962686384E-16,-2.136625207093E-16,0.)
  );
#1383 = DIRECTION('',(0.,0.,1.));
#1384 = DIRECTION('',(1.,0.,0.));
#1385 = ADVANCED_FACE('',(#1386),#1397,.F.);
#1386 = FACE_BOUND('',#1387,.F.);
#1387 = EDGE_LOOP('',(#1388,#1389,#1390,#1391));
#1388 = ORIENTED_EDGE('',*,*,#1141,.T.);
#1389 = ORIENTED_EDGE('',*,*,#1269,.T.);
#1390 = ORIENTED_EDGE('',*,*,#976,.T.);
#1391 = ORIENTED_EDGE('',*,*,#1392,.F.);
#1392 = EDGE_CURVE('',#1134,#977,#1393,.T.);
#1393 = LINE('',#1394,#1395);
#1394 = CARTESIAN_POINT('',(-1.58,-4.94,0.33));
#1395 = VECTOR('',#1396,1.);
#1396 = DIRECTION('',(0.,0.,1.));
#1397 = PLANE('',#1398);
#1398 = AXIS2_PLACEMENT_3D('',#1399,#1400,#1401);
#1399 = CARTESIAN_POINT('',(-4.9,-4.94,0.33));
#1400 = DIRECTION('',(0.,1.,0.));
#1401 = DIRECTION('',(1.,0.,0.));
#1402 = ADVANCED_FACE('',(#1403),#1414,.F.);
#1403 = FACE_BOUND('',#1404,.F.);
#1404 = EDGE_LOOP('',(#1405,#1406,#1407,#1408));
#1405 = ORIENTED_EDGE('',*,*,#1133,.T.);
#1406 = ORIENTED_EDGE('',*,*,#1392,.T.);
#1407 = ORIENTED_EDGE('',*,*,#984,.T.);
#1408 = ORIENTED_EDGE('',*,*,#1409,.F.);
#1409 = EDGE_CURVE('',#1126,#985,#1410,.T.);
#1410 = LINE('',#1411,#1412);
#1411 = CARTESIAN_POINT('',(-1.58,-5.85,0.33));
#1412 = VECTOR('',#1413,1.);
#1413 = DIRECTION('',(0.,0.,1.));
#1414 = PLANE('',#1415);
#1415 = AXIS2_PLACEMENT_3D('',#1416,#1417,#1418);
#1416 = CARTESIAN_POINT('',(-1.58,-4.94,0.33));
#1417 = DIRECTION('',(1.,0.,0.));
#1418 = DIRECTION('',(0.,-1.,0.));
#1419 = ADVANCED_FACE('',(#1420),#1431,.F.);
#1420 = FACE_BOUND('',#1421,.F.);
#1421 = EDGE_LOOP('',(#1422,#1423,#1424,#1425));
#1422 = ORIENTED_EDGE('',*,*,#1125,.T.);
#1423 = ORIENTED_EDGE('',*,*,#1409,.T.);
#1424 = ORIENTED_EDGE('',*,*,#992,.T.);
#1425 = ORIENTED_EDGE('',*,*,#1426,.F.);
#1426 = EDGE_CURVE('',#1118,#993,#1427,.T.);
#1427 = LINE('',#1428,#1429);
#1428 = CARTESIAN_POINT('',(1.58,-5.85,0.33));
#1429 = VECTOR('',#1430,1.);
#1430 = DIRECTION('',(0.,0.,1.));
#1431 = PLANE('',#1432);
#1432 = AXIS2_PLACEMENT_3D('',#1433,#1434,#1435);
#1433 = CARTESIAN_POINT('',(-1.58,-5.85,0.33));
#1434 = DIRECTION('',(0.,1.,0.));
#1435 = DIRECTION('',(1.,0.,0.));
#1436 = ADVANCED_FACE('',(#1437),#1448,.F.);
#1437 = FACE_BOUND('',#1438,.F.);
#1438 = EDGE_LOOP('',(#1439,#1440,#1441,#1442));
#1439 = ORIENTED_EDGE('',*,*,#1117,.T.);
#1440 = ORIENTED_EDGE('',*,*,#1426,.T.);
#1441 = ORIENTED_EDGE('',*,*,#1000,.T.);
#1442 = ORIENTED_EDGE('',*,*,#1443,.F.);
#1443 = EDGE_CURVE('',#1110,#1001,#1444,.T.);
#1444 = LINE('',#1445,#1446);
#1445 = CARTESIAN_POINT('',(1.58,-4.94,0.33));
#1446 = VECTOR('',#1447,1.);
#1447 = DIRECTION('',(0.,0.,1.));
#1448 = PLANE('',#1449);
#1449 = AXIS2_PLACEMENT_3D('',#1450,#1451,#1452);
#1450 = CARTESIAN_POINT('',(1.58,-5.85,0.33));
#1451 = DIRECTION('',(-1.,0.,0.));
#1452 = DIRECTION('',(0.,1.,0.));
#1453 = ADVANCED_FACE('',(#1454),#1465,.F.);
#1454 = FACE_BOUND('',#1455,.F.);
#1455 = EDGE_LOOP('',(#1456,#1457,#1458,#1459));
#1456 = ORIENTED_EDGE('',*,*,#1109,.T.);
#1457 = ORIENTED_EDGE('',*,*,#1443,.T.);
#1458 = ORIENTED_EDGE('',*,*,#1008,.T.);
#1459 = ORIENTED_EDGE('',*,*,#1460,.F.);
#1460 = EDGE_CURVE('',#1102,#1009,#1461,.T.);
#1461 = LINE('',#1462,#1463);
#1462 = CARTESIAN_POINT('',(4.854,-4.94,0.33));
#1463 = VECTOR('',#1464,1.);
#1464 = DIRECTION('',(0.,0.,1.));
#1465 = PLANE('',#1466);
#1466 = AXIS2_PLACEMENT_3D('',#1467,#1468,#1469);
#1467 = CARTESIAN_POINT('',(1.58,-4.94,0.33));
#1468 = DIRECTION('',(0.,1.,0.));
#1469 = DIRECTION('',(1.,0.,0.));
#1470 = ADVANCED_FACE('',(#1471),#1477,.F.);
#1471 = FACE_BOUND('',#1472,.F.);
#1472 = EDGE_LOOP('',(#1473,#1474,#1475,#1476));
#1473 = ORIENTED_EDGE('',*,*,#1101,.T.);
#1474 = ORIENTED_EDGE('',*,*,#1460,.T.);
#1475 = ORIENTED_EDGE('',*,*,#1016,.T.);
#1476 = ORIENTED_EDGE('',*,*,#1164,.F.);
#1477 = PLANE('',#1478);
#1478 = AXIS2_PLACEMENT_3D('',#1479,#1480,#1481);
#1479 = CARTESIAN_POINT('',(4.854,-4.94,0.33));
#1480 = DIRECTION('',(1.,0.,0.));
#1481 = DIRECTION('',(0.,-1.,0.));
#1482 = ADVANCED_FACE('',(#1483),#1486,.F.);
#1483 = FACE_BOUND('',#1484,.F.);
#1484 = EDGE_LOOP('',(#1485));
#1485 = ORIENTED_EDGE('',*,*,#1211,.F.);
#1486 = PLANE('',#1487);
#1487 = AXIS2_PLACEMENT_3D('',#1488,#1489,#1490);
#1488 = CARTESIAN_POINT('',(-1.922962686384E-16,-2.136625207093E-16,0.)
  );
#1489 = DIRECTION('',(0.,0.,1.));
#1490 = DIRECTION('',(1.,0.,0.));
#1491 = ADVANCED_FACE('',(#1492),#1495,.F.);
#1492 = FACE_BOUND('',#1493,.F.);
#1493 = EDGE_LOOP('',(#1494));
#1494 = ORIENTED_EDGE('',*,*,#1244,.F.);
#1495 = PLANE('',#1496);
#1496 = AXIS2_PLACEMENT_3D('',#1497,#1498,#1499);
#1497 = CARTESIAN_POINT('',(-1.922962686384E-16,-2.136625207093E-16,0.)
  );
#1498 = DIRECTION('',(0.,0.,1.));
#1499 = DIRECTION('',(1.,0.,0.));
#1500 = ( GEOMETRIC_REPRESENTATION_CONTEXT(3) 
GLOBAL_UNCERTAINTY_ASSIGNED_CONTEXT((#1504)) 
GLOBAL_UNIT_ASSIGNED_CONTEXT((#1501,#1502,#1503)) REPRESENTATION_CONTEXT
('Context #1','3D Context with UNIT and UNCERTAINTY') );
#1501 = ( LENGTH_UNIT() NAMED_UNIT(*) SI_UNIT(.MILLI.,.METRE.) );
#1502 = ( NAMED_UNIT(*) PLANE_ANGLE_UNIT() SI_UNIT($,.RADIAN.) );
#1503 = ( NAMED_UNIT(*) SI_UNIT($,.STERADIAN.) SOLID_ANGLE_UNIT() );
#1504 = UNCERTAINTY_MEASURE_WITH_UNIT(LENGTH_MEASURE(2.E-06),#1501,
  'distance_accuracy_value','confusion accuracy');
#1505 = CONTEXT_DEPENDENT_SHAPE_REPRESENTATION(#1506,#1508);
#1506 = ( REPRESENTATION_RELATIONSHIP('','',#40,#10) 
REPRESENTATION_RELATIONSHIP_WITH_TRANSFORMATION(#1507) 
SHAPE_REPRESENTATION_RELATIONSHIP() );
#1507 = ITEM_DEFINED_TRANSFORMATION('','',#11,#15);
#1508 = PRODUCT_DEFINITION_SHAPE('Placement','Placement of an item',
  #1509);
#1509 = NEXT_ASSEMBLY_USAGE_OCCURRENCE('10','bodyBase','',#5,#35,$);
#1510 = PRODUCT_RELATED_PRODUCT_CATEGORY('part',$,(#37));
#1511 = SHAPE_DEFINITION_REPRESENTATION(#1512,#1518);
#1512 = PRODUCT_DEFINITION_SHAPE('','',#1513);
#1513 = PRODUCT_DEFINITION('design','',#1514,#1517);
#1514 = PRODUCT_DEFINITION_FORMATION('','',#1515);
#1515 = PRODUCT('bodyMiddle','bodyMiddle','',(#1516));
#1516 = PRODUCT_CONTEXT('',#2,'mechanical');
#1517 = PRODUCT_DEFINITION_CONTEXT('part definition',#2,'design');
#1518 = ADVANCED_BREP_SHAPE_REPRESENTATION('',(#11,#1519),#2601);
#1519 = MANIFOLD_SOLID_BREP('',#1520);
#1520 = CLOSED_SHELL('',(#1521,#1563,#1594,#1625,#1656,#1687,#1718,#1749
    ,#1780,#1811,#1842,#1875,#1906,#1937,#1968,#1999,#2030,#2063,#2094,
    #2125,#2156,#2187,#2218,#2249,#2280,#2311,#2342,#2373,#2447,#2479,
    #2503,#2527,#2577,#2589));
#1521 = ADVANCED_FACE('',(#1522),#1558,.T.);
#1522 = FACE_BOUND('',#1523,.F.);
#1523 = EDGE_LOOP('',(#1524,#1534,#1543,#1551));
#1524 = ORIENTED_EDGE('',*,*,#1525,.T.);
#1525 = EDGE_CURVE('',#1526,#1528,#1530,.T.);
#1526 = VERTEX_POINT('',#1527);
#1527 = CARTESIAN_POINT('',(6.5,4.85,1.4));
#1528 = VERTEX_POINT('',#1529);
#1529 = CARTESIAN_POINT('',(6.5,4.85,4.14));
#1530 = LINE('',#1531,#1532);
#1531 = CARTESIAN_POINT('',(6.5,4.85,1.4));
#1532 = VECTOR('',#1533,1.);
#1533 = DIRECTION('',(0.,0.,1.));
#1534 = ORIENTED_EDGE('',*,*,#1535,.T.);
#1535 = EDGE_CURVE('',#1528,#1536,#1538,.T.);
#1536 = VERTEX_POINT('',#1537);
#1537 = CARTESIAN_POINT('',(5.5,5.85,4.14));
#1538 = CIRCLE('',#1539,1.);
#1539 = AXIS2_PLACEMENT_3D('',#1540,#1541,#1542);
#1540 = CARTESIAN_POINT('',(5.5,4.85,4.14));
#1541 = DIRECTION('',(0.,0.,1.));
#1542 = DIRECTION('',(1.,0.,0.));
#1543 = ORIENTED_EDGE('',*,*,#1544,.F.);
#1544 = EDGE_CURVE('',#1545,#1536,#1547,.T.);
#1545 = VERTEX_POINT('',#1546);
#1546 = CARTESIAN_POINT('',(5.5,5.85,1.4));
#1547 = LINE('',#1548,#1549);
#1548 = CARTESIAN_POINT('',(5.5,5.85,1.4));
#1549 = VECTOR('',#1550,1.);
#1550 = DIRECTION('',(0.,0.,1.));
#1551 = ORIENTED_EDGE('',*,*,#1552,.F.);
#1552 = EDGE_CURVE('',#1526,#1545,#1553,.T.);
#1553 = CIRCLE('',#1554,1.);
#1554 = AXIS2_PLACEMENT_3D('',#1555,#1556,#1557);
#1555 = CARTESIAN_POINT('',(5.5,4.85,1.4));
#1556 = DIRECTION('',(0.,0.,1.));
#1557 = DIRECTION('',(1.,0.,0.));
#1558 = CYLINDRICAL_SURFACE('',#1559,1.);
#1559 = AXIS2_PLACEMENT_3D('',#1560,#1561,#1562);
#1560 = CARTESIAN_POINT('',(5.5,4.85,1.4));
#1561 = DIRECTION('',(-0.,-0.,-1.));
#1562 = DIRECTION('',(1.,0.,0.));
#1563 = ADVANCED_FACE('',(#1564),#1589,.F.);
#1564 = FACE_BOUND('',#1565,.F.);
#1565 = EDGE_LOOP('',(#1566,#1567,#1575,#1583));
#1566 = ORIENTED_EDGE('',*,*,#1544,.T.);
#1567 = ORIENTED_EDGE('',*,*,#1568,.T.);
#1568 = EDGE_CURVE('',#1536,#1569,#1571,.T.);
#1569 = VERTEX_POINT('',#1570);
#1570 = CARTESIAN_POINT('',(4.9,5.85,4.14));
#1571 = LINE('',#1572,#1573);
#1572 = CARTESIAN_POINT('',(5.5,5.85,4.14));
#1573 = VECTOR('',#1574,1.);
#1574 = DIRECTION('',(-1.,0.,0.));
#1575 = ORIENTED_EDGE('',*,*,#1576,.F.);
#1576 = EDGE_CURVE('',#1577,#1569,#1579,.T.);
#1577 = VERTEX_POINT('',#1578);
#1578 = CARTESIAN_POINT('',(4.9,5.85,1.4));
#1579 = LINE('',#1580,#1581);
#1580 = CARTESIAN_POINT('',(4.9,5.85,1.4));
#1581 = VECTOR('',#1582,1.);
#1582 = DIRECTION('',(0.,0.,1.));
#1583 = ORIENTED_EDGE('',*,*,#1584,.F.);
#1584 = EDGE_CURVE('',#1545,#1577,#1585,.T.);
#1585 = LINE('',#1586,#1587);
#1586 = CARTESIAN_POINT('',(5.5,5.85,1.4));
#1587 = VECTOR('',#1588,1.);
#1588 = DIRECTION('',(-1.,0.,0.));
#1589 = PLANE('',#1590);
#1590 = AXIS2_PLACEMENT_3D('',#1591,#1592,#1593);
#1591 = CARTESIAN_POINT('',(5.5,5.85,1.4));
#1592 = DIRECTION('',(0.,-1.,0.));
#1593 = DIRECTION('',(-1.,0.,0.));
#1594 = ADVANCED_FACE('',(#1595),#1620,.T.);
#1595 = FACE_BOUND('',#1596,.T.);
#1596 = EDGE_LOOP('',(#1597,#1607,#1613,#1614));
#1597 = ORIENTED_EDGE('',*,*,#1598,.T.);
#1598 = EDGE_CURVE('',#1599,#1601,#1603,.T.);
#1599 = VERTEX_POINT('',#1600);
#1600 = CARTESIAN_POINT('',(4.9,4.94,1.4));
#1601 = VERTEX_POINT('',#1602);
#1602 = CARTESIAN_POINT('',(4.9,4.94,4.14));
#1603 = LINE('',#1604,#1605);
#1604 = CARTESIAN_POINT('',(4.9,4.94,1.4));
#1605 = VECTOR('',#1606,1.);
#1606 = DIRECTION('',(0.,0.,1.));
#1607 = ORIENTED_EDGE('',*,*,#1608,.T.);
#1608 = EDGE_CURVE('',#1601,#1569,#1609,.T.);
#1609 = LINE('',#1610,#1611);
#1610 = CARTESIAN_POINT('',(4.9,4.94,4.14));
#1611 = VECTOR('',#1612,1.);
#1612 = DIRECTION('',(0.,1.,0.));
#1613 = ORIENTED_EDGE('',*,*,#1576,.F.);
#1614 = ORIENTED_EDGE('',*,*,#1615,.F.);
#1615 = EDGE_CURVE('',#1599,#1577,#1616,.T.);
#1616 = LINE('',#1617,#1618);
#1617 = CARTESIAN_POINT('',(4.9,4.94,1.4));
#1618 = VECTOR('',#1619,1.);
#1619 = DIRECTION('',(0.,1.,0.));
#1620 = PLANE('',#1621);
#1621 = AXIS2_PLACEMENT_3D('',#1622,#1623,#1624);
#1622 = CARTESIAN_POINT('',(4.9,4.94,1.4));
#1623 = DIRECTION('',(-1.,0.,0.));
#1624 = DIRECTION('',(0.,1.,0.));
#1625 = ADVANCED_FACE('',(#1626),#1651,.T.);
#1626 = FACE_BOUND('',#1627,.T.);
#1627 = EDGE_LOOP('',(#1628,#1638,#1644,#1645));
#1628 = ORIENTED_EDGE('',*,*,#1629,.T.);
#1629 = EDGE_CURVE('',#1630,#1632,#1634,.T.);
#1630 = VERTEX_POINT('',#1631);
#1631 = CARTESIAN_POINT('',(1.58,4.94,1.4));
#1632 = VERTEX_POINT('',#1633);
#1633 = CARTESIAN_POINT('',(1.58,4.94,4.14));
#1634 = LINE('',#1635,#1636);
#1635 = CARTESIAN_POINT('',(1.58,4.94,1.4));
#1636 = VECTOR('',#1637,1.);
#1637 = DIRECTION('',(0.,0.,1.));
#1638 = ORIENTED_EDGE('',*,*,#1639,.T.);
#1639 = EDGE_CURVE('',#1632,#1601,#1640,.T.);
#1640 = LINE('',#1641,#1642);
#1641 = CARTESIAN_POINT('',(1.58,4.94,4.14));
#1642 = VECTOR('',#1643,1.);
#1643 = DIRECTION('',(1.,0.,0.));
#1644 = ORIENTED_EDGE('',*,*,#1598,.F.);
#1645 = ORIENTED_EDGE('',*,*,#1646,.F.);
#1646 = EDGE_CURVE('',#1630,#1599,#1647,.T.);
#1647 = LINE('',#1648,#1649);
#1648 = CARTESIAN_POINT('',(1.58,4.94,1.4));
#1649 = VECTOR('',#1650,1.);
#1650 = DIRECTION('',(1.,0.,0.));
#1651 = PLANE('',#1652);
#1652 = AXIS2_PLACEMENT_3D('',#1653,#1654,#1655);
#1653 = CARTESIAN_POINT('',(1.58,4.94,1.4));
#1654 = DIRECTION('',(0.,1.,0.));
#1655 = DIRECTION('',(1.,0.,0.));
#1656 = ADVANCED_FACE('',(#1657),#1682,.T.);
#1657 = FACE_BOUND('',#1658,.T.);
#1658 = EDGE_LOOP('',(#1659,#1669,#1675,#1676));
#1659 = ORIENTED_EDGE('',*,*,#1660,.T.);
#1660 = EDGE_CURVE('',#1661,#1663,#1665,.T.);
#1661 = VERTEX_POINT('',#1662);
#1662 = CARTESIAN_POINT('',(1.58,5.85,1.4));
#1663 = VERTEX_POINT('',#1664);
#1664 = CARTESIAN_POINT('',(1.58,5.85,4.14));
#1665 = LINE('',#1666,#1667);
#1666 = CARTESIAN_POINT('',(1.58,5.85,1.4));
#1667 = VECTOR('',#1668,1.);
#1668 = DIRECTION('',(0.,0.,1.));
#1669 = ORIENTED_EDGE('',*,*,#1670,.T.);
#1670 = EDGE_CURVE('',#1663,#1632,#1671,.T.);
#1671 = LINE('',#1672,#1673);
#1672 = CARTESIAN_POINT('',(1.58,5.85,4.14));
#1673 = VECTOR('',#1674,1.);
#1674 = DIRECTION('',(0.,-1.,0.));
#1675 = ORIENTED_EDGE('',*,*,#1629,.F.);
#1676 = ORIENTED_EDGE('',*,*,#1677,.F.);
#1677 = EDGE_CURVE('',#1661,#1630,#1678,.T.);
#1678 = LINE('',#1679,#1680);
#1679 = CARTESIAN_POINT('',(1.58,5.85,1.4));
#1680 = VECTOR('',#1681,1.);
#1681 = DIRECTION('',(0.,-1.,0.));
#1682 = PLANE('',#1683);
#1683 = AXIS2_PLACEMENT_3D('',#1684,#1685,#1686);
#1684 = CARTESIAN_POINT('',(1.58,5.85,1.4));
#1685 = DIRECTION('',(1.,0.,0.));
#1686 = DIRECTION('',(0.,-1.,0.));
#1687 = ADVANCED_FACE('',(#1688),#1713,.T.);
#1688 = FACE_BOUND('',#1689,.T.);
#1689 = EDGE_LOOP('',(#1690,#1700,#1706,#1707));
#1690 = ORIENTED_EDGE('',*,*,#1691,.T.);
#1691 = EDGE_CURVE('',#1692,#1694,#1696,.T.);
#1692 = VERTEX_POINT('',#1693);
#1693 = CARTESIAN_POINT('',(-1.58,5.85,1.4));
#1694 = VERTEX_POINT('',#1695);
#1695 = CARTESIAN_POINT('',(-1.58,5.85,4.14));
#1696 = LINE('',#1697,#1698);
#1697 = CARTESIAN_POINT('',(-1.58,5.85,1.4));
#1698 = VECTOR('',#1699,1.);
#1699 = DIRECTION('',(0.,0.,1.));
#1700 = ORIENTED_EDGE('',*,*,#1701,.T.);
#1701 = EDGE_CURVE('',#1694,#1663,#1702,.T.);
#1702 = LINE('',#1703,#1704);
#1703 = CARTESIAN_POINT('',(-1.58,5.85,4.14));
#1704 = VECTOR('',#1705,1.);
#1705 = DIRECTION('',(1.,0.,0.));
#1706 = ORIENTED_EDGE('',*,*,#1660,.F.);
#1707 = ORIENTED_EDGE('',*,*,#1708,.F.);
#1708 = EDGE_CURVE('',#1692,#1661,#1709,.T.);
#1709 = LINE('',#1710,#1711);
#1710 = CARTESIAN_POINT('',(-1.58,5.85,1.4));
#1711 = VECTOR('',#1712,1.);
#1712 = DIRECTION('',(1.,0.,0.));
#1713 = PLANE('',#1714);
#1714 = AXIS2_PLACEMENT_3D('',#1715,#1716,#1717);
#1715 = CARTESIAN_POINT('',(-1.58,5.85,1.4));
#1716 = DIRECTION('',(0.,1.,0.));
#1717 = DIRECTION('',(1.,0.,0.));
#1718 = ADVANCED_FACE('',(#1719),#1744,.T.);
#1719 = FACE_BOUND('',#1720,.T.);
#1720 = EDGE_LOOP('',(#1721,#1731,#1737,#1738));
#1721 = ORIENTED_EDGE('',*,*,#1722,.T.);
#1722 = EDGE_CURVE('',#1723,#1725,#1727,.T.);
#1723 = VERTEX_POINT('',#1724);
#1724 = CARTESIAN_POINT('',(-1.58,4.94,1.4));
#1725 = VERTEX_POINT('',#1726);
#1726 = CARTESIAN_POINT('',(-1.58,4.94,4.14));
#1727 = LINE('',#1728,#1729);
#1728 = CARTESIAN_POINT('',(-1.58,4.94,1.4));
#1729 = VECTOR('',#1730,1.);
#1730 = DIRECTION('',(0.,0.,1.));
#1731 = ORIENTED_EDGE('',*,*,#1732,.T.);
#1732 = EDGE_CURVE('',#1725,#1694,#1733,.T.);
#1733 = LINE('',#1734,#1735);
#1734 = CARTESIAN_POINT('',(-1.58,4.94,4.14));
#1735 = VECTOR('',#1736,1.);
#1736 = DIRECTION('',(0.,1.,0.));
#1737 = ORIENTED_EDGE('',*,*,#1691,.F.);
#1738 = ORIENTED_EDGE('',*,*,#1739,.F.);
#1739 = EDGE_CURVE('',#1723,#1692,#1740,.T.);
#1740 = LINE('',#1741,#1742);
#1741 = CARTESIAN_POINT('',(-1.58,4.94,1.4));
#1742 = VECTOR('',#1743,1.);
#1743 = DIRECTION('',(0.,1.,0.));
#1744 = PLANE('',#1745);
#1745 = AXIS2_PLACEMENT_3D('',#1746,#1747,#1748);
#1746 = CARTESIAN_POINT('',(-1.58,4.94,1.4));
#1747 = DIRECTION('',(-1.,0.,0.));
#1748 = DIRECTION('',(0.,1.,0.));
#1749 = ADVANCED_FACE('',(#1750),#1775,.T.);
#1750 = FACE_BOUND('',#1751,.T.);
#1751 = EDGE_LOOP('',(#1752,#1762,#1768,#1769));
#1752 = ORIENTED_EDGE('',*,*,#1753,.T.);
#1753 = EDGE_CURVE('',#1754,#1756,#1758,.T.);
#1754 = VERTEX_POINT('',#1755);
#1755 = CARTESIAN_POINT('',(-4.9,4.94,1.4));
#1756 = VERTEX_POINT('',#1757);
#1757 = CARTESIAN_POINT('',(-4.9,4.94,4.14));
#1758 = LINE('',#1759,#1760);
#1759 = CARTESIAN_POINT('',(-4.9,4.94,1.4));
#1760 = VECTOR('',#1761,1.);
#1761 = DIRECTION('',(0.,0.,1.));
#1762 = ORIENTED_EDGE('',*,*,#1763,.T.);
#1763 = EDGE_CURVE('',#1756,#1725,#1764,.T.);
#1764 = LINE('',#1765,#1766);
#1765 = CARTESIAN_POINT('',(-4.9,4.94,4.14));
#1766 = VECTOR('',#1767,1.);
#1767 = DIRECTION('',(1.,0.,0.));
#1768 = ORIENTED_EDGE('',*,*,#1722,.F.);
#1769 = ORIENTED_EDGE('',*,*,#1770,.F.);
#1770 = EDGE_CURVE('',#1754,#1723,#1771,.T.);
#1771 = LINE('',#1772,#1773);
#1772 = CARTESIAN_POINT('',(-4.9,4.94,1.4));
#1773 = VECTOR('',#1774,1.);
#1774 = DIRECTION('',(1.,0.,0.));
#1775 = PLANE('',#1776);
#1776 = AXIS2_PLACEMENT_3D('',#1777,#1778,#1779);
#1777 = CARTESIAN_POINT('',(-4.9,4.94,1.4));
#1778 = DIRECTION('',(0.,1.,0.));
#1779 = DIRECTION('',(1.,0.,0.));
#1780 = ADVANCED_FACE('',(#1781),#1806,.T.);
#1781 = FACE_BOUND('',#1782,.T.);
#1782 = EDGE_LOOP('',(#1783,#1793,#1799,#1800));
#1783 = ORIENTED_EDGE('',*,*,#1784,.T.);
#1784 = EDGE_CURVE('',#1785,#1787,#1789,.T.);
#1785 = VERTEX_POINT('',#1786);
#1786 = CARTESIAN_POINT('',(-4.9,5.85,1.4));
#1787 = VERTEX_POINT('',#1788);
#1788 = CARTESIAN_POINT('',(-4.9,5.85,4.14));
#1789 = LINE('',#1790,#1791);
#1790 = CARTESIAN_POINT('',(-4.9,5.85,1.4));
#1791 = VECTOR('',#1792,1.);
#1792 = DIRECTION('',(0.,0.,1.));
#1793 = ORIENTED_EDGE('',*,*,#1794,.T.);
#1794 = EDGE_CURVE('',#1787,#1756,#1795,.T.);
#1795 = LINE('',#1796,#1797);
#1796 = CARTESIAN_POINT('',(-4.9,5.85,4.14));
#1797 = VECTOR('',#1798,1.);
#1798 = DIRECTION('',(0.,-1.,0.));
#1799 = ORIENTED_EDGE('',*,*,#1753,.F.);
#1800 = ORIENTED_EDGE('',*,*,#1801,.F.);
#1801 = EDGE_CURVE('',#1785,#1754,#1802,.T.);
#1802 = LINE('',#1803,#1804);
#1803 = CARTESIAN_POINT('',(-4.9,5.85,1.4));
#1804 = VECTOR('',#1805,1.);
#1805 = DIRECTION('',(0.,-1.,0.));
#1806 = PLANE('',#1807);
#1807 = AXIS2_PLACEMENT_3D('',#1808,#1809,#1810);
#1808 = CARTESIAN_POINT('',(-4.9,5.85,1.4));
#1809 = DIRECTION('',(1.,0.,0.));
#1810 = DIRECTION('',(0.,-1.,0.));
#1811 = ADVANCED_FACE('',(#1812),#1837,.T.);
#1812 = FACE_BOUND('',#1813,.T.);
#1813 = EDGE_LOOP('',(#1814,#1824,#1830,#1831));
#1814 = ORIENTED_EDGE('',*,*,#1815,.T.);
#1815 = EDGE_CURVE('',#1816,#1818,#1820,.T.);
#1816 = VERTEX_POINT('',#1817);
#1817 = CARTESIAN_POINT('',(-5.5,5.85,1.4));
#1818 = VERTEX_POINT('',#1819);
#1819 = CARTESIAN_POINT('',(-5.5,5.85,4.14));
#1820 = LINE('',#1821,#1822);
#1821 = CARTESIAN_POINT('',(-5.5,5.85,1.4));
#1822 = VECTOR('',#1823,1.);
#1823 = DIRECTION('',(0.,0.,1.));
#1824 = ORIENTED_EDGE('',*,*,#1825,.T.);
#1825 = EDGE_CURVE('',#1818,#1787,#1826,.T.);
#1826 = LINE('',#1827,#1828);
#1827 = CARTESIAN_POINT('',(-5.5,5.85,4.14));
#1828 = VECTOR('',#1829,1.);
#1829 = DIRECTION('',(1.,0.,0.));
#1830 = ORIENTED_EDGE('',*,*,#1784,.F.);
#1831 = ORIENTED_EDGE('',*,*,#1832,.F.);
#1832 = EDGE_CURVE('',#1816,#1785,#1833,.T.);
#1833 = LINE('',#1834,#1835);
#1834 = CARTESIAN_POINT('',(-5.5,5.85,1.4));
#1835 = VECTOR('',#1836,1.);
#1836 = DIRECTION('',(1.,0.,0.));
#1837 = PLANE('',#1838);
#1838 = AXIS2_PLACEMENT_3D('',#1839,#1840,#1841);
#1839 = CARTESIAN_POINT('',(-5.5,5.85,1.4));
#1840 = DIRECTION('',(0.,1.,0.));
#1841 = DIRECTION('',(1.,0.,0.));
#1842 = ADVANCED_FACE('',(#1843),#1870,.T.);
#1843 = FACE_BOUND('',#1844,.F.);
#1844 = EDGE_LOOP('',(#1845,#1846,#1855,#1863));
#1845 = ORIENTED_EDGE('',*,*,#1815,.T.);
#1846 = ORIENTED_EDGE('',*,*,#1847,.T.);
#1847 = EDGE_CURVE('',#1818,#1848,#1850,.T.);
#1848 = VERTEX_POINT('',#1849);
#1849 = CARTESIAN_POINT('',(-6.5,4.85,4.14));
#1850 = CIRCLE('',#1851,1.);
#1851 = AXIS2_PLACEMENT_3D('',#1852,#1853,#1854);
#1852 = CARTESIAN_POINT('',(-5.5,4.85,4.14));
#1853 = DIRECTION('',(0.,0.,1.));
#1854 = DIRECTION('',(1.,0.,0.));
#1855 = ORIENTED_EDGE('',*,*,#1856,.F.);
#1856 = EDGE_CURVE('',#1857,#1848,#1859,.T.);
#1857 = VERTEX_POINT('',#1858);
#1858 = CARTESIAN_POINT('',(-6.5,4.85,1.4));
#1859 = LINE('',#1860,#1861);
#1860 = CARTESIAN_POINT('',(-6.5,4.85,1.4));
#1861 = VECTOR('',#1862,1.);
#1862 = DIRECTION('',(0.,0.,1.));
#1863 = ORIENTED_EDGE('',*,*,#1864,.F.);
#1864 = EDGE_CURVE('',#1816,#1857,#1865,.T.);
#1865 = CIRCLE('',#1866,1.);
#1866 = AXIS2_PLACEMENT_3D('',#1867,#1868,#1869);
#1867 = CARTESIAN_POINT('',(-5.5,4.85,1.4));
#1868 = DIRECTION('',(0.,0.,1.));
#1869 = DIRECTION('',(1.,0.,0.));
#1870 = CYLINDRICAL_SURFACE('',#1871,1.);
#1871 = AXIS2_PLACEMENT_3D('',#1872,#1873,#1874);
#1872 = CARTESIAN_POINT('',(-5.5,4.85,1.4));
#1873 = DIRECTION('',(-0.,-0.,-1.));
#1874 = DIRECTION('',(1.,0.,0.));
#1875 = ADVANCED_FACE('',(#1876),#1901,.F.);
#1876 = FACE_BOUND('',#1877,.F.);
#1877 = EDGE_LOOP('',(#1878,#1879,#1887,#1895));
#1878 = ORIENTED_EDGE('',*,*,#1856,.T.);
#1879 = ORIENTED_EDGE('',*,*,#1880,.T.);
#1880 = EDGE_CURVE('',#1848,#1881,#1883,.T.);
#1881 = VERTEX_POINT('',#1882);
#1882 = CARTESIAN_POINT('',(-6.5,4.22,4.14));
#1883 = LINE('',#1884,#1885);
#1884 = CARTESIAN_POINT('',(-6.5,4.85,4.14));
#1885 = VECTOR('',#1886,1.);
#1886 = DIRECTION('',(0.,-1.,0.));
#1887 = ORIENTED_EDGE('',*,*,#1888,.F.);
#1888 = EDGE_CURVE('',#1889,#1881,#1891,.T.);
#1889 = VERTEX_POINT('',#1890);
#1890 = CARTESIAN_POINT('',(-6.5,4.22,1.4));
#1891 = LINE('',#1892,#1893);
#1892 = CARTESIAN_POINT('',(-6.5,4.22,1.4));
#1893 = VECTOR('',#1894,1.);
#1894 = DIRECTION('',(0.,0.,1.));
#1895 = ORIENTED_EDGE('',*,*,#1896,.F.);
#1896 = EDGE_CURVE('',#1857,#1889,#1897,.T.);
#1897 = LINE('',#1898,#1899);
#1898 = CARTESIAN_POINT('',(-6.5,4.85,1.4));
#1899 = VECTOR('',#1900,1.);
#1900 = DIRECTION('',(0.,-1.,0.));
#1901 = PLANE('',#1902);
#1902 = AXIS2_PLACEMENT_3D('',#1903,#1904,#1905);
#1903 = CARTESIAN_POINT('',(-6.5,4.85,1.4));
#1904 = DIRECTION('',(1.,0.,0.));
#1905 = DIRECTION('',(0.,-1.,0.));
#1906 = ADVANCED_FACE('',(#1907),#1932,.F.);
#1907 = FACE_BOUND('',#1908,.F.);
#1908 = EDGE_LOOP('',(#1909,#1910,#1918,#1926));
#1909 = ORIENTED_EDGE('',*,*,#1888,.T.);
#1910 = ORIENTED_EDGE('',*,*,#1911,.T.);
#1911 = EDGE_CURVE('',#1881,#1912,#1914,.T.);
#1912 = VERTEX_POINT('',#1913);
#1913 = CARTESIAN_POINT('',(-5.9,4.22,4.14));
#1914 = LINE('',#1915,#1916);
#1915 = CARTESIAN_POINT('',(-6.5,4.22,4.14));
#1916 = VECTOR('',#1917,1.);
#1917 = DIRECTION('',(1.,0.,0.));
#1918 = ORIENTED_EDGE('',*,*,#1919,.F.);
#1919 = EDGE_CURVE('',#1920,#1912,#1922,.T.);
#1920 = VERTEX_POINT('',#1921);
#1921 = CARTESIAN_POINT('',(-5.9,4.22,1.4));
#1922 = LINE('',#1923,#1924);
#1923 = CARTESIAN_POINT('',(-5.9,4.22,1.4));
#1924 = VECTOR('',#1925,1.);
#1925 = DIRECTION('',(0.,0.,1.));
#1926 = ORIENTED_EDGE('',*,*,#1927,.F.);
#1927 = EDGE_CURVE('',#1889,#1920,#1928,.T.);
#1928 = LINE('',#1929,#1930);
#1929 = CARTESIAN_POINT('',(-6.5,4.22,1.4));
#1930 = VECTOR('',#1931,1.);
#1931 = DIRECTION('',(1.,0.,0.));
#1932 = PLANE('',#1933);
#1933 = AXIS2_PLACEMENT_3D('',#1934,#1935,#1936);
#1934 = CARTESIAN_POINT('',(-6.5,4.22,1.4));
#1935 = DIRECTION('',(0.,1.,0.));
#1936 = DIRECTION('',(1.,0.,0.));
#1937 = ADVANCED_FACE('',(#1938),#1963,.F.);
#1938 = FACE_BOUND('',#1939,.F.);
#1939 = EDGE_LOOP('',(#1940,#1941,#1949,#1957));
#1940 = ORIENTED_EDGE('',*,*,#1919,.T.);
#1941 = ORIENTED_EDGE('',*,*,#1942,.T.);
#1942 = EDGE_CURVE('',#1912,#1943,#1945,.T.);
#1943 = VERTEX_POINT('',#1944);
#1944 = CARTESIAN_POINT('',(-5.9,-4.22,4.14));
#1945 = LINE('',#1946,#1947);
#1946 = CARTESIAN_POINT('',(-5.9,4.22,4.14));
#1947 = VECTOR('',#1948,1.);
#1948 = DIRECTION('',(0.,-1.,0.));
#1949 = ORIENTED_EDGE('',*,*,#1950,.F.);
#1950 = EDGE_CURVE('',#1951,#1943,#1953,.T.);
#1951 = VERTEX_POINT('',#1952);
#1952 = CARTESIAN_POINT('',(-5.9,-4.22,1.4));
#1953 = LINE('',#1954,#1955);
#1954 = CARTESIAN_POINT('',(-5.9,-4.22,1.4));
#1955 = VECTOR('',#1956,1.);
#1956 = DIRECTION('',(0.,0.,1.));
#1957 = ORIENTED_EDGE('',*,*,#1958,.F.);
#1958 = EDGE_CURVE('',#1920,#1951,#1959,.T.);
#1959 = LINE('',#1960,#1961);
#1960 = CARTESIAN_POINT('',(-5.9,4.22,1.4));
#1961 = VECTOR('',#1962,1.);
#1962 = DIRECTION('',(0.,-1.,0.));
#1963 = PLANE('',#1964);
#1964 = AXIS2_PLACEMENT_3D('',#1965,#1966,#1967);
#1965 = CARTESIAN_POINT('',(-5.9,4.22,1.4));
#1966 = DIRECTION('',(1.,0.,0.));
#1967 = DIRECTION('',(0.,-1.,0.));
#1968 = ADVANCED_FACE('',(#1969),#1994,.T.);
#1969 = FACE_BOUND('',#1970,.T.);
#1970 = EDGE_LOOP('',(#1971,#1981,#1987,#1988));
#1971 = ORIENTED_EDGE('',*,*,#1972,.T.);
#1972 = EDGE_CURVE('',#1973,#1975,#1977,.T.);
#1973 = VERTEX_POINT('',#1974);
#1974 = CARTESIAN_POINT('',(-6.5,-4.22,1.4));
#1975 = VERTEX_POINT('',#1976);
#1976 = CARTESIAN_POINT('',(-6.5,-4.22,4.14));
#1977 = LINE('',#1978,#1979);
#1978 = CARTESIAN_POINT('',(-6.5,-4.22,1.4));
#1979 = VECTOR('',#1980,1.);
#1980 = DIRECTION('',(0.,0.,1.));
#1981 = ORIENTED_EDGE('',*,*,#1982,.T.);
#1982 = EDGE_CURVE('',#1975,#1943,#1983,.T.);
#1983 = LINE('',#1984,#1985);
#1984 = CARTESIAN_POINT('',(-6.5,-4.22,4.14));
#1985 = VECTOR('',#1986,1.);
#1986 = DIRECTION('',(1.,0.,0.));
#1987 = ORIENTED_EDGE('',*,*,#1950,.F.);
#1988 = ORIENTED_EDGE('',*,*,#1989,.F.);
#1989 = EDGE_CURVE('',#1973,#1951,#1990,.T.);
#1990 = LINE('',#1991,#1992);
#1991 = CARTESIAN_POINT('',(-6.5,-4.22,1.4));
#1992 = VECTOR('',#1993,1.);
#1993 = DIRECTION('',(1.,0.,0.));
#1994 = PLANE('',#1995);
#1995 = AXIS2_PLACEMENT_3D('',#1996,#1997,#1998);
#1996 = CARTESIAN_POINT('',(-6.5,-4.22,1.4));
#1997 = DIRECTION('',(0.,1.,0.));
#1998 = DIRECTION('',(1.,0.,0.));
#1999 = ADVANCED_FACE('',(#2000),#2025,.T.);
#2000 = FACE_BOUND('',#2001,.T.);
#2001 = EDGE_LOOP('',(#2002,#2012,#2018,#2019));
#2002 = ORIENTED_EDGE('',*,*,#2003,.T.);
#2003 = EDGE_CURVE('',#2004,#2006,#2008,.T.);
#2004 = VERTEX_POINT('',#2005);
#2005 = CARTESIAN_POINT('',(-6.5,-4.85,1.4));
#2006 = VERTEX_POINT('',#2007);
#2007 = CARTESIAN_POINT('',(-6.5,-4.85,4.14));
#2008 = LINE('',#2009,#2010);
#2009 = CARTESIAN_POINT('',(-6.5,-4.85,1.4));
#2010 = VECTOR('',#2011,1.);
#2011 = DIRECTION('',(0.,0.,1.));
#2012 = ORIENTED_EDGE('',*,*,#2013,.T.);
#2013 = EDGE_CURVE('',#2006,#1975,#2014,.T.);
#2014 = LINE('',#2015,#2016);
#2015 = CARTESIAN_POINT('',(-6.5,-4.85,4.14));
#2016 = VECTOR('',#2017,1.);
#2017 = DIRECTION('',(0.,1.,0.));
#2018 = ORIENTED_EDGE('',*,*,#1972,.F.);
#2019 = ORIENTED_EDGE('',*,*,#2020,.F.);
#2020 = EDGE_CURVE('',#2004,#1973,#2021,.T.);
#2021 = LINE('',#2022,#2023);
#2022 = CARTESIAN_POINT('',(-6.5,-4.85,1.4));
#2023 = VECTOR('',#2024,1.);
#2024 = DIRECTION('',(0.,1.,0.));
#2025 = PLANE('',#2026);
#2026 = AXIS2_PLACEMENT_3D('',#2027,#2028,#2029);
#2027 = CARTESIAN_POINT('',(-6.5,-4.85,1.4));
#2028 = DIRECTION('',(-1.,0.,0.));
#2029 = DIRECTION('',(0.,1.,0.));
#2030 = ADVANCED_FACE('',(#2031),#2058,.T.);
#2031 = FACE_BOUND('',#2032,.F.);
#2032 = EDGE_LOOP('',(#2033,#2034,#2043,#2051));
#2033 = ORIENTED_EDGE('',*,*,#2003,.T.);
#2034 = ORIENTED_EDGE('',*,*,#2035,.T.);
#2035 = EDGE_CURVE('',#2006,#2036,#2038,.T.);
#2036 = VERTEX_POINT('',#2037);
#2037 = CARTESIAN_POINT('',(-5.5,-5.85,4.14));
#2038 = CIRCLE('',#2039,1.);
#2039 = AXIS2_PLACEMENT_3D('',#2040,#2041,#2042);
#2040 = CARTESIAN_POINT('',(-5.5,-4.85,4.14));
#2041 = DIRECTION('',(0.,0.,1.));
#2042 = DIRECTION('',(1.,0.,0.));
#2043 = ORIENTED_EDGE('',*,*,#2044,.F.);
#2044 = EDGE_CURVE('',#2045,#2036,#2047,.T.);
#2045 = VERTEX_POINT('',#2046);
#2046 = CARTESIAN_POINT('',(-5.5,-5.85,1.4));
#2047 = LINE('',#2048,#2049);
#2048 = CARTESIAN_POINT('',(-5.5,-5.85,1.4));
#2049 = VECTOR('',#2050,1.);
#2050 = DIRECTION('',(0.,0.,1.));
#2051 = ORIENTED_EDGE('',*,*,#2052,.F.);
#2052 = EDGE_CURVE('',#2004,#2045,#2053,.T.);
#2053 = CIRCLE('',#2054,1.);
#2054 = AXIS2_PLACEMENT_3D('',#2055,#2056,#2057);
#2055 = CARTESIAN_POINT('',(-5.5,-4.85,1.4));
#2056 = DIRECTION('',(0.,0.,1.));
#2057 = DIRECTION('',(1.,0.,0.));
#2058 = CYLINDRICAL_SURFACE('',#2059,1.);
#2059 = AXIS2_PLACEMENT_3D('',#2060,#2061,#2062);
#2060 = CARTESIAN_POINT('',(-5.5,-4.85,1.4));
#2061 = DIRECTION('',(-0.,-0.,-1.));
#2062 = DIRECTION('',(1.,0.,0.));
#2063 = ADVANCED_FACE('',(#2064),#2089,.F.);
#2064 = FACE_BOUND('',#2065,.F.);
#2065 = EDGE_LOOP('',(#2066,#2067,#2075,#2083));
#2066 = ORIENTED_EDGE('',*,*,#2044,.T.);
#2067 = ORIENTED_EDGE('',*,*,#2068,.T.);
#2068 = EDGE_CURVE('',#2036,#2069,#2071,.T.);
#2069 = VERTEX_POINT('',#2070);
#2070 = CARTESIAN_POINT('',(-4.9,-5.85,4.14));
#2071 = LINE('',#2072,#2073);
#2072 = CARTESIAN_POINT('',(-5.5,-5.85,4.14));
#2073 = VECTOR('',#2074,1.);
#2074 = DIRECTION('',(1.,0.,0.));
#2075 = ORIENTED_EDGE('',*,*,#2076,.F.);
#2076 = EDGE_CURVE('',#2077,#2069,#2079,.T.);
#2077 = VERTEX_POINT('',#2078);
#2078 = CARTESIAN_POINT('',(-4.9,-5.85,1.4));
#2079 = LINE('',#2080,#2081);
#2080 = CARTESIAN_POINT('',(-4.9,-5.85,1.4));
#2081 = VECTOR('',#2082,1.);
#2082 = DIRECTION('',(0.,0.,1.));
#2083 = ORIENTED_EDGE('',*,*,#2084,.F.);
#2084 = EDGE_CURVE('',#2045,#2077,#2085,.T.);
#2085 = LINE('',#2086,#2087);
#2086 = CARTESIAN_POINT('',(-5.5,-5.85,1.4));
#2087 = VECTOR('',#2088,1.);
#2088 = DIRECTION('',(1.,0.,0.));
#2089 = PLANE('',#2090);
#2090 = AXIS2_PLACEMENT_3D('',#2091,#2092,#2093);
#2091 = CARTESIAN_POINT('',(-5.5,-5.85,1.4));
#2092 = DIRECTION('',(0.,1.,0.));
#2093 = DIRECTION('',(1.,0.,0.));
#2094 = ADVANCED_FACE('',(#2095),#2120,.F.);
#2095 = FACE_BOUND('',#2096,.F.);
#2096 = EDGE_LOOP('',(#2097,#2098,#2106,#2114));
#2097 = ORIENTED_EDGE('',*,*,#2076,.T.);
#2098 = ORIENTED_EDGE('',*,*,#2099,.T.);
#2099 = EDGE_CURVE('',#2069,#2100,#2102,.T.);
#2100 = VERTEX_POINT('',#2101);
#2101 = CARTESIAN_POINT('',(-4.9,-4.94,4.14));
#2102 = LINE('',#2103,#2104);
#2103 = CARTESIAN_POINT('',(-4.9,-5.85,4.14));
#2104 = VECTOR('',#2105,1.);
#2105 = DIRECTION('',(0.,1.,0.));
#2106 = ORIENTED_EDGE('',*,*,#2107,.F.);
#2107 = EDGE_CURVE('',#2108,#2100,#2110,.T.);
#2108 = VERTEX_POINT('',#2109);
#2109 = CARTESIAN_POINT('',(-4.9,-4.94,1.4));
#2110 = LINE('',#2111,#2112);
#2111 = CARTESIAN_POINT('',(-4.9,-4.94,1.4));
#2112 = VECTOR('',#2113,1.);
#2113 = DIRECTION('',(0.,0.,1.));
#2114 = ORIENTED_EDGE('',*,*,#2115,.F.);
#2115 = EDGE_CURVE('',#2077,#2108,#2116,.T.);
#2116 = LINE('',#2117,#2118);
#2117 = CARTESIAN_POINT('',(-4.9,-5.85,1.4));
#2118 = VECTOR('',#2119,1.);
#2119 = DIRECTION('',(0.,1.,0.));
#2120 = PLANE('',#2121);
#2121 = AXIS2_PLACEMENT_3D('',#2122,#2123,#2124);
#2122 = CARTESIAN_POINT('',(-4.9,-5.85,1.4));
#2123 = DIRECTION('',(-1.,0.,0.));
#2124 = DIRECTION('',(0.,1.,0.));
#2125 = ADVANCED_FACE('',(#2126),#2151,.F.);
#2126 = FACE_BOUND('',#2127,.F.);
#2127 = EDGE_LOOP('',(#2128,#2129,#2137,#2145));
#2128 = ORIENTED_EDGE('',*,*,#2107,.T.);
#2129 = ORIENTED_EDGE('',*,*,#2130,.T.);
#2130 = EDGE_CURVE('',#2100,#2131,#2133,.T.);
#2131 = VERTEX_POINT('',#2132);
#2132 = CARTESIAN_POINT('',(-1.58,-4.94,4.14));
#2133 = LINE('',#2134,#2135);
#2134 = CARTESIAN_POINT('',(-4.9,-4.94,4.14));
#2135 = VECTOR('',#2136,1.);
#2136 = DIRECTION('',(1.,0.,0.));
#2137 = ORIENTED_EDGE('',*,*,#2138,.F.);
#2138 = EDGE_CURVE('',#2139,#2131,#2141,.T.);
#2139 = VERTEX_POINT('',#2140);
#2140 = CARTESIAN_POINT('',(-1.58,-4.94,1.4));
#2141 = LINE('',#2142,#2143);
#2142 = CARTESIAN_POINT('',(-1.58,-4.94,1.4));
#2143 = VECTOR('',#2144,1.);
#2144 = DIRECTION('',(0.,0.,1.));
#2145 = ORIENTED_EDGE('',*,*,#2146,.F.);
#2146 = EDGE_CURVE('',#2108,#2139,#2147,.T.);
#2147 = LINE('',#2148,#2149);
#2148 = CARTESIAN_POINT('',(-4.9,-4.94,1.4));
#2149 = VECTOR('',#2150,1.);
#2150 = DIRECTION('',(1.,0.,0.));
#2151 = PLANE('',#2152);
#2152 = AXIS2_PLACEMENT_3D('',#2153,#2154,#2155);
#2153 = CARTESIAN_POINT('',(-4.9,-4.94,1.4));
#2154 = DIRECTION('',(0.,1.,0.));
#2155 = DIRECTION('',(1.,0.,0.));
#2156 = ADVANCED_FACE('',(#2157),#2182,.F.);
#2157 = FACE_BOUND('',#2158,.F.);
#2158 = EDGE_LOOP('',(#2159,#2160,#2168,#2176));
#2159 = ORIENTED_EDGE('',*,*,#2138,.T.);
#2160 = ORIENTED_EDGE('',*,*,#2161,.T.);
#2161 = EDGE_CURVE('',#2131,#2162,#2164,.T.);
#2162 = VERTEX_POINT('',#2163);
#2163 = CARTESIAN_POINT('',(-1.58,-5.85,4.14));
#2164 = LINE('',#2165,#2166);
#2165 = CARTESIAN_POINT('',(-1.58,-4.94,4.14));
#2166 = VECTOR('',#2167,1.);
#2167 = DIRECTION('',(0.,-1.,0.));
#2168 = ORIENTED_EDGE('',*,*,#2169,.F.);
#2169 = EDGE_CURVE('',#2170,#2162,#2172,.T.);
#2170 = VERTEX_POINT('',#2171);
#2171 = CARTESIAN_POINT('',(-1.58,-5.85,1.4));
#2172 = LINE('',#2173,#2174);
#2173 = CARTESIAN_POINT('',(-1.58,-5.85,1.4));
#2174 = VECTOR('',#2175,1.);
#2175 = DIRECTION('',(0.,0.,1.));
#2176 = ORIENTED_EDGE('',*,*,#2177,.F.);
#2177 = EDGE_CURVE('',#2139,#2170,#2178,.T.);
#2178 = LINE('',#2179,#2180);
#2179 = CARTESIAN_POINT('',(-1.58,-4.94,1.4));
#2180 = VECTOR('',#2181,1.);
#2181 = DIRECTION('',(0.,-1.,0.));
#2182 = PLANE('',#2183);
#2183 = AXIS2_PLACEMENT_3D('',#2184,#2185,#2186);
#2184 = CARTESIAN_POINT('',(-1.58,-4.94,1.4));
#2185 = DIRECTION('',(1.,0.,0.));
#2186 = DIRECTION('',(0.,-1.,0.));
#2187 = ADVANCED_FACE('',(#2188),#2213,.F.);
#2188 = FACE_BOUND('',#2189,.F.);
#2189 = EDGE_LOOP('',(#2190,#2191,#2199,#2207));
#2190 = ORIENTED_EDGE('',*,*,#2169,.T.);
#2191 = ORIENTED_EDGE('',*,*,#2192,.T.);
#2192 = EDGE_CURVE('',#2162,#2193,#2195,.T.);
#2193 = VERTEX_POINT('',#2194);
#2194 = CARTESIAN_POINT('',(1.58,-5.85,4.14));
#2195 = LINE('',#2196,#2197);
#2196 = CARTESIAN_POINT('',(-1.58,-5.85,4.14));
#2197 = VECTOR('',#2198,1.);
#2198 = DIRECTION('',(1.,0.,0.));
#2199 = ORIENTED_EDGE('',*,*,#2200,.F.);
#2200 = EDGE_CURVE('',#2201,#2193,#2203,.T.);
#2201 = VERTEX_POINT('',#2202);
#2202 = CARTESIAN_POINT('',(1.58,-5.85,1.4));
#2203 = LINE('',#2204,#2205);
#2204 = CARTESIAN_POINT('',(1.58,-5.85,1.4));
#2205 = VECTOR('',#2206,1.);
#2206 = DIRECTION('',(0.,0.,1.));
#2207 = ORIENTED_EDGE('',*,*,#2208,.F.);
#2208 = EDGE_CURVE('',#2170,#2201,#2209,.T.);
#2209 = LINE('',#2210,#2211);
#2210 = CARTESIAN_POINT('',(-1.58,-5.85,1.4));
#2211 = VECTOR('',#2212,1.);
#2212 = DIRECTION('',(1.,0.,0.));
#2213 = PLANE('',#2214);
#2214 = AXIS2_PLACEMENT_3D('',#2215,#2216,#2217);
#2215 = CARTESIAN_POINT('',(-1.58,-5.85,1.4));
#2216 = DIRECTION('',(0.,1.,0.));
#2217 = DIRECTION('',(1.,0.,0.));
#2218 = ADVANCED_FACE('',(#2219),#2244,.F.);
#2219 = FACE_BOUND('',#2220,.F.);
#2220 = EDGE_LOOP('',(#2221,#2222,#2230,#2238));
#2221 = ORIENTED_EDGE('',*,*,#2200,.T.);
#2222 = ORIENTED_EDGE('',*,*,#2223,.T.);
#2223 = EDGE_CURVE('',#2193,#2224,#2226,.T.);
#2224 = VERTEX_POINT('',#2225);
#2225 = CARTESIAN_POINT('',(1.58,-4.94,4.14));
#2226 = LINE('',#2227,#2228);
#2227 = CARTESIAN_POINT('',(1.58,-5.85,4.14));
#2228 = VECTOR('',#2229,1.);
#2229 = DIRECTION('',(0.,1.,0.));
#2230 = ORIENTED_EDGE('',*,*,#2231,.F.);
#2231 = EDGE_CURVE('',#2232,#2224,#2234,.T.);
#2232 = VERTEX_POINT('',#2233);
#2233 = CARTESIAN_POINT('',(1.58,-4.94,1.4));
#2234 = LINE('',#2235,#2236);
#2235 = CARTESIAN_POINT('',(1.58,-4.94,1.4));
#2236 = VECTOR('',#2237,1.);
#2237 = DIRECTION('',(0.,0.,1.));
#2238 = ORIENTED_EDGE('',*,*,#2239,.F.);
#2239 = EDGE_CURVE('',#2201,#2232,#2240,.T.);
#2240 = LINE('',#2241,#2242);
#2241 = CARTESIAN_POINT('',(1.58,-5.85,1.4));
#2242 = VECTOR('',#2243,1.);
#2243 = DIRECTION('',(0.,1.,0.));
#2244 = PLANE('',#2245);
#2245 = AXIS2_PLACEMENT_3D('',#2246,#2247,#2248);
#2246 = CARTESIAN_POINT('',(1.58,-5.85,1.4));
#2247 = DIRECTION('',(-1.,0.,0.));
#2248 = DIRECTION('',(0.,1.,0.));
#2249 = ADVANCED_FACE('',(#2250),#2275,.F.);
#2250 = FACE_BOUND('',#2251,.F.);
#2251 = EDGE_LOOP('',(#2252,#2253,#2261,#2269));
#2252 = ORIENTED_EDGE('',*,*,#2231,.T.);
#2253 = ORIENTED_EDGE('',*,*,#2254,.T.);
#2254 = EDGE_CURVE('',#2224,#2255,#2257,.T.);
#2255 = VERTEX_POINT('',#2256);
#2256 = CARTESIAN_POINT('',(4.854,-4.94,4.14));
#2257 = LINE('',#2258,#2259);
#2258 = CARTESIAN_POINT('',(1.58,-4.94,4.14));
#2259 = VECTOR('',#2260,1.);
#2260 = DIRECTION('',(1.,0.,0.));
#2261 = ORIENTED_EDGE('',*,*,#2262,.F.);
#2262 = EDGE_CURVE('',#2263,#2255,#2265,.T.);
#2263 = VERTEX_POINT('',#2264);
#2264 = CARTESIAN_POINT('',(4.854,-4.94,1.4));
#2265 = LINE('',#2266,#2267);
#2266 = CARTESIAN_POINT('',(4.854,-4.94,1.4));
#2267 = VECTOR('',#2268,1.);
#2268 = DIRECTION('',(0.,0.,1.));
#2269 = ORIENTED_EDGE('',*,*,#2270,.F.);
#2270 = EDGE_CURVE('',#2232,#2263,#2271,.T.);
#2271 = LINE('',#2272,#2273);
#2272 = CARTESIAN_POINT('',(1.58,-4.94,1.4));
#2273 = VECTOR('',#2274,1.);
#2274 = DIRECTION('',(1.,0.,0.));
#2275 = PLANE('',#2276);
#2276 = AXIS2_PLACEMENT_3D('',#2277,#2278,#2279);
#2277 = CARTESIAN_POINT('',(1.58,-4.94,1.4));
#2278 = DIRECTION('',(0.,1.,0.));
#2279 = DIRECTION('',(1.,0.,0.));
#2280 = ADVANCED_FACE('',(#2281),#2306,.F.);
#2281 = FACE_BOUND('',#2282,.F.);
#2282 = EDGE_LOOP('',(#2283,#2284,#2292,#2300));
#2283 = ORIENTED_EDGE('',*,*,#2262,.T.);
#2284 = ORIENTED_EDGE('',*,*,#2285,.T.);
#2285 = EDGE_CURVE('',#2255,#2286,#2288,.T.);
#2286 = VERTEX_POINT('',#2287);
#2287 = CARTESIAN_POINT('',(4.854,-5.85,4.14));
#2288 = LINE('',#2289,#2290);
#2289 = CARTESIAN_POINT('',(4.854,-4.94,4.14));
#2290 = VECTOR('',#2291,1.);
#2291 = DIRECTION('',(0.,-1.,0.));
#2292 = ORIENTED_EDGE('',*,*,#2293,.F.);
#2293 = EDGE_CURVE('',#2294,#2286,#2296,.T.);
#2294 = VERTEX_POINT('',#2295);
#2295 = CARTESIAN_POINT('',(4.854,-5.85,1.4));
#2296 = LINE('',#2297,#2298);
#2297 = CARTESIAN_POINT('',(4.854,-5.85,1.4));
#2298 = VECTOR('',#2299,1.);
#2299 = DIRECTION('',(0.,0.,1.));
#2300 = ORIENTED_EDGE('',*,*,#2301,.F.);
#2301 = EDGE_CURVE('',#2263,#2294,#2302,.T.);
#2302 = LINE('',#2303,#2304);
#2303 = CARTESIAN_POINT('',(4.854,-4.94,1.4));
#2304 = VECTOR('',#2305,1.);
#2305 = DIRECTION('',(0.,-1.,0.));
#2306 = PLANE('',#2307);
#2307 = AXIS2_PLACEMENT_3D('',#2308,#2309,#2310);
#2308 = CARTESIAN_POINT('',(4.854,-4.94,1.4));
#2309 = DIRECTION('',(1.,0.,0.));
#2310 = DIRECTION('',(0.,-1.,0.));
#2311 = ADVANCED_FACE('',(#2312),#2337,.T.);
#2312 = FACE_BOUND('',#2313,.T.);
#2313 = EDGE_LOOP('',(#2314,#2315,#2323,#2331));
#2314 = ORIENTED_EDGE('',*,*,#1525,.T.);
#2315 = ORIENTED_EDGE('',*,*,#2316,.T.);
#2316 = EDGE_CURVE('',#1528,#2317,#2319,.T.);
#2317 = VERTEX_POINT('',#2318);
#2318 = CARTESIAN_POINT('',(6.5,3.512,4.14));
#2319 = LINE('',#2320,#2321);
#2320 = CARTESIAN_POINT('',(6.5,4.85,4.14));
#2321 = VECTOR('',#2322,1.);
#2322 = DIRECTION('',(0.,-1.,0.));
#2323 = ORIENTED_EDGE('',*,*,#2324,.F.);
#2324 = EDGE_CURVE('',#2325,#2317,#2327,.T.);
#2325 = VERTEX_POINT('',#2326);
#2326 = CARTESIAN_POINT('',(6.5,3.512,1.4));
#2327 = LINE('',#2328,#2329);
#2328 = CARTESIAN_POINT('',(6.5,3.512,1.4));
#2329 = VECTOR('',#2330,1.);
#2330 = DIRECTION('',(0.,0.,1.));
#2331 = ORIENTED_EDGE('',*,*,#2332,.F.);
#2332 = EDGE_CURVE('',#1526,#2325,#2333,.T.);
#2333 = LINE('',#2334,#2335);
#2334 = CARTESIAN_POINT('',(6.5,4.85,1.4));
#2335 = VECTOR('',#2336,1.);
#2336 = DIRECTION('',(0.,-1.,0.));
#2337 = PLANE('',#2338);
#2338 = AXIS2_PLACEMENT_3D('',#2339,#2340,#2341);
#2339 = CARTESIAN_POINT('',(6.5,4.85,1.4));
#2340 = DIRECTION('',(1.,0.,0.));
#2341 = DIRECTION('',(0.,-1.,0.));
#2342 = ADVANCED_FACE('',(#2343),#2368,.T.);
#2343 = FACE_BOUND('',#2344,.T.);
#2344 = EDGE_LOOP('',(#2345,#2346,#2354,#2362));
#2345 = ORIENTED_EDGE('',*,*,#2324,.T.);
#2346 = ORIENTED_EDGE('',*,*,#2347,.T.);
#2347 = EDGE_CURVE('',#2317,#2348,#2350,.T.);
#2348 = VERTEX_POINT('',#2349);
#2349 = CARTESIAN_POINT('',(6.1,3.512,4.14));
#2350 = LINE('',#2351,#2352);
#2351 = CARTESIAN_POINT('',(6.5,3.512,4.14));
#2352 = VECTOR('',#2353,1.);
#2353 = DIRECTION('',(-1.,0.,0.));
#2354 = ORIENTED_EDGE('',*,*,#2355,.F.);
#2355 = EDGE_CURVE('',#2356,#2348,#2358,.T.);
#2356 = VERTEX_POINT('',#2357);
#2357 = CARTESIAN_POINT('',(6.1,3.512,1.4));
#2358 = LINE('',#2359,#2360);
#2359 = CARTESIAN_POINT('',(6.1,3.512,1.4));
#2360 = VECTOR('',#2361,1.);
#2361 = DIRECTION('',(0.,0.,1.));
#2362 = ORIENTED_EDGE('',*,*,#2363,.F.);
#2363 = EDGE_CURVE('',#2325,#2356,#2364,.T.);
#2364 = LINE('',#2365,#2366);
#2365 = CARTESIAN_POINT('',(6.5,3.512,1.4));
#2366 = VECTOR('',#2367,1.);
#2367 = DIRECTION('',(-1.,0.,0.));
#2368 = PLANE('',#2369);
#2369 = AXIS2_PLACEMENT_3D('',#2370,#2371,#2372);
#2370 = CARTESIAN_POINT('',(6.5,3.512,1.4));
#2371 = DIRECTION('',(0.,-1.,0.));
#2372 = DIRECTION('',(-1.,0.,0.));
#2373 = ADVANCED_FACE('',(#2374),#2442,.F.);
#2374 = FACE_BOUND('',#2375,.F.);
#2375 = EDGE_LOOP('',(#2376,#2377,#2378,#2379,#2380,#2381,#2382,#2383,
    #2384,#2385,#2386,#2387,#2388,#2389,#2390,#2391,#2392,#2393,#2394,
    #2395,#2396,#2397,#2398,#2399,#2400,#2401,#2409,#2418,#2426,#2434,
    #2440,#2441));
#2376 = ORIENTED_EDGE('',*,*,#1552,.T.);
#2377 = ORIENTED_EDGE('',*,*,#1584,.T.);
#2378 = ORIENTED_EDGE('',*,*,#1615,.F.);
#2379 = ORIENTED_EDGE('',*,*,#1646,.F.);
#2380 = ORIENTED_EDGE('',*,*,#1677,.F.);
#2381 = ORIENTED_EDGE('',*,*,#1708,.F.);
#2382 = ORIENTED_EDGE('',*,*,#1739,.F.);
#2383 = ORIENTED_EDGE('',*,*,#1770,.F.);
#2384 = ORIENTED_EDGE('',*,*,#1801,.F.);
#2385 = ORIENTED_EDGE('',*,*,#1832,.F.);
#2386 = ORIENTED_EDGE('',*,*,#1864,.T.);
#2387 = ORIENTED_EDGE('',*,*,#1896,.T.);
#2388 = ORIENTED_EDGE('',*,*,#1927,.T.);
#2389 = ORIENTED_EDGE('',*,*,#1958,.T.);
#2390 = ORIENTED_EDGE('',*,*,#1989,.F.);
#2391 = ORIENTED_EDGE('',*,*,#2020,.F.);
#2392 = ORIENTED_EDGE('',*,*,#2052,.T.);
#2393 = ORIENTED_EDGE('',*,*,#2084,.T.);
#2394 = ORIENTED_EDGE('',*,*,#2115,.T.);
#2395 = ORIENTED_EDGE('',*,*,#2146,.T.);
#2396 = ORIENTED_EDGE('',*,*,#2177,.T.);
#2397 = ORIENTED_EDGE('',*,*,#2208,.T.);
#2398 = ORIENTED_EDGE('',*,*,#2239,.T.);
#2399 = ORIENTED_EDGE('',*,*,#2270,.T.);
#2400 = ORIENTED_EDGE('',*,*,#2301,.T.);
#2401 = ORIENTED_EDGE('',*,*,#2402,.F.);
#2402 = EDGE_CURVE('',#2403,#2294,#2405,.T.);
#2403 = VERTEX_POINT('',#2404);
#2404 = CARTESIAN_POINT('',(5.5,-5.85,1.4));
#2405 = LINE('',#2406,#2407);
#2406 = CARTESIAN_POINT('',(5.5,-5.85,1.4));
#2407 = VECTOR('',#2408,1.);
#2408 = DIRECTION('',(-1.,0.,0.));
#2409 = ORIENTED_EDGE('',*,*,#2410,.T.);
#2410 = EDGE_CURVE('',#2403,#2411,#2413,.T.);
#2411 = VERTEX_POINT('',#2412);
#2412 = CARTESIAN_POINT('',(6.5,-4.849999992573,1.4));
#2413 = CIRCLE('',#2414,1.);
#2414 = AXIS2_PLACEMENT_3D('',#2415,#2416,#2417);
#2415 = CARTESIAN_POINT('',(5.5,-4.85,1.4));
#2416 = DIRECTION('',(0.,0.,1.));
#2417 = DIRECTION('',(1.,0.,0.));
#2418 = ORIENTED_EDGE('',*,*,#2419,.F.);
#2419 = EDGE_CURVE('',#2420,#2411,#2422,.T.);
#2420 = VERTEX_POINT('',#2421);
#2421 = CARTESIAN_POINT('',(6.5,-3.511999992573,1.4));
#2422 = LINE('',#2423,#2424);
#2423 = CARTESIAN_POINT('',(6.5,-3.511999992573,1.4));
#2424 = VECTOR('',#2425,1.);
#2425 = DIRECTION('',(-6.638104781017E-16,-1.,0.));
#2426 = ORIENTED_EDGE('',*,*,#2427,.F.);
#2427 = EDGE_CURVE('',#2428,#2420,#2430,.T.);
#2428 = VERTEX_POINT('',#2429);
#2429 = CARTESIAN_POINT('',(6.1,-3.511999992573,1.4));
#2430 = LINE('',#2431,#2432);
#2431 = CARTESIAN_POINT('',(6.1,-3.511999992573,1.4));
#2432 = VECTOR('',#2433,1.);
#2433 = DIRECTION('',(1.,0.,0.));
#2434 = ORIENTED_EDGE('',*,*,#2435,.F.);
#2435 = EDGE_CURVE('',#2356,#2428,#2436,.T.);
#2436 = LINE('',#2437,#2438);
#2437 = CARTESIAN_POINT('',(6.1,3.512,1.4));
#2438 = VECTOR('',#2439,1.);
#2439 = DIRECTION('',(0.,-1.,0.));
#2440 = ORIENTED_EDGE('',*,*,#2363,.F.);
#2441 = ORIENTED_EDGE('',*,*,#2332,.F.);
#2442 = PLANE('',#2443);
#2443 = AXIS2_PLACEMENT_3D('',#2444,#2445,#2446);
#2444 = CARTESIAN_POINT('',(-3.295034959586E-03,-7.357844300656E-04,1.4)
  );
#2445 = DIRECTION('',(0.,0.,1.));
#2446 = DIRECTION('',(1.,0.,0.));
#2447 = ADVANCED_FACE('',(#2448),#2474,.T.);
#2448 = FACE_BOUND('',#2449,.F.);
#2449 = EDGE_LOOP('',(#2450,#2458,#2467,#2473));
#2450 = ORIENTED_EDGE('',*,*,#2451,.T.);
#2451 = EDGE_CURVE('',#2403,#2452,#2454,.T.);
#2452 = VERTEX_POINT('',#2453);
#2453 = CARTESIAN_POINT('',(5.5,-5.85,4.14));
#2454 = LINE('',#2455,#2456);
#2455 = CARTESIAN_POINT('',(5.5,-5.85,1.4));
#2456 = VECTOR('',#2457,1.);
#2457 = DIRECTION('',(0.,0.,1.));
#2458 = ORIENTED_EDGE('',*,*,#2459,.T.);
#2459 = EDGE_CURVE('',#2452,#2460,#2462,.T.);
#2460 = VERTEX_POINT('',#2461);
#2461 = CARTESIAN_POINT('',(6.5,-4.849999992573,4.14));
#2462 = CIRCLE('',#2463,1.);
#2463 = AXIS2_PLACEMENT_3D('',#2464,#2465,#2466);
#2464 = CARTESIAN_POINT('',(5.5,-4.85,4.14));
#2465 = DIRECTION('',(0.,0.,1.));
#2466 = DIRECTION('',(1.,0.,0.));
#2467 = ORIENTED_EDGE('',*,*,#2468,.F.);
#2468 = EDGE_CURVE('',#2411,#2460,#2469,.T.);
#2469 = LINE('',#2470,#2471);
#2470 = CARTESIAN_POINT('',(6.5,-4.849999992573,1.4));
#2471 = VECTOR('',#2472,1.);
#2472 = DIRECTION('',(0.,0.,1.));
#2473 = ORIENTED_EDGE('',*,*,#2410,.F.);
#2474 = CYLINDRICAL_SURFACE('',#2475,1.);
#2475 = AXIS2_PLACEMENT_3D('',#2476,#2477,#2478);
#2476 = CARTESIAN_POINT('',(5.5,-4.85,1.4));
#2477 = DIRECTION('',(-0.,-0.,-1.));
#2478 = DIRECTION('',(1.,0.,0.));
#2479 = ADVANCED_FACE('',(#2480),#2498,.T.);
#2480 = FACE_BOUND('',#2481,.T.);
#2481 = EDGE_LOOP('',(#2482,#2490,#2496,#2497));
#2482 = ORIENTED_EDGE('',*,*,#2483,.T.);
#2483 = EDGE_CURVE('',#2420,#2484,#2486,.T.);
#2484 = VERTEX_POINT('',#2485);
#2485 = CARTESIAN_POINT('',(6.5,-3.511999992573,4.14));
#2486 = LINE('',#2487,#2488);
#2487 = CARTESIAN_POINT('',(6.5,-3.511999992573,1.4));
#2488 = VECTOR('',#2489,1.);
#2489 = DIRECTION('',(0.,0.,1.));
#2490 = ORIENTED_EDGE('',*,*,#2491,.T.);
#2491 = EDGE_CURVE('',#2484,#2460,#2492,.T.);
#2492 = LINE('',#2493,#2494);
#2493 = CARTESIAN_POINT('',(6.5,-3.511999992573,4.14));
#2494 = VECTOR('',#2495,1.);
#2495 = DIRECTION('',(-6.638104781017E-16,-1.,0.));
#2496 = ORIENTED_EDGE('',*,*,#2468,.F.);
#2497 = ORIENTED_EDGE('',*,*,#2419,.F.);
#2498 = PLANE('',#2499);
#2499 = AXIS2_PLACEMENT_3D('',#2500,#2501,#2502);
#2500 = CARTESIAN_POINT('',(6.5,-3.511999992573,1.4));
#2501 = DIRECTION('',(1.,-6.638104781017E-16,0.));
#2502 = DIRECTION('',(-6.638104781017E-16,-1.,0.));
#2503 = ADVANCED_FACE('',(#2504),#2522,.T.);
#2504 = FACE_BOUND('',#2505,.T.);
#2505 = EDGE_LOOP('',(#2506,#2514,#2520,#2521));
#2506 = ORIENTED_EDGE('',*,*,#2507,.T.);
#2507 = EDGE_CURVE('',#2428,#2508,#2510,.T.);
#2508 = VERTEX_POINT('',#2509);
#2509 = CARTESIAN_POINT('',(6.1,-3.511999992573,4.14));
#2510 = LINE('',#2511,#2512);
#2511 = CARTESIAN_POINT('',(6.1,-3.511999992573,1.4));
#2512 = VECTOR('',#2513,1.);
#2513 = DIRECTION('',(0.,0.,1.));
#2514 = ORIENTED_EDGE('',*,*,#2515,.T.);
#2515 = EDGE_CURVE('',#2508,#2484,#2516,.T.);
#2516 = LINE('',#2517,#2518);
#2517 = CARTESIAN_POINT('',(6.1,-3.511999992573,4.14));
#2518 = VECTOR('',#2519,1.);
#2519 = DIRECTION('',(1.,0.,0.));
#2520 = ORIENTED_EDGE('',*,*,#2483,.F.);
#2521 = ORIENTED_EDGE('',*,*,#2427,.F.);
#2522 = PLANE('',#2523);
#2523 = AXIS2_PLACEMENT_3D('',#2524,#2525,#2526);
#2524 = CARTESIAN_POINT('',(6.1,-3.511999992573,1.4));
#2525 = DIRECTION('',(0.,1.,0.));
#2526 = DIRECTION('',(1.,0.,0.));
#2527 = ADVANCED_FACE('',(#2528),#2572,.T.);
#2528 = FACE_BOUND('',#2529,.T.);
#2529 = EDGE_LOOP('',(#2530,#2531,#2532,#2533,#2534,#2535,#2536,#2537,
    #2538,#2539,#2540,#2541,#2542,#2543,#2544,#2545,#2546,#2547,#2548,
    #2549,#2550,#2551,#2552,#2553,#2554,#2555,#2561,#2562,#2563,#2564,
    #2570,#2571));
#2530 = ORIENTED_EDGE('',*,*,#1535,.T.);
#2531 = ORIENTED_EDGE('',*,*,#1568,.T.);
#2532 = ORIENTED_EDGE('',*,*,#1608,.F.);
#2533 = ORIENTED_EDGE('',*,*,#1639,.F.);
#2534 = ORIENTED_EDGE('',*,*,#1670,.F.);
#2535 = ORIENTED_EDGE('',*,*,#1701,.F.);
#2536 = ORIENTED_EDGE('',*,*,#1732,.F.);
#2537 = ORIENTED_EDGE('',*,*,#1763,.F.);
#2538 = ORIENTED_EDGE('',*,*,#1794,.F.);
#2539 = ORIENTED_EDGE('',*,*,#1825,.F.);
#2540 = ORIENTED_EDGE('',*,*,#1847,.T.);
#2541 = ORIENTED_EDGE('',*,*,#1880,.T.);
#2542 = ORIENTED_EDGE('',*,*,#1911,.T.);
#2543 = ORIENTED_EDGE('',*,*,#1942,.T.);
#2544 = ORIENTED_EDGE('',*,*,#1982,.F.);
#2545 = ORIENTED_EDGE('',*,*,#2013,.F.);
#2546 = ORIENTED_EDGE('',*,*,#2035,.T.);
#2547 = ORIENTED_EDGE('',*,*,#2068,.T.);
#2548 = ORIENTED_EDGE('',*,*,#2099,.T.);
#2549 = ORIENTED_EDGE('',*,*,#2130,.T.);
#2550 = ORIENTED_EDGE('',*,*,#2161,.T.);
#2551 = ORIENTED_EDGE('',*,*,#2192,.T.);
#2552 = ORIENTED_EDGE('',*,*,#2223,.T.);
#2553 = ORIENTED_EDGE('',*,*,#2254,.T.);
#2554 = ORIENTED_EDGE('',*,*,#2285,.T.);
#2555 = ORIENTED_EDGE('',*,*,#2556,.F.);
#2556 = EDGE_CURVE('',#2452,#2286,#2557,.T.);
#2557 = LINE('',#2558,#2559);
#2558 = CARTESIAN_POINT('',(4.9,-5.85,4.14));
#2559 = VECTOR('',#2560,1.);
#2560 = DIRECTION('',(-1.,0.,0.));
#2561 = ORIENTED_EDGE('',*,*,#2459,.T.);
#2562 = ORIENTED_EDGE('',*,*,#2491,.F.);
#2563 = ORIENTED_EDGE('',*,*,#2515,.F.);
#2564 = ORIENTED_EDGE('',*,*,#2565,.F.);
#2565 = EDGE_CURVE('',#2348,#2508,#2566,.T.);
#2566 = LINE('',#2567,#2568);
#2567 = CARTESIAN_POINT('',(6.1,-1.479999996287,4.14));
#2568 = VECTOR('',#2569,1.);
#2569 = DIRECTION('',(0.,-1.,0.));
#2570 = ORIENTED_EDGE('',*,*,#2347,.F.);
#2571 = ORIENTED_EDGE('',*,*,#2316,.F.);
#2572 = PLANE('',#2573);
#2573 = AXIS2_PLACEMENT_3D('',#2574,#2575,#2576);
#2574 = CARTESIAN_POINT('',(-3.295034959586E-03,-7.357844300656E-04,4.14
    ));
#2575 = DIRECTION('',(0.,0.,1.));
#2576 = DIRECTION('',(1.,0.,0.));
#2577 = ADVANCED_FACE('',(#2578),#2584,.T.);
#2578 = FACE_BOUND('',#2579,.T.);
#2579 = EDGE_LOOP('',(#2580,#2581,#2582,#2583));
#2580 = ORIENTED_EDGE('',*,*,#2293,.F.);
#2581 = ORIENTED_EDGE('',*,*,#2402,.F.);
#2582 = ORIENTED_EDGE('',*,*,#2451,.T.);
#2583 = ORIENTED_EDGE('',*,*,#2556,.T.);
#2584 = PLANE('',#2585);
#2585 = AXIS2_PLACEMENT_3D('',#2586,#2587,#2588);
#2586 = CARTESIAN_POINT('',(5.177,-5.85,2.77));
#2587 = DIRECTION('',(-0.,-1.,-0.));
#2588 = DIRECTION('',(0.,0.,-1.));
#2589 = ADVANCED_FACE('',(#2590),#2596,.T.);
#2590 = FACE_BOUND('',#2591,.T.);
#2591 = EDGE_LOOP('',(#2592,#2593,#2594,#2595));
#2592 = ORIENTED_EDGE('',*,*,#2507,.F.);
#2593 = ORIENTED_EDGE('',*,*,#2435,.F.);
#2594 = ORIENTED_EDGE('',*,*,#2355,.T.);
#2595 = ORIENTED_EDGE('',*,*,#2565,.T.);
#2596 = PLANE('',#2597);
#2597 = AXIS2_PLACEMENT_3D('',#2598,#2599,#2600);
#2598 = CARTESIAN_POINT('',(6.1,3.713265712124E-09,2.77));
#2599 = DIRECTION('',(1.,0.,0.));
#2600 = DIRECTION('',(0.,0.,1.));
#2601 = ( GEOMETRIC_REPRESENTATION_CONTEXT(3) 
GLOBAL_UNCERTAINTY_ASSIGNED_CONTEXT((#2605)) 
GLOBAL_UNIT_ASSIGNED_CONTEXT((#2602,#2603,#2604)) REPRESENTATION_CONTEXT
('Context #1','3D Context with UNIT and UNCERTAINTY') );
#2602 = ( LENGTH_UNIT() NAMED_UNIT(*) SI_UNIT(.MILLI.,.METRE.) );
#2603 = ( NAMED_UNIT(*) PLANE_ANGLE_UNIT() SI_UNIT($,.RADIAN.) );
#2604 = ( NAMED_UNIT(*) SI_UNIT($,.STERADIAN.) SOLID_ANGLE_UNIT() );
#2605 = UNCERTAINTY_MEASURE_WITH_UNIT(LENGTH_MEASURE(1.E-07),#2602,
  'distance_accuracy_value','confusion accuracy');
#2606 = CONTEXT_DEPENDENT_SHAPE_REPRESENTATION(#2607,#2609);
#2607 = ( REPRESENTATION_RELATIONSHIP('','',#1518,#10) 
REPRESENTATION_RELATIONSHIP_WITH_TRANSFORMATION(#2608) 
SHAPE_REPRESENTATION_RELATIONSHIP() );
#2608 = ITEM_DEFINED_TRANSFORMATION('','',#11,#19);
#2609 = PRODUCT_DEFINITION_SHAPE('Placement','Placement of an item',
  #2610);
#2610 = NEXT_ASSEMBLY_USAGE_OCCURRENCE('11','bodyMiddle','',#5,#1513,$);
#2611 = PRODUCT_RELATED_PRODUCT_CATEGORY('part',$,(#1515));
#2612 = SHAPE_DEFINITION_REPRESENTATION(#2613,#2619);
#2613 = PRODUCT_DEFINITION_SHAPE('','',#2614);
#2614 = PRODUCT_DEFINITION('design','',#2615,#2618);
#2615 = PRODUCT_DEFINITION_FORMATION('','',#2616);
#2616 = PRODUCT('bodyTop','bodyTop','',(#2617));
#2617 = PRODUCT_CONTEXT('',#2,'mechanical');
#2618 = PRODUCT_DEFINITION_CONTEXT('part definition',#2,'design');
#2619 = SHAPE_REPRESENTATION('',(#11,#2620,#12046,#12774,#13538,#13956,
    #14374),#14792);
#2620 = MANIFOLD_SOLID_BREP('',#2621);
#2621 = CLOSED_SHELL('',(#2622,#2650,#2781,#2840,#2991,#3098,#3226,#3305
    ,#3464,#3497,#3529,#3539,#3557,#3664,#3828,#3929,#4093,#4104,#4211,
    #4375,#4476,#4640,#4747,#4911,#5012,#5170,#5277,#5441,#5542,#5712,
    #5819,#5983,#6084,#6242,#6349,#6513,#6620,#6778,#6885,#7049,#7150,
    #7325,#7433,#7578,#7647,#7685,#7754,#7774,#7799,#8070,#8102,#8136,
    #8232,#8258,#8283,#8308,#8351,#8383,#8407,#8431,#8527,#8560,#8585,
    #8610,#8644,#8670,#8696,#8730,#8755,#8779,#8810,#8906,#8939,#8963,
    #8994,#9066,#9099,#9123,#9149,#9245,#9279,#9296,#9321,#9361,#9392,
    #9416,#9440,#9464,#9488,#9512,#9552,#9570,#9596,#9621,#9638,#9687,
    #9705,#10052,#10083,#10107,#10131,#10155,#10179,#10203,#10243,#10261
    ,#10287,#10304,#10328,#10345,#10362,#10387,#10413,#10430,#10442,
    #10459,#10492,#10509,#10542,#10566,#10590,#10614,#10638,#10662,
    #10679,#10696,#10708,#10725,#10749,#10780,#10792,#10809,#10826,
    #10843,#10868,#10908,#10932,#10956,#10980,#11004,#11028,#11045,
    #11064,#11081,#11128,#11140,#11157,#11206,#11230,#11272,#11319,
    #11368,#11392,#11434,#11446,#11463,#11505,#11554,#11578,#11620,
    #11667,#11716,#11740,#11782,#11794,#11811,#11828,#11845,#11857,
    #11874,#11891,#11908,#11920,#11937,#11954,#11971,#11983,#12000,
    #12017,#12034));
#2622 = ADVANCED_FACE('',(#2623,#2634),#2645,.T.);
#2623 = FACE_BOUND('',#2624,.T.);
#2624 = EDGE_LOOP('',(#2625));
#2625 = ORIENTED_EDGE('',*,*,#2626,.T.);
#2626 = EDGE_CURVE('',#2627,#2627,#2629,.T.);
#2627 = VERTEX_POINT('',#2628);
#2628 = CARTESIAN_POINT('',(3.1,0.,12.74));
#2629 = CIRCLE('',#2630,3.1);
#2630 = AXIS2_PLACEMENT_3D('',#2631,#2632,#2633);
#2631 = CARTESIAN_POINT('',(0.,0.,12.74));
#2632 = DIRECTION('',(0.,0.,1.));
#2633 = DIRECTION('',(1.,0.,0.));
#2634 = FACE_BOUND('',#2635,.T.);
#2635 = EDGE_LOOP('',(#2636));
#2636 = ORIENTED_EDGE('',*,*,#2637,.F.);
#2637 = EDGE_CURVE('',#2638,#2638,#2640,.T.);
#2638 = VERTEX_POINT('',#2639);
#2639 = CARTESIAN_POINT('',(3.,0.,12.74));
#2640 = CIRCLE('',#2641,3.);
#2641 = AXIS2_PLACEMENT_3D('',#2642,#2643,#2644);
#2642 = CARTESIAN_POINT('',(0.,0.,12.74));
#2643 = DIRECTION('',(0.,0.,1.));
#2644 = DIRECTION('',(1.,0.,0.));
#2645 = PLANE('',#2646);
#2646 = AXIS2_PLACEMENT_3D('',#2647,#2648,#2649);
#2647 = CARTESIAN_POINT('',(-1.953485903628E-16,-1.428754599005E-16,
    12.74));
#2648 = DIRECTION('',(0.,0.,1.));
#2649 = DIRECTION('',(1.,0.,0.));
#2650 = ADVANCED_FACE('',(#2651),#2776,.T.);
#2651 = FACE_BOUND('',#2652,.F.);
#2652 = EDGE_LOOP('',(#2653,#2654,#2662,#2689,#2698,#2721,#2730,#2775));
#2653 = ORIENTED_EDGE('',*,*,#2626,.T.);
#2654 = ORIENTED_EDGE('',*,*,#2655,.T.);
#2655 = EDGE_CURVE('',#2627,#2656,#2658,.T.);
#2656 = VERTEX_POINT('',#2657);
#2657 = CARTESIAN_POINT('',(3.353061062914,-6.158563565394E-09,
    12.486938937086));
#2658 = LINE('',#2659,#2660);
#2659 = CARTESIAN_POINT('',(3.5,0.,12.34));
#2660 = VECTOR('',#2661,1.);
#2661 = DIRECTION('',(0.707106781187,0.,-0.707106781187));
#2662 = ORIENTED_EDGE('',*,*,#2663,.T.);
#2663 = EDGE_CURVE('',#2656,#2664,#2666,.T.);
#2664 = VERTEX_POINT('',#2665);
#2665 = CARTESIAN_POINT('',(-1.268597520989,-3.262002503025,12.34));
#2666 = B_SPLINE_CURVE_WITH_KNOTS('',6,(#2667,#2668,#2669,#2670,#2671,
    #2672,#2673,#2674,#2675,#2676,#2677,#2678,#2679,#2680,#2681,#2682,
    #2683,#2684,#2685,#2686,#2687,#2688),.UNSPECIFIED.,.F.,.F.,(7,5,5,5,
    7),(0.,0.24673834292,0.493171866845,0.744452946693,1.),
  .UNSPECIFIED.);
#2667 = CARTESIAN_POINT('',(3.353061062636,-4.440892098501E-16,
    12.486938937364));
#2668 = CARTESIAN_POINT('',(3.359215703014,-0.272705798413,
    12.480784296485));
#2669 = CARTESIAN_POINT('',(3.338746631428,-0.546134726903,
    12.474638164719));
#2670 = CARTESIAN_POINT('',(3.291604398659,-0.816965969591,
    12.468505843544));
#2671 = CARTESIAN_POINT('',(3.218317208141,-1.082004887334,
    12.462385722124));
#2672 = CARTESIAN_POINT('',(3.119851833765,-1.338179607304,
    12.456276488967));
#2673 = CARTESIAN_POINT('',(2.875730973389,-1.826693919274,
    12.444089485305));
#2674 = CARTESIAN_POINT('',(2.730105981478,-2.059118401052,
    12.438010317258));
#2675 = CARTESIAN_POINT('',(2.562321179498,-2.276964959308,
    12.431942684184));
#2676 = CARTESIAN_POINT('',(2.374290647371,-2.477703886074,
    12.425885586616));
#2677 = CARTESIAN_POINT('',(2.168250416378,-2.659109617471,
    12.419838423161));
#2678 = CARTESIAN_POINT('',(1.721041559858,-2.982731876998,
    12.407648269105));
#2679 = CARTESIAN_POINT('',(1.479209675947,-3.124144884818,
    12.401504338657));
#2680 = CARTESIAN_POINT('',(1.224094580069,-3.241618876666,
    12.395372508613));
#2681 = CARTESIAN_POINT('',(0.958688712918,-3.33374478392,
    12.389251956036));
#2682 = CARTESIAN_POINT('',(0.686135633575,-3.399553646988,
    12.383141784806));
#2683 = CARTESIAN_POINT('',(0.128673519195,-3.478368704111,
    12.370841511673));
#2684 = CARTESIAN_POINT('',(-0.156433931748,-3.490468959081,
    12.364650352461));
#2685 = CARTESIAN_POINT('',(-0.442090746443,-3.474469479635,
    12.358471373665));
#2686 = CARTESIAN_POINT('',(-0.724879446463,-3.430532827607,
    12.352303485112));
#2687 = CARTESIAN_POINT('',(-1.001458285326,-3.359299094268,
    12.346145842244));
#2688 = CARTESIAN_POINT('',(-1.268597520989,-3.262002503025,12.34));
#2689 = ORIENTED_EDGE('',*,*,#2690,.F.);
#2690 = EDGE_CURVE('',#2691,#2664,#2693,.T.);
#2691 = VERTEX_POINT('',#2692);
#2692 = CARTESIAN_POINT('',(-3.33521358635,-1.061296534161,12.34));
#2693 = CIRCLE('',#2694,3.5);
#2694 = AXIS2_PLACEMENT_3D('',#2695,#2696,#2697);
#2695 = CARTESIAN_POINT('',(0.,0.,12.34));
#2696 = DIRECTION('',(0.,0.,1.));
#2697 = DIRECTION('',(1.,0.,0.));
#2698 = ORIENTED_EDGE('',*,*,#2699,.F.);
#2699 = EDGE_CURVE('',#2700,#2691,#2702,.T.);
#2700 = VERTEX_POINT('',#2701);
#2701 = CARTESIAN_POINT('',(8.184508307519E-02,-3.134931819091,
    12.703999979596));
#2702 = B_SPLINE_CURVE_WITH_KNOTS('',5,(#2703,#2704,#2705,#2706,#2707,
    #2708,#2709,#2710,#2711,#2712,#2713,#2714,#2715,#2716,#2717,#2718,
    #2719,#2720),.UNSPECIFIED.,.F.,.F.,(6,4,4,4,6),(0.,0.236895478443,
    0.477117655739,0.736317092309,1.),.UNSPECIFIED.);
#2703 = CARTESIAN_POINT('',(8.258918241703E-02,-3.134845111863,
    12.70406714861));
#2704 = CARTESIAN_POINT('',(-0.117362236317,-3.158176523555,
    12.686009830299));
#2705 = CARTESIAN_POINT('',(-0.319472101463,-3.16543163509,
    12.668056218253));
#2706 = CARTESIAN_POINT('',(-0.521980508847,-3.15647424655,
    12.650205478611));
#2707 = CARTESIAN_POINT('',(-0.723175181624,-3.131454790997,
    12.632453950129));
#2708 = CARTESIAN_POINT('',(-1.122427778731,-3.049531538927,
    12.596900013722));
#2709 = CARTESIAN_POINT('',(-1.320411595068,-2.992182954248,
    12.579099528668));
#2710 = CARTESIAN_POINT('',(-1.51364642116,-2.919157167391,
    12.561398485198));
#2711 = CARTESIAN_POINT('',(-1.700551499081,-2.831133311153,
    12.543793172684));
#2712 = CARTESIAN_POINT('',(-2.07297309688,-2.618820654314,
    12.507389235434));
#2713 = CARTESIAN_POINT('',(-2.257223779349,-2.492210302098,
    12.488605196832));
#2714 = CARTESIAN_POINT('',(-2.430630901098,-2.350311351243,
    12.469929651372));
#2715 = CARTESIAN_POINT('',(-2.591650911703,-2.194509209212,
    12.451358208455));
#2716 = CARTESIAN_POINT('',(-2.888894203657,-1.855376612774,
    12.414103283122));
#2717 = CARTESIAN_POINT('',(-3.024649088313,-1.671606672287,
    12.395422318441));
#2718 = CARTESIAN_POINT('',(-3.144912946226,-1.476763848639,
    12.376846814218));
#2719 = CARTESIAN_POINT('',(-3.24866913229,-1.27267897982,
    12.358372794871));
#2720 = CARTESIAN_POINT('',(-3.335213586351,-1.061296534161,12.34));
#2721 = ORIENTED_EDGE('',*,*,#2722,.T.);
#2722 = EDGE_CURVE('',#2700,#2723,#2725,.T.);
#2723 = VERTEX_POINT('',#2724);
#2724 = CARTESIAN_POINT('',(-3.019627361026,0.846372578612,
    12.704000009362));
#2725 = CIRCLE('',#2726,3.136);
#2726 = AXIS2_PLACEMENT_3D('',#2727,#2728,#2729);
#2727 = CARTESIAN_POINT('',(0.,0.,12.704));
#2728 = DIRECTION('',(0.,0.,-1.));
#2729 = DIRECTION('',(0.,1.,0.));
#2730 = ORIENTED_EDGE('',*,*,#2731,.F.);
#2731 = EDGE_CURVE('',#2656,#2723,#2732,.T.);
#2732 = B_SPLINE_CURVE_WITH_KNOTS('',6,(#2733,#2734,#2735,#2736,#2737,
    #2738,#2739,#2740,#2741,#2742,#2743,#2744,#2745,#2746,#2747,#2748,
    #2749,#2750,#2751,#2752,#2753,#2754,#2755,#2756,#2757,#2758,#2759,
    #2760,#2761,#2762,#2763,#2764,#2765,#2766,#2767,#2768,#2769,#2770,
    #2771,#2772,#2773,#2774),.UNSPECIFIED.,.F.,.F.,(7,5,5,5,5,5,5,5,7),(
    0.,0.130941489036,0.260998100939,0.388374069191,0.513131463783,
    0.637024823477,0.758342926258,0.8788269634,1.),.UNSPECIFIED.);
#2733 = CARTESIAN_POINT('',(3.353061062636,3.363227688607E-16,
    12.486938937364));
#2734 = CARTESIAN_POINT('',(3.348451989101,0.204223256586,
    12.491548010849));
#2735 = CARTESIAN_POINT('',(3.328911248021,0.408065695367,
    12.496162514107));
#2736 = CARTESIAN_POINT('',(3.29444973101,0.61014424617,12.500783658356)
  );
#2737 = CARTESIAN_POINT('',(3.245253807586,0.809098897081,
    12.505411838551));
#2738 = CARTESIAN_POINT('',(3.181663940175,1.003593671777,12.51004717275
    ));
#2739 = CARTESIAN_POINT('',(3.027256226082,1.379786030455,
    12.519299736299));
#2740 = CARTESIAN_POINT('',(2.936619456232,1.561575424683,
    12.523917223712));
#2741 = CARTESIAN_POINT('',(2.832792170441,1.736418956626,
    12.528541079183));
#2742 = CARTESIAN_POINT('',(2.716431661361,1.903123082444,
    12.533171325424));
#2743 = CARTESIAN_POINT('',(2.588329152313,2.060571450467,
    12.537808172239));
#2744 = CARTESIAN_POINT('',(2.313389314057,2.351882035426,
    12.546998707024));
#2745 = CARTESIAN_POINT('',(2.166982570149,2.486173266734,
    12.551552459897));
#2746 = CARTESIAN_POINT('',(2.01109214525,2.609658391679,12.55611225326)
  );
#2747 = CARTESIAN_POINT('',(1.846704590993,2.721494988308,12.56067836051
    ));
#2748 = CARTESIAN_POINT('',(1.674905061951,2.820962803524,
    12.565251065502));
#2749 = CARTESIAN_POINT('',(1.322502838986,2.992197986894,
    12.574315007691));
#2750 = CARTESIAN_POINT('',(1.142142474756,3.064498283359,
    12.578806279327));
#2751 = CARTESIAN_POINT('',(0.956902914904,3.123815537946,12.58330366734
    ));
#2752 = CARTESIAN_POINT('',(0.767945301713,3.169730755191,
    12.587807374871));
#2753 = CARTESIAN_POINT('',(0.576477086935,3.201964840311,
    12.592317587024));
#2754 = CARTESIAN_POINT('',(0.192352151395,3.238672709203,
    12.601319129522));
#2755 = CARTESIAN_POINT('',(-2.992571933348E-04,3.24333836913,
    12.605810660862));
#2756 = CARTESIAN_POINT('',(-0.192983194397,3.234248742128,
    12.610308276949));
#2757 = CARTESIAN_POINT('',(-0.384475403818,3.211417064934,
    12.614812147731));
#2758 = CARTESIAN_POINT('',(-0.57355708113,3.175002608737,
    12.619322459509));
#2759 = CARTESIAN_POINT('',(-0.940629403695,3.076655622844,
    12.628261553022));
#2760 = CARTESIAN_POINT('',(-1.118779961389,3.01526631502,
    12.632690351263));
#2761 = CARTESIAN_POINT('',(-1.292339026214,2.94143488504,12.63712507657
    ));
#2762 = CARTESIAN_POINT('',(-1.460219711066,2.855578223048,
    12.641565931174));
#2763 = CARTESIAN_POINT('',(-1.621387442662,2.758239852519,
    12.64601312901));
#2764 = CARTESIAN_POINT('',(-1.927288873143,2.5426832733,12.654889135815
    ));
#2765 = CARTESIAN_POINT('',(-2.072137026818,2.424606817448,
    12.65931812601));
#2766 = CARTESIAN_POINT('',(-2.208454252325,2.296518239019,
    12.66375317034));
#2767 = CARTESIAN_POINT('',(-2.335371264663,2.159177508168,
    12.668194470647));
#2768 = CARTESIAN_POINT('',(-2.452110813753,2.01344462278,
    12.672642220055));
#2769 = CARTESIAN_POINT('',(-2.664480791506,1.706234430632,
    12.681575553041));
#2770 = CARTESIAN_POINT('',(-2.759993209599,1.544662387338,
    12.686061484886));
#2771 = CARTESIAN_POINT('',(-2.843839628878,1.376537294877,
    12.690553652595));
#2772 = CARTESIAN_POINT('',(-2.9154510781,1.202903830817,12.695052224696
    ));
#2773 = CARTESIAN_POINT('',(-2.974384863946,1.024871240591,
    12.699557368985));
#2774 = CARTESIAN_POINT('',(-3.020329141003,0.843609175379,
    12.704068788896));
#2775 = ORIENTED_EDGE('',*,*,#2655,.F.);
#2776 = CONICAL_SURFACE('',#2777,3.5,0.785398163397);
#2777 = AXIS2_PLACEMENT_3D('',#2778,#2779,#2780);
#2778 = CARTESIAN_POINT('',(0.,0.,12.34));
#2779 = DIRECTION('',(-0.,-0.,-1.));
#2780 = DIRECTION('',(1.,0.,0.));
#2781 = ADVANCED_FACE('',(#2782),#2835,.T.);
#2782 = FACE_BOUND('',#2783,.F.);
#2783 = EDGE_LOOP('',(#2784,#2792,#2793,#2794,#2803,#2811,#2820,#2828));
#2784 = ORIENTED_EDGE('',*,*,#2785,.F.);
#2785 = EDGE_CURVE('',#2638,#2786,#2788,.T.);
#2786 = VERTEX_POINT('',#2787);
#2787 = CARTESIAN_POINT('',(3.,6.661338147751E-16,20.24));
#2788 = LINE('',#2789,#2790);
#2789 = CARTESIAN_POINT('',(3.,0.,12.74));
#2790 = VECTOR('',#2791,1.);
#2791 = DIRECTION('',(0.,0.,1.));
#2792 = ORIENTED_EDGE('',*,*,#2637,.F.);
#2793 = ORIENTED_EDGE('',*,*,#2785,.T.);
#2794 = ORIENTED_EDGE('',*,*,#2795,.T.);
#2795 = EDGE_CURVE('',#2786,#2796,#2798,.T.);
#2796 = VERTEX_POINT('',#2797);
#2797 = CARTESIAN_POINT('',(1.998585141345E-12,3.,20.24));
#2798 = CIRCLE('',#2799,3.);
#2799 = AXIS2_PLACEMENT_3D('',#2800,#2801,#2802);
#2800 = CARTESIAN_POINT('',(0.,0.,20.24));
#2801 = DIRECTION('',(0.,0.,1.));
#2802 = DIRECTION('',(1.,0.,0.));
#2803 = ORIENTED_EDGE('',*,*,#2804,.T.);
#2804 = EDGE_CURVE('',#2796,#2805,#2807,.T.);
#2805 = VERTEX_POINT('',#2806);
#2806 = CARTESIAN_POINT('',(1.998845533535E-12,3.,15.74));
#2807 = LINE('',#2808,#2809);
#2808 = CARTESIAN_POINT('',(1.998845533535E-12,3.,20.74));
#2809 = VECTOR('',#2810,1.);
#2810 = DIRECTION('',(-0.,-0.,-1.));
#2811 = ORIENTED_EDGE('',*,*,#2812,.F.);
#2812 = EDGE_CURVE('',#2813,#2805,#2815,.T.);
#2813 = VERTEX_POINT('',#2814);
#2814 = CARTESIAN_POINT('',(-2.598076211354,-1.499999999999,15.74));
#2815 = CIRCLE('',#2816,3.);
#2816 = AXIS2_PLACEMENT_3D('',#2817,#2818,#2819);
#2817 = CARTESIAN_POINT('',(0.,0.,15.74));
#2818 = DIRECTION('',(0.,0.,-1.));
#2819 = DIRECTION('',(1.,0.,0.));
#2820 = ORIENTED_EDGE('',*,*,#2821,.F.);
#2821 = EDGE_CURVE('',#2822,#2813,#2824,.T.);
#2822 = VERTEX_POINT('',#2823);
#2823 = CARTESIAN_POINT('',(-2.598076211354,-1.499999999999,20.24));
#2824 = LINE('',#2825,#2826);
#2825 = CARTESIAN_POINT('',(-2.598076211354,-1.499999999999,20.74));
#2826 = VECTOR('',#2827,1.);
#2827 = DIRECTION('',(-0.,-0.,-1.));
#2828 = ORIENTED_EDGE('',*,*,#2829,.T.);
#2829 = EDGE_CURVE('',#2822,#2786,#2830,.T.);
#2830 = CIRCLE('',#2831,3.);
#2831 = AXIS2_PLACEMENT_3D('',#2832,#2833,#2834);
#2832 = CARTESIAN_POINT('',(0.,0.,20.24));
#2833 = DIRECTION('',(0.,0.,1.));
#2834 = DIRECTION('',(-0.866025403785,-0.5,0.));
#2835 = CYLINDRICAL_SURFACE('',#2836,3.);
#2836 = AXIS2_PLACEMENT_3D('',#2837,#2838,#2839);
#2837 = CARTESIAN_POINT('',(0.,0.,12.74));
#2838 = DIRECTION('',(-0.,-0.,-1.));
#2839 = DIRECTION('',(1.,0.,0.));
#2840 = ADVANCED_FACE('',(#2841),#2928,.T.);
#2841 = FACE_BOUND('',#2842,.T.);
#2842 = EDGE_LOOP('',(#2843,#2922,#2923));
#2843 = ORIENTED_EDGE('',*,*,#2844,.F.);
#2844 = EDGE_CURVE('',#2723,#2845,#2847,.T.);
#2845 = VERTEX_POINT('',#2846);
#2846 = CARTESIAN_POINT('',(3.136,-1.5256012E-08,12.361619385318));
#2847 = B_SPLINE_CURVE_WITH_KNOTS('',7,(#2848,#2849,#2850,#2851,#2852,
    #2853,#2854,#2855,#2856,#2857,#2858,#2859,#2860,#2861,#2862,#2863,
    #2864,#2865,#2866,#2867,#2868,#2869,#2870,#2871,#2872,#2873,#2874,
    #2875,#2876,#2877,#2878,#2879,#2880,#2881,#2882,#2883,#2884,#2885,
    #2886,#2887,#2888,#2889,#2890,#2891,#2892,#2893,#2894,#2895,#2896,
    #2897,#2898,#2899,#2900,#2901,#2902,#2903,#2904,#2905,#2906,#2907,
    #2908,#2909,#2910,#2911,#2912,#2913,#2914,#2915,#2916,#2917,#2918,
    #2919,#2920,#2921),.UNSPECIFIED.,.F.,.F.,(8,6,6,6,6,6,6,6,6,6,6,6,8)
  ,(0.,8.198619246009E-02,0.141938079816,0.26696454972,0.413487885746,
    0.448842843236,0.560432378998,0.688280506493,0.746985176338,
    0.844613384677,0.948509807004,0.973869585223,1.),.UNSPECIFIED.);
#2848 = CARTESIAN_POINT('',(1.864581435036,-2.521474186288,
    13.00012487826));
#2849 = CARTESIAN_POINT('',(1.706621661894,-2.638282386125,
    12.992646900811));
#2850 = CARTESIAN_POINT('',(1.540114842768,-2.743553124498,
    12.98516835405));
#2851 = CARTESIAN_POINT('',(1.366089313914,-2.836522092005,
    12.977690127182));
#2852 = CARTESIAN_POINT('',(1.185639660482,-2.916558961613,
    12.970212176765));
#2853 = CARTESIAN_POINT('',(0.999916047338,-2.983153591487,
    12.962734110313));
#2854 = CARTESIAN_POINT('',(0.81012041538,-3.035917709899,12.9552557985)
  );
#2855 = CARTESIAN_POINT('',(0.47666405509,-3.102889786043,
    12.942309934509));
#2856 = CARTESIAN_POINT('',(0.334304233973,-3.123650423066,
    12.936841792144));
#2857 = CARTESIAN_POINT('',(0.190917120519,-3.136786422821,
    12.931373739078));
#2858 = CARTESIAN_POINT('',(4.699261660261E-02,-3.142239665025,
    12.925905732203));
#2859 = CARTESIAN_POINT('',(-9.697742721607E-02,-3.139991511574,
    12.920437665353));
#2860 = CARTESIAN_POINT('',(-0.240500124337,-3.13006283856,
    12.914969499577));
#2861 = CARTESIAN_POINT('',(-0.680430346201,-3.075917041941,
    12.89809794908));
#2862 = CARTESIAN_POINT('',(-0.973798744376,-3.00616635081,
    12.88669063791));
#2863 = CARTESIAN_POINT('',(-1.258567808431,-2.903793420325,
    12.875285875407));
#2864 = CARTESIAN_POINT('',(-1.530451694163,-2.770149329273,
    12.863882723679));
#2865 = CARTESIAN_POINT('',(-1.785445693952,-2.607202379237,
    12.852477853595));
#2866 = CARTESIAN_POINT('',(-2.019862675003,-2.417520511851,
    12.841070455464));
#2867 = CARTESIAN_POINT('',(-2.477264567232,-1.954719642902,
    12.81630306463));
#2868 = CARTESIAN_POINT('',(-2.691605921473,-1.672606768136,
    12.802931052759));
#2869 = CARTESIAN_POINT('',(-2.868078355326,-1.363431315601,
    12.789566509247));
#2870 = CARTESIAN_POINT('',(-3.002829137186,-1.033361364389,
    12.776204126327));
#2871 = CARTESIAN_POINT('',(-3.093155660382,-0.689016779048,
    12.762839623315));
#2872 = CARTESIAN_POINT('',(-3.137493052204,-0.337499753426,
    12.749467647619));
#2873 = CARTESIAN_POINT('',(-3.135603137065,9.831658453616E-02,
    12.732878915059));
#2874 = CARTESIAN_POINT('',(-3.132565685763,0.18302276406,
    12.729654232359));
#2875 = CARTESIAN_POINT('',(-3.126858617864,0.267616227163,
    12.726429520813));
#2876 = CARTESIAN_POINT('',(-3.11848714386,0.3519960405,12.723204783627)
  );
#2877 = CARTESIAN_POINT('',(-3.107461226858,0.436061767567,
    12.719980023887));
#2878 = CARTESIAN_POINT('',(-3.093795582577,0.519713468709,
    12.716755244555));
#2879 = CARTESIAN_POINT('',(-3.026107089438,0.865257808107,
    12.703352144667));
#2880 = CARTESIAN_POINT('',(-2.948590013772,1.1226066793,12.693171527322
    ));
#2881 = CARTESIAN_POINT('',(-2.845570111513,1.371676653303,
    12.682992394502));
#2882 = CARTESIAN_POINT('',(-2.718153718888,1.609473962803,
    12.672814322104));
#2883 = CARTESIAN_POINT('',(-2.567839076316,1.833202457886,
    12.662635443504));
#2884 = CARTESIAN_POINT('',(-2.396506009417,2.040282850539,
    12.652455248297));
#2885 = CARTESIAN_POINT('',(-1.988805966912,2.443971902356,
    12.630616639817));
#2886 = CARTESIAN_POINT('',(-1.746467313147,2.634790478498,
    12.618951999596));
#2887 = CARTESIAN_POINT('',(-1.482992532667,2.797342171302,
    12.607290674723));
#2888 = CARTESIAN_POINT('',(-1.20236766805,2.928942232961,
    12.595631309824));
#2889 = CARTESIAN_POINT('',(-0.908912785713,3.02756455135,
    12.583969791021));
#2890 = CARTESIAN_POINT('',(-0.607240587255,3.091861338399,
    12.572304946365));
#2891 = CARTESIAN_POINT('',(-0.162301101601,3.134954895933,
    12.55528980995));
#2892 = CARTESIAN_POINT('',(-2.157507238206E-02,3.141188415624,
    12.549935348987));
#2893 = CARTESIAN_POINT('',(0.119398827343,3.140049999865,
    12.544580929965));
#2894 = CARTESIAN_POINT('',(0.260157532365,3.131531274883,
    12.539226546215));
#2895 = CARTESIAN_POINT('',(0.400239768616,3.115660161475,
    12.533872136792));
#2896 = CARTESIAN_POINT('',(0.53918687002,3.092500823319,12.528517697166
    ));
#2897 = CARTESIAN_POINT('',(0.904973310266,3.011684997431,
    12.514258963298));
#2898 = CARTESIAN_POINT('',(1.129039466881,2.941329560354,
    12.505353558419));
#2899 = CARTESIAN_POINT('',(1.346612265709,2.851548904379,
    12.496449139688));
#2900 = CARTESIAN_POINT('',(1.55569023616,2.743086525935,12.487545403519
    ));
#2901 = CARTESIAN_POINT('',(1.754387716117,2.616920624374,
    12.478641184699));
#2902 = CARTESIAN_POINT('',(1.940944241024,2.474259236611,
    12.469735974116));
#2903 = CARTESIAN_POINT('',(2.297662803787,2.148772227779,
    12.451355413348));
#2904 = CARTESIAN_POINT('',(2.466057479654,1.963906377777,
    12.441877403873));
#2905 = CARTESIAN_POINT('',(2.616984751271,1.763747048256,
    12.432400031099));
#2906 = CARTESIAN_POINT('',(2.748819681324,1.550291289647,
    12.422922669995));
#2907 = CARTESIAN_POINT('',(2.860216873578,1.325717521861,
    12.413444353657));
#2908 = CARTESIAN_POINT('',(2.950118278479,1.092372847125,12.40396563705
    ));
#2909 = CARTESIAN_POINT('',(3.03434442729,0.794318947789,12.392176533923
    ));
#2910 = CARTESIAN_POINT('',(3.049547425627,0.735467794526,
    12.389863600797));
#2911 = CARTESIAN_POINT('',(3.063418283177,0.676278949741,
    12.387550738243));
#2912 = CARTESIAN_POINT('',(3.075948082069,0.616788617079,
    12.385237948132));
#2913 = CARTESIAN_POINT('',(3.08712914317,0.557033252276,12.382925226243
    ));
#2914 = CARTESIAN_POINT('',(3.096955026081,0.497049563161,
    12.380612562264));
#2915 = CARTESIAN_POINT('',(3.114143283117,0.374870848036,
    12.375917041018));
#2916 = CARTESIAN_POINT('',(3.121421731534,0.312663942664,
    12.373534182914));
#2917 = CARTESIAN_POINT('',(3.127250185347,0.250294239944,
    12.371151349295));
#2918 = CARTESIAN_POINT('',(3.131624376263,0.187802289605,
    12.368768508274));
#2919 = CARTESIAN_POINT('',(3.134541456743,0.125228744699,12.36638561227
    ));
#2920 = CARTESIAN_POINT('',(3.136,6.26143615982E-02,12.364002597999));
#2921 = CARTESIAN_POINT('',(3.136,4.4E-16,12.361619386479));
#2922 = ORIENTED_EDGE('',*,*,#2731,.F.);
#2923 = ORIENTED_EDGE('',*,*,#2924,.F.);
#2924 = EDGE_CURVE('',#2845,#2656,#2925,.T.);
#2925 = B_SPLINE_CURVE_WITH_KNOTS('',1,(#2926,#2927),.UNSPECIFIED.,.F.,
  .F.,(2,2),(0.,0.65425),.PIECEWISE_BEZIER_KNOTS.);
#2926 = CARTESIAN_POINT('',(2.944402882034,-4.657243337E-08,
    12.251001365571));
#2927 = CARTESIAN_POINT('',(3.51100080648,9.2199186E-10,12.578124972963)
  );
#2928 = B_SPLINE_SURFACE_WITH_KNOTS('',1,9,(
    (#2929,#2930,#2931,#2932,#2933,#2934,#2935,#2936,#2937,#2938,#2939
      ,#2940,#2941,#2942,#2943,#2944,#2945,#2946,#2947,#2948,#2949,#2950
      ,#2951,#2952,#2953,#2954,#2955,#2956,#2957,#2958,#2959)
    ,(#2960,#2961,#2962,#2963,#2964,#2965,#2966,#2967,#2968,#2969,#2970
      ,#2971,#2972,#2973,#2974,#2975,#2976,#2977,#2978,#2979,#2980,#2981
      ,#2982,#2983,#2984,#2985,#2986,#2987,#2988,#2989,#2990
  )),.UNSPECIFIED.,.F.,.F.,.F.,(2,2),(10,7,7,7,10),(0.,0.65425),(0.,
    1.581947328539,3.163894657078,4.745841985618,6.327789314157),
  .UNSPECIFIED.);
#2929 = CARTESIAN_POINT('',(2.944402879574,-8.9E-16,13.001));
#2930 = CARTESIAN_POINT('',(2.944402880515,-0.513916122395,
    12.980167189475));
#2931 = CARTESIAN_POINT('',(2.843517391429,-1.027770063962,
    12.959336898367));
#2932 = CARTESIAN_POINT('',(2.641706286502,-1.519030553295,
    12.938500448567));
#2933 = CARTESIAN_POINT('',(2.344901339087,-1.965023279353,
    12.917665582103));
#2934 = CARTESIAN_POINT('',(1.964996291187,-2.344911139132,
    12.896833035895));
#2935 = CARTESIAN_POINT('',(1.519038686267,-2.641694148536,
    12.876000487855));
#2936 = CARTESIAN_POINT('',(1.027792254773,-2.843499066357,
    12.855167697984));
#2937 = CARTESIAN_POINT('',(6.68716332794E-06,-3.045305709062,
    12.813501295304));
#2938 = CARTESIAN_POINT('',(-1.027790895284,-2.843500218566,
    12.771833972529));
#2939 = CARTESIAN_POINT('',(-1.519048890631,-2.641694050999,12.751000228
    ));
#2940 = CARTESIAN_POINT('',(-1.965019065203,-2.344910019775,
    12.730166867454));
#2941 = CARTESIAN_POINT('',(-2.344915123363,-1.965011788255,
    12.709333854505));
#2942 = CARTESIAN_POINT('',(-2.641693815093,-1.519045355432,
    12.688500806642));
#2943 = CARTESIAN_POINT('',(-2.843497302149,-1.02779271519,
    12.667667492015));
#2944 = CARTESIAN_POINT('',(-3.045300931922,2.412746389E-08,
    12.626000682786));
#2945 = CARTESIAN_POINT('',(-2.843497285367,1.02779276015,
    12.584333873557));
#2946 = CARTESIAN_POINT('',(-2.641693790544,1.519045397037,
    12.563500558929));
#2947 = CARTESIAN_POINT('',(-2.344915093016,1.965011825434,
    12.542667511067));
#2948 = CARTESIAN_POINT('',(-1.965019029466,2.344910051995,
    12.521834498117));
#2949 = CARTESIAN_POINT('',(-1.519048849496,2.641694076567,
    12.501001137571));
#2950 = CARTESIAN_POINT('',(-1.027790850418,2.843500234918,
    12.480167393042));
#2951 = CARTESIAN_POINT('',(6.73535689E-06,3.045305706903,
    12.438500070268));
#2952 = CARTESIAN_POINT('',(1.027792299639,2.843499048812,
    12.396833667587));
#2953 = CARTESIAN_POINT('',(1.519038728458,2.641694125139,
    12.376000877716));
#2954 = CARTESIAN_POINT('',(1.964996328457,2.344911110913,
    12.355168329676));
#2955 = CARTESIAN_POINT('',(2.344901376699,1.965023248707,
    12.334335783468));
#2956 = CARTESIAN_POINT('',(2.641706311934,1.519030506334,
    12.313500917004));
#2957 = CARTESIAN_POINT('',(2.843517397389,1.027770018615,
    12.292664467204));
#2958 = CARTESIAN_POINT('',(2.944402889218,0.513916075823,
    12.271834176096));
#2959 = CARTESIAN_POINT('',(2.944402882034,-4.657243337E-08,
    12.251001365571));
#2960 = CARTESIAN_POINT('',(3.511,0.,13.328125));
#2961 = CARTESIAN_POINT('',(3.511000308761,-0.612784757452,
    13.307291656316));
#2962 = CARTESIAN_POINT('',(3.390707964988,-1.225566394886,
    13.286458262751));
#2963 = CARTESIAN_POINT('',(3.150037075709,-1.811359667423,
    13.265624991112));
#2964 = CARTESIAN_POINT('',(2.796135677376,-2.343141948144,
    13.244791688151));
#2965 = CARTESIAN_POINT('',(2.343131563654,-2.796148849273,
    13.223958339214));
#2966 = CARTESIAN_POINT('',(1.811352724157,-3.150039404325,
    13.203124990344));
#2967 = CARTESIAN_POINT('',(1.225572678592,-3.390679745469,
    13.182291646248));
#2968 = CARTESIAN_POINT('',(6.52373711893E-06,-3.631320511941,
    13.140624974354));
#2969 = CARTESIAN_POINT('',(-1.225569517125,-3.390680924263,
    13.098958320678));
#2970 = CARTESIAN_POINT('',(-1.811358993712,-3.150041235486,
    13.078124995486));
#2971 = CARTESIAN_POINT('',(-2.343149852459,-2.796147610846,
    13.057291662691));
#2972 = CARTESIAN_POINT('',(-2.796153184914,-2.343142653343,
    13.036458323015));
#2973 = CARTESIAN_POINT('',(-3.150042408358,-1.811354478579,
    13.015624984029));
#2974 = CARTESIAN_POINT('',(-3.390678486235,-1.225569658492,
    12.994791650326));
#2975 = CARTESIAN_POINT('',(-3.631314870362,1.37436418E-08,
    12.953124986482));
#2976 = CARTESIAN_POINT('',(-3.390678314148,1.225569652191,
    12.911458322638));
#2977 = CARTESIAN_POINT('',(-3.15004223754,1.811354418798,
    12.890624988934));
#2978 = CARTESIAN_POINT('',(-2.796153426176,2.343142681642,
    12.869791649948));
#2979 = CARTESIAN_POINT('',(-2.343150297221,2.796147983695,
    12.848958310272));
#2980 = CARTESIAN_POINT('',(-1.811359207162,3.150041740347,
    12.828124977477));
#2981 = CARTESIAN_POINT('',(-1.225569554227,3.390680955074,
    12.807291652285));
#2982 = CARTESIAN_POINT('',(6.53108548766E-06,3.63131980394,
    12.765624998609));
#2983 = CARTESIAN_POINT('',(1.22557264149,3.390679323507,12.723958326716
    ));
#2984 = CARTESIAN_POINT('',(1.811352856753,3.150039611448,
    12.703124982625));
#2985 = CARTESIAN_POINT('',(2.343131622125,2.796149788562,
    12.682291633732));
#2986 = CARTESIAN_POINT('',(2.796137818166,2.3431440622,12.661458284833)
  );
#2987 = CARTESIAN_POINT('',(3.15003753578,1.811357970031,12.640624981837
    ));
#2988 = CARTESIAN_POINT('',(3.390704587891,1.225566274552,
    12.619791710217));
#2989 = CARTESIAN_POINT('',(3.511000497559,0.612784758374,
    12.598958316648));
#2990 = CARTESIAN_POINT('',(3.51100080648,9.2199186E-10,12.578124972963)
  );
#2991 = ADVANCED_FACE('',(#2992),#3093,.T.);
#2992 = FACE_BOUND('',#2993,.F.);
#2993 = EDGE_LOOP('',(#2994,#2995,#2996,#3087));
#2994 = ORIENTED_EDGE('',*,*,#2844,.F.);
#2995 = ORIENTED_EDGE('',*,*,#2722,.F.);
#2996 = ORIENTED_EDGE('',*,*,#2997,.T.);
#2997 = EDGE_CURVE('',#2700,#2998,#3000,.T.);
#2998 = VERTEX_POINT('',#2999);
#2999 = CARTESIAN_POINT('',(3.136,-3.0512044E-08,12.138384952046));
#3000 = B_SPLINE_CURVE_WITH_KNOTS('',7,(#3001,#3002,#3003,#3004,#3005,
    #3006,#3007,#3008,#3009,#3010,#3011,#3012,#3013,#3014,#3015,#3016,
    #3017,#3018,#3019,#3020,#3021,#3022,#3023,#3024,#3025,#3026,#3027,
    #3028,#3029,#3030,#3031,#3032,#3033,#3034,#3035,#3036,#3037,#3038,
    #3039,#3040,#3041,#3042,#3043,#3044,#3045,#3046,#3047,#3048,#3049,
    #3050,#3051,#3052,#3053,#3054,#3055,#3056,#3057,#3058,#3059,#3060,
    #3061,#3062,#3063,#3064,#3065,#3066,#3067,#3068,#3069,#3070,#3071,
    #3072,#3073,#3074,#3075,#3076,#3077,#3078,#3079,#3080,#3081,#3082,
    #3083,#3084,#3085,#3086),.UNSPECIFIED.,.F.,.F.,(8,6,6,6,6,6,6,6,6,6,
    6,6,6,6,8),(0.,4.600193075167E-02,0.133412509956,0.223832770407,
    0.277989985936,0.376887414568,0.468566678971,0.501568297761,
    0.565437466369,0.627439489151,0.740705403316,0.79233592062,
    0.867853927006,0.956886469125,1.),.UNSPECIFIED.);
#3001 = CARTESIAN_POINT('',(3.136,-3.051196895E-08,12.888383151492));
#3002 = CARTESIAN_POINT('',(3.13599999874,-0.129483358106,
    12.883454888648));
#3003 = CARTESIAN_POINT('',(3.129762567956,-0.258968025221,
    12.878527533454));
#3004 = CARTESIAN_POINT('',(3.117287872585,-0.388090931781,
    12.873600357865));
#3005 = CARTESIAN_POINT('',(3.098601985825,-0.516491962315,
    12.868672933391));
#3006 = CARTESIAN_POINT('',(3.073756816006,-0.643814497941,
    12.863745076506));
#3007 = CARTESIAN_POINT('',(3.042830033461,-0.76970592836,
    12.858816794067));
#3008 = CARTESIAN_POINT('',(2.935799884708,-1.129650056401,
    12.84452321416));
#3009 = CARTESIAN_POINT('',(2.844077797859,-1.359099573174,
    12.835155559257));
#3010 = CARTESIAN_POINT('',(2.731471900699,-1.579727100882,
    12.825788221272));
#3011 = CARTESIAN_POINT('',(2.599029723816,-1.789279486811,
    12.816421852832));
#3012 = CARTESIAN_POINT('',(2.448071557186,-1.985667665205,
    12.807055601277));
#3013 = CARTESIAN_POINT('',(2.280183012968,-2.166978489916,
    12.797688858866));
#3014 = CARTESIAN_POINT('',(1.908042242627,-2.501728501721,
    12.778636621078));
#3015 = CARTESIAN_POINT('',(1.702673523839,-2.654050138319,
    12.768948053758));
#3016 = CARTESIAN_POINT('',(1.483241883955,-2.786589795758,
    12.759260948961));
#3017 = CARTESIAN_POINT('',(1.252047406777,-2.897838228825,
    12.749574531813));
#3018 = CARTESIAN_POINT('',(1.011554930373,-2.986609407075,
    12.739887069662));
#3019 = CARTESIAN_POINT('',(0.764379009112,-3.052047731068,
    12.730198151794));
#3020 = CARTESIAN_POINT('',(0.362920839639,-3.118657048158,
    12.714708472199));
#3021 = CARTESIAN_POINT('',(0.211120440972,-3.135080241833,
    12.708906014122));
#3022 = CARTESIAN_POINT('',(5.848780571623E-02,-3.142878577343,
    12.703103607599));
#3023 = CARTESIAN_POINT('',(-9.43893501487E-02,-3.142005289292,
    12.697301246264));
#3024 = CARTESIAN_POINT('',(-0.246922969951,-3.132463733838,
    12.691498840303));
#3025 = CARTESIAN_POINT('',(-0.398525915301,-3.114307379697,
    12.685696376474));
#3026 = CARTESIAN_POINT('',(-0.822690259139,-3.038941668744,
    12.669298400679));
#3027 = CARTESIAN_POINT('',(-1.091792961529,-2.96184756039,
    12.658700251245));
#3028 = CARTESIAN_POINT('',(-1.352264374658,-2.856982729466,
    12.648104208284));
#3029 = CARTESIAN_POINT('',(-1.600713061701,-2.725561758809,
    12.637509519128));
#3030 = CARTESIAN_POINT('',(-1.833975064689,-2.569258293048,
    12.626913592068));
#3031 = CARTESIAN_POINT('',(-2.049137951325,-2.390192311507,
    12.616315560244));
#3032 = CARTESIAN_POINT('',(-2.4239209038,-2.006413341338,
    12.595897611878));
#3033 = CARTESIAN_POINT('',(-2.58652428145,-1.804448814679,
    12.586073328378));
#3034 = CARTESIAN_POINT('',(-2.729371377595,-1.587234450203,
    12.576250135603));
#3035 = CARTESIAN_POINT('',(-2.850797435089,-1.35710550586,
    12.566427601616));
#3036 = CARTESIAN_POINT('',(-2.949471870036,-1.11658369441,
    12.556604157882));
#3037 = CARTESIAN_POINT('',(-3.024406676878,-0.868361288836,
    12.546779451984));
#3038 = CARTESIAN_POINT('',(-3.093266404728,-0.524240047678,
    12.53342080666));
#3039 = CARTESIAN_POINT('',(-3.10834516983,-0.432524851682,
    12.529884939792));
#3040 = CARTESIAN_POINT('',(-3.120250098895,-0.340310594568,
    12.526349094875));
#3041 = CARTESIAN_POINT('',(-3.128961855728,-0.247729060142,
    12.522813277244));
#3042 = CARTESIAN_POINT('',(-3.134467978389,-0.154912679311,
    12.519277490992));
#3043 = CARTESIAN_POINT('',(-3.136762879194,-6.199453008462E-02,
    12.51574173897));
#3044 = CARTESIAN_POINT('',(-3.134076946992,0.210657507519,
    12.505363229577));
#3045 = CARTESIAN_POINT('',(-3.12028314724,0.39031287305,12.49852025653)
  );
#3046 = CARTESIAN_POINT('',(-3.094474234604,0.568878751038,
    12.491677625976));
#3047 = CARTESIAN_POINT('',(-3.056760001116,0.745393929119,
    12.484835238598));
#3048 = CARTESIAN_POINT('',(-3.007341920767,0.918915454562,
    12.477992782708));
#3049 = CARTESIAN_POINT('',(-2.946512602659,1.088521184023,
    12.471150140705));
#3050 = CARTESIAN_POINT('',(-2.804917819946,1.413290102696,
    12.457665473312));
#3051 = CARTESIAN_POINT('',(-2.724781422908,1.568743701323,
    12.45102289033));
#3052 = CARTESIAN_POINT('',(-2.634612055904,1.718854271005,
    12.444380457344));
#3053 = CARTESIAN_POINT('',(-2.534843108036,1.862850262489,
    12.437738069589));
#3054 = CARTESIAN_POINT('',(-2.425976969953,2.00000658197,
    12.431095461141));
#3055 = CARTESIAN_POINT('',(-2.308583763485,2.129646422663,
    12.424452555469));
#3056 = CARTESIAN_POINT('',(-1.954450043874,2.473107918889,
    12.405674774411));
#3057 = CARTESIAN_POINT('',(-1.699169552963,2.668018358447,
    12.393534241017));
#3058 = CARTESIAN_POINT('',(-1.421468234802,2.831920952658,
    12.381397670492));
#3059 = CARTESIAN_POINT('',(-1.125910336201,2.961869996733,
    12.369262452476));
#3060 = CARTESIAN_POINT('',(-0.817403313324,3.055708065635,
    12.357126029997));
#3061 = CARTESIAN_POINT('',(-0.501202777389,3.112062566042,
    12.344985585835));
#3062 = CARTESIAN_POINT('',(-3.785435043897E-02,3.139137249353,
    12.327318947719));
#3063 = CARTESIAN_POINT('',(0.107685081087,3.1397708981,12.321787303375)
  );
#3064 = CARTESIAN_POINT('',(0.253172029325,3.132531137091,
    12.316255763897));
#3065 = CARTESIAN_POINT('',(0.398095876868,3.117429558904,
    12.310724286647));
#3066 = CARTESIAN_POINT('',(0.54194982141,3.094518980553,12.305192757352
    ));
#3067 = CARTESIAN_POINT('',(0.684231845187,3.063893337385,
    12.299661131145));
#3068 = CARTESIAN_POINT('',(1.029531167941,2.969805455132,
    12.286038773471));
#3069 = CARTESIAN_POINT('',(1.230215222257,2.89770067142,12.27794721751)
  );
#3070 = CARTESIAN_POINT('',(1.424926054277,2.809796355011,
    12.269856074683));
#3071 = CARTESIAN_POINT('',(1.612183487041,2.706701729273,
    12.261765173166));
#3072 = CARTESIAN_POINT('',(1.790591473134,2.589185379252,12.253673939)
  );
#3073 = CARTESIAN_POINT('',(1.958843635872,2.458172199354,
    12.245582291857));
#3074 = CARTESIAN_POINT('',(2.300718196627,2.145691832024,
    12.227952793428));
#3075 = CARTESIAN_POINT('',(2.469962544357,1.959346129802,
    12.218412780622));
#3076 = CARTESIAN_POINT('',(2.621481417803,1.757531243772,
    12.208874211073));
#3077 = CARTESIAN_POINT('',(2.753621353416,1.542287348221,
    12.199336857418));
#3078 = CARTESIAN_POINT('',(2.865016073525,1.315840023511,12.18979894087
    ));
#3079 = CARTESIAN_POINT('',(2.954594567836,1.080587083192,
    12.180259333974));
#3080 = CARTESIAN_POINT('',(3.054121338127,0.722194819181,12.16610142817
    ));
#3081 = CARTESIAN_POINT('',(3.081313992279,0.603799938854,
    12.161482102049));
#3082 = CARTESIAN_POINT('',(3.103148193566,0.484225862618,
    12.156862624897));
#3083 = CARTESIAN_POINT('',(3.119563975725,0.363763669655,12.15224300458
    ));
#3084 = CARTESIAN_POINT('',(3.130521281771,0.242707309361,
    12.147623308512));
#3085 = CARTESIAN_POINT('',(3.136,0.121353228774,12.143003779963));
#3086 = CARTESIAN_POINT('',(3.136,-3.11E-15,12.138384954369));
#3087 = ORIENTED_EDGE('',*,*,#3088,.F.);
#3088 = EDGE_CURVE('',#2845,#2998,#3089,.T.);
#3089 = LINE('',#3090,#3091);
#3090 = CARTESIAN_POINT('',(3.136,0.,13.));
#3091 = VECTOR('',#3092,1.);
#3092 = DIRECTION('',(-6.E-17,0.,-1.));
#3093 = CYLINDRICAL_SURFACE('',#3094,3.136);
#3094 = AXIS2_PLACEMENT_3D('',#3095,#3096,#3097);
#3095 = CARTESIAN_POINT('',(0.,0.,13.));
#3096 = DIRECTION('',(-0.,-0.,-1.));
#3097 = DIRECTION('',(1.,0.,0.));
#3098 = ADVANCED_FACE('',(#3099),#3163,.T.);
#3099 = FACE_BOUND('',#3100,.T.);
#3100 = EDGE_LOOP('',(#3101,#3108,#3161,#3162));
#3101 = ORIENTED_EDGE('',*,*,#3102,.F.);
#3102 = EDGE_CURVE('',#3103,#2998,#3105,.T.);
#3103 = VERTEX_POINT('',#3104);
#3104 = CARTESIAN_POINT('',(3.5,-9.645136124692E-14,11.928227068307));
#3105 = B_SPLINE_CURVE_WITH_KNOTS('',1,(#3106,#3107),.UNSPECIFIED.,.F.,
  .F.,(2,2),(0.,0.65425),.PIECEWISE_BEZIER_KNOTS.);
#3106 = CARTESIAN_POINT('',(3.511002073806,1.84428344E-09,
    11.921874945922));
#3107 = CARTESIAN_POINT('',(2.944406561432,-9.314435569E-08,
    12.249002731134));
#3108 = ORIENTED_EDGE('',*,*,#3109,.F.);
#3109 = EDGE_CURVE('',#2691,#3103,#3110,.T.);
#3110 = B_SPLINE_CURVE_WITH_KNOTS('',7,(#3111,#3112,#3113,#3114,#3115,
    #3116,#3117,#3118,#3119,#3120,#3121,#3122,#3123,#3124,#3125,#3126,
    #3127,#3128,#3129,#3130,#3131,#3132,#3133,#3134,#3135,#3136,#3137,
    #3138,#3139,#3140,#3141,#3142,#3143,#3144,#3145,#3146,#3147,#3148,
    #3149,#3150,#3151,#3152,#3153,#3154,#3155,#3156,#3157,#3158,#3159,
    #3160),.UNSPECIFIED.,.F.,.F.,(8,6,6,6,6,6,6,6,8),(0.,
    9.125136378584E-02,0.225495326983,0.320194905226,0.522487282256,
    0.617384079238,0.759396521023,0.922067755347,1.),.UNSPECIFIED.);
#3111 = CARTESIAN_POINT('',(-3.334588627166,-1.063258523395,
    12.340070229765));
#3112 = CARTESIAN_POINT('',(-3.382408865208,-0.913284816679,
    12.334701390068));
#3113 = CARTESIAN_POINT('',(-3.422360436015,-0.760799370113,
    12.329332479717));
#3114 = CARTESIAN_POINT('',(-3.454284222894,-0.60630207653,
    12.323963670433));
#3115 = CARTESIAN_POINT('',(-3.478061446079,-0.45030021265,
    12.318594956145));
#3116 = CARTESIAN_POINT('',(-3.493613784955,-0.293307633106,
    12.313226268297));
#3117 = CARTESIAN_POINT('',(-3.500903500273,-0.135843964466,
    12.30785759117));
#3118 = CARTESIAN_POINT('',(-3.4985066285,0.253139336189,12.294591216128
    ));
#3119 = CARTESIAN_POINT('',(-3.479203843158,0.484621062179,
    12.286692884668));
#3120 = CARTESIAN_POINT('',(-3.442030621281,0.714322116535,
    12.278795179952));
#3121 = CARTESIAN_POINT('',(-3.387198312171,0.940594745295,
    12.270897890185));
#3122 = CARTESIAN_POINT('',(-3.315096428353,1.161831579703,
    12.263000368128));
#3123 = CARTESIAN_POINT('',(-3.226291364249,1.376470917291,
    12.255102388545));
#3124 = CARTESIAN_POINT('',(-3.047665135629,1.728705931979,
    12.241633935791));
#3125 = CARTESIAN_POINT('',(-2.965843247837,1.870382736977,
    12.236062750032));
#3126 = CARTESIAN_POINT('',(-2.876351596219,2.007515695784,
    12.230491600051));
#3127 = CARTESIAN_POINT('',(-2.779495071669,2.13960859003,
    12.224920441747));
#3128 = CARTESIAN_POINT('',(-2.675617204109,2.266192914647,
    12.219349164731));
#3129 = CARTESIAN_POINT('',(-2.565099571547,2.386828683268,
    12.213777737833));
#3130 = CARTESIAN_POINT('',(-2.198990712864,2.745216933339,
    12.19630505181));
#3131 = CARTESIAN_POINT('',(-1.921122734383,2.960420726729,
    12.184398601271));
#3132 = CARTESIAN_POINT('',(-1.618952106407,3.142531732978,
    12.172495894898));
#3133 = CARTESIAN_POINT('',(-1.297253823998,3.288410541881,
    12.160594496567));
#3134 = CARTESIAN_POINT('',(-0.961166489394,3.395727175456,
    12.148691993524));
#3135 = CARTESIAN_POINT('',(-0.61619745615,3.462957807873,
    12.136785704978));
#3136 = CARTESIAN_POINT('',(-0.105039570141,3.502251406836,
    12.119301467376));
#3137 = CARTESIAN_POINT('',(5.886843351414E-02,3.505891953284,
    12.11371841875));
#3138 = CARTESIAN_POINT('',(0.222875577711,3.500581097386,
    12.108135468107));
#3139 = CARTESIAN_POINT('',(0.386395786688,3.486321817222,
    12.102552569047));
#3140 = CARTESIAN_POINT('',(0.548846670479,3.463164906647,
    12.096969601136));
#3141 = CARTESIAN_POINT('',(0.709650521453,3.431208878043,
    12.091386519207));
#3142 = CARTESIAN_POINT('',(1.105556420598,3.329828740283,
    12.077448554567));
#3143 = CARTESIAN_POINT('',(1.337938944663,3.249671913889,
    12.069092677091));
#3144 = CARTESIAN_POINT('',(1.563439239069,3.15061994559,12.060737288519
    ));
#3145 = CARTESIAN_POINT('',(1.780230207382,3.033402170167,
    12.052382176728));
#3146 = CARTESIAN_POINT('',(1.986589692475,2.898949743049,
    12.044026665616));
#3147 = CARTESIAN_POINT('',(2.180906951786,2.748392140083,
    12.035670692949));
#3148 = CARTESIAN_POINT('',(2.568808803639,2.393734878023,
    12.017745505712));
#3149 = CARTESIAN_POINT('',(2.758234501614,2.184977657401,
    12.008173918146));
#3150 = CARTESIAN_POINT('',(2.927734666841,1.958851427246,
    11.998603948455));
#3151 = CARTESIAN_POINT('',(3.075448273117,1.717657453781,
    11.989035337277));
#3152 = CARTESIAN_POINT('',(3.199838697138,1.463904797164,
    11.979466129541));
#3153 = CARTESIAN_POINT('',(3.299701832872,1.200297089563,
    11.969895024574));
#3154 = CARTESIAN_POINT('',(3.409959276826,0.800156877844,
    11.955739619738));
#3155 = CARTESIAN_POINT('',(3.439864282203,0.668948630849,
    11.951154379612));
#3156 = CARTESIAN_POINT('',(3.46387503965,0.53645321385,11.946568941161)
  );
#3157 = CARTESIAN_POINT('',(3.481926573609,0.402988424491,
    11.941983307706));
#3158 = CARTESIAN_POINT('',(3.493975486256,0.268875144895,
    11.937397551864));
#3159 = CARTESIAN_POINT('',(3.5,0.134436997349,11.932811941937));
#3160 = CARTESIAN_POINT('',(3.5,-1.927347170749E-13,11.928227068307));
#3161 = ORIENTED_EDGE('',*,*,#2699,.F.);
#3162 = ORIENTED_EDGE('',*,*,#2997,.T.);
#3163 = B_SPLINE_SURFACE_WITH_KNOTS('',1,9,(
    (#3164,#3165,#3166,#3167,#3168,#3169,#3170,#3171,#3172,#3173,#3174
      ,#3175,#3176,#3177,#3178,#3179,#3180,#3181,#3182,#3183,#3184,#3185
      ,#3186,#3187,#3188,#3189,#3190,#3191,#3192,#3193,#3194)
    ,(#3195,#3196,#3197,#3198,#3199,#3200,#3201,#3202,#3203,#3204,#3205
      ,#3206,#3207,#3208,#3209,#3210,#3211,#3212,#3213,#3214,#3215,#3216
      ,#3217,#3218,#3219,#3220,#3221,#3222,#3223,#3224,#3225
  )),.UNSPECIFIED.,.F.,.F.,.F.,(2,2),(10,7,7,7,10),(0.,0.65425),(0.,
    1.581947328539,3.163894657078,4.745841985618,6.327789314157),
  .UNSPECIFIED.);
#3164 = CARTESIAN_POINT('',(3.511001036903,9.2210861E-10,12.671874972962
    ));
#3165 = CARTESIAN_POINT('',(3.511001434042,-0.612784957568,
    12.651041629277));
#3166 = CARTESIAN_POINT('',(3.390709560355,-1.225566813511,
    12.630208235706));
#3167 = CARTESIAN_POINT('',(3.150039252926,-1.811359328079,
    12.609374964076));
#3168 = CARTESIAN_POINT('',(2.796133181022,-2.343145437183,
    12.588541661108));
#3169 = CARTESIAN_POINT('',(2.343135433421,-2.796146609294,
    12.567708312186));
#3170 = CARTESIAN_POINT('',(1.811352091416,-3.150041583531,
    12.546874963302));
#3171 = CARTESIAN_POINT('',(1.225573086821,-3.390680918106,
    12.526041619208));
#3172 = CARTESIAN_POINT('',(6.52350450692E-06,-3.63132180468,
    12.484374947314));
#3173 = CARTESIAN_POINT('',(-1.225569913223,-3.39068203277,
    12.442708293639));
#3174 = CARTESIAN_POINT('',(-1.811359556892,-3.15004219744,
    12.421874968448));
#3175 = CARTESIAN_POINT('',(-2.343150557181,-2.796148475652,
    12.401041635653));
#3176 = CARTESIAN_POINT('',(-2.796154067464,-2.343143418818,
    12.380208295976));
#3177 = CARTESIAN_POINT('',(-3.150043466025,-1.811355082207,
    12.35937495699));
#3178 = CARTESIAN_POINT('',(-3.390679623176,-1.225570062314,
    12.338541623286));
#3179 = CARTESIAN_POINT('',(-3.631316061958,1.685289305E-08,
    12.296874959443));
#3180 = CARTESIAN_POINT('',(-3.390679402474,1.225570052686,
    12.255208295599));
#3181 = CARTESIAN_POINT('',(-3.150043247217,1.811355003928,
    12.234374961895));
#3182 = CARTESIAN_POINT('',(-2.796154378713,2.343143453943,
    12.213541622909));
#3183 = CARTESIAN_POINT('',(-2.343151130276,2.796148953975,
    12.192708283232));
#3184 = CARTESIAN_POINT('',(-1.811359832745,3.150042845732,
    12.171874950437));
#3185 = CARTESIAN_POINT('',(-1.225569962452,3.390682071833,
    12.151041625246));
#3186 = CARTESIAN_POINT('',(6.53131733689E-06,3.631320894394,
    12.109374971571));
#3187 = CARTESIAN_POINT('',(1.225573037591,3.390680376135,
    12.067708299677));
#3188 = CARTESIAN_POINT('',(1.811353469374,3.15004067511,12.046874955587
    ));
#3189 = CARTESIAN_POINT('',(2.343132398747,2.796150840818,
    12.026041606689));
#3190 = CARTESIAN_POINT('',(2.796139041002,2.343145133704,
    12.005208257794));
#3191 = CARTESIAN_POINT('',(3.150038634734,1.811358322673,
    11.984374954796));
#3192 = CARTESIAN_POINT('',(3.390705217822,1.225566660323,
    11.963541683184));
#3193 = CARTESIAN_POINT('',(3.511001676506,0.612784960335,
    11.942708289608));
#3194 = CARTESIAN_POINT('',(3.511002073806,1.84428344E-09,
    11.921874945922));
#3195 = CARTESIAN_POINT('',(2.944404720501,-4.65722465E-08,
    12.999001365569));
#3196 = CARTESIAN_POINT('',(2.944405417174,-0.513916650603,
    12.978168555043));
#3197 = CARTESIAN_POINT('',(2.843523889672,-1.02777121067,
    12.957338263924));
#3198 = CARTESIAN_POINT('',(2.641707970662,-1.519035478245,
    12.936501814171));
#3199 = CARTESIAN_POINT('',(2.344901690744,-1.965018832217,
    12.915666947567));
#3200 = CARTESIAN_POINT('',(1.964997403334,-2.344916215931,
    12.894834401583));
#3201 = CARTESIAN_POINT('',(1.519040159599,-2.641694889965,
    12.874001853376));
#3202 = CARTESIAN_POINT('',(1.027793214553,-2.843502229511,
    12.853169063548));
#3203 = CARTESIAN_POINT('',(6.62953144372E-06,-3.045309370801,
    12.811502660867));
#3204 = CARTESIAN_POINT('',(-1.027791862459,-2.843502832399,
    12.769835338096));
#3205 = CARTESIAN_POINT('',(-1.519050114047,-2.641695927383,
    12.749001593569));
#3206 = CARTESIAN_POINT('',(-1.965020438239,-2.344911761206,
    12.728168233023));
#3207 = CARTESIAN_POINT('',(-2.344917078345,-1.965013560127,
    12.707335220072));
#3208 = CARTESIAN_POINT('',(-2.641696510767,-1.519046804818,
    12.686502172208));
#3209 = CARTESIAN_POINT('',(-2.843500180496,-1.027793639846,
    12.66566885758));
#3210 = CARTESIAN_POINT('',(-3.045303786671,1.0471304529E-07,
    12.624002048352));
#3211 = CARTESIAN_POINT('',(-2.843499738174,1.027793762423,
    12.582335239124));
#3212 = CARTESIAN_POINT('',(-2.64169604768,1.519046795601,
    12.561501924496));
#3213 = CARTESIAN_POINT('',(-2.34491753442,1.965013737669,
    12.540668876632));
#3214 = CARTESIAN_POINT('',(-1.965021340538,2.344912706947,
    12.519835863681));
#3215 = CARTESIAN_POINT('',(-1.519050474041,2.641697152982,
    12.499002503135));
#3216 = CARTESIAN_POINT('',(-1.027791810189,2.843502952235,
    12.478168758608));
#3217 = CARTESIAN_POINT('',(6.79298697656E-06,3.045307754668,
    12.436501435837));
#3218 = CARTESIAN_POINT('',(1.027793266822,2.843501216805,
    12.394835033155));
#3219 = CARTESIAN_POINT('',(1.519040346318,2.641696813041,
    12.374002243288));
#3220 = CARTESIAN_POINT('',(1.964998275107,2.344914347936,
    12.353169695219));
#3221 = CARTESIAN_POINT('',(2.344906046754,1.965027462406,12.33233714905
    ));
#3222 = CARTESIAN_POINT('',(2.641709337221,1.519029952968,
    12.311502282553));
#3223 = CARTESIAN_POINT('',(2.843516230374,1.027770799024,12.29066583279
    ));
#3224 = CARTESIAN_POINT('',(2.944405872885,0.513916510886,
    12.269835541662));
#3225 = CARTESIAN_POINT('',(2.944406561432,-9.314435569E-08,
    12.249002731134));
#3226 = ADVANCED_FACE('',(#3227),#3300,.T.);
#3227 = FACE_BOUND('',#3228,.F.);
#3228 = EDGE_LOOP('',(#3229,#3292,#3298,#3299));
#3229 = ORIENTED_EDGE('',*,*,#3230,.T.);
#3230 = EDGE_CURVE('',#2664,#3231,#3233,.T.);
#3231 = VERTEX_POINT('',#3232);
#3232 = CARTESIAN_POINT('',(3.5,-7.498981915431E-14,11.821773233826));
#3233 = B_SPLINE_CURVE_WITH_KNOTS('',8,(#3234,#3235,#3236,#3237,#3238,
    #3239,#3240,#3241,#3242,#3243,#3244,#3245,#3246,#3247,#3248,#3249,
    #3250,#3251,#3252,#3253,#3254,#3255,#3256,#3257,#3258,#3259,#3260,
    #3261,#3262,#3263,#3264,#3265,#3266,#3267,#3268,#3269,#3270,#3271,
    #3272,#3273,#3274,#3275,#3276,#3277,#3278,#3279,#3280,#3281,#3282,
    #3283,#3284,#3285,#3286,#3287,#3288,#3289,#3290,#3291),
  .UNSPECIFIED.,.F.,.F.,(9,7,7,7,7,7,7,7,9),(0.,9.748618997326E-02,
    0.280010042533,0.305888985254,0.459279561167,0.619889305798,
    0.691924428219,0.807853224656,1.),.UNSPECIFIED.);
#3234 = CARTESIAN_POINT('',(-1.266678128909,-3.262748307446,
    12.340070229765));
#3235 = CARTESIAN_POINT('',(-1.439291852679,-3.195735467972,
    12.333755086604));
#3236 = CARTESIAN_POINT('',(-1.607862187088,-3.118282774537,
    12.327439604548));
#3237 = CARTESIAN_POINT('',(-1.771639915527,-3.030679128681,
    12.321124232581));
#3238 = CARTESIAN_POINT('',(-1.9299133929,-2.933275105015,12.31480902593
    ));
#3239 = CARTESIAN_POINT('',(-2.082006305006,-2.826477259679,
    12.308493842597));
#3240 = CARTESIAN_POINT('',(-2.227277620593,-2.710745773208,
    12.302178539857));
#3241 = CARTESIAN_POINT('',(-2.365123736095,-2.586595427809,
    12.295863170734));
#3242 = CARTESIAN_POINT('',(-2.738118574339,-2.207464106427,
    12.277724594392));
#3243 = CARTESIAN_POINT('',(-2.953417537067,-1.932661006699,
    12.265894432599));
#3244 = CARTESIAN_POINT('',(-3.136976501886,-1.63405288422,
    12.254068276074));
#3245 = CARTESIAN_POINT('',(-3.285814821058,-1.315983164159,
    12.242245267126));
#3246 = CARTESIAN_POINT('',(-3.397683247239,-0.983106819062,
    12.230422295929));
#3247 = CARTESIAN_POINT('',(-3.470995925488,-0.640344517906,
    12.218596221141));
#3248 = CARTESIAN_POINT('',(-3.504911245751,-0.292896400612,
    12.206766110458));
#3249 = CARTESIAN_POINT('',(-3.498832419457,0.10289734576,
    12.193266087561));
#3250 = CARTESIAN_POINT('',(-3.49728870668,0.152033937703,
    12.191589680643));
#3251 = CARTESIAN_POINT('',(-3.494956362564,0.201143637952,
    12.189913266384));
#3252 = CARTESIAN_POINT('',(-3.491835946092,0.250211675056,
    12.18823684498));
#3253 = CARTESIAN_POINT('',(-3.487928347373,0.299223303062,
    12.186560416642));
#3254 = CARTESIAN_POINT('',(-3.483234787645,0.348163801509,
    12.184883981588));
#3255 = CARTESIAN_POINT('',(-3.477756819274,0.397018475432,
    12.18320754005));
#3256 = CARTESIAN_POINT('',(-3.434388909252,0.734750138615,
    12.171594392275));
#3257 = CARTESIAN_POINT('',(-3.369778413546,1.020282037961,
    12.161654634617));
#3258 = CARTESIAN_POINT('',(-3.278047497653,1.299184297681,
    12.151715986348));
#3259 = CARTESIAN_POINT('',(-3.160028574344,1.568462705301,
    12.141778868739));
#3260 = CARTESIAN_POINT('',(-3.016919065849,1.825287530297,
    12.131841825304));
#3261 = CARTESIAN_POINT('',(-2.850248722668,2.066993998482,
    12.121903385444));
#3262 = CARTESIAN_POINT('',(-2.661899005467,2.291108602077,
    12.111963923718));
#3263 = CARTESIAN_POINT('',(-2.236673717232,2.709308710708,
    12.091623458974));
#3264 = CARTESIAN_POINT('',(-1.997789005718,2.901624806321,
    12.081216010138));
#3265 = CARTESIAN_POINT('',(-1.740128745066,3.069735287646,
    12.070810657111));
#3266 = CARTESIAN_POINT('',(-1.466591507475,3.211545968391,
    12.060407045269));
#3267 = CARTESIAN_POINT('',(-1.18028508385,3.325394709029,
    12.050003378957));
#3268 = CARTESIAN_POINT('',(-0.884500837667,3.410021388894,
    12.03959790958));
#3269 = CARTESIAN_POINT('',(-0.582719624729,3.464606882993,
    12.029190388519));
#3270 = CARTESIAN_POINT('',(-0.142236138262,3.499784218262,
    12.01412005206));
#3271 = CARTESIAN_POINT('',(-5.358244141931E-03,3.504582902282,
    12.009453646292));
#3272 = CARTESIAN_POINT('',(0.131687825076,3.503262690764,
    12.004787247526));
#3273 = CARTESIAN_POINT('',(0.268582643678,3.49581810325,12.000120871867
    ));
#3274 = CARTESIAN_POINT('',(0.405008024459,3.482263580722,
    11.995454493129));
#3275 = CARTESIAN_POINT('',(0.54064731253,3.462633461651,11.990788085198
    ));
#3276 = CARTESIAN_POINT('',(0.675185679113,3.436981958049,
    11.986121664416));
#3277 = CARTESIAN_POINT('',(1.022552994923,3.354529967047,11.9739456299)
  );
#3278 = CARTESIAN_POINT('',(1.233159869514,3.288267710299,
    11.966435273604));
#3279 = CARTESIAN_POINT('',(1.43880686309,3.206905447082,11.958925321555
    ));
#3280 = CARTESIAN_POINT('',(1.63823335508,3.11088668938,11.951415866824)
  );
#3281 = CARTESIAN_POINT('',(1.830237329493,3.000773082331,
    11.943906483373));
#3282 = CARTESIAN_POINT('',(2.013675608021,2.877237981203,
    11.936396699088));
#3283 = CARTESIAN_POINT('',(2.187469267128,2.741069898379,
    11.928886495497));
#3284 = CARTESIAN_POINT('',(2.621019705661,2.348074600392,11.90892990776
    ));
#3285 = CARTESIAN_POINT('',(2.862407759608,2.070563658499,
    11.896473646204));
#3286 = CARTESIAN_POINT('',(3.069924282524,1.764907307991,
    11.884021469082));
#3287 = CARTESIAN_POINT('',(3.239883327681,1.436023223406,
    11.871572064879));
#3288 = CARTESIAN_POINT('',(3.369411521487,1.089219010568,
    11.859122247933));
#3289 = CARTESIAN_POINT('',(3.456506535879,0.730188263212,
    11.846671185414));
#3290 = CARTESIAN_POINT('',(3.5,0.3649637014,11.834220291915));
#3291 = CARTESIAN_POINT('',(3.5,-1.501021529293E-13,11.821773233826));
#3292 = ORIENTED_EDGE('',*,*,#3293,.T.);
#3293 = EDGE_CURVE('',#3231,#3103,#3294,.T.);
#3294 = LINE('',#3295,#3296);
#3295 = CARTESIAN_POINT('',(3.5,0.,6.14));
#3296 = VECTOR('',#3297,1.);
#3297 = DIRECTION('',(0.,0.,1.));
#3298 = ORIENTED_EDGE('',*,*,#3109,.F.);
#3299 = ORIENTED_EDGE('',*,*,#2690,.T.);
#3300 = CYLINDRICAL_SURFACE('',#3301,3.5);
#3301 = AXIS2_PLACEMENT_3D('',#3302,#3303,#3304);
#3302 = CARTESIAN_POINT('',(0.,0.,6.14));
#3303 = DIRECTION('',(-0.,-0.,-1.));
#3304 = DIRECTION('',(1.,0.,0.));
#3305 = ADVANCED_FACE('',(#3306),#3401,.T.);
#3306 = FACE_BOUND('',#3307,.T.);
#3307 = EDGE_LOOP('',(#3308,#3393,#3394,#3395,#3396));
#3308 = ORIENTED_EDGE('',*,*,#3309,.F.);
#3309 = EDGE_CURVE('',#2845,#3310,#3312,.T.);
#3310 = VERTEX_POINT('',#3311);
#3311 = CARTESIAN_POINT('',(3.136,-3.0511936E-08,11.611620121582));
#3312 = B_SPLINE_CURVE_WITH_KNOTS('',7,(#3313,#3314,#3315,#3316,#3317,
    #3318,#3319,#3320,#3321,#3322,#3323,#3324,#3325,#3326,#3327,#3328,
    #3329,#3330,#3331,#3332,#3333,#3334,#3335,#3336,#3337,#3338,#3339,
    #3340,#3341,#3342,#3343,#3344,#3345,#3346,#3347,#3348,#3349,#3350,
    #3351,#3352,#3353,#3354,#3355,#3356,#3357,#3358,#3359,#3360,#3361,
    #3362,#3363,#3364,#3365,#3366,#3367,#3368,#3369,#3370,#3371,#3372,
    #3373,#3374,#3375,#3376,#3377,#3378,#3379,#3380,#3381,#3382,#3383,
    #3384,#3385,#3386,#3387,#3388,#3389,#3390,#3391,#3392),
  .UNSPECIFIED.,.F.,.F.,(8,6,6,6,6,6,6,6,6,6,6,6,6,8),(0.,
    4.484971752271E-02,0.133133851861,0.218461140388,0.26949696117,
    0.375723986547,0.501185132491,0.530738836098,0.625739095594,
    0.734452713611,0.785811006784,0.867813656283,0.955843460419,1.),
  .UNSPECIFIED.);
#3313 = CARTESIAN_POINT('',(3.136,-3.051191744E-08,12.361619385318));
#3314 = CARTESIAN_POINT('',(3.135999998772,-0.126237117739,
    12.35681458261));
#3315 = CARTESIAN_POINT('',(3.130071411319,-0.252475277975,
    12.352008905761));
#3316 = CARTESIAN_POINT('',(3.118214395152,-0.378378235639,
    12.347203055433));
#3317 = CARTESIAN_POINT('',(3.100452503706,-0.503612311458,
    12.342397343776));
#3318 = CARTESIAN_POINT('',(3.076832631417,-0.627846882047,
    12.337591848164));
#3319 = CARTESIAN_POINT('',(3.047424958801,-0.750754839499,
    12.332786564925));
#3320 = CARTESIAN_POINT('',(2.943226473628,-1.110702987552,
    12.318523188483));
#3321 = CARTESIAN_POINT('',(2.852053380006,-1.343043623796,
    12.309064228094));
#3322 = CARTESIAN_POINT('',(2.739520100634,-1.566514944766,
    12.299606980952));
#3323 = CARTESIAN_POINT('',(2.606692893021,-1.778789414532,
    12.290150243865));
#3324 = CARTESIAN_POINT('',(2.454922223077,-1.977708721592,
    12.280692241183));
#3325 = CARTESIAN_POINT('',(2.285834995875,-2.161296293983,
    12.271232753471));
#3326 = CARTESIAN_POINT('',(1.923111852164,-2.488738081673,
    12.252632917953));
#3327 = CARTESIAN_POINT('',(1.730435186677,-2.633764655608,
    12.243489850333));
#3328 = CARTESIAN_POINT('',(1.525100426216,-2.76129557621,
    12.234347547715));
#3329 = CARTESIAN_POINT('',(1.309025036885,-2.870041459865,
    12.225205868837));
#3330 = CARTESIAN_POINT('',(1.08426216177,-2.958969020763,
    12.216063756114));
#3331 = CARTESIAN_POINT('',(0.852989738838,-3.027306538423,
    12.206920871996));
#3332 = CARTESIAN_POINT('',(0.476688705952,-3.102885556659,
    12.192311623551));
#3333 = CARTESIAN_POINT('',(0.334338558361,-3.123646014345,
    12.186843844958));
#3334 = CARTESIAN_POINT('',(0.190961185095,-3.136782860707,
    12.18137615564));
#3335 = CARTESIAN_POINT('',(4.704638954672E-02,-3.142237982049,
    12.175908512503));
#3336 = CARTESIAN_POINT('',(-9.69140761586E-02,-3.139992736322,
    12.170440809413));
#3337 = CARTESIAN_POINT('',(-0.240427423469,-3.130067985132,
    12.164973007428));
#3338 = CARTESIAN_POINT('',(-0.679755823691,-3.076007969704,
    12.148124591595));
#3339 = CARTESIAN_POINT('',(-0.972547655984,-3.006470382447,
    12.13674008539));
#3340 = CARTESIAN_POINT('',(-1.256784677312,-2.904439603679,
    12.12535810271));
#3341 = CARTESIAN_POINT('',(-1.528206151352,-2.771256674183,
    12.113977713556));
#3342 = CARTESIAN_POINT('',(-1.782829962457,-2.608875389822,
    12.102595622489));
#3343 = CARTESIAN_POINT('',(-2.016988673137,-2.419844891177,
    12.091211030451));
#3344 = CARTESIAN_POINT('',(-2.47602713129,-1.956651863657,
    12.066389204267));
#3345 = CARTESIAN_POINT('',(-2.691807222862,-1.673012146804,
    12.05293975461));
#3346 = CARTESIAN_POINT('',(-2.869283429305,-1.361974845838,
    12.039497992566));
#3347 = CARTESIAN_POINT('',(-3.004536450567,-1.029817319284,
    12.026058429271));
#3348 = CARTESIAN_POINT('',(-3.094822942713,-0.683276633927,
    12.012616704963));
#3349 = CARTESIAN_POINT('',(-3.13856215269,-0.329582473152,
    11.999167284938));
#3350 = CARTESIAN_POINT('',(-3.135287314234,0.106719096522,
    11.982559757307));
#3351 = CARTESIAN_POINT('',(-3.13208880145,0.189881234192,
    11.979393490066));
#3352 = CARTESIAN_POINT('',(-3.126316862867,0.272928304512,
    11.976227195667));
#3353 = CARTESIAN_POINT('',(-3.117976651967,0.355764795271,
    11.973060876359));
#3354 = CARTESIAN_POINT('',(-3.10707773927,0.438295647913,
    11.969894534826));
#3355 = CARTESIAN_POINT('',(-3.093634112335,0.520426257534,
    11.966728174185));
#3356 = CARTESIAN_POINT('',(-3.02632887988,0.864481753593,
    11.953383494639));
#3357 = CARTESIAN_POINT('',(-2.948877802113,1.121850495549,
    11.943202877538));
#3358 = CARTESIAN_POINT('',(-2.845921775429,1.370946880586,
    11.933023744694));
#3359 = CARTESIAN_POINT('',(-2.71856636831,1.60877685773,11.922845671957
    ));
#3360 = CARTESIAN_POINT('',(-2.568309104108,1.832543892925,
    11.912666792779));
#3361 = CARTESIAN_POINT('',(-2.397029146969,2.03966821618,
    11.902486596931));
#3362 = CARTESIAN_POINT('',(-1.989688937999,2.443207900889,
    11.88066171939));
#3363 = CARTESIAN_POINT('',(-1.747713720026,2.633892741,11.869010828227)
  );
#3364 = CARTESIAN_POINT('',(-1.484640799008,2.796386933297,
    11.857363236147));
#3365 = CARTESIAN_POINT('',(-1.204440691279,2.928013179493,
    11.845717593143));
#3366 = CARTESIAN_POINT('',(-0.911416943897,3.026749714246,
    11.834069810246));
#3367 = CARTESIAN_POINT('',(-0.610164941821,3.091249842777,
    11.822418725135));
#3368 = CARTESIAN_POINT('',(-0.161762160648,3.13515955561,11.8052693756)
  );
#3369 = CARTESIAN_POINT('',(-1.713409544058E-02,3.141510862955,
    11.799766959519));
#3370 = CARTESIAN_POINT('',(0.127750428827,3.140076189735,
    11.794264593006));
#3371 = CARTESIAN_POINT('',(0.272388825733,3.130847003372,
    11.788762267919));
#3372 = CARTESIAN_POINT('',(0.416280625272,3.113855244252,
    11.783259913851));
#3373 = CARTESIAN_POINT('',(0.558928419227,3.089173260889,
    11.777757524369));
#3374 = CARTESIAN_POINT('',(0.924827301787,3.005405690511,
    11.763469976714));
#3375 = CARTESIAN_POINT('',(1.145419798943,2.934572450743,
    11.754683764366));
#3376 = CARTESIAN_POINT('',(1.359575695807,2.84487292186,11.745898481041
    ));
#3377 = CARTESIAN_POINT('',(1.565376983484,2.737031780251,
    11.737113836617));
#3378 = CARTESIAN_POINT('',(1.761016540389,2.611995950199,
    11.728328735238));
#3379 = CARTESIAN_POINT('',(1.944806854181,2.470930044336,
    11.719542696472));
#3380 = CARTESIAN_POINT('',(2.298135976052,2.148129159607,
    11.701326343793));
#3381 = CARTESIAN_POINT('',(2.465686796669,1.964119200689,
    11.691893471947));
#3382 = CARTESIAN_POINT('',(2.615936012768,1.76496355871,11.68246121452)
  );
#3383 = CARTESIAN_POINT('',(2.747281523102,1.552630574181,
    11.673028962788));
#3384 = CARTESIAN_POINT('',(2.858395559455,1.32926678846,11.663595772301
    ));
#3385 = CARTESIAN_POINT('',(2.948232300678,1.097184581049,
    11.654162186174));
#3386 = CARTESIAN_POINT('',(3.050131465298,0.739351680047,
    11.640000468194));
#3387 = CARTESIAN_POINT('',(3.07864404185,0.61824330541,11.635270004067)
  );
#3388 = CARTESIAN_POINT('',(3.101542198334,0.49586855076,11.630539876431
    ));
#3389 = CARTESIAN_POINT('',(3.118759966833,0.372539820362,
    11.625810079676));
#3390 = CARTESIAN_POINT('',(3.130253276497,0.248572761944,
    11.621080455855));
#3391 = CARTESIAN_POINT('',(3.136,0.124285855149,11.616350659747));
#3392 = CARTESIAN_POINT('',(3.136,-1.998E-14,11.611620123905));
#3393 = ORIENTED_EDGE('',*,*,#2924,.T.);
#3394 = ORIENTED_EDGE('',*,*,#2663,.T.);
#3395 = ORIENTED_EDGE('',*,*,#3230,.T.);
#3396 = ORIENTED_EDGE('',*,*,#3397,.F.);
#3397 = EDGE_CURVE('',#3310,#3231,#3398,.T.);
#3398 = B_SPLINE_CURVE_WITH_KNOTS('',1,(#3399,#3400),.UNSPECIFIED.,.F.,
  .F.,(2,2),(0.,0.65425),.PIECEWISE_BEZIER_KNOTS.);
#3399 = CARTESIAN_POINT('',(2.944402884496,-9.314466744E-08,
    11.501002731143));
#3400 = CARTESIAN_POINT('',(3.51100161296,1.84424392E-09,11.828124945923
    ));
#3401 = B_SPLINE_SURFACE_WITH_KNOTS('',1,9,(
    (#3402,#3403,#3404,#3405,#3406,#3407,#3408,#3409,#3410,#3411,#3412
      ,#3413,#3414,#3415,#3416,#3417,#3418,#3419,#3420,#3421,#3422,#3423
      ,#3424,#3425,#3426,#3427,#3428,#3429,#3430,#3431,#3432)
    ,(#3433,#3434,#3435,#3436,#3437,#3438,#3439,#3440,#3441,#3442,#3443
      ,#3444,#3445,#3446,#3447,#3448,#3449,#3450,#3451,#3452,#3453,#3454
      ,#3455,#3456,#3457,#3458,#3459,#3460,#3461,#3462,#3463
  )),.UNSPECIFIED.,.F.,.F.,.F.,(2,2),(10,7,7,7,10),(0.,0.65425),(0.,
    1.581947328539,3.163894657078,4.745841985618,6.327789314157),
  .UNSPECIFIED.);
#3402 = CARTESIAN_POINT('',(2.944402882034,-4.657232733E-08,
    12.251001365571));
#3403 = CARTESIAN_POINT('',(2.944402874849,-0.513916169397,
    12.230168555047));
#3404 = CARTESIAN_POINT('',(2.843517377554,-1.027770109798,
    12.209338263938));
#3405 = CARTESIAN_POINT('',(2.641706264681,-1.519030596352,
    12.188501814138));
#3406 = CARTESIAN_POINT('',(2.344901309962,-1.965023318081,
    12.167666947675));
#3407 = CARTESIAN_POINT('',(1.96499625574,-2.344911172171,
    12.146834401466));
#3408 = CARTESIAN_POINT('',(1.519038645752,-2.641694174771,
    12.126001853427));
#3409 = CARTESIAN_POINT('',(1.027792210656,-2.843499084991,
    12.105169063555));
#3410 = CARTESIAN_POINT('',(6.63899496507E-06,-3.045305711609,
    12.063502660875));
#3411 = CARTESIAN_POINT('',(-1.02779094112,-2.843500204687,
    12.021835338101));
#3412 = CARTESIAN_POINT('',(-1.519048933685,-2.641694029179,
    12.001001593572));
#3413 = CARTESIAN_POINT('',(-1.965019103934,-2.344909990654,
    11.980168233026));
#3414 = CARTESIAN_POINT('',(-2.344915156403,-1.965011752808,
    11.959335220076));
#3415 = CARTESIAN_POINT('',(-2.641693841329,-1.519045314918,
    11.938502172214));
#3416 = CARTESIAN_POINT('',(-2.843497320783,-1.027792671073,
    11.917668857586));
#3417 = CARTESIAN_POINT('',(-3.045300934467,7.229581943E-08,
    11.876002048357));
#3418 = CARTESIAN_POINT('',(-2.843497271487,1.027792805986,
    11.834335239128));
#3419 = CARTESIAN_POINT('',(-2.641693768725,1.519045440091,
    11.813501924501));
#3420 = CARTESIAN_POINT('',(-2.344915063895,1.965011864167,
    11.792668876638));
#3421 = CARTESIAN_POINT('',(-1.96501899402,2.344910085037,
    11.771835863689));
#3422 = CARTESIAN_POINT('',(-1.519048808981,2.641694102803,
    11.751002503143));
#3423 = CARTESIAN_POINT('',(-1.027790806301,2.843500253552,
    11.730168758614));
#3424 = CARTESIAN_POINT('',(6.78352522903E-06,3.045305709447,
    11.688501435839));
#3425 = CARTESIAN_POINT('',(1.027792345474,2.843499034931,
    11.646835033159));
#3426 = CARTESIAN_POINT('',(1.519038771512,2.64169410332,11.626002243288
    ));
#3427 = CARTESIAN_POINT('',(1.964996367191,2.344911081794,
    11.605169695248));
#3428 = CARTESIAN_POINT('',(2.344901409742,1.965023213265,11.58433714904
    ));
#3429 = CARTESIAN_POINT('',(2.641706338173,1.519030465816,
    11.563502282576));
#3430 = CARTESIAN_POINT('',(2.843517416017,1.027769974497,
    11.542665832776));
#3431 = CARTESIAN_POINT('',(2.944402899806,0.51391602968,11.521835541667
    ));
#3432 = CARTESIAN_POINT('',(2.944402884496,-9.314466744E-08,
    11.501002731143));
#3433 = CARTESIAN_POINT('',(3.51100080648,9.2209929E-10,12.578124972963)
  );
#3434 = CARTESIAN_POINT('',(3.511001115402,-0.612784897257,
    12.557291629278));
#3435 = CARTESIAN_POINT('',(3.390708744164,-1.225566675534,
    12.536458235708));
#3436 = CARTESIAN_POINT('',(3.15003779973,-1.811360082688,
    12.515624964074));
#3437 = CARTESIAN_POINT('',(2.796136320268,-2.343142485615,
    12.494791661115));
#3438 = CARTESIAN_POINT('',(2.343132102617,-2.796149490939,
    12.473958312177));
#3439 = CARTESIAN_POINT('',(1.811353141057,-3.150040127414,
    12.453124963306));
#3440 = CARTESIAN_POINT('',(1.225572960998,-3.39068052399,
    12.432291619209));
#3441 = CARTESIAN_POINT('',(6.5246905772E-06,-3.631321346058,
    12.390624947315));
#3442 = CARTESIAN_POINT('',(-1.225569797748,-3.390681703428,
    12.34895829364));
#3443 = CARTESIAN_POINT('',(-1.811359408952,-3.15004195953,
    12.328124968448));
#3444 = CARTESIAN_POINT('',(-2.343150389947,-2.796148253742,
    12.307291635654));
#3445 = CARTESIAN_POINT('',(-2.796153826579,-2.343143192299,
    12.286458295977));
#3446 = CARTESIAN_POINT('',(-3.150043131453,-1.811354895471,
    12.265624956991));
#3447 = CARTESIAN_POINT('',(-3.390679264756,-1.225569940893,
    12.244791623287));
#3448 = CARTESIAN_POINT('',(-3.631315704479,1.278991468E-08,
    12.203124959443));
#3449 = CARTESIAN_POINT('',(-3.390679093313,1.225569932811,
    12.161458295599));
#3450 = CARTESIAN_POINT('',(-3.150042961586,1.811354834036,
    12.140624961896));
#3451 = CARTESIAN_POINT('',(-2.796154069072,2.343143219129,
    12.11979162291));
#3452 = CARTESIAN_POINT('',(-2.343150836177,2.79614862536,
    12.098958283233));
#3453 = CARTESIAN_POINT('',(-1.811359624056,3.15004246344,
    12.078124950438));
#3454 = CARTESIAN_POINT('',(-1.225569836631,3.390681733595,
    12.057291625247));
#3455 = CARTESIAN_POINT('',(6.53013145025E-06,3.631320638058,
    12.015624971571));
#3456 = CARTESIAN_POINT('',(1.225572922115,3.390680102672,
    11.973958299678));
#3457 = CARTESIAN_POINT('',(1.811353271997,3.150040335489,
    11.953124955586));
#3458 = CARTESIAN_POINT('',(2.34313215962,2.796150431458,11.932291606692
    ));
#3459 = CARTESIAN_POINT('',(2.796138459826,2.343144601141,
    11.911458257792));
#3460 = CARTESIAN_POINT('',(3.150038258851,1.81135838695,11.890624954798
    ));
#3461 = CARTESIAN_POINT('',(3.390705366424,1.225566556981,
    11.869791683183));
#3462 = CARTESIAN_POINT('',(3.511001303878,0.612784900023,
    11.848958289609));
#3463 = CARTESIAN_POINT('',(3.51100161296,1.84424392E-09,11.828124945923
    ));
#3464 = ADVANCED_FACE('',(#3465),#3492,.T.);
#3465 = FACE_BOUND('',#3466,.T.);
#3466 = EDGE_LOOP('',(#3467,#3476,#3477,#3485));
#3467 = ORIENTED_EDGE('',*,*,#3468,.F.);
#3468 = EDGE_CURVE('',#2822,#3469,#3471,.T.);
#3469 = VERTEX_POINT('',#3470);
#3470 = CARTESIAN_POINT('',(-2.299038105677,-0.982050807568,20.74));
#3471 = HYPERBOLA('',#3472,1.499999999999,1.499999999999);
#3472 = AXIS2_PLACEMENT_3D('',#3473,#3474,#3475);
#3473 = CARTESIAN_POINT('',(-1.299038105676,0.75,23.24));
#3474 = DIRECTION('',(0.866025403784,-0.5,0.));
#3475 = DIRECTION('',(0.,0.,-1.));
#3476 = ORIENTED_EDGE('',*,*,#2829,.T.);
#3477 = ORIENTED_EDGE('',*,*,#3478,.T.);
#3478 = EDGE_CURVE('',#2786,#3479,#3481,.T.);
#3479 = VERTEX_POINT('',#3480);
#3480 = CARTESIAN_POINT('',(2.5,4.440892098501E-16,20.74));
#3481 = LINE('',#3482,#3483);
#3482 = CARTESIAN_POINT('',(3.,6.661338147751E-16,20.24));
#3483 = VECTOR('',#3484,1.);
#3484 = DIRECTION('',(-0.707106781187,-1.665334536938E-16,0.707106781187
    ));
#3485 = ORIENTED_EDGE('',*,*,#3486,.F.);
#3486 = EDGE_CURVE('',#3469,#3479,#3487,.T.);
#3487 = CIRCLE('',#3488,2.5);
#3488 = AXIS2_PLACEMENT_3D('',#3489,#3490,#3491);
#3489 = CARTESIAN_POINT('',(0.,0.,20.74));
#3490 = DIRECTION('',(0.,0.,1.));
#3491 = DIRECTION('',(-0.866025403785,-0.5,0.));
#3492 = CONICAL_SURFACE('',#3493,3.,0.785398163397);
#3493 = AXIS2_PLACEMENT_3D('',#3494,#3495,#3496);
#3494 = CARTESIAN_POINT('',(0.,0.,20.24));
#3495 = DIRECTION('',(-0.,-0.,-1.));
#3496 = DIRECTION('',(-0.866025403785,-0.5,0.));
#3497 = ADVANCED_FACE('',(#3498),#3524,.F.);
#3498 = FACE_BOUND('',#3499,.F.);
#3499 = EDGE_LOOP('',(#3500,#3501,#3507,#3508,#3517,#3523));
#3500 = ORIENTED_EDGE('',*,*,#2821,.T.);
#3501 = ORIENTED_EDGE('',*,*,#3502,.T.);
#3502 = EDGE_CURVE('',#2813,#2805,#3503,.T.);
#3503 = LINE('',#3504,#3505);
#3504 = CARTESIAN_POINT('',(-2.598076211354,-1.499999999999,15.74));
#3505 = VECTOR('',#3506,1.);
#3506 = DIRECTION('',(0.5,0.866025403784,0.));
#3507 = ORIENTED_EDGE('',*,*,#2804,.F.);
#3508 = ORIENTED_EDGE('',*,*,#3509,.T.);
#3509 = EDGE_CURVE('',#2796,#3510,#3512,.T.);
#3510 = VERTEX_POINT('',#3511);
#3511 = CARTESIAN_POINT('',(-0.299038105675,2.482050807569,20.74));
#3512 = HYPERBOLA('',#3513,1.499999999999,1.499999999999);
#3513 = AXIS2_PLACEMENT_3D('',#3514,#3515,#3516);
#3514 = CARTESIAN_POINT('',(-1.299038105676,0.75,23.24));
#3515 = DIRECTION('',(-0.866025403784,0.5,0.));
#3516 = DIRECTION('',(0.,0.,-1.));
#3517 = ORIENTED_EDGE('',*,*,#3518,.F.);
#3518 = EDGE_CURVE('',#3469,#3510,#3519,.T.);
#3519 = LINE('',#3520,#3521);
#3520 = CARTESIAN_POINT('',(-2.598076211354,-1.499999999999,20.74));
#3521 = VECTOR('',#3522,1.);
#3522 = DIRECTION('',(0.5,0.866025403784,0.));
#3523 = ORIENTED_EDGE('',*,*,#3468,.F.);
#3524 = PLANE('',#3525);
#3525 = AXIS2_PLACEMENT_3D('',#3526,#3527,#3528);
#3526 = CARTESIAN_POINT('',(-2.598076211354,-1.499999999999,20.74));
#3527 = DIRECTION('',(0.866025403784,-0.5,0.));
#3528 = DIRECTION('',(0.5,0.866025403784,0.));
#3529 = ADVANCED_FACE('',(#3530),#3534,.T.);
#3530 = FACE_BOUND('',#3531,.T.);
#3531 = EDGE_LOOP('',(#3532,#3533));
#3532 = ORIENTED_EDGE('',*,*,#2812,.F.);
#3533 = ORIENTED_EDGE('',*,*,#3502,.T.);
#3534 = PLANE('',#3535);
#3535 = AXIS2_PLACEMENT_3D('',#3536,#3537,#3538);
#3536 = CARTESIAN_POINT('',(-2.36753017295,1.366894182668,15.74));
#3537 = DIRECTION('',(0.,0.,1.));
#3538 = DIRECTION('',(1.,0.,0.));
#3539 = ADVANCED_FACE('',(#3540),#3552,.T.);
#3540 = FACE_BOUND('',#3541,.T.);
#3541 = EDGE_LOOP('',(#3542,#3543,#3544,#3545));
#3542 = ORIENTED_EDGE('',*,*,#3478,.F.);
#3543 = ORIENTED_EDGE('',*,*,#2795,.T.);
#3544 = ORIENTED_EDGE('',*,*,#3509,.T.);
#3545 = ORIENTED_EDGE('',*,*,#3546,.F.);
#3546 = EDGE_CURVE('',#3479,#3510,#3547,.T.);
#3547 = CIRCLE('',#3548,2.5);
#3548 = AXIS2_PLACEMENT_3D('',#3549,#3550,#3551);
#3549 = CARTESIAN_POINT('',(0.,0.,20.74));
#3550 = DIRECTION('',(0.,0.,1.));
#3551 = DIRECTION('',(1.,0.,0.));
#3552 = CONICAL_SURFACE('',#3553,3.,0.785398163397);
#3553 = AXIS2_PLACEMENT_3D('',#3554,#3555,#3556);
#3554 = CARTESIAN_POINT('',(0.,0.,20.24));
#3555 = DIRECTION('',(-0.,-0.,-1.));
#3556 = DIRECTION('',(1.,0.,0.));
#3557 = ADVANCED_FACE('',(#3558),#3659,.T.);
#3558 = FACE_BOUND('',#3559,.F.);
#3559 = EDGE_LOOP('',(#3560,#3561,#3562,#3653));
#3560 = ORIENTED_EDGE('',*,*,#3309,.F.);
#3561 = ORIENTED_EDGE('',*,*,#3088,.T.);
#3562 = ORIENTED_EDGE('',*,*,#3563,.T.);
#3563 = EDGE_CURVE('',#2998,#3564,#3566,.T.);
#3564 = VERTEX_POINT('',#3565);
#3565 = CARTESIAN_POINT('',(3.136,-4.5768155E-08,11.388386752608));
#3566 = B_SPLINE_CURVE_WITH_KNOTS('',7,(#3567,#3568,#3569,#3570,#3571,
    #3572,#3573,#3574,#3575,#3576,#3577,#3578,#3579,#3580,#3581,#3582,
    #3583,#3584,#3585,#3586,#3587,#3588,#3589,#3590,#3591,#3592,#3593,
    #3594,#3595,#3596,#3597,#3598,#3599,#3600,#3601,#3602,#3603,#3604,
    #3605,#3606,#3607,#3608,#3609,#3610,#3611,#3612,#3613,#3614,#3615,
    #3616,#3617,#3618,#3619,#3620,#3621,#3622,#3623,#3624,#3625,#3626,
    #3627,#3628,#3629,#3630,#3631,#3632,#3633,#3634,#3635,#3636,#3637,
    #3638,#3639,#3640,#3641,#3642,#3643,#3644,#3645,#3646,#3647,#3648,
    #3649,#3650,#3651,#3652),.UNSPECIFIED.,.F.,.F.,(8,6,6,6,6,6,6,6,6,6,
    6,6,6,6,8),(0.,4.600193979017E-02,0.133412536047,0.223832814787,
    0.277990008734,0.376884800141,0.468539765193,0.501541390422,
    0.565395827928,0.627397862676,0.741640902027,0.792043175951,
    0.867942499673,0.955779165797,1.),.UNSPECIFIED.);
#3567 = CARTESIAN_POINT('',(3.136,-6.102407335E-08,12.138384952046));
#3568 = CARTESIAN_POINT('',(3.13599999748,-0.129483388618,
    12.133456689203));
#3569 = CARTESIAN_POINT('',(3.129762565436,-0.258968055672,
    12.128529334015));
#3570 = CARTESIAN_POINT('',(3.117287868809,-0.388090962112,
    12.123602158434));
#3571 = CARTESIAN_POINT('',(3.098601980799,-0.516491992464,
    12.118674733965));
#3572 = CARTESIAN_POINT('',(3.073756809742,-0.643814527848,
    12.113746877084));
#3573 = CARTESIAN_POINT('',(3.042830025972,-0.769705957967,
    12.108818594647));
#3574 = CARTESIAN_POINT('',(2.935799873814,-1.129650084636,
    12.094525014753));
#3575 = CARTESIAN_POINT('',(2.844077784892,-1.359099600204,
    12.085157359857));
#3576 = CARTESIAN_POINT('',(2.731471885801,-1.579727126531,
    12.075790021874));
#3577 = CARTESIAN_POINT('',(2.599029707149,-1.789279510925,
    12.066423653438));
#3578 = CARTESIAN_POINT('',(2.448071538923,-1.985667687649,
    12.05705740189));
#3579 = CARTESIAN_POINT('',(2.280182993294,-2.166978510579,
    12.047690659491));
#3580 = CARTESIAN_POINT('',(1.908042219114,-2.501728519803,
    12.02863842166));
#3581 = CARTESIAN_POINT('',(1.70267349768,-2.654050155339,
    12.018949854287));
#3582 = CARTESIAN_POINT('',(1.483241855176,-2.786589811349,
    12.009262749438));
#3583 = CARTESIAN_POINT('',(1.252047375459,-2.89783824262,
    11.999576332237));
#3584 = CARTESIAN_POINT('',(1.011554896653,-2.986609418707,
    11.989888870032));
#3585 = CARTESIAN_POINT('',(0.764378973183,-3.052047740189,
    11.980199952109));
#3586 = CARTESIAN_POINT('',(0.362920890916,-3.118657037758,
    11.964710275911));
#3587 = CARTESIAN_POINT('',(0.211120583213,-3.135080224876,
    11.958907821287));
#3588 = CARTESIAN_POINT('',(5.848803966866E-02,-3.14287856414,
    11.953105418215));
#3589 = CARTESIAN_POINT('',(-9.43890247909E-02,-3.142005290214,
    11.947303060332));
#3590 = CARTESIAN_POINT('',(-0.246922554543,-3.132463759199,
    11.941500657823));
#3591 = CARTESIAN_POINT('',(-0.398525412241,-3.114307439633,
    11.935698197446));
#3592 = CARTESIAN_POINT('',(-0.822682318654,-3.038943133389,
    11.919300509731));
#3593 = CARTESIAN_POINT('',(-1.09177793503,-2.961851910965,
    11.908702645263));
#3594 = CARTESIAN_POINT('',(-1.352242831153,-2.856991441077,
    11.898106887002));
#3595 = CARTESIAN_POINT('',(-1.600685837781,-2.725576190283,
    11.887512482382));
#3596 = CARTESIAN_POINT('',(-1.833943237734,-2.569279641283,
    11.876916840036));
#3597 = CARTESIAN_POINT('',(-2.049102809278,-2.390221567869,
    11.866319093204));
#3598 = CARTESIAN_POINT('',(-2.423839195945,-2.006503245796,
    11.845904034833));
#3599 = CARTESIAN_POINT('',(-2.586407518785,-1.804599660441,
    11.836082359112));
#3600 = CARTESIAN_POINT('',(-2.729230859332,-1.587453439236,
    11.82626177252));
#3601 = CARTESIAN_POINT('',(-2.850645641499,-1.357397872754,
    11.81644184367));
#3602 = CARTESIAN_POINT('',(-2.94932210493,-1.116952543444,
    11.806621006104));
#3603 = CARTESIAN_POINT('',(-3.024272699473,-0.868807454671,
    11.796798907925));
#3604 = CARTESIAN_POINT('',(-3.093177387873,-0.524765019169,
    11.783442867663));
#3605 = CARTESIAN_POINT('',(-3.108271718344,-0.433052383712,
    11.779907000684));
#3606 = CARTESIAN_POINT('',(-3.12019229753,-0.340840148492,
    11.776371155639));
#3607 = CARTESIAN_POINT('',(-3.128919766871,-0.248260094029,
    11.772835337867));
#3608 = CARTESIAN_POINT('',(-3.13444164195,-0.155444649113,
    11.769299551464));
#3609 = CARTESIAN_POINT('',(-3.136752312497,-6.252689080117E-02,
    11.765763799287));
#3610 = CARTESIAN_POINT('',(-3.134113055749,0.210084101238,
    11.755386869033));
#3611 = CARTESIAN_POINT('',(-3.12035569869,0.389700352953,
    11.748545475538));
#3612 = CARTESIAN_POINT('',(-3.094588589965,0.568229885514,
    11.741704424259));
#3613 = CARTESIAN_POINT('',(-3.05692125793,0.744712131412,
    11.734863616013));
#3614 = CARTESIAN_POINT('',(-3.007554833596,0.918204747058,
    11.728022739478));
#3615 = CARTESIAN_POINT('',(-2.946781504931,1.087786159502,
    11.721181677185));
#3616 = CARTESIAN_POINT('',(-2.805288506876,1.412554170376,
    11.707698589308));
#3617 = CARTESIAN_POINT('',(-2.725192896552,1.568028787907,
    11.701056006466));
#3618 = CARTESIAN_POINT('',(-2.635062914827,1.718163008864,
    11.694413573736));
#3619 = CARTESIAN_POINT('',(-2.535331748377,1.862185170312,
    11.687771186336));
#3620 = CARTESIAN_POINT('',(-2.42650159761,1.999370046661,
    11.681128578302));
#3621 = CARTESIAN_POINT('',(-2.309142406778,2.129040681578,
    11.674485673056));
#3622 = CARTESIAN_POINT('',(-1.953125046519,2.474510359808,
    11.655603208674));
#3623 = CARTESIAN_POINT('',(-1.695461483919,2.670936832262,
    11.643357765818));
#3624 = CARTESIAN_POINT('',(-1.415015137919,2.835787803893,
    11.631116471535));
#3625 = CARTESIAN_POINT('',(-1.116475521036,2.966048263181,
    11.618876578131));
#3626 = CARTESIAN_POINT('',(-0.804883938078,3.059518941364,
    11.606635443832));
#3627 = CARTESIAN_POINT('',(-0.485639387392,3.114811896746,
    11.59439009723));
#3628 = CARTESIAN_POINT('',(-2.284589261775E-02,3.139124206108,
    11.576750387034));
#3629 = CARTESIAN_POINT('',(0.119222537425,3.139089483712,
    11.571350351424));
#3630 = CARTESIAN_POINT('',(0.261208483021,3.131552546015,
    11.565950410415));
#3631 = CARTESIAN_POINT('',(0.402637017031,3.116526053684,
    11.560550524715));
#3632 = CARTESIAN_POINT('',(0.543036754834,3.094060092652,
    11.555150591723));
#3633 = CARTESIAN_POINT('',(0.681940707264,3.06424208508,11.549750571082
    ));
#3634 = CARTESIAN_POINT('',(1.025110788377,2.971411128966,11.53621896566
    ));
#3635 = CARTESIAN_POINT('',(1.226918845486,2.899230468902,
    11.528086547298));
#3636 = CARTESIAN_POINT('',(1.422714443793,2.811081374163,
    11.519954553466));
#3637 = CARTESIAN_POINT('',(1.610994109808,2.707580633743,
    11.511822807564));
#3638 = CARTESIAN_POINT('',(1.790340051875,2.589507625055,
    11.503690720334));
#3639 = CARTESIAN_POINT('',(1.959425852227,2.457801181181,
    11.495558208421));
#3640 = CARTESIAN_POINT('',(2.299433901446,2.146677788633,11.47801599689
    ));
#3641 = CARTESIAN_POINT('',(2.466509485289,1.962971774523,
    11.468604209508));
#3642 = CARTESIAN_POINT('',(2.616350832329,1.76419552004,11.459193785677
    ));
#3643 = CARTESIAN_POINT('',(2.74736709793,1.552305209914,11.449784510233
    ));
#3644 = CARTESIAN_POINT('',(2.858239500116,1.329433727337,11.44037472387
    ));
#3645 = CARTESIAN_POINT('',(2.947928867496,1.097878431602,
    11.430963373425));
#3646 = CARTESIAN_POINT('',(3.049878054756,0.740427242654,
    11.416815048282));
#3647 = CARTESIAN_POINT('',(3.078474453864,0.619148963192,
    11.412077106409));
#3648 = CARTESIAN_POINT('',(3.101440179611,0.496598738807,
    11.407339006508));
#3649 = CARTESIAN_POINT('',(3.11870888552,0.373090328315,11.402600748889
    ));
#3650 = CARTESIAN_POINT('',(3.130236245644,0.24894075609,11.397862396208
    ));
#3651 = CARTESIAN_POINT('',(3.136,0.124469886776,11.393124204815));
#3652 = CARTESIAN_POINT('',(3.136,-2.398E-14,11.388386756092));
#3653 = ORIENTED_EDGE('',*,*,#3654,.F.);
#3654 = EDGE_CURVE('',#3310,#3564,#3655,.T.);
#3655 = LINE('',#3656,#3657);
#3656 = CARTESIAN_POINT('',(3.136,0.,13.));
#3657 = VECTOR('',#3658,1.);
#3658 = DIRECTION('',(-6.E-17,0.,-1.));
#3659 = CYLINDRICAL_SURFACE('',#3660,3.136);
#3660 = AXIS2_PLACEMENT_3D('',#3661,#3662,#3663);
#3661 = CARTESIAN_POINT('',(0.,0.,13.));
#3662 = DIRECTION('',(-0.,-0.,-1.));
#3663 = DIRECTION('',(1.,0.,0.));
#3664 = ADVANCED_FACE('',(#3665),#3765,.T.);
#3665 = FACE_BOUND('',#3666,.T.);
#3666 = EDGE_LOOP('',(#3667,#3758,#3759,#3760));
#3667 = ORIENTED_EDGE('',*,*,#3668,.F.);
#3668 = EDGE_CURVE('',#3103,#3669,#3671,.T.);
#3669 = VERTEX_POINT('',#3670);
#3670 = CARTESIAN_POINT('',(3.5,-2.110295518958E-13,11.178227675986));
#3671 = B_SPLINE_CURVE_WITH_KNOTS('',7,(#3672,#3673,#3674,#3675,#3676,
    #3677,#3678,#3679,#3680,#3681,#3682,#3683,#3684,#3685,#3686,#3687,
    #3688,#3689,#3690,#3691,#3692,#3693,#3694,#3695,#3696,#3697,#3698,
    #3699,#3700,#3701,#3702,#3703,#3704,#3705,#3706,#3707,#3708,#3709,
    #3710,#3711,#3712,#3713,#3714,#3715,#3716,#3717,#3718,#3719,#3720,
    #3721,#3722,#3723,#3724,#3725,#3726,#3727,#3728,#3729,#3730,#3731,
    #3732,#3733,#3734,#3735,#3736,#3737,#3738,#3739,#3740,#3741,#3742,
    #3743,#3744,#3745,#3746,#3747,#3748,#3749,#3750,#3751,#3752,#3753,
    #3754,#3755,#3756,#3757),.UNSPECIFIED.,.F.,.F.,(8,6,6,6,6,6,6,6,6,6,
    6,6,6,6,8),(0.,4.600153005308E-02,0.133000570219,0.220427363431,
    0.274761044872,0.377520455939,0.485513702403,0.505477108092,
    0.573479672409,0.627482289417,0.739134529905,0.789926723049,
    0.867925072578,0.957415899133,1.),.UNSPECIFIED.);
#3672 = CARTESIAN_POINT('',(3.5,-1.785238623597E-13,11.928227068307));
#3673 = CARTESIAN_POINT('',(3.5,-0.144509793036,11.923298670966));
#3674 = CARTESIAN_POINT('',(3.493038852421,-0.289021339084,
    11.918371130671));
#3675 = CARTESIAN_POINT('',(3.479116716612,-0.433129240575,
    11.913443800208));
#3676 = CARTESIAN_POINT('',(3.458262671479,-0.576431562204,
    11.908516284687));
#3677 = CARTESIAN_POINT('',(3.430534637985,-0.718530324899,
    11.90358840425));
#3678 = CARTESIAN_POINT('',(3.396019301651,-0.859031999781,
    11.898660156785));
#3679 = CARTESIAN_POINT('',(3.276937829001,-1.259512315891,
    11.884410845129));
#3680 = CARTESIAN_POINT('',(3.175166416598,-1.514421347653,
    11.87508755082));
#3681 = CARTESIAN_POINT('',(3.050302797093,-1.759588803904,
    11.865764694349));
#3682 = CARTESIAN_POINT('',(2.90349833972,-1.992535414374,11.85644276748
    ));
#3683 = CARTESIAN_POINT('',(2.736202184171,-2.210961671416,
    11.847120822465));
#3684 = CARTESIAN_POINT('',(2.550154117517,-2.412759173053,
    11.837798268882));
#3685 = CARTESIAN_POINT('',(2.143727036487,-2.780263214511,
    11.819110907077));
#3686 = CARTESIAN_POINT('',(1.923119294346,-2.945845685705,
    11.809743194756));
#3687 = CARTESIAN_POINT('',(1.687713814308,-3.090892517638,
    11.800376744305));
#3688 = CARTESIAN_POINT('',(1.43981795796,-3.213863519253,
    11.791010925418));
#3689 = CARTESIAN_POINT('',(1.181902675959,-3.313532954874,
    11.781644218807));
#3690 = CARTESIAN_POINT('',(0.916590215492,-3.388995645296,
    11.772276227762));
#3691 = CARTESIAN_POINT('',(0.478929401437,-3.471276397028,
    11.757088431232));
#3692 = CARTESIAN_POINT('',(0.30938543197,-3.493269347449,
    11.751267098136));
#3693 = CARTESIAN_POINT('',(0.138701595916,-3.5055955068,11.745445841828
    ));
#3694 = CARTESIAN_POINT('',(-3.246105010231E-02,-3.508188177511,
    11.739624650659));
#3695 = CARTESIAN_POINT('',(-0.203439959105,-3.501037318617,
    11.733803418906));
#3696 = CARTESIAN_POINT('',(-0.37357235024,-3.484189566351,
    11.727982124853));
#3697 = CARTESIAN_POINT('',(-0.861109417463,-3.407740717255,
    11.711151733708));
#3698 = CARTESIAN_POINT('',(-1.17473779004,-3.323401551686,
    11.700139361281));
#3699 = CARTESIAN_POINT('',(-1.478468908316,-3.205418853954,
    11.689129577171));
#3700 = CARTESIAN_POINT('',(-1.768038113003,-3.055261286874,
    11.678121439869));
#3701 = CARTESIAN_POINT('',(-2.039469423475,-2.874990628983,
    11.667111728704));
#3702 = CARTESIAN_POINT('',(-2.289105340138,-2.667246312882,
    11.656099383027));
#3703 = CARTESIAN_POINT('',(-2.749786803713,-2.191749086391,
    11.633519944045));
#3704 = CARTESIAN_POINT('',(-2.95838055947,-1.921312299917,
    11.621945343734));
#3705 = CARTESIAN_POINT('',(-3.13569384916,-1.627959010185,
    11.610373869471));
#3706 = CARTESIAN_POINT('',(-3.278838794624,-1.316070911971,
    11.598803373721));
#3707 = CARTESIAN_POINT('',(-3.385652358739,-0.990360860657,
    11.587231730335));
#3708 = CARTESIAN_POINT('',(-3.454695209076,-0.655875408313,
    11.575656851982));
#3709 = CARTESIAN_POINT('',(-3.491219722005,-0.255573496516,
    11.561947656945));
#3710 = CARTESIAN_POINT('',(-3.495612604396,-0.193000450899,
    11.559808800578));
#3711 = CARTESIAN_POINT('',(-3.498696933283,-0.130341053361,
    11.557669955355));
#3712 = CARTESIAN_POINT('',(-3.500470747463,-6.762814566321E-02,
    11.555531121911));
#3713 = CARTESIAN_POINT('',(-3.500933117572,-4.89459813489E-03,
    11.553392300705));
#3714 = CARTESIAN_POINT('',(-3.500084146087,5.782669032582E-02,
    11.551253492019));
#3715 = CARTESIAN_POINT('',(-3.490570025256,0.334000214415,
    11.541829184715));
#3716 = CARTESIAN_POINT('',(-3.468011905879,0.546986434027,
    11.534543387216));
#3717 = CARTESIAN_POINT('',(-3.430293032473,0.758140036785,
    11.527258029463));
#3718 = CARTESIAN_POINT('',(-3.377602631512,0.966171343035,
    11.519972964054));
#3719 = CARTESIAN_POINT('',(-3.310259503167,1.169821675574,
    11.512687751225));
#3720 = CARTESIAN_POINT('',(-3.22871115602,1.367866773576,
    11.505402232704));
#3721 = CARTESIAN_POINT('',(-3.057978788981,1.711007004392,
    11.492331782456));
#3722 = CARTESIAN_POINT('',(-2.973817635584,1.858619517213,
    11.486546313221));
#3723 = CARTESIAN_POINT('',(-2.881359107354,2.001373416412,
    11.480760893705));
#3724 = CARTESIAN_POINT('',(-2.780942194744,2.138711379484,
    11.474975471764));
#3725 = CARTESIAN_POINT('',(-2.672950891264,2.270108228162,
    11.469189915175));
#3726 = CARTESIAN_POINT('',(-2.557813467677,2.395071920464,
    11.46340418673));
#3727 = CARTESIAN_POINT('',(-2.184151884503,2.757263690023,
    11.445656455929));
#3728 = CARTESIAN_POINT('',(-1.903655482902,2.972039140162,
    11.433689113602));
#3729 = CARTESIAN_POINT('',(-1.598794348506,3.153239893794,
    11.421725626445));
#3730 = CARTESIAN_POINT('',(-1.274436839316,3.297707689791,
    11.409763486717));
#3731 = CARTESIAN_POINT('',(-0.935816005857,3.40311172268,
    11.397800221621));
#3732 = CARTESIAN_POINT('',(-0.588536071387,3.467945767949,
    11.385833080112));
#3733 = CARTESIAN_POINT('',(-7.941836426813E-02,3.502734912504,
    11.368429378586));
#3734 = CARTESIAN_POINT('',(8.035097663006E-02,3.505145920442,
    11.36298762267));
#3735 = CARTESIAN_POINT('',(0.240156431741,3.499053300699,
    11.357545952994));
#3736 = CARTESIAN_POINT('',(0.39945541084,3.48446329842,11.352104326956)
  );
#3737 = CARTESIAN_POINT('',(0.557708832478,3.461425289742,
    11.346662637771));
#3738 = CARTESIAN_POINT('',(0.714381998835,3.430031702059,
    11.341220845539));
#3739 = CARTESIAN_POINT('',(1.106298790962,3.329585583628,
    11.327422577601));
#3740 = CARTESIAN_POINT('',(1.338707605036,3.249361219682,
    11.319065116677));
#3741 = CARTESIAN_POINT('',(1.564227250887,3.150236088969,
    11.310708145199));
#3742 = CARTESIAN_POINT('',(1.781029764757,3.032940373268,11.30235145096
    ));
#3743 = CARTESIAN_POINT('',(1.987392249742,2.898406197502,
    11.293994357344));
#3744 = CARTESIAN_POINT('',(2.181703356992,2.747764124581,11.28563680209
    ));
#3745 = CARTESIAN_POINT('',(2.569909657352,2.392613017217,
    11.267692588231));
#3746 = CARTESIAN_POINT('',(2.75958535248,2.183382277596,11.258103542372
    ));
#3747 = CARTESIAN_POINT('',(2.929253313538,1.956728901509,
    11.248516126735));
#3748 = CARTESIAN_POINT('',(3.077043704891,1.714967934708,
    11.238930079375));
#3749 = CARTESIAN_POINT('',(3.201413541439,1.460623439195,
    11.229343425555));
#3750 = CARTESIAN_POINT('',(3.30115487238,1.196415128877,11.219754851868
    ));
#3751 = CARTESIAN_POINT('',(3.410841786028,0.796274975873,
    11.205604585757));
#3752 = CARTESIAN_POINT('',(3.440454742932,0.665682134557,
    11.201041947553));
#3753 = CARTESIAN_POINT('',(3.464230167483,0.533820985447,
    11.196479112937));
#3754 = CARTESIAN_POINT('',(3.482104353113,0.401004701521,
    11.191916086473));
#3755 = CARTESIAN_POINT('',(3.494034748106,0.267549471666,
    11.187352941628));
#3756 = CARTESIAN_POINT('',(3.5,0.1337741658,11.18278994424));
#3757 = CARTESIAN_POINT('',(3.5,-4.223288385674E-13,11.178227675986));
#3758 = ORIENTED_EDGE('',*,*,#3102,.T.);
#3759 = ORIENTED_EDGE('',*,*,#3563,.T.);
#3760 = ORIENTED_EDGE('',*,*,#3761,.F.);
#3761 = EDGE_CURVE('',#3669,#3564,#3762,.T.);
#3762 = B_SPLINE_CURVE_WITH_KNOTS('',1,(#3763,#3764),.UNSPECIFIED.,.F.,
  .F.,(2,2),(0.,0.65425),.PIECEWISE_BEZIER_KNOTS.);
#3763 = CARTESIAN_POINT('',(3.511003110709,2.76655459E-09,11.17187491888
    ));
#3764 = CARTESIAN_POINT('',(2.944408402366,-1.3971627312E-07,
    11.499004096694));
#3765 = B_SPLINE_SURFACE_WITH_KNOTS('',1,9,(
    (#3766,#3767,#3768,#3769,#3770,#3771,#3772,#3773,#3774,#3775,#3776
      ,#3777,#3778,#3779,#3780,#3781,#3782,#3783,#3784,#3785,#3786,#3787
      ,#3788,#3789,#3790,#3791,#3792,#3793,#3794,#3795,#3796)
    ,(#3797,#3798,#3799,#3800,#3801,#3802,#3803,#3804,#3805,#3806,#3807
      ,#3808,#3809,#3810,#3811,#3812,#3813,#3814,#3815,#3816,#3817,#3818
      ,#3819,#3820,#3821,#3822,#3823,#3824,#3825,#3826,#3827
  )),.UNSPECIFIED.,.F.,.F.,.F.,(2,2),(10,7,7,7,10),(0.,0.65425),(0.,
    1.581947328539,3.163894657078,4.745841985618,6.327789314157),
  .UNSPECIFIED.);
#3766 = CARTESIAN_POINT('',(3.511002073806,1.84429805E-09,
    11.921874945922));
#3767 = CARTESIAN_POINT('',(3.511002471106,-0.612785137581,
    11.901041602236));
#3768 = CARTESIAN_POINT('',(3.390710562061,-1.225567174598,
    11.880208208659));
#3769 = CARTESIAN_POINT('',(3.150040183676,-1.811359862222,
    11.859374937035));
#3770 = CARTESIAN_POINT('',(2.796134007416,-2.343146128442,
    11.838541634069));
#3771 = CARTESIAN_POINT('',(2.343136126169,-2.796147434455,
    11.817708285147));
#3772 = CARTESIAN_POINT('',(1.811352627191,-3.150042513359,
    11.796874936261));
#3773 = CARTESIAN_POINT('',(1.22557344966,-3.390681919153,
    11.776041592166));
#3774 = CARTESIAN_POINT('',(6.52445799189E-06,-3.631322877117,
    11.734374920271));
#3775 = CARTESIAN_POINT('',(-1.225570274278,-3.390683034462,
    11.692708266598));
#3776 = CARTESIAN_POINT('',(-1.811360091007,-3.150043128218,
    11.671874941407));
#3777 = CARTESIAN_POINT('',(-2.343151248446,-2.796149302057,
    11.651041608613));
#3778 = CARTESIAN_POINT('',(-2.796154892638,-2.343144111552,
    11.630208268935));
#3779 = CARTESIAN_POINT('',(-3.150044395853,-1.811355617975,
    11.609374929949));
#3780 = CARTESIAN_POINT('',(-3.390680624224,-1.225570425146,
    11.588541596245));
#3781 = CARTESIAN_POINT('',(-3.631317134394,1.589905292E-08,
    11.546874932401));
#3782 = CARTESIAN_POINT('',(-3.390680404166,1.225570413737,
    11.505208268558));
#3783 = CARTESIAN_POINT('',(-3.150044177998,1.811355538041,
    11.484374934854));
#3784 = CARTESIAN_POINT('',(-2.796155205118,2.343144145208,
    11.463541595867));
#3785 = CARTESIAN_POINT('',(-2.34315182301,2.796149779148,11.44270825619
    ));
#3786 = CARTESIAN_POINT('',(-1.811360368515,3.150043775559,
    11.421874923395));
#3787 = CARTESIAN_POINT('',(-1.225570325288,3.39068307288,
    11.401041598205));
#3788 = CARTESIAN_POINT('',(6.53036317174E-06,3.631321966831,
    11.359374944531));
#3789 = CARTESIAN_POINT('',(1.225573398649,3.390681377826,
    11.317708272637));
#3790 = CARTESIAN_POINT('',(1.811354003497,3.150041605884,
    11.296874928545));
#3791 = CARTESIAN_POINT('',(2.343133090021,2.796151667223,
    11.276041579645));
#3792 = CARTESIAN_POINT('',(2.79613986617,2.343145826417,11.255208230749
    ));
#3793 = CARTESIAN_POINT('',(3.150039564531,1.811358858477,
    11.234374927754));
#3794 = CARTESIAN_POINT('',(3.390706218884,1.225567023191,
    11.213541656148));
#3795 = CARTESIAN_POINT('',(3.511002713249,0.612785142192,
    11.192708262567));
#3796 = CARTESIAN_POINT('',(3.511003110709,2.76655459E-09,11.17187491888
    ));
#3797 = CARTESIAN_POINT('',(2.944406561432,-9.314434157E-08,
    12.249002731134));
#3798 = CARTESIAN_POINT('',(2.94440724998,-0.513917018409,
    12.228169920606));
#3799 = CARTESIAN_POINT('',(2.843525651293,-1.027771898307,
    12.207339629476));
#3800 = CARTESIAN_POINT('',(2.641709598257,-1.519036469825,
    12.186503179734));
#3801 = CARTESIAN_POINT('',(2.344903125757,-1.965020097877,
    12.165668313135));
#3802 = CARTESIAN_POINT('',(1.964998594855,-2.344917713102,
    12.144835767148));
#3803 = CARTESIAN_POINT('',(1.519041067568,-2.641696565667,
    12.12400321894));
#3804 = CARTESIAN_POINT('',(1.027793812185,-2.843504023613,
    12.10317042911));
#3805 = CARTESIAN_POINT('',(6.58136279283E-06,-3.045311274823,
    12.061504026427));
#3806 = CARTESIAN_POINT('',(-1.027792550038,-2.843504593987,
    12.019836703659));
#3807 = CARTESIAN_POINT('',(-1.519051105576,-2.641697555027,
    11.999002959133));
#3808 = CARTESIAN_POINT('',(-1.965021703913,-2.344913196242,
    11.978169598587));
#3809 = CARTESIAN_POINT('',(-2.344918575544,-1.965014751622,
    11.957336585635));
#3810 = CARTESIAN_POINT('',(-2.641698186469,-1.519047712776,
    11.93650353777));
#3811 = CARTESIAN_POINT('',(-2.843501974599,-1.027794237467,
    11.915670223142));
#3812 = CARTESIAN_POINT('',(-3.04530569069,1.5288104442E-07,
    11.874003413915));
#3813 = CARTESIAN_POINT('',(-2.843501499764,1.027794449997,
    11.832336604687));
#3814 = CARTESIAN_POINT('',(-2.641697675328,1.519047787127,
    11.811503290059));
#3815 = CARTESIAN_POINT('',(-2.344918969458,1.965015003344,
    11.790670242194));
#3816 = CARTESIAN_POINT('',(-1.965022532035,2.344914204146,
    11.769837229242));
#3817 = CARTESIAN_POINT('',(-1.519051382003,2.641698828682,
    11.749003868696));
#3818 = CARTESIAN_POINT('',(-1.027792407816,2.843504746337,
    11.728170124171));
#3819 = CARTESIAN_POINT('',(6.84115438752E-06,3.045309658686,
    11.686502801401));
#3820 = CARTESIAN_POINT('',(1.027793954406,2.843502978392,
    11.644836398719));
#3821 = CARTESIAN_POINT('',(1.51904133786,2.641698440679,11.62400360885)
  );
#3822 = CARTESIAN_POINT('',(1.964999540797,2.344915782975,
    11.603171060778));
#3823 = CARTESIAN_POINT('',(2.344907543947,1.96502865387,11.582338514606
    ));
#3824 = CARTESIAN_POINT('',(2.641711012869,1.519030860986,
    11.561503648115));
#3825 = CARTESIAN_POINT('',(2.843518024497,1.027771396707,
    11.540667198362));
#3826 = CARTESIAN_POINT('',(2.944407721944,0.513916785548,
    11.519836907224));
#3827 = CARTESIAN_POINT('',(2.944408402366,-1.3971627312E-07,
    11.499004096694));
#3828 = ADVANCED_FACE('',(#3829),#3924,.T.);
#3829 = FACE_BOUND('',#3830,.F.);
#3830 = EDGE_LOOP('',(#3831,#3916,#3922,#3923));
#3831 = ORIENTED_EDGE('',*,*,#3832,.T.);
#3832 = EDGE_CURVE('',#3231,#3833,#3835,.T.);
#3833 = VERTEX_POINT('',#3834);
#3834 = CARTESIAN_POINT('',(3.5,-1.622702732855E-13,11.071772777225));
#3835 = B_SPLINE_CURVE_WITH_KNOTS('',7,(#3836,#3837,#3838,#3839,#3840,
    #3841,#3842,#3843,#3844,#3845,#3846,#3847,#3848,#3849,#3850,#3851,
    #3852,#3853,#3854,#3855,#3856,#3857,#3858,#3859,#3860,#3861,#3862,
    #3863,#3864,#3865,#3866,#3867,#3868,#3869,#3870,#3871,#3872,#3873,
    #3874,#3875,#3876,#3877,#3878,#3879,#3880,#3881,#3882,#3883,#3884,
    #3885,#3886,#3887,#3888,#3889,#3890,#3891,#3892,#3893,#3894,#3895,
    #3896,#3897,#3898,#3899,#3900,#3901,#3902,#3903,#3904,#3905,#3906,
    #3907,#3908,#3909,#3910,#3911,#3912,#3913,#3914,#3915),
  .UNSPECIFIED.,.F.,.F.,(8,6,6,6,6,6,6,6,6,6,6,6,6,8),(0.,
    4.496177368312E-02,0.134399906374,0.220402583847,0.272754818789,
    0.376321333774,0.502491426833,0.51940089252,0.626397397947,
    0.737804243476,0.787223189037,0.867185476689,0.956618864895,1.),
  .UNSPECIFIED.);
#3836 = CARTESIAN_POINT('',(3.5,-1.354472090043E-13,11.821773233826));
#3837 = CARTESIAN_POINT('',(3.5,-0.141239927862,11.816956258377));
#3838 = CARTESIAN_POINT('',(3.493350322836,-0.282481326589,
    11.812138355395));
#3839 = CARTESIAN_POINT('',(3.480051120934,-0.423345898782,
    11.807320308577));
#3840 = CARTESIAN_POINT('',(3.460128926997,-0.563458402532,
    11.802502462907));
#3841 = CARTESIAN_POINT('',(3.43363659429,-0.702447100679,
    11.797684897728));
#3842 = CARTESIAN_POINT('',(3.400653236915,-0.839944210062,
    11.792867599801));
#3843 = CARTESIAN_POINT('',(3.282971071367,-1.245406217442,
    11.778468714267));
#3844 = CARTESIAN_POINT('',(3.179375142681,-1.507938839264,
    11.768886274798));
#3845 = CARTESIAN_POINT('',(3.051330279922,-1.76025545781,11.75930578269
    ));
#3846 = CARTESIAN_POINT('',(2.900082367024,-1.999659527053,
    11.749725825043));
#3847 = CARTESIAN_POINT('',(2.727208479788,-2.22365464239,
    11.740144391666));
#3848 = CARTESIAN_POINT('',(2.534608655309,-2.429957733467,
    11.730561238435));
#3849 = CARTESIAN_POINT('',(2.122599695385,-2.795989725456,
    11.711765484519));
#3850 = CARTESIAN_POINT('',(1.904440391017,-2.957260241019,11.7025499261
    ));
#3851 = CARTESIAN_POINT('',(1.672103884724,-3.09856553679,
    11.693335156598));
#3852 = CARTESIAN_POINT('',(1.427795021878,-3.218453222709,
    11.684121075339));
#3853 = CARTESIAN_POINT('',(1.173870784635,-3.315766680287,
    11.674906563683));
#3854 = CARTESIAN_POINT('',(0.912829025083,-3.389650592397,
    11.665691241977));
#3855 = CARTESIAN_POINT('',(0.485708603767,-3.470033548022,
    11.650868680857));
#3856 = CARTESIAN_POINT('',(0.322419492668,-3.491590386441,
    11.645259894682));
#3857 = CARTESIAN_POINT('',(0.158048147472,-3.504177495438,
    11.639651228026));
#3858 = CARTESIAN_POINT('',(-6.814433256569E-03,-3.507733273706,
    11.634042630005));
#3859 = CARTESIAN_POINT('',(-0.171575682401,-3.502244935069,
    11.628433972215));
#3860 = CARTESIAN_POINT('',(-0.335642482844,-3.487748533174,
    11.622825206068));
#3861 = CARTESIAN_POINT('',(-0.82044332968,-3.417998951414,
    11.60612106152));
#3862 = CARTESIAN_POINT('',(-1.137540508057,-3.336732248183,
    11.595022104346));
#3863 = CARTESIAN_POINT('',(-1.444980372635,-3.221173121979,
    11.583925445338));
#3864 = CARTESIAN_POINT('',(-1.738380673807,-3.072776794954,
    11.572830210445));
#3865 = CARTESIAN_POINT('',(-2.013650181776,-2.893612520718,
    11.561733396957));
#3866 = CARTESIAN_POINT('',(-2.267019950574,-2.686347803322,
    11.550634299349));
#3867 = CARTESIAN_POINT('',(-2.773105168957,-2.171859740133,
    11.526021729784));
#3868 = CARTESIAN_POINT('',(-3.013901824574,-1.852394434678,
    11.51249585856));
#3869 = CARTESIAN_POINT('',(-3.211304794932,-1.502204177489,
    11.498978162641));
#3870 = CARTESIAN_POINT('',(-3.360910885952,-1.128438713339,
    11.485462682662));
#3871 = CARTESIAN_POINT('',(-3.459654023789,-0.738758095534,
    11.471945086658));
#3872 = CARTESIAN_POINT('',(-3.505788035233,-0.341375607938,
    11.458419289334));
#3873 = CARTESIAN_POINT('',(-3.498735657088,0.108029389517,
    11.44309057378));
#3874 = CARTESIAN_POINT('',(-3.496961790179,0.161126352202,
    11.441278982612));
#3875 = CARTESIAN_POINT('',(-3.494247837077,0.214188567276,
    11.439467382761));
#3876 = CARTESIAN_POINT('',(-3.490594641994,0.267196062268,
    11.437655774478));
#3877 = CARTESIAN_POINT('',(-3.486003578633,0.320128904046,
    11.435844158035));
#3878 = CARTESIAN_POINT('',(-3.480476550184,0.372967198815,
    11.434032533723));
#3879 = CARTESIAN_POINT('',(-3.433136079354,0.759307330543,
    11.420757601793));
#3880 = CARTESIAN_POINT('',(-3.354863664761,1.088461805343,
    11.409290036121));
#3881 = CARTESIAN_POINT('',(-3.239797560568,1.407906655284,
    11.397825182761));
#3882 = CARTESIAN_POINT('',(-3.089474517429,1.712786201758,
    11.386362173977));
#3883 = CARTESIAN_POINT('',(-2.906130280388,1.998566003387,
    11.374897514727));
#3884 = CARTESIAN_POINT('',(-2.69268100364,2.261070535704,
    11.363430281721));
#3885 = CARTESIAN_POINT('',(-2.203286422546,2.741898073482,
    11.340031826612));
#3886 = CARTESIAN_POINT('',(-1.924932630963,2.958145819869,
    11.328091743064));
#3887 = CARTESIAN_POINT('',(-1.622087710596,3.141142645362,
    11.316155995899));
#3888 = CARTESIAN_POINT('',(-1.299564440774,3.287716167938,
    11.304221616054));
#3889 = CARTESIAN_POINT('',(-0.962543734472,3.395512128708,
    11.292285717087));
#3890 = CARTESIAN_POINT('',(-0.616580004067,3.462990769894,
    11.280345512345));
#3891 = CARTESIAN_POINT('',(-0.112852347558,3.501623078535,
    11.263115632219));
#3892 = CARTESIAN_POINT('',(4.255105624763E-02,3.505484355517,
    11.257821072077));
#3893 = CARTESIAN_POINT('',(0.198069573125,3.501297657456,11.25252654718
    ));
#3894 = CARTESIAN_POINT('',(0.353203503301,3.489063501917,
    11.247232049574));
#3895 = CARTESIAN_POINT('',(0.507455815596,3.468821087106,
    11.241937517145));
#3896 = CARTESIAN_POINT('',(0.66033290116,3.44064823396,11.236642942747)
  );
#3897 = CARTESIAN_POINT('',(1.055690869459,3.346432742541,
    11.222781787297));
#3898 = CARTESIAN_POINT('',(1.295188264591,3.267738720874,
    11.214214227722));
#3899 = CARTESIAN_POINT('',(1.527731154478,3.169072950268,11.20564748293
    ));
#3900 = CARTESIAN_POINT('',(1.751339463112,3.051195823196,
    11.197081317067));
#3901 = CARTESIAN_POINT('',(1.964146308059,2.915091478123,
    11.188514760594));
#3902 = CARTESIAN_POINT('',(2.164405459927,2.761963864237,
    11.179947395512));
#3903 = CARTESIAN_POINT('',(2.558677423539,2.404599137283,
    11.161799421761));
#3904 = CARTESIAN_POINT('',(2.74920311552,2.196400173063,11.152216164844
    ));
#3905 = CARTESIAN_POINT('',(2.919829999262,1.97070829535,11.142633725226
    ));
#3906 = CARTESIAN_POINT('',(3.06868108678,1.729825072847,11.133051450755
    ));
#3907 = CARTESIAN_POINT('',(3.194204415377,1.476262030964,
    11.123468189074));
#3908 = CARTESIAN_POINT('',(3.295181239261,1.212727392229,
    11.113884340137));
#3909 = CARTESIAN_POINT('',(3.407490260069,0.810913588446,
    11.099655500529));
#3910 = CARTESIAN_POINT('',(3.438212214925,0.678001762882,
    11.095008116225));
#3911 = CARTESIAN_POINT('',(3.462881372397,0.543749482744,
    11.090360997852));
#3912 = CARTESIAN_POINT('',(3.481429133693,0.408487575916,
    11.085714129587));
#3913 = CARTESIAN_POINT('',(3.493809674493,0.272550189564,
    11.081067365239));
#3914 = CARTESIAN_POINT('',(3.5,0.136274429578,11.076420405837));
#3915 = CARTESIAN_POINT('',(3.5,-3.250733016102E-13,11.071772777225));
#3916 = ORIENTED_EDGE('',*,*,#3917,.T.);
#3917 = EDGE_CURVE('',#3833,#3669,#3918,.T.);
#3918 = LINE('',#3919,#3920);
#3919 = CARTESIAN_POINT('',(3.5,0.,6.14));
#3920 = VECTOR('',#3921,1.);
#3921 = DIRECTION('',(0.,0.,1.));
#3922 = ORIENTED_EDGE('',*,*,#3668,.F.);
#3923 = ORIENTED_EDGE('',*,*,#3293,.F.);
#3924 = CYLINDRICAL_SURFACE('',#3925,3.5);
#3925 = AXIS2_PLACEMENT_3D('',#3926,#3927,#3928);
#3926 = CARTESIAN_POINT('',(0.,0.,6.14));
#3927 = DIRECTION('',(-0.,-0.,-1.));
#3928 = DIRECTION('',(1.,0.,0.));
#3929 = ADVANCED_FACE('',(#3930),#4030,.T.);
#3930 = FACE_BOUND('',#3931,.T.);
#3931 = EDGE_LOOP('',(#3932,#4023,#4024,#4025));
#3932 = ORIENTED_EDGE('',*,*,#3933,.F.);
#3933 = EDGE_CURVE('',#3310,#3934,#3936,.T.);
#3934 = VERTEX_POINT('',#3935);
#3935 = CARTESIAN_POINT('',(3.136,-4.5767914E-08,10.861620857847));
#3936 = B_SPLINE_CURVE_WITH_KNOTS('',7,(#3937,#3938,#3939,#3940,#3941,
    #3942,#3943,#3944,#3945,#3946,#3947,#3948,#3949,#3950,#3951,#3952,
    #3953,#3954,#3955,#3956,#3957,#3958,#3959,#3960,#3961,#3962,#3963,
    #3964,#3965,#3966,#3967,#3968,#3969,#3970,#3971,#3972,#3973,#3974,
    #3975,#3976,#3977,#3978,#3979,#3980,#3981,#3982,#3983,#3984,#3985,
    #3986,#3987,#3988,#3989,#3990,#3991,#3992,#3993,#3994,#3995,#3996,
    #3997,#3998,#3999,#4000,#4001,#4002,#4003,#4004,#4005,#4006,#4007,
    #4008,#4009,#4010,#4011,#4012,#4013,#4014,#4015,#4016,#4017,#4018,
    #4019,#4020,#4021,#4022),.UNSPECIFIED.,.F.,.F.,(8,6,6,6,6,6,6,6,6,6,
    6,6,6,6,8),(0.,4.484975505581E-02,0.133133858099,0.218460565709,
    0.269493176238,0.376210622283,0.501115514085,0.530493005822,
    0.626493054523,0.735247195602,0.784355948541,0.86725169398,
    0.957153915204,0.985155773773,1.),.UNSPECIFIED.);
#3937 = CARTESIAN_POINT('',(3.136,-6.102385797E-08,11.611620121582));
#3938 = CARTESIAN_POINT('',(3.135999997544,-0.126237152271,
    11.606815318721));
#3939 = CARTESIAN_POINT('',(3.130071408485,-0.25247531647,
    11.602009641723));
#3940 = CARTESIAN_POINT('',(3.118214390338,-0.378378278009,
    11.597203791248));
#3941 = CARTESIAN_POINT('',(3.100452496543,-0.50361235758,
    11.592398079443));
#3942 = CARTESIAN_POINT('',(3.076832621547,-0.627846931768,
    11.587592583681));
#3943 = CARTESIAN_POINT('',(3.047424945877,-0.750754892637,
    11.58278730029));
#3944 = CARTESIAN_POINT('',(2.94322653297,-1.110702765843,
    11.568523934662));
#3945 = CARTESIAN_POINT('',(2.852053566353,-1.343043138218,
    11.559064985241));
#3946 = CARTESIAN_POINT('',(2.739520462885,-1.566514218451,
    11.549607749057));
#3947 = CARTESIAN_POINT('',(2.606693475956,-1.778788478546,
    11.540151022926));
#3948 = CARTESIAN_POINT('',(2.454923066123,-1.9777076141,11.53069303121)
  );
#3949 = CARTESIAN_POINT('',(2.285836131931,-2.161295059338,
    11.521233554474));
#3950 = CARTESIAN_POINT('',(1.923114763807,-2.488735655323,
    11.502633799521));
#3951 = CARTESIAN_POINT('',(1.73043976599,-2.633761366087,
    11.493490801551));
#3952 = CARTESIAN_POINT('',(1.52510684173,-2.761291710207,11.48434856855
    ));
#3953 = CARTESIAN_POINT('',(1.309033410875,-2.870037330081,
    11.475206959261));
#3954 = CARTESIAN_POINT('',(1.084272566868,-2.958964958024,
    11.466064916144));
#3955 = CARTESIAN_POINT('',(0.853002195107,-3.027302883597,
    11.456922101663));
#3956 = CARTESIAN_POINT('',(0.47671228279,-3.102881510863,
    11.442313271136));
#3957 = CARTESIAN_POINT('',(0.334371398478,-3.123641795327,
    11.436845840896));
#3958 = CARTESIAN_POINT('',(0.191003352408,-3.136779450848,
    11.431378499909));
#3959 = CARTESIAN_POINT('',(4.709785367854E-02,-3.142236370046,
    11.425911205092));
#3960 = CARTESIAN_POINT('',(-9.685343983591E-02,-3.139993907096,
    11.420443850342));
#3961 = CARTESIAN_POINT('',(-0.240357833465,-3.130072909744,
    11.414976396727));
#3962 = CARTESIAN_POINT('',(-0.681048309513,-3.075856533089,
    11.39807579707));
#3963 = CARTESIAN_POINT('',(-0.975176417751,-3.005852046157,
    11.386638672033));
#3964 = CARTESIAN_POINT('',(-1.260649529651,-2.903055503553,
    11.375204131041));
#3965 = CARTESIAN_POINT('',(-1.533148743492,-2.768830776994,
    11.363771222936));
#3966 = CARTESIAN_POINT('',(-1.788639512989,-2.605164988584,
    11.352336576161));
#3967 = CARTESIAN_POINT('',(-2.023408601524,-2.414650584415,
    11.340899371562));
#3968 = CARTESIAN_POINT('',(-2.480898484712,-1.950188728866,
    11.316084633411));
#3969 = CARTESIAN_POINT('',(-2.695000607454,-1.667297893473,
    11.302694982147));
#3970 = CARTESIAN_POINT('',(-2.871080562728,-1.357344541753,
    11.289312847468));
#3971 = CARTESIAN_POINT('',(-3.005282945246,-1.026529279294,
    11.275932876372));
#3972 = CARTESIAN_POINT('',(-3.094909222105,-0.68150397814,
    11.262550772383));
#3973 = CARTESIAN_POINT('',(-3.13840520305,-0.329402889585,
    11.249161141927));
#3974 = CARTESIAN_POINT('',(-3.135337651867,0.104838152554,
    11.232632101998));
#3975 = CARTESIAN_POINT('',(-3.132209986374,0.187505883898,
    11.229484716166));
#3976 = CARTESIAN_POINT('',(-3.126539440878,0.270061607357,
    11.226337303435));
#3977 = CARTESIAN_POINT('',(-3.118331009818,0.352411502774,
    11.223189866117));
#3978 = CARTESIAN_POINT('',(-3.10759400059,0.434462191082,
    11.220042406856));
#3979 = CARTESIAN_POINT('',(-3.094342033551,0.516120734302,
    11.216894928632));
#3980 = CARTESIAN_POINT('',(-3.027128336726,0.862555487035,
    11.203462024162));
#3981 = CARTESIAN_POINT('',(-2.948986983856,1.122702068494,
    11.193174181724));
#3982 = CARTESIAN_POINT('',(-2.844794018554,1.374406394823,
    11.182887904194));
#3983 = CARTESIAN_POINT('',(-2.715691521002,1.614579042395,
    11.172602742619));
#3984 = CARTESIAN_POINT('',(-2.563229395803,1.840336702042,
    11.162316728593));
#3985 = CARTESIAN_POINT('',(-2.389354420826,2.049022537478,
    11.152029321658));
#3986 = CARTESIAN_POINT('',(-1.978018700774,2.452679886164,
    11.13009302722));
#3987 = CARTESIAN_POINT('',(-1.735043694319,2.642278572,11.118437795384)
  );
#3988 = CARTESIAN_POINT('',(-1.471090416161,2.803564546924,
    11.106785866074));
#3989 = CARTESIAN_POINT('',(-1.190146599945,2.933876673295,
    11.095135880345));
#3990 = CARTESIAN_POINT('',(-0.896530514517,3.031211948338,
    11.083483747817));
#3991 = CARTESIAN_POINT('',(-0.594849433978,3.094244792967,
    11.071828316772));
#3992 = CARTESIAN_POINT('',(-0.15242408911,3.135341905183,
    11.054915619388));
#3993 = CARTESIAN_POINT('',(-1.413280431582E-02,3.141049225973,
    11.049654228603));
#3994 = CARTESIAN_POINT('',(0.124377655642,3.139638484615,
    11.044392876224));
#3995 = CARTESIAN_POINT('',(0.262667970161,3.131102863505,
    11.039131556453));
#3996 = CARTESIAN_POINT('',(0.400300534165,3.115469375786,
    11.033870213815));
#3997 = CARTESIAN_POINT('',(0.53684020169,3.09279881929,11.028608844733)
  );
#3998 = CARTESIAN_POINT('',(0.899760527467,3.01319873375,11.014466598209
    ));
#3999 = CARTESIAN_POINT('',(1.123355450208,2.943422858511,
    11.005584632467));
#4000 = CARTESIAN_POINT('',(1.340526377735,2.85431283388,10.996703640992
    ));
#4001 = CARTESIAN_POINT('',(1.549286204837,2.746602455279,
    10.987823325703));
#4002 = CARTESIAN_POINT('',(1.747761966605,2.621258062475,
    10.978942537439));
#4003 = CARTESIAN_POINT('',(1.934204102367,2.479473774684,
    10.970060773428));
#4004 = CARTESIAN_POINT('',(2.294436638678,2.152693147446,
    10.951548164124));
#4005 = CARTESIAN_POINT('',(2.465883244669,1.965005159713,
    10.941914537789));
#4006 = CARTESIAN_POINT('',(2.619296445513,1.76149503052,10.932281628447
    ));
#4007 = CARTESIAN_POINT('',(2.752969401304,1.544259724008,
    10.922648751869));
#4008 = CARTESIAN_POINT('',(2.865493161443,1.315588949775,
    10.913014855826));
#4009 = CARTESIAN_POINT('',(2.955765195873,1.077951371332,
    10.903380532656));
#4010 = CARTESIAN_POINT('',(3.04402328528,0.758043616906,10.890749074041
    ));
#4011 = CARTESIAN_POINT('',(3.06275659978,0.681451756049,10.887749246606
    ));
#4012 = CARTESIAN_POINT('',(3.079240518485,0.604323789806,
    10.884749543705));
#4013 = CARTESIAN_POINT('',(3.093456875731,0.526739003465,
    10.881749964333));
#4014 = CARTESIAN_POINT('',(3.105391024014,0.44877732599,10.878750487321
    ));
#4015 = CARTESIAN_POINT('',(3.115031833989,0.370519330019,
    10.875751071333));
#4016 = CARTESIAN_POINT('',(3.126262670112,0.250446406666,
    10.871161616971));
#4017 = CARTESIAN_POINT('',(3.129507032752,0.208786090672,
    10.869571577063));
#4018 = CARTESIAN_POINT('',(3.132103653239,0.167077348321,
    10.867981524639));
#4019 = CARTESIAN_POINT('',(3.134051684405,0.125332261075,
    10.866391445809));
#4020 = CARTESIAN_POINT('',(3.135350561061,8.356292742514E-02,
    10.864801323306));
#4021 = CARTESIAN_POINT('',(3.136,4.178146288593E-02,10.863211136487));
#4022 = CARTESIAN_POINT('',(3.136,-9.77E-15,10.861620861331));
#4023 = ORIENTED_EDGE('',*,*,#3397,.T.);
#4024 = ORIENTED_EDGE('',*,*,#3832,.T.);
#4025 = ORIENTED_EDGE('',*,*,#4026,.F.);
#4026 = EDGE_CURVE('',#3934,#3833,#4027,.T.);
#4027 = B_SPLINE_CURVE_WITH_KNOTS('',1,(#4028,#4029),.UNSPECIFIED.,.F.,
  .F.,(2,2),(0.,0.65425),.PIECEWISE_BEZIER_KNOTS.);
#4028 = CARTESIAN_POINT('',(2.944402886963,-1.3971697611E-07,
    10.751004096714));
#4029 = CARTESIAN_POINT('',(3.511002419441,2.76646666E-09,
    11.078124918882));
#4030 = B_SPLINE_SURFACE_WITH_KNOTS('',1,9,(
    (#4031,#4032,#4033,#4034,#4035,#4036,#4037,#4038,#4039,#4040,#4041
      ,#4042,#4043,#4044,#4045,#4046,#4047,#4048,#4049,#4050,#4051,#4052
      ,#4053,#4054,#4055,#4056,#4057,#4058,#4059,#4060,#4061)
    ,(#4062,#4063,#4064,#4065,#4066,#4067,#4068,#4069,#4070,#4071,#4072
      ,#4073,#4074,#4075,#4076,#4077,#4078,#4079,#4080,#4081,#4082,#4083
      ,#4084,#4085,#4086,#4087,#4088,#4089,#4090,#4091,#4092
  )),.UNSPECIFIED.,.F.,.F.,.F.,(2,2),(10,7,7,7,10),(0.,0.65425),(0.,
    1.581947328539,3.163894657078,4.745841985618,6.327789314157),
  .UNSPECIFIED.);
#4031 = CARTESIAN_POINT('',(2.944402884496,-9.314465199E-08,
    11.501002731143));
#4032 = CARTESIAN_POINT('',(2.944402869187,-0.513916216399,
    11.480169920618));
#4033 = CARTESIAN_POINT('',(2.843517363683,-1.027770155636,
    11.45933962951));
#4034 = CARTESIAN_POINT('',(2.641706242863,-1.51903063941,11.43850317971
    ));
#4035 = CARTESIAN_POINT('',(2.344901280841,-1.965023356811,
    11.417668313246));
#4036 = CARTESIAN_POINT('',(1.964996220294,-2.344911205214,
    11.396835767038));
#4037 = CARTESIAN_POINT('',(1.519038605239,-2.641694201009,
    11.376003218998));
#4038 = CARTESIAN_POINT('',(1.02779216654,-2.843499103629,
    11.355170429127));
#4039 = CARTESIAN_POINT('',(6.59082664828E-06,-3.04530571416,
    11.313504026447));
#4040 = CARTESIAN_POINT('',(-1.027790986956,-2.84350019081,
    11.271836703672));
#4041 = CARTESIAN_POINT('',(-1.51904897674,-2.641694007363,
    11.251002959143));
#4042 = CARTESIAN_POINT('',(-1.965019142668,-2.344909961535,
    11.230169598597));
#4043 = CARTESIAN_POINT('',(-2.344915189446,-1.965011717362,
    11.209336585647));
#4044 = CARTESIAN_POINT('',(-2.641693867567,-1.519045274405,
    11.188503537785));
#4045 = CARTESIAN_POINT('',(-2.84349733942,-1.027792626957,
    11.167670223158));
#4046 = CARTESIAN_POINT('',(-3.045300937016,1.2046415631E-07,
    11.126003413929));
#4047 = CARTESIAN_POINT('',(-2.84349725761,1.027792851822,11.0843366047)
  );
#4048 = CARTESIAN_POINT('',(-2.641693746909,1.519045483147,
    11.063503290072));
#4049 = CARTESIAN_POINT('',(-2.344915034778,1.965011902902,
    11.042670242209));
#4050 = CARTESIAN_POINT('',(-1.965018958575,2.344910118082,
    11.02183722926));
#4051 = CARTESIAN_POINT('',(-1.519048768469,2.641694129042,
    11.001003868714));
#4052 = CARTESIAN_POINT('',(-1.027790762185,2.843500272189,
    10.980170124185));
#4053 = CARTESIAN_POINT('',(6.83169354356E-06,3.045305711995,
    10.93850280141));
#4054 = CARTESIAN_POINT('',(1.027792391311,2.843499021054,10.89683639873
    ));
#4055 = CARTESIAN_POINT('',(1.519038814568,2.641694081504,
    10.876003608859));
#4056 = CARTESIAN_POINT('',(1.964996405927,2.344911052677,
    10.855171060819));
#4057 = CARTESIAN_POINT('',(2.344901442788,1.965023177824,
    10.834338514611));
#4058 = CARTESIAN_POINT('',(2.641706364414,1.519030425302,
    10.813503648147));
#4059 = CARTESIAN_POINT('',(2.843517434648,1.02776993038,10.792667198347
    ));
#4060 = CARTESIAN_POINT('',(2.944402910398,0.513915983538,
    10.771836907239));
#4061 = CARTESIAN_POINT('',(2.944402886963,-1.3971697611E-07,
    10.751004096714));
#4062 = CARTESIAN_POINT('',(3.51100161296,1.84425852E-09,11.828124945923
    ));
#4063 = CARTESIAN_POINT('',(3.511001922043,-0.612785037062,
    11.807291602238));
#4064 = CARTESIAN_POINT('',(3.39070952334,-1.225566956181,
    11.786458208664));
#4065 = CARTESIAN_POINT('',(3.150038523751,-1.811360497953,
    11.765624937034));
#4066 = CARTESIAN_POINT('',(2.79613696316,-2.343143023087,
    11.744791634077));
#4067 = CARTESIAN_POINT('',(2.343132641579,-2.796150132604,
    11.723958285139));
#4068 = CARTESIAN_POINT('',(1.811353557956,-3.150040850504,
    11.703124936266));
#4069 = CARTESIAN_POINT('',(1.225573243404,-3.39068130251,
    11.682291592168));
#4070 = CARTESIAN_POINT('',(6.52564411348E-06,-3.631322180176,
    11.640624920274));
#4071 = CARTESIAN_POINT('',(-1.22557007837,-3.390682482593,11.5989582666
    ));
#4072 = CARTESIAN_POINT('',(-1.811359824191,-3.150042683575,
    11.578124941409));
#4073 = CARTESIAN_POINT('',(-2.343150927434,-2.796148896637,
    11.557291608614));
#4074 = CARTESIAN_POINT('',(-2.796154468244,-2.343143731256,
    11.536458268937));
#4075 = CARTESIAN_POINT('',(-3.150043854547,-1.811355312364,
    11.515624929951));
#4076 = CARTESIAN_POINT('',(-3.390680043278,-1.225570223294,
    11.494791596247));
#4077 = CARTESIAN_POINT('',(-3.631316538596,1.183613722E-08,
    11.453124932403));
#4078 = CARTESIAN_POINT('',(-3.390679872479,1.225570213431,
    11.411458268559));
#4079 = CARTESIAN_POINT('',(-3.150043685632,1.811355249274,
    11.390624934856));
#4080 = CARTESIAN_POINT('',(-2.796154711968,2.343143756616,
    11.369791595869));
#4081 = CARTESIAN_POINT('',(-2.343151375133,2.796149267025,
    11.348958256192));
#4082 = CARTESIAN_POINT('',(-1.81136004095,3.150043186533,
    11.328124923397));
#4083 = CARTESIAN_POINT('',(-1.225570119034,3.390682512116,
    11.307291598207));
#4084 = CARTESIAN_POINT('',(6.52917739572E-06,3.631321472176,
    11.265624944532));
#4085 = CARTESIAN_POINT('',(1.22557320274,3.390680881836,11.223958272638
    ));
#4086 = CARTESIAN_POINT('',(1.811353687242,3.150041059531,
    11.203124928546));
#4087 = CARTESIAN_POINT('',(2.343132697114,2.796151074355,
    11.182291579651));
#4088 = CARTESIAN_POINT('',(2.796139101486,2.343145140081,11.16145823075
    ));
#4089 = CARTESIAN_POINT('',(3.150038981921,1.81135880387,11.140624927758
    ));
#4090 = CARTESIAN_POINT('',(3.390706144956,1.22556683941,11.119791656147
    ));
#4091 = CARTESIAN_POINT('',(3.511002110197,0.612785041672,
    11.098958262569));
#4092 = CARTESIAN_POINT('',(3.511002419441,2.76646666E-09,
    11.078124918882));
#4093 = ADVANCED_FACE('',(#4094),#4099,.T.);
#4094 = FACE_BOUND('',#4095,.T.);
#4095 = EDGE_LOOP('',(#4096,#4097,#4098));
#4096 = ORIENTED_EDGE('',*,*,#3518,.F.);
#4097 = ORIENTED_EDGE('',*,*,#3486,.T.);
#4098 = ORIENTED_EDGE('',*,*,#3546,.T.);
#4099 = PLANE('',#4100);
#4100 = AXIS2_PLACEMENT_3D('',#4101,#4102,#4103);
#4101 = CARTESIAN_POINT('',(-2.279066887566E-16,-8.51133553645E-18,20.74
    ));
#4102 = DIRECTION('',(0.,0.,1.));
#4103 = DIRECTION('',(1.,0.,0.));
#4104 = ADVANCED_FACE('',(#4105),#4206,.T.);
#4105 = FACE_BOUND('',#4106,.F.);
#4106 = EDGE_LOOP('',(#4107,#4108,#4109,#4200));
#4107 = ORIENTED_EDGE('',*,*,#3933,.F.);
#4108 = ORIENTED_EDGE('',*,*,#3654,.T.);
#4109 = ORIENTED_EDGE('',*,*,#4110,.T.);
#4110 = EDGE_CURVE('',#3564,#4111,#4113,.T.);
#4111 = VERTEX_POINT('',#4112);
#4112 = CARTESIAN_POINT('',(3.136,-6.1024371E-08,10.638388553178));
#4113 = B_SPLINE_CURVE_WITH_KNOTS('',7,(#4114,#4115,#4116,#4117,#4118,
    #4119,#4120,#4121,#4122,#4123,#4124,#4125,#4126,#4127,#4128,#4129,
    #4130,#4131,#4132,#4133,#4134,#4135,#4136,#4137,#4138,#4139,#4140,
    #4141,#4142,#4143,#4144,#4145,#4146,#4147,#4148,#4149,#4150,#4151,
    #4152,#4153,#4154,#4155,#4156,#4157,#4158,#4159,#4160,#4161,#4162,
    #4163,#4164,#4165,#4166,#4167,#4168,#4169,#4170,#4171,#4172,#4173,
    #4174,#4175,#4176,#4177,#4178,#4179,#4180,#4181,#4182,#4183,#4184,
    #4185,#4186,#4187,#4188,#4189,#4190,#4191,#4192,#4193,#4194,#4195,
    #4196,#4197,#4198,#4199),.UNSPECIFIED.,.F.,.F.,(8,6,6,6,6,6,6,6,6,6,
    6,6,6,6,8),(0.,4.600194687004E-02,0.133412557095,0.223832850797,
    0.277990018655,0.376882111638,0.468512211129,0.501513841389,
    0.569339939706,0.627342048862,0.741609165014,0.791958037971,
    0.867549663974,0.956519557429,1.),.UNSPECIFIED.);
#4114 = CARTESIAN_POINT('',(3.136,-9.153627722E-08,11.388386752608));
#4115 = CARTESIAN_POINT('',(3.135999996221,-0.12948341913,
    11.383458489766));
#4116 = CARTESIAN_POINT('',(3.129762562917,-0.258968086124,
    11.378531134585));
#4117 = CARTESIAN_POINT('',(3.117287865033,-0.388090992442,
    11.373603959011));
#4118 = CARTESIAN_POINT('',(3.098601975774,-0.516492022613,
    11.368676534548));
#4119 = CARTESIAN_POINT('',(3.073756803477,-0.643814557755,
    11.363748677671));
#4120 = CARTESIAN_POINT('',(3.042830018482,-0.769705987573,
    11.358820395236));
#4121 = CARTESIAN_POINT('',(2.93579986241,-1.12965011459,11.344526815287
    ));
#4122 = CARTESIAN_POINT('',(2.844077770587,-1.35909963058,
    11.335159160328));
#4123 = CARTESIAN_POINT('',(2.731471868441,-1.579727157007,
    11.325791822279));
#4124 = CARTESIAN_POINT('',(2.599029686618,-1.789279541151,
    11.316425453779));
#4125 = CARTESIAN_POINT('',(2.448071515157,-1.985667717252,
    11.30705920217));
#4126 = CARTESIAN_POINT('',(2.280182966277,-2.166978539172,
    11.297692459713));
#4127 = CARTESIAN_POINT('',(1.90804218449,-2.50172854651,11.278640221716
    ));
#4128 = CARTESIAN_POINT('',(1.702673458517,-2.65405018094,
    11.268951654233));
#4129 = CARTESIAN_POINT('',(1.483241811428,-2.786589835182,
    11.259264549276));
#4130 = CARTESIAN_POINT('',(1.252047327185,-2.897838264002,
    11.249578131968));
#4131 = CARTESIAN_POINT('',(1.011554844017,-2.986609436958,
    11.239890669653));
#4132 = CARTESIAN_POINT('',(0.764378916451,-3.052047754643,
    11.230201751618));
#4133 = CARTESIAN_POINT('',(0.362920925568,-3.118657028989,
    11.214712078996));
#4134 = CARTESIAN_POINT('',(0.211120714943,-3.135080208122,
    11.208909628061));
#4135 = CARTESIAN_POINT('',(5.848826932995E-02,-3.142878550411,
    11.203107228677));
#4136 = CARTESIAN_POINT('',(-9.438869746932E-02,-3.14200529059,
    11.197304874481));
#4137 = CARTESIAN_POINT('',(-0.246922130954,-3.1324637847,11.19150247566
    ));
#4138 = CARTESIAN_POINT('',(-0.398524894888,-3.114307501093,
    11.185700018971));
#4139 = CARTESIAN_POINT('',(-0.822674200338,-3.038944631478,
    11.169302625678));
#4140 = CARTESIAN_POINT('',(-1.091762578887,-2.961856357509,
    11.158705052288));
#4141 = CARTESIAN_POINT('',(-1.352220818439,-2.85700034276,
    11.148109584834));
#4142 = CARTESIAN_POINT('',(-1.600658023059,-2.725590935019,
    11.137515470855));
#4143 = CARTESIAN_POINT('',(-1.833910721506,-2.569301451586,
    11.126920119329));
#4144 = CARTESIAN_POINT('',(-2.049066907109,-2.390251456325,
    11.116322663602));
#4145 = CARTESIAN_POINT('',(-2.423755648048,-2.006595164381,
    11.095910561576));
#4146 = CARTESIAN_POINT('',(-2.586288095679,-1.804753921442,
    11.086091553931));
#4147 = CARTESIAN_POINT('',(-2.729087117333,-1.587677410451,
    11.076273633785));
#4148 = CARTESIAN_POINT('',(-2.850490344876,-1.357696910344,
    11.066456370312));
#4149 = CARTESIAN_POINT('',(-2.949168860422,-1.117329825329,
    11.056638199176));
#4150 = CARTESIAN_POINT('',(-3.024135579942,-0.869263838048,
    11.046818769016));
#4151 = CARTESIAN_POINT('',(-3.093086234013,-0.525302034194,
    11.033465394053));
#4152 = CARTESIAN_POINT('',(-3.108196486958,-0.433592020829,
    11.02992952696));
#4153 = CARTESIAN_POINT('',(-3.120133075411,-0.341381856695,
    11.026393681785));
#4154 = CARTESIAN_POINT('',(-3.128876617932,-0.248803318952,
    11.022857863868));
#4155 = CARTESIAN_POINT('',(-3.134414607115,-0.155988834216,
    11.019322077311));
#4156 = CARTESIAN_POINT('',(-3.136741409585,-6.307147856819E-02,
    11.015786324975));
#4157 = CARTESIAN_POINT('',(-3.134043198586,0.220718589963,
    11.004983880971));
#4158 = CARTESIAN_POINT('',(-3.118669302906,0.411503976865,
    10.997716884948));
#4159 = CARTESIAN_POINT('',(-3.089745101564,0.600996525829,
    10.990450323568));
#4160 = CARTESIAN_POINT('',(-3.04740967178,0.788045619869,
    10.983184064783));
#4161 = CARTESIAN_POINT('',(-2.991917920644,0.971525027239,
    10.975917691421));
#4162 = CARTESIAN_POINT('',(-2.923639791969,1.150336394675,
    10.968651048881));
#4163 = CARTESIAN_POINT('',(-2.774176320855,1.471426403676,
    10.955170982987));
#4164 = CARTESIAN_POINT('',(-2.696287249,1.615256358362,10.948956984008)
  );
#4165 = CARTESIAN_POINT('',(-2.609715048741,1.754243489145,
    10.942743072487));
#4166 = CARTESIAN_POINT('',(-2.514823927422,1.88776149541,
    10.936529174943));
#4167 = CARTESIAN_POINT('',(-2.412032377416,2.015221533877,10.9303151067
    ));
#4168 = CARTESIAN_POINT('',(-2.301812113383,2.136073712654,
    10.924100813164));
#4169 = CARTESIAN_POINT('',(-1.953944575455,2.473872090754,
    10.905644315784));
#4170 = CARTESIAN_POINT('',(-1.69629008917,2.670424495285,
    10.893396296635));
#4171 = CARTESIAN_POINT('',(-1.415833018957,2.835395286135,
    10.88115242906));
#4172 = CARTESIAN_POINT('',(-1.117264907957,2.965766022508,
    10.868909961992));
#4173 = CARTESIAN_POINT('',(-0.805629683405,3.05933477856,
    10.856666253657));
#4174 = CARTESIAN_POINT('',(-0.486329203104,3.114711241685,
    10.844418320958));
#4175 = CARTESIAN_POINT('',(-2.362331985432E-02,3.139111658015,
    10.826781764225));
#4176 = CARTESIAN_POINT('',(0.118294068873,3.139113248349,
    10.821387453862));
#4177 = CARTESIAN_POINT('',(0.260131149924,3.131628532473,
    10.815993237737));
#4178 = CARTESIAN_POINT('',(0.401414503184,3.116669996585,
    10.810599076768));
#4179 = CARTESIAN_POINT('',(0.541674223398,3.094287394851,
    10.805204868873));
#4180 = CARTESIAN_POINT('',(0.680444768267,3.064567660963,
    10.799810573834));
#4181 = CARTESIAN_POINT('',(1.022683011493,2.972185444963,
    10.786317665458));
#4182 = CARTESIAN_POINT('',(1.223728850976,2.900471381453,10.77821823357
    ));
#4183 = CARTESIAN_POINT('',(1.418825861347,2.81291325426,10.770119216594
    ));
#4184 = CARTESIAN_POINT('',(1.606488155681,2.710118749399,10.76202044135
    ));
#4185 = CARTESIAN_POINT('',(1.785313959629,2.592855699075,
    10.753921330169));
#4186 = CARTESIAN_POINT('',(1.953991184734,2.462049025053,
    10.745821801502));
#4187 = CARTESIAN_POINT('',(2.296484374448,2.150201998793,
    10.728191145482));
#4188 = CARTESIAN_POINT('',(2.465975774872,1.964323397602,10.71865785836
    ));
#4189 = CARTESIAN_POINT('',(2.617797684075,1.76296236574,10.709126008645
    ));
#4190 = CARTESIAN_POINT('',(2.750296015899,1.548151415903,
    10.699595372343));
#4191 = CARTESIAN_POINT('',(2.862102699189,1.322108527409,
    10.690064182867));
#4192 = CARTESIAN_POINT('',(2.95214376186,1.087224063913,10.680531320852
    ));
#4193 = CARTESIAN_POINT('',(3.052727224921,0.728238058674,
    10.666340866165));
#4194 = CARTESIAN_POINT('',(3.080381134304,0.608886572842,10.6616822411)
  );
#4195 = CARTESIAN_POINT('',(3.102587094723,0.488325669007,
    10.657023462328));
#4196 = CARTESIAN_POINT('',(3.119283077022,0.366853827071,
    10.652364535694));
#4197 = CARTESIAN_POINT('',(3.130427646699,0.244772517553,
    10.647705527282));
#4198 = CARTESIAN_POINT('',(3.136,0.122385813102,10.643046684611));
#4199 = CARTESIAN_POINT('',(3.136,-8.9E-16,10.638388557823));
#4200 = ORIENTED_EDGE('',*,*,#4201,.F.);
#4201 = EDGE_CURVE('',#3934,#4111,#4202,.T.);
#4202 = LINE('',#4203,#4204);
#4203 = CARTESIAN_POINT('',(3.136,0.,13.));
#4204 = VECTOR('',#4205,1.);
#4205 = DIRECTION('',(-6.E-17,0.,-1.));
#4206 = CYLINDRICAL_SURFACE('',#4207,3.136);
#4207 = AXIS2_PLACEMENT_3D('',#4208,#4209,#4210);
#4208 = CARTESIAN_POINT('',(0.,0.,13.));
#4209 = DIRECTION('',(-0.,-0.,-1.));
#4210 = DIRECTION('',(1.,0.,0.));
#4211 = ADVANCED_FACE('',(#4212),#4312,.T.);
#4212 = FACE_BOUND('',#4213,.T.);
#4213 = EDGE_LOOP('',(#4214,#4305,#4306,#4307));
#4214 = ORIENTED_EDGE('',*,*,#4215,.F.);
#4215 = EDGE_CURVE('',#3669,#4216,#4218,.T.);
#4216 = VERTEX_POINT('',#4217);
#4217 = CARTESIAN_POINT('',(3.5,-4.048860358773E-13,10.42822828367));
#4218 = B_SPLINE_CURVE_WITH_KNOTS('',7,(#4219,#4220,#4221,#4222,#4223,
    #4224,#4225,#4226,#4227,#4228,#4229,#4230,#4231,#4232,#4233,#4234,
    #4235,#4236,#4237,#4238,#4239,#4240,#4241,#4242,#4243,#4244,#4245,
    #4246,#4247,#4248,#4249,#4250,#4251,#4252,#4253,#4254,#4255,#4256,
    #4257,#4258,#4259,#4260,#4261,#4262,#4263,#4264,#4265,#4266,#4267,
    #4268,#4269,#4270,#4271,#4272,#4273,#4274,#4275,#4276,#4277,#4278,
    #4279,#4280,#4281,#4282,#4283,#4284,#4285,#4286,#4287,#4288,#4289,
    #4290,#4291,#4292,#4293,#4294,#4295,#4296,#4297,#4298,#4299,#4300,
    #4301,#4302,#4303,#4304),.UNSPECIFIED.,.F.,.F.,(8,6,6,6,6,6,6,6,6,6,
    6,6,6,6,8),(0.,4.60014941565E-02,0.133000377638,0.220425242586,
    0.274715893821,0.377401334861,0.485394497525,0.505860713448,
    0.57386322046,0.626865772073,0.738335124705,0.790099610195,
    0.868101267586,0.956108500145,1.),.UNSPECIFIED.);
#4219 = CARTESIAN_POINT('',(3.5,-3.907985046681E-13,11.178227675986));
#4220 = CARTESIAN_POINT('',(3.5,-0.144509793762,11.173299278621));
#4221 = CARTESIAN_POINT('',(3.493038852351,-0.289021340537,
    11.168371738307));
#4222 = CARTESIAN_POINT('',(3.479116716402,-0.433129242748,
    11.163444407826));
#4223 = CARTESIAN_POINT('',(3.45826267106,-0.576431565086,
    11.158516892285));
#4224 = CARTESIAN_POINT('',(3.430534637288,-0.71853032847,
    11.153589011827));
#4225 = CARTESIAN_POINT('',(3.39601930061,-0.859032004019,
    11.148660764339));
#4226 = CARTESIAN_POINT('',(3.276937906284,-1.25951205459,
    11.134411462125));
#4227 = CARTESIAN_POINT('',(3.175166621161,-1.514420834353,
    11.125088177286));
#4228 = CARTESIAN_POINT('',(3.050303175088,-1.759588061128,
    11.115765330276));
#4229 = CARTESIAN_POINT('',(2.903498933375,-1.992534472025,
    11.106443412864));
#4230 = CARTESIAN_POINT('',(2.736203030667,-2.210960566007,
    11.097121477311));
#4231 = CARTESIAN_POINT('',(2.5501552479,-2.412757946859,11.087798933198
    ));
#4232 = CARTESIAN_POINT('',(2.143732909315,-2.780258109181,
    11.069111780085));
#4233 = CARTESIAN_POINT('',(1.923130312741,-2.945837574742,
    11.059744267136));
#4234 = CARTESIAN_POINT('',(1.687730551832,-3.090882324646,
    11.050378015942));
#4235 = CARTESIAN_POINT('',(1.43984083437,-3.213852257021,
    11.041012396252));
#4236 = CARTESIAN_POINT('',(1.181931945532,-3.313521698573,
    11.031645888927));
#4237 = CARTESIAN_POINT('',(0.916625956842,-3.388985505047,
    11.022278097289));
#4238 = CARTESIAN_POINT('',(0.479104607527,-3.471245581972,
    11.007095105579));
#4239 = CARTESIAN_POINT('',(0.309696476894,-3.493230749597,
    11.001278378643));
#4240 = CARTESIAN_POINT('',(0.139149643342,-3.505564528043,
    10.995461728125));
#4241 = CARTESIAN_POINT('',(-3.187641211397E-02,-3.508180325558,
    10.989645142452));
#4242 = CARTESIAN_POINT('',(-0.202720715186,-3.501068027558,
    10.983828516338));
#4243 = CARTESIAN_POINT('',(-0.372722049054,-3.484274017409,
    10.978011828193));
#4244 = CARTESIAN_POINT('',(-0.85991793806,-3.408019594873,
    10.961193958212));
#4245 = CARTESIAN_POINT('',(-1.173348160878,-3.323854265021,
    10.950189512896));
#4246 = CARTESIAN_POINT('',(-1.476908223848,-3.206090548158,
    10.939187647065));
#4247 = CARTESIAN_POINT('',(-1.766342057962,-3.056192107939,
    10.928187422934));
#4248 = CARTESIAN_POINT('',(-2.037681196445,-2.8762142348,
    10.917185631213));
#4249 = CARTESIAN_POINT('',(-2.287274466036,-2.668788463203,
    10.906181214502));
#4250 = CARTESIAN_POINT('',(-2.748149257668,-2.193801992207,
    10.883609695614));
#4251 = CARTESIAN_POINT('',(-2.956944914914,-1.923521057399,
    10.872035097389));
#4252 = CARTESIAN_POINT('',(-3.134477228614,-1.630300265909,
    10.860463624854));
#4253 = CARTESIAN_POINT('',(-3.27785504931,-1.318519154694,
    10.848893129528));
#4254 = CARTESIAN_POINT('',(-3.384911821036,-0.992888962341,
    10.837321485664));
#4255 = CARTESIAN_POINT('',(-3.45420444307,-0.658455164646,
    10.825746605714));
#4256 = CARTESIAN_POINT('',(-3.491172591752,-0.256607698812,
    10.811983535714));
#4257 = CARTESIAN_POINT('',(-3.495690314976,-0.192458870329,
    10.809790806742));
#4258 = CARTESIAN_POINT('',(-3.498832724684,-0.128219127184,
    10.807598089462));
#4259 = CARTESIAN_POINT('',(-3.500597709014,-6.392386001406E-02,
    10.805405384673));
#4260 = CARTESIAN_POINT('',(-3.500984296045,3.915136088218E-04,
    10.803212692878));
#4261 = CARTESIAN_POINT('',(-3.499992653794,6.469154917685E-02,
    10.801020014282));
#4262 = CARTESIAN_POINT('',(-3.489754132152,0.342419830813,
    10.791541842244));
#4263 = CARTESIAN_POINT('',(-3.466682274586,0.555351009322,
    10.784256049295));
#4264 = CARTESIAN_POINT('',(-3.428454128457,0.766413002736,
    10.776970695159));
#4265 = CARTESIAN_POINT('',(-3.375262030902,0.97431659169,
    10.769685632273));
#4266 = CARTESIAN_POINT('',(-3.307427817584,1.17780387177,
    10.762400420759));
#4267 = CARTESIAN_POINT('',(-3.225401949156,1.375651665362,
    10.755114902184));
#4268 = CARTESIAN_POINT('',(-3.055248493614,1.71556984265,
    10.742151582273));
#4269 = CARTESIAN_POINT('',(-2.97245262718,1.860326999452,
    10.736473256061));
#4270 = CARTESIAN_POINT('',(-2.881669890195,2.000395057917,
    10.730794972671));
#4271 = CARTESIAN_POINT('',(-2.783221205943,2.135247400298,
    10.725116684014));
#4272 = CARTESIAN_POINT('',(-2.677469269127,2.264387218219,
    10.719438269041));
#4273 = CARTESIAN_POINT('',(-2.564817891633,2.387348408234,
    10.713759693522));
#4274 = CARTESIAN_POINT('',(-2.195219081866,2.748387382062,
    10.696138700274));
#4275 = CARTESIAN_POINT('',(-1.91606178639,2.963940578718,
    10.684191004546));
#4276 = CARTESIAN_POINT('',(-1.612483253691,3.146130652527,
    10.672247122388));
#4277 = CARTESIAN_POINT('',(-1.289314320373,3.291794105274,
    10.660304568425));
#4278 = CARTESIAN_POINT('',(-0.951752291148,3.398588703948,
    10.648360897132));
#4279 = CARTESIAN_POINT('',(-0.605366053055,3.464989425684,
    10.636413363437));
#4280 = CARTESIAN_POINT('',(-9.39563959474E-02,3.502515575531,
    10.618925085227));
#4281 = CARTESIAN_POINT('',(6.886927958356E-02,3.505625050493,
    10.613379151593));
#4282 = CARTESIAN_POINT('',(0.231765957101,3.499901725142,
    10.607833312474));
#4283 = CARTESIAN_POINT('',(0.394159204031,3.485350203805,
    10.602287522469));
#4284 = CARTESIAN_POINT('',(0.555478285023,3.4620216356,10.596741664954)
  );
#4285 = CARTESIAN_POINT('',(0.71515713042,3.430013619561,10.591195696174
    ));
#4286 = CARTESIAN_POINT('',(1.109932333415,3.328376853812,
    10.577292902948));
#4287 = CARTESIAN_POINT('',(1.342263332854,3.24789533294,10.568935085871
    ));
#4288 = CARTESIAN_POINT('',(1.567683926077,3.148518972943,
    10.560577758409));
#4289 = CARTESIAN_POINT('',(1.784366716818,3.030980049016,
    10.552220708991));
#4290 = CARTESIAN_POINT('',(1.99058961447,2.896212697376,10.543863261518
    ));
#4291 = CARTESIAN_POINT('',(2.184742312958,2.745349402307,
    10.535505353967));
#4292 = CARTESIAN_POINT('',(2.56912690121,2.392910560183,10.517719740065
    ));
#4293 = CARTESIAN_POINT('',(2.755717752688,2.187260375558,
    10.508289764553));
#4294 = CARTESIAN_POINT('',(2.922977164715,1.964749192408,
    10.498861312099));
#4295 = CARTESIAN_POINT('',(3.069123271549,1.727575538498,
    10.489434137266));
#4296 = CARTESIAN_POINT('',(3.192680026656,1.478134815289,
    10.480006425414));
#4297 = CARTESIAN_POINT('',(3.292484711099,1.219007127349,
    10.470576965981));
#4298 = CARTESIAN_POINT('',(3.405304113771,0.820314044394,10.45644569746
    ));
#4299 = CARTESIAN_POINT('',(3.436749298902,0.685915417521,
    10.451743007255));
#4300 = CARTESIAN_POINT('',(3.462001420195,0.550128591278,
    10.447040108598));
#4301 = CARTESIAN_POINT('',(3.480988596435,0.413296105928,
    10.442336997539));
#4302 = CARTESIAN_POINT('',(3.493662820361,0.275763985442,
    10.437633741968));
#4303 = CARTESIAN_POINT('',(3.5,0.137881345251,10.432930624218));
#4304 = CARTESIAN_POINT('',(3.5,-8.077982727173E-13,10.42822828367));
#4305 = ORIENTED_EDGE('',*,*,#3761,.T.);
#4306 = ORIENTED_EDGE('',*,*,#4110,.T.);
#4307 = ORIENTED_EDGE('',*,*,#4308,.F.);
#4308 = EDGE_CURVE('',#4216,#4111,#4309,.T.);
#4309 = B_SPLINE_CURVE_WITH_KNOTS('',1,(#4310,#4311),.UNSPECIFIED.,.F.,
  .F.,(2,2),(0.,0.65425),.PIECEWISE_BEZIER_KNOTS.);
#4310 = CARTESIAN_POINT('',(3.511004147613,3.68884261E-09,
    10.421874891834));
#4311 = CARTESIAN_POINT('',(2.944410243304,-1.8628812083E-07,
    10.74900546225));
#4312 = B_SPLINE_SURFACE_WITH_KNOTS('',1,9,(
    (#4313,#4314,#4315,#4316,#4317,#4318,#4319,#4320,#4321,#4322,#4323
      ,#4324,#4325,#4326,#4327,#4328,#4329,#4330,#4331,#4332,#4333,#4334
      ,#4335,#4336,#4337,#4338,#4339,#4340,#4341,#4342,#4343)
    ,(#4344,#4345,#4346,#4347,#4348,#4349,#4350,#4351,#4352,#4353,#4354
      ,#4355,#4356,#4357,#4358,#4359,#4360,#4361,#4362,#4363,#4364,#4365
      ,#4366,#4367,#4368,#4369,#4370,#4371,#4372,#4373,#4374
  )),.UNSPECIFIED.,.F.,.F.,.F.,(2,2),(10,7,7,7,10),(0.,0.65425),(0.,
    1.581947328539,3.163894657078,4.745841985618,6.327789314157),
  .UNSPECIFIED.);
#4313 = CARTESIAN_POINT('',(3.51100311071,2.76658563E-09,11.17187491888)
  );
#4314 = CARTESIAN_POINT('',(3.51100350817,-0.612785317593,
    11.151041575193));
#4315 = CARTESIAN_POINT('',(3.390711563768,-1.225567535685,
    11.13020818161));
#4316 = CARTESIAN_POINT('',(3.150041114427,-1.811360396365,
    11.109374909991));
#4317 = CARTESIAN_POINT('',(2.796134833809,-2.3431468197,11.088541607029
    ));
#4318 = CARTESIAN_POINT('',(2.343136818918,-2.796148259615,
    11.067708258105));
#4319 = CARTESIAN_POINT('',(1.811353162966,-3.150043443187,
    11.046874909217));
#4320 = CARTESIAN_POINT('',(1.225573812499,-3.3906829202,11.026041565121
    ));
#4321 = CARTESIAN_POINT('',(6.5254115733E-06,-3.631323949555,
    10.984374893226));
#4322 = CARTESIAN_POINT('',(-1.225570635332,-3.390684036153,
    10.942708239554));
#4323 = CARTESIAN_POINT('',(-1.811360625123,-3.150044058997,
    10.921874914364));
#4324 = CARTESIAN_POINT('',(-2.343151939711,-2.796150128461,
    10.90104158157));
#4325 = CARTESIAN_POINT('',(-2.796155717812,-2.343144804286,
    10.880208241891));
#4326 = CARTESIAN_POINT('',(-3.150045325682,-1.811356153743,
    10.859374902905));
#4327 = CARTESIAN_POINT('',(-3.390681625272,-1.225570787979,
    10.838541569201));
#4328 = CARTESIAN_POINT('',(-3.63131820683,1.494512546E-08,
    10.796874905357));
#4329 = CARTESIAN_POINT('',(-3.390681405858,1.225570774788,
    10.755208241514));
#4330 = CARTESIAN_POINT('',(-3.150045108778,1.811356072155,
    10.734374907811));
#4331 = CARTESIAN_POINT('',(-2.796156031523,2.343144836472,
    10.713541568823));
#4332 = CARTESIAN_POINT('',(-2.343152515744,2.796150604321,
    10.692708229145));
#4333 = CARTESIAN_POINT('',(-1.811360904286,3.150044705385,
    10.67187489635));
#4334 = CARTESIAN_POINT('',(-1.225570688124,3.390684073928,
    10.651041571161));
#4335 = CARTESIAN_POINT('',(6.52940888348E-06,3.631323039268,
    10.609374917488));
#4336 = CARTESIAN_POINT('',(1.225573759707,3.390682379517,
    10.567708245593));
#4337 = CARTESIAN_POINT('',(1.81135453762,3.150042536659,10.546874901501
    ));
#4338 = CARTESIAN_POINT('',(2.343133781292,2.796152493628,10.5260415526)
  );
#4339 = CARTESIAN_POINT('',(2.79614069134,2.343146519129,10.505208203702
    ));
#4340 = CARTESIAN_POINT('',(3.150040494327,1.811359394281,
    10.484374900709));
#4341 = CARTESIAN_POINT('',(3.390707219947,1.225567386059,10.46354162911
    ));
#4342 = CARTESIAN_POINT('',(3.511003749991,0.612785324049,
    10.442708235522));
#4343 = CARTESIAN_POINT('',(3.511004147613,3.68884261E-09,
    10.421874891834));
#4344 = CARTESIAN_POINT('',(2.944408402366,-1.397162408E-07,
    11.499004096694));
#4345 = CARTESIAN_POINT('',(2.944409082789,-0.513917386216,
    11.478171286164));
#4346 = CARTESIAN_POINT('',(2.843527412917,-1.027772585945,
    11.457340995025));
#4347 = CARTESIAN_POINT('',(2.641711225854,-1.519037461407,
    11.436504545293));
#4348 = CARTESIAN_POINT('',(2.344904560773,-1.96502136354,
    11.415669678699));
#4349 = CARTESIAN_POINT('',(1.964999786379,-2.344919210276,
    11.39483713271));
#4350 = CARTESIAN_POINT('',(1.51904197554,-2.641698241373,
    11.374004584498));
#4351 = CARTESIAN_POINT('',(1.027794409819,-2.843505817718,
    11.353171794667));
#4352 = CARTESIAN_POINT('',(6.53319440896E-06,-3.045313178848,
    11.311505391983));
#4353 = CARTESIAN_POINT('',(-1.027793237618,-2.843506355579,
    11.269838069217));
#4354 = CARTESIAN_POINT('',(-1.519052097107,-2.641699182674,
    11.249004324692));
#4355 = CARTESIAN_POINT('',(-1.965022969591,-2.34491463128,
    11.228170964147));
#4356 = CARTESIAN_POINT('',(-2.344920072745,-1.96501594312,
    11.207337951193));
#4357 = CARTESIAN_POINT('',(-2.641699862175,-1.519048620735,
    11.186504903328));
#4358 = CARTESIAN_POINT('',(-2.843503768706,-1.027794835089,
    11.1656715887));
#4359 = CARTESIAN_POINT('',(-3.045307594712,2.0104886478E-07,
    11.124004779473));
#4360 = CARTESIAN_POINT('',(-2.843503261357,1.027795137571,
    11.082337970245));
#4361 = CARTESIAN_POINT('',(-2.64169930298,1.519048778654,
    11.061504655618));
#4362 = CARTESIAN_POINT('',(-2.344920404499,1.965016269022,
    11.040671607751));
#4363 = CARTESIAN_POINT('',(-1.965023723535,2.344915701347,
    11.019838594798));
#4364 = CARTESIAN_POINT('',(-1.519052289966,2.641700504385,
    10.999005234253));
#4365 = CARTESIAN_POINT('',(-1.027793005444,2.843506540442,
    10.978171489729));
#4366 = CARTESIAN_POINT('',(6.88932162871E-06,3.045311562708,
    10.936504166961));
#4367 = CARTESIAN_POINT('',(1.027794641991,2.843504739982,
    10.894837764278));
#4368 = CARTESIAN_POINT('',(1.519042329404,2.641700068321,
    10.874004974407));
#4369 = CARTESIAN_POINT('',(1.965000806488,2.344917218018,
    10.853172426333));
#4370 = CARTESIAN_POINT('',(2.344909041145,1.965029845335,
    10.832339880158));
#4371 = CARTESIAN_POINT('',(2.641712688519,1.519031769006,
    10.811505013672));
#4372 = CARTESIAN_POINT('',(2.843519818623,1.027771994392,
    10.790668563929));
#4373 = CARTESIAN_POINT('',(2.944409571007,0.513917060211,
    10.769838272781));
#4374 = CARTESIAN_POINT('',(2.944410243304,-1.8628812083E-07,
    10.74900546225));
#4375 = ADVANCED_FACE('',(#4376),#4471,.T.);
#4376 = FACE_BOUND('',#4377,.F.);
#4377 = EDGE_LOOP('',(#4378,#4463,#4469,#4470));
#4378 = ORIENTED_EDGE('',*,*,#4379,.T.);
#4379 = EDGE_CURVE('',#3833,#4380,#4382,.T.);
#4380 = VERTEX_POINT('',#4381);
#4381 = CARTESIAN_POINT('',(3.5,-3.177001146871E-13,10.321772320627));
#4382 = B_SPLINE_CURVE_WITH_KNOTS('',7,(#4383,#4384,#4385,#4386,#4387,
    #4388,#4389,#4390,#4391,#4392,#4393,#4394,#4395,#4396,#4397,#4398,
    #4399,#4400,#4401,#4402,#4403,#4404,#4405,#4406,#4407,#4408,#4409,
    #4410,#4411,#4412,#4413,#4414,#4415,#4416,#4417,#4418,#4419,#4420,
    #4421,#4422,#4423,#4424,#4425,#4426,#4427,#4428,#4429,#4430,#4431,
    #4432,#4433,#4434,#4435,#4436,#4437,#4438,#4439,#4440,#4441,#4442,
    #4443,#4444,#4445,#4446,#4447,#4448,#4449,#4450,#4451,#4452,#4453,
    #4454,#4455,#4456,#4457,#4458,#4459,#4460,#4461,#4462),
  .UNSPECIFIED.,.F.,.F.,(8,6,6,6,6,6,6,6,6,6,6,6,6,8),(0.,
    4.496173989963E-02,0.13439978469,0.22040239789,0.272755422819,
    0.376330371969,0.502528403831,0.519456096326,0.62645252496,
    0.736834240889,0.786981984526,0.867915565062,0.956582031105,1.),
  .UNSPECIFIED.);
#4383 = CARTESIAN_POINT('',(3.5,-2.939870569207E-13,11.071772777225));
#4384 = CARTESIAN_POINT('',(3.5,-0.141239927291,11.066955801796));
#4385 = CARTESIAN_POINT('',(3.49335032289,-0.282481325447,
    11.062137898838));
#4386 = CARTESIAN_POINT('',(3.480051121095,-0.423345897074,
    11.057319852045));
#4387 = CARTESIAN_POINT('',(3.460128927319,-0.563458400267,
    11.052502006401));
#4388 = CARTESIAN_POINT('',(3.433636594825,-0.70244709787,
    11.047684441244));
#4389 = CARTESIAN_POINT('',(3.400653237715,-0.839944206727,
    11.042867143338));
#4390 = CARTESIAN_POINT('',(3.28297109123,-1.245406150159,
    11.028468260081));
#4391 = CARTESIAN_POINT('',(3.1793751932,-1.507938711964,11.018885822863
    ));
#4392 = CARTESIAN_POINT('',(3.051330372412,-1.760255276032,
    11.009305333002));
#4393 = CARTESIAN_POINT('',(2.900082511805,-1.999659298196,
    10.999725377601));
#4394 = CARTESIAN_POINT('',(2.7272086859,-2.223654375509,10.990143946477
    ));
#4395 = CARTESIAN_POINT('',(2.534608930231,-2.429957439056,
    10.980560795503));
#4396 = CARTESIAN_POINT('',(2.122600068627,-2.795989442106,
    10.961765043844));
#4397 = CARTESIAN_POINT('',(1.904440785787,-2.957259986792,
    10.952549485427));
#4398 = CARTESIAN_POINT('',(1.672104298356,-3.098565313578,
    10.94333471593));
#4399 = CARTESIAN_POINT('',(1.427795451514,-3.218453032111,
    10.934120634673));
#4400 = CARTESIAN_POINT('',(1.173871227261,-3.315766523586,
    10.924906123018));
#4401 = CARTESIAN_POINT('',(0.912829477571,-3.389650470543,
    10.915690801313));
#4402 = CARTESIAN_POINT('',(0.485706507406,-3.470033964891,
    10.900868151366));
#4403 = CARTESIAN_POINT('',(0.322414786536,-3.491591026211,
    10.895259276357));
#4404 = CARTESIAN_POINT('',(0.158040805431,-3.504178072388,
    10.889650520874));
#4405 = CARTESIAN_POINT('',(-6.824409152363E-03,-3.507733499873,
    10.884041834031));
#4406 = CARTESIAN_POINT('',(-0.171588261914,-3.50224452335,
    10.878433087414));
#4407 = CARTESIAN_POINT('',(-0.335657607657,-3.48774720042,
    10.872824232431));
#4408 = CARTESIAN_POINT('',(-0.820487143589,-3.41799097929,
    10.856119087172));
#4409 = CARTESIAN_POINT('',(-1.137609589962,-3.336713112279,
    10.845019216721));
#4410 = CARTESIAN_POINT('',(-1.445072563851,-3.221137279893,
    10.83392164541));
#4411 = CARTESIAN_POINT('',(-1.7384927641,-3.072719160482,
    10.822825498842));
#4412 = CARTESIAN_POINT('',(-2.013778017743,-2.893528648355,
    10.811727773087));
#4413 = CARTESIAN_POINT('',(-2.267158557836,-2.686234064388,
    10.800627762311));
#4414 = CARTESIAN_POINT('',(-2.773294137351,-2.171634511003,
    10.776011277845));
#4415 = CARTESIAN_POINT('',(-3.01411744343,-1.852075788492,
    10.762482393613));
#4416 = CARTESIAN_POINT('',(-3.211524500484,-1.501782359581,
    10.748961693758));
#4417 = CARTESIAN_POINT('',(-3.361110010477,-1.127909307854,
    10.73544321102));
#4418 = CARTESIAN_POINT('',(-3.459806992809,-0.738122211624,
    10.721922610538));
#4419 = CARTESIAN_POINT('',(-3.505869525798,-0.340640183823,
    10.7083937992));
#4420 = CARTESIAN_POINT('',(-3.498709273349,0.108908484527,
    10.693060125293));
#4421 = CARTESIAN_POINT('',(-3.496919992444,0.162062284294,
    10.691246579972));
#4422 = CARTESIAN_POINT('',(-3.494188604788,0.215181018149,
    10.689433025962));
#4423 = CARTESIAN_POINT('',(-3.490515962599,0.268244649826,
    10.687619463494));
#4424 = CARTESIAN_POINT('',(-3.485903449875,0.321233182207,
    10.685805892835));
#4425 = CARTESIAN_POINT('',(-3.480352982401,0.374126657328,
    10.683992314291));
#4426 = CARTESIAN_POINT('',(-3.432870508947,0.760507087536,
    10.670715427205));
#4427 = CARTESIAN_POINT('',(-3.354483067165,1.089634187512,
    10.65924786086));
#4428 = CARTESIAN_POINT('',(-3.239305331386,1.409038804699,
    10.647783007246));
#4429 = CARTESIAN_POINT('',(-3.088875749101,1.713865797876,
    10.636319998781));
#4430 = CARTESIAN_POINT('',(-2.905431649862,1.999581507303,
    10.624855340358));
#4431 = CARTESIAN_POINT('',(-2.691890646892,2.262011427898,
    10.613388108385));
#4432 = CARTESIAN_POINT('',(-2.20462576184,2.740411999576,
    10.590099473045));
#4433 = CARTESIAN_POINT('',(-1.929022824583,2.954835491768,
    10.578269431078));
#4434 = CARTESIAN_POINT('',(-1.629350992508,3.136648758143,
    10.566443529731));
#4435 = CARTESIAN_POINT('',(-1.310285098832,3.282758364652,
    10.554618955006));
#4436 = CARTESIAN_POINT('',(-0.97685836077,3.390859891054,10.54279291388
    ));
#4437 = CARTESIAN_POINT('',(-0.634465987498,3.459434244615,
    10.530962753512));
#4438 = CARTESIAN_POINT('',(-0.131910833854,3.501059186602,
    10.513764633903));
#4439 = CARTESIAN_POINT('',(2.57676882982E-02,3.505818673767,
    10.508391988671));
#4440 = CARTESIAN_POINT('',(0.183607635166,3.502291299694,
    10.503019380699));
#4441 = CARTESIAN_POINT('',(0.341086819419,3.490475020476,
    10.497646801804));
#4442 = CARTESIAN_POINT('',(0.497685742136,3.470408824256,
    10.492274185061));
#4443 = CARTESIAN_POINT('',(0.652888405748,3.442172660344,
    10.486901521976));
#4444 = CARTESIAN_POINT('',(1.053585896652,3.347326436361,
    10.472858218889));
#4445 = CARTESIAN_POINT('',(1.296054821181,3.267792095499,
    10.464186538151));
#4446 = CARTESIAN_POINT('',(1.531403761171,3.167792936738,
    10.455515717579));
#4447 = CARTESIAN_POINT('',(1.757579639575,3.048118013408,
    10.446845507638));
#4448 = CARTESIAN_POINT('',(1.972648309246,2.909790715537,
    10.438174879581));
#4449 = CARTESIAN_POINT('',(2.174802507666,2.75406456648,10.429503390838
    ));
#4450 = CARTESIAN_POINT('',(2.567904719098,2.39446126535,10.411333486147
    ));
#4451 = CARTESIAN_POINT('',(2.755997500557,2.187349277934,
    10.401832440441));
#4452 = CARTESIAN_POINT('',(2.924472073731,1.963115859047,
    10.392332164795));
#4453 = CARTESIAN_POINT('',(3.071506491787,1.724009460319,
    10.382832041284));
#4454 = CARTESIAN_POINT('',(3.195593701478,1.472480865012,
    10.373330977928));
#4455 = CARTESIAN_POINT('',(3.29554932551,1.211170511027,10.363829370252
    ));
#4456 = CARTESIAN_POINT('',(3.407333575503,0.811591150574,
    10.349678736058));
#4457 = CARTESIAN_POINT('',(3.438107369128,0.678572098212,
    10.345027401941));
#4458 = CARTESIAN_POINT('',(3.462818308717,0.544209186669,
    10.340376334296));
#4459 = CARTESIAN_POINT('',(3.481397562497,0.408834077453,
    10.335725517528));
#4460 = CARTESIAN_POINT('',(3.493799150563,0.272781765044,
    10.331074805303));
#4461 = CARTESIAN_POINT('',(3.5,0.136390214657,10.326423898079));
#4462 = CARTESIAN_POINT('',(3.5,-6.359357485053E-13,10.321772320627));
#4463 = ORIENTED_EDGE('',*,*,#4464,.T.);
#4464 = EDGE_CURVE('',#4380,#4216,#4465,.T.);
#4465 = LINE('',#4466,#4467);
#4466 = CARTESIAN_POINT('',(3.5,0.,6.14));
#4467 = VECTOR('',#4468,1.);
#4468 = DIRECTION('',(0.,0.,1.));
#4469 = ORIENTED_EDGE('',*,*,#4215,.F.);
#4470 = ORIENTED_EDGE('',*,*,#3917,.F.);
#4471 = CYLINDRICAL_SURFACE('',#4472,3.5);
#4472 = AXIS2_PLACEMENT_3D('',#4473,#4474,#4475);
#4473 = CARTESIAN_POINT('',(0.,0.,6.14));
#4474 = DIRECTION('',(-0.,-0.,-1.));
#4475 = DIRECTION('',(1.,0.,0.));
#4476 = ADVANCED_FACE('',(#4477),#4577,.T.);
#4477 = FACE_BOUND('',#4478,.T.);
#4478 = EDGE_LOOP('',(#4479,#4570,#4571,#4572));
#4479 = ORIENTED_EDGE('',*,*,#4480,.F.);
#4480 = EDGE_CURVE('',#3934,#4481,#4483,.T.);
#4481 = VERTEX_POINT('',#4482);
#4482 = CARTESIAN_POINT('',(3.136,-6.1023941E-08,10.111621594111));
#4483 = B_SPLINE_CURVE_WITH_KNOTS('',7,(#4484,#4485,#4486,#4487,#4488,
    #4489,#4490,#4491,#4492,#4493,#4494,#4495,#4496,#4497,#4498,#4499,
    #4500,#4501,#4502,#4503,#4504,#4505,#4506,#4507,#4508,#4509,#4510,
    #4511,#4512,#4513,#4514,#4515,#4516,#4517,#4518,#4519,#4520,#4521,
    #4522,#4523,#4524,#4525,#4526,#4527,#4528,#4529,#4530,#4531,#4532,
    #4533,#4534,#4535,#4536,#4537,#4538,#4539,#4540,#4541,#4542,#4543,
    #4544,#4545,#4546,#4547,#4548,#4549,#4550,#4551,#4552,#4553,#4554,
    #4555,#4556,#4557,#4558,#4559,#4560,#4561,#4562,#4563,#4564,#4565,
    #4566,#4567,#4568,#4569),.UNSPECIFIED.,.F.,.F.,(8,6,6,6,6,6,6,6,6,6,
    6,6,6,6,8),(0.,4.484973816296E-02,0.133133694506,0.21845966337,
    0.26948872588,0.376036467995,0.500853452255,0.530389190884,
    0.626389151412,0.734896608866,0.785608254292,0.867558341749,
    0.956640141824,0.976380475305,1.),.UNSPECIFIED.);
#4484 = CARTESIAN_POINT('',(3.136,-9.153579672E-08,10.861620857847));
#4485 = CARTESIAN_POINT('',(3.135999996315,-0.126237186807,
    10.856816054832));
#4486 = CARTESIAN_POINT('',(3.130071405651,-0.252475354973,
    10.852010377685));
#4487 = CARTESIAN_POINT('',(3.118214385522,-0.378378320388,
    10.847204527062));
#4488 = CARTESIAN_POINT('',(3.100452489378,-0.503612403715,
    10.842398815109));
#4489 = CARTESIAN_POINT('',(3.076832611674,-0.627846981506,
    10.837593319197));
#4490 = CARTESIAN_POINT('',(3.047424932948,-0.750754945795,
    10.832788035655));
#4491 = CARTESIAN_POINT('',(2.943226598775,-1.110702521802,
    10.818524681727));
#4492 = CARTESIAN_POINT('',(2.85205376977,-1.34304260913,10.80906574416)
  );
#4493 = CARTESIAN_POINT('',(2.739520856752,-1.566513429349,
    10.799608519818));
#4494 = CARTESIAN_POINT('',(2.60669410865,-1.778787463036,
    10.790151805529));
#4495 = CARTESIAN_POINT('',(2.454923980239,-1.977706413459,
    10.780693825666));
#4496 = CARTESIAN_POINT('',(2.285837363001,-2.161293721528,
    10.771234360792));
#4497 = CARTESIAN_POINT('',(1.923117918156,-2.48873302668,
    10.752634693107));
#4498 = CARTESIAN_POINT('',(1.730444727321,-2.633757802098,
    10.743491770607));
#4499 = CARTESIAN_POINT('',(1.525113792658,-2.761287521509,
    10.734349613039));
#4500 = CARTESIAN_POINT('',(1.309042483898,-2.870032855499,
    10.725208079154));
#4501 = CARTESIAN_POINT('',(1.084283840693,-2.958960556023,
    10.716066111458));
#4502 = CARTESIAN_POINT('',(0.85301569148,-3.027298923521,
    10.706923372433));
#4503 = CARTESIAN_POINT('',(0.476737840397,-3.102877124639,
    10.69231499519));
#4504 = CARTESIAN_POINT('',(0.334407005092,-3.123637220127,
    10.686847942857));
#4505 = CARTESIAN_POINT('',(0.191049077424,-3.136775752319,
    10.681380979752));
#4506 = CARTESIAN_POINT('',(4.715366421552E-02,-3.142234620685,
    10.675914062806));
#4507 = CARTESIAN_POINT('',(-9.678767889391E-02,-3.139995175316,
    10.670447085948));
#4508 = CARTESIAN_POINT('',(-0.240282359066,-3.130078248927,
    10.664980010259));
#4509 = CARTESIAN_POINT('',(-0.680490494685,-3.075933394623,
    10.648097965155));
#4510 = CARTESIAN_POINT('',(-0.974158775272,-3.006101168771,
    10.636679046453));
#4511 = CARTESIAN_POINT('',(-1.259207984584,-2.903580138449,
    10.625262690817));
#4512 = CARTESIAN_POINT('',(-1.531339354692,-2.769726085388,
    10.61384795431));
#4513 = CARTESIAN_POINT('',(-1.786536455158,-2.606514415366,
    10.602431492022));
#4514 = CARTESIAN_POINT('',(-2.021101837157,-2.416522404675,
    10.591012492059));
#4515 = CARTESIAN_POINT('',(-2.478590262806,-1.95307702664,
    10.566225336414));
#4516 = CARTESIAN_POINT('',(-2.69287343683,-1.67064248496,
    10.552845122241));
#4517 = CARTESIAN_POINT('',(-2.86922152908,-1.36113825594,
    10.539472398963));
#4518 = CARTESIAN_POINT('',(-3.003779400516,-1.030746809246,
    10.526101838184));
#4519 = CARTESIAN_POINT('',(-3.093845085249,-0.686102376056,
    10.512729151688));
#4520 = CARTESIAN_POINT('',(-3.137857332839,-0.334321757699,
    10.499348967901));
#4521 = CARTESIAN_POINT('',(-3.135503579222,0.100121918246,
    10.482812391896));
#4522 = CARTESIAN_POINT('',(-3.132482114805,0.183240019728,
    10.47964805055));
#4523 = CARTESIAN_POINT('',(-3.126890117348,0.266248630325,
    10.47648368161));
#4524 = CARTESIAN_POINT('',(-3.118732529141,0.349052382763,
    10.473319287977));
#4525 = CARTESIAN_POINT('',(-3.1080186994,0.431556366132,10.470154872488
    ));
#4526 = CARTESIAN_POINT('',(-3.09476238427,0.513666125888,10.46699043792
    ));
#4527 = CARTESIAN_POINT('',(-3.027689968035,0.860582008484,
    10.453540577557));
#4528 = CARTESIAN_POINT('',(-2.949718213254,1.120779473874,
    10.44325273575));
#4529 = CARTESIAN_POINT('',(-2.845689348088,1.372551668091,
    10.432966458152));
#4530 = CARTESIAN_POINT('',(-2.716743438631,1.612808423567,
    10.42268129569));
#4531 = CARTESIAN_POINT('',(-2.56442850971,1.838665421357,
    10.412395280161));
#4532 = CARTESIAN_POINT('',(-2.390689606953,2.047464556707,
    10.402107871572));
#4533 = CARTESIAN_POINT('',(-1.980112156418,2.450903513029,
    10.380197991781));
#4534 = CARTESIAN_POINT('',(-1.737867422924,2.640285845803,
    10.368569221504));
#4535 = CARTESIAN_POINT('',(-1.474713168723,2.801505607182,
    10.356943719206));
#4536 = CARTESIAN_POINT('',(-1.194606946724,2.931915233126,
    10.345320141014));
#4537 = CARTESIAN_POINT('',(-0.901834848049,3.029519204807,
    10.333694440558));
#4538 = CARTESIAN_POINT('',(-0.600970520789,3.092993160721,
    10.322065476716));
#4539 = CARTESIAN_POINT('',(-0.154836233081,3.13542585959,
    10.305007470301));
#4540 = CARTESIAN_POINT('',(-1.202139305762E-02,3.141395409968,
    10.29957433376));
#4541 = CARTESIAN_POINT('',(0.131028524941,3.13977371804,10.294141243743
    ));
#4542 = CARTESIAN_POINT('',(0.273829698953,3.130553426909,
    10.288708192699));
#4543 = CARTESIAN_POINT('',(0.415900348009,3.113765647311,
    10.283275114841));
#4544 = CARTESIAN_POINT('',(0.55676161565,3.089479900304,10.277842004778
    ));
#4545 = CARTESIAN_POINT('',(0.920848411176,3.006615859171,10.26362935152
    ));
#4546 = CARTESIAN_POINT('',(1.141392575641,2.936121632427,
    10.254848763454));
#4547 = CARTESIAN_POINT('',(1.355533740741,2.846776796111,
    10.246069101807));
#4548 = CARTESIAN_POINT('',(1.561356594763,2.739302006616,
    10.237290078366));
#4549 = CARTESIAN_POINT('',(1.757056124137,2.614639772631,
    10.228510601689));
#4550 = CARTESIAN_POINT('',(1.940946311331,2.473949922762,
    10.219730193203));
#4551 = CARTESIAN_POINT('',(2.296873443999,2.14982241816,10.201406762852
    ));
#4552 = CARTESIAN_POINT('',(2.46654089604,1.963680249833,10.191861088486
    ));
#4553 = CARTESIAN_POINT('',(2.618491482129,1.762020985372,
    10.182316085192));
#4554 = CARTESIAN_POINT('',(2.751065559731,1.546885184217,
    10.172771102857));
#4555 = CARTESIAN_POINT('',(2.862890964061,1.320499604898,
    10.163225139927));
#4556 = CARTESIAN_POINT('',(2.952891108191,1.085264019192,
    10.153678769177));
#4557 = CARTESIAN_POINT('',(3.035303708374,0.790262338189,
    10.142020227603));
#4558 = CARTESIAN_POINT('',(3.049147217016,0.736439979579,
    10.139905421532));
#4559 = CARTESIAN_POINT('',(3.061876910605,0.682336057322,
    10.137790674161));
#4560 = CARTESIAN_POINT('',(3.073485975153,0.627978244348,
    10.135675986828));
#4561 = CARTESIAN_POINT('',(3.083968461872,0.573394392304,
    10.133561356719));
#4562 = CARTESIAN_POINT('',(3.093319287178,0.518612531551,
    10.131446776865));
#4563 = CARTESIAN_POINT('',(3.111363504753,0.397910609106,
    10.126802165062));
#4564 = CARTESIAN_POINT('',(3.119566618212,0.331917175284,
    10.124272146144));
#4565 = CARTESIAN_POINT('',(3.12613634499,0.265728931253,10.121742163556
    ));
#4566 = CARTESIAN_POINT('',(3.131067262044,0.199394379021,
    10.119212182007));
#4567 = CARTESIAN_POINT('',(3.134355751371,0.13296216105,10.116682146744
    ));
#4568 = CARTESIAN_POINT('',(3.136,6.648106025336E-02,10.114151983553));
#4569 = CARTESIAN_POINT('',(3.136,-8.9E-16,10.111621598756));
#4570 = ORIENTED_EDGE('',*,*,#4026,.T.);
#4571 = ORIENTED_EDGE('',*,*,#4379,.T.);
#4572 = ORIENTED_EDGE('',*,*,#4573,.F.);
#4573 = EDGE_CURVE('',#4481,#4380,#4574,.T.);
#4574 = B_SPLINE_CURVE_WITH_KNOTS('',1,(#4575,#4576),.UNSPECIFIED.,.F.,
  .F.,(2,2),(0.,0.65425),.PIECEWISE_BEZIER_KNOTS.);
#4575 = CARTESIAN_POINT('',(2.944402889432,-1.8628936384E-07,
    10.001005462286));
#4576 = CARTESIAN_POINT('',(3.511003225921,3.68868718E-09,
    10.328124891839));
#4577 = B_SPLINE_SURFACE_WITH_KNOTS('',1,9,(
    (#4578,#4579,#4580,#4581,#4582,#4583,#4584,#4585,#4586,#4587,#4588
      ,#4589,#4590,#4591,#4592,#4593,#4594,#4595,#4596,#4597,#4598,#4599
      ,#4600,#4601,#4602,#4603,#4604,#4605,#4606,#4607,#4608)
    ,(#4609,#4610,#4611,#4612,#4613,#4614,#4615,#4616,#4617,#4618,#4619
      ,#4620,#4621,#4622,#4623,#4624,#4625,#4626,#4627,#4628,#4629,#4630
      ,#4631,#4632,#4633,#4634,#4635,#4636,#4637,#4638,#4639
  )),.UNSPECIFIED.,.F.,.F.,.F.,(2,2),(10,7,7,7,10),(0.,0.65425),(0.,
    1.581947328539,3.163894657078,4.745841985618,6.327789314157),
  .UNSPECIFIED.);
#4578 = CARTESIAN_POINT('',(2.944402886963,-1.3971694468E-07,
    10.751004096714));
#4579 = CARTESIAN_POINT('',(2.944402863528,-0.513916263402,
    10.73017128619));
#4580 = CARTESIAN_POINT('',(2.843517349816,-1.027770201475,
    10.709340995081));
#4581 = CARTESIAN_POINT('',(2.641706221048,-1.51903068247,
    10.688504545282));
#4582 = CARTESIAN_POINT('',(2.344901251721,-1.965023395543,
    10.667669678818));
#4583 = CARTESIAN_POINT('',(1.964996184851,-2.344911238258,
    10.646837132609));
#4584 = CARTESIAN_POINT('',(1.519038564728,-2.64169422725,10.62600458457
    ));
#4585 = CARTESIAN_POINT('',(1.027792122425,-2.84349912227,
    10.605171794698));
#4586 = CARTESIAN_POINT('',(6.54265832718E-06,-3.045305716714,
    10.563505392018));
#4587 = CARTESIAN_POINT('',(-1.027791032794,-2.843500176936,
    10.521838069244));
#4588 = CARTESIAN_POINT('',(-1.519049019797,-2.641693985549,
    10.501004324715));
#4589 = CARTESIAN_POINT('',(-1.965019181405,-2.344909932418,
    10.480170964169));
#4590 = CARTESIAN_POINT('',(-2.344915222492,-1.965011681919,
    10.459337951219));
#4591 = CARTESIAN_POINT('',(-2.641693893808,-1.519045233894,
    10.438504903357));
#4592 = CARTESIAN_POINT('',(-2.843497358061,-1.027792582842,
    10.417671588729));
#4593 = CARTESIAN_POINT('',(-3.045300939569,1.6863245201E-07,
    10.3760047795));
#4594 = CARTESIAN_POINT('',(-2.843497243737,1.02779289766,
    10.334337970271));
#4595 = CARTESIAN_POINT('',(-2.641693725096,1.519045526204,
    10.313504655644));
#4596 = CARTESIAN_POINT('',(-2.344915005663,1.965011941639,
    10.292671607781));
#4597 = CARTESIAN_POINT('',(-1.965018923133,2.344910151129,
    10.271838594832));
#4598 = CARTESIAN_POINT('',(-1.519048727958,2.641694155285,
    10.251005234286));
#4599 = CARTESIAN_POINT('',(-1.027790718071,2.843500290829,
    10.230171489757));
#4600 = CARTESIAN_POINT('',(6.87986185776E-06,3.045305714546,
    10.188504166982));
#4601 = CARTESIAN_POINT('',(1.027792437148,2.843499007179,
    10.146837764302));
#4602 = CARTESIAN_POINT('',(1.519038857626,2.641694059692,
    10.126004974431));
#4603 = CARTESIAN_POINT('',(1.964996444663,2.344911023564,10.10517242639
    ));
#4604 = CARTESIAN_POINT('',(2.34490147584,1.965023142384,10.084339880183
    ));
#4605 = CARTESIAN_POINT('',(2.641706390656,1.519030384789,
    10.063505013719));
#4606 = CARTESIAN_POINT('',(2.843517453282,1.027769886264,
    10.042668563919));
#4607 = CARTESIAN_POINT('',(2.944402920993,0.513915937396,10.02183827281
    ));
#4608 = CARTESIAN_POINT('',(2.944402889432,-1.8628936384E-07,
    10.001005462286));
#4609 = CARTESIAN_POINT('',(3.511002419441,2.7664977E-09,11.078124918882
    ));
#4610 = CARTESIAN_POINT('',(3.511002728684,-0.612785176866,
    11.057291575196));
#4611 = CARTESIAN_POINT('',(3.390710302517,-1.225567236829,
    11.036458181617));
#4612 = CARTESIAN_POINT('',(3.150039247772,-1.811360913218,
    11.015624909992));
#4613 = CARTESIAN_POINT('',(2.796137606053,-2.343143560558,
    10.994791607038));
#4614 = CARTESIAN_POINT('',(2.343133180542,-2.796150774269,
    10.973958258098));
#4615 = CARTESIAN_POINT('',(1.811353974856,-3.150041573594,
    10.953124909224));
#4616 = CARTESIAN_POINT('',(1.22557352581,-3.390682081031,
    10.932291565125));
#4617 = CARTESIAN_POINT('',(6.52659774242E-06,-3.631323014294,
    10.890624893231));
#4618 = CARTESIAN_POINT('',(-1.225570358993,-3.390683261758,
    10.848958239557));
#4619 = CARTESIAN_POINT('',(-1.811360239431,-3.150043407619,
    10.828124914367));
#4620 = CARTESIAN_POINT('',(-2.343151464922,-2.796149539533,
    10.807291581573));
#4621 = CARTESIAN_POINT('',(-2.796155109909,-2.343144270212,
    10.786458241895));
#4622 = CARTESIAN_POINT('',(-3.150044577641,-1.811355729256,
    10.765624902908));
#4623 = CARTESIAN_POINT('',(-3.390680821799,-1.225570505696,
    10.744791569204));
#4624 = CARTESIAN_POINT('',(-3.631317372713,1.088222414E-08,
    10.703124905361));
#4625 = CARTESIAN_POINT('',(-3.390680651644,1.225570494051,
    10.661458241517));
#4626 = CARTESIAN_POINT('',(-3.150044409678,1.811355664511,
    10.640624907814));
#4627 = CARTESIAN_POINT('',(-2.796155354864,2.343144294103,
    10.619791568827));
#4628 = CARTESIAN_POINT('',(-2.34315191409,2.796149908689,
    10.598958229149));
#4629 = CARTESIAN_POINT('',(-1.811360457844,3.150043909626,
    10.578124896354));
#4630 = CARTESIAN_POINT('',(-1.225570401438,3.390683290637,
    10.557291571164));
#4631 = CARTESIAN_POINT('',(6.52822324256E-06,3.631322306293,
    10.515624917491));
#4632 = CARTESIAN_POINT('',(1.225573483364,3.390681661001,
    10.473958245596));
#4633 = CARTESIAN_POINT('',(1.811354102487,3.150041783572,
    10.453124901504));
#4634 = CARTESIAN_POINT('',(2.343133234607,2.796151717251,
    10.432291552607));
#4635 = CARTESIAN_POINT('',(2.796139743148,2.34314567902,10.411458203705
    ));
#4636 = CARTESIAN_POINT('',(3.150039704989,1.811359220791,
    10.390624900715));
#4637 = CARTESIAN_POINT('',(3.390706923489,1.225567121839,
    10.369791629108));
#4638 = CARTESIAN_POINT('',(3.511002916516,0.612785183322,
    10.348958235526));
#4639 = CARTESIAN_POINT('',(3.511003225921,3.68868718E-09,
    10.328124891839));
#4640 = ADVANCED_FACE('',(#4641),#4742,.T.);
#4641 = FACE_BOUND('',#4642,.F.);
#4642 = EDGE_LOOP('',(#4643,#4644,#4645,#4736));
#4643 = ORIENTED_EDGE('',*,*,#4480,.F.);
#4644 = ORIENTED_EDGE('',*,*,#4201,.T.);
#4645 = ORIENTED_EDGE('',*,*,#4646,.T.);
#4646 = EDGE_CURVE('',#4111,#4647,#4649,.T.);
#4647 = VERTEX_POINT('',#4648);
#4648 = CARTESIAN_POINT('',(3.136,-7.6280548E-08,9.888390353755));
#4649 = B_SPLINE_CURVE_WITH_KNOTS('',7,(#4650,#4651,#4652,#4653,#4654,
    #4655,#4656,#4657,#4658,#4659,#4660,#4661,#4662,#4663,#4664,#4665,
    #4666,#4667,#4668,#4669,#4670,#4671,#4672,#4673,#4674,#4675,#4676,
    #4677,#4678,#4679,#4680,#4681,#4682,#4683,#4684,#4685,#4686,#4687,
    #4688,#4689,#4690,#4691,#4692,#4693,#4694,#4695,#4696,#4697,#4698,
    #4699,#4700,#4701,#4702,#4703,#4704,#4705,#4706,#4707,#4708,#4709,
    #4710,#4711,#4712,#4713,#4714,#4715,#4716,#4717,#4718,#4719,#4720,
    #4721,#4722,#4723,#4724,#4725,#4726,#4727,#4728,#4729,#4730,#4731,
    #4732,#4733,#4734,#4735),.UNSPECIFIED.,.F.,.F.,(8,6,6,6,6,6,6,6,6,6,
    6,6,6,6,8),(0.,4.600196557273E-02,0.133412610403,0.223832940179,
    0.277990084014,0.376878651952,0.468475963899,0.501477607511,
    0.57625424446,0.627256306723,0.740210070481,0.792657713418,
    0.867511260133,0.957937109038,1.),.UNSPECIFIED.);
#4650 = CARTESIAN_POINT('',(3.136,-1.2204863298E-07,10.638388553178));
#4651 = CARTESIAN_POINT('',(3.135999994961,-0.129483449642,
    10.633460290336));
#4652 = CARTESIAN_POINT('',(3.129762560397,-0.258968116576,
    10.628532935162));
#4653 = CARTESIAN_POINT('',(3.117287861257,-0.388091022773,
    10.623605759595));
#4654 = CARTESIAN_POINT('',(3.098601970749,-0.516492052762,
    10.618678335139));
#4655 = CARTESIAN_POINT('',(3.073756797213,-0.643814587663,
    10.613750478265));
#4656 = CARTESIAN_POINT('',(3.042830010993,-0.76970601718,
    10.608822195832));
#4657 = CARTESIAN_POINT('',(2.935799852166,-1.12965014064,
    10.594528615983));
#4658 = CARTESIAN_POINT('',(2.844077759319,-1.359099653358,
    10.585160961117));
#4659 = CARTESIAN_POINT('',(2.731471856673,-1.579727176524,
    10.575793623157));
#4660 = CARTESIAN_POINT('',(2.59902967486,-1.789279557499,
    10.566427254747));
#4661 = CARTESIAN_POINT('',(2.448071503886,-1.9856677306,10.557061003233
    ));
#4662 = CARTESIAN_POINT('',(2.280182955935,-2.166978549757,
    10.547694260874));
#4663 = CARTESIAN_POINT('',(1.908042176243,-2.501728552603,
    10.528642023051));
#4664 = CARTESIAN_POINT('',(1.702673451367,-2.654050185213,
    10.518953455645));
#4665 = CARTESIAN_POINT('',(1.48324180565,-2.786589837898,
    10.509266350766));
#4666 = CARTESIAN_POINT('',(1.252047323005,-2.897838265462,
    10.499579933534));
#4667 = CARTESIAN_POINT('',(1.011554841607,-2.986609437496,
    10.489892471296));
#4668 = CARTESIAN_POINT('',(0.764378915924,-3.052047754613,
    10.480203553336));
#4669 = CARTESIAN_POINT('',(0.362921054826,-3.118657007613,
    10.464713885721));
#4670 = CARTESIAN_POINT('',(0.211120974471,-3.135080180102,
    10.458911439718));
#4671 = CARTESIAN_POINT('',(5.848866003935E-02,-3.142878530495,
    10.453109045266));
#4672 = CARTESIAN_POINT('',(-9.438817617123E-02,-3.142005293602,
    10.447306696003));
#4673 = CARTESIAN_POINT('',(-0.246921481159,-3.13246382537,
    10.441504302114));
#4674 = CARTESIAN_POINT('',(-0.398524120177,-3.114307593887,
    10.435701850358));
#4675 = CARTESIAN_POINT('',(-0.822663439402,-3.038946625389,
    10.419304843971));
#4676 = CARTESIAN_POINT('',(-1.091742311116,-2.961862233502,
    10.408707653006));
#4677 = CARTESIAN_POINT('',(-1.35219180833,-2.857012080025,
    10.39811256762));
#4678 = CARTESIAN_POINT('',(-1.600621394127,-2.725610356605,
    10.38751883549));
#4679 = CARTESIAN_POINT('',(-1.833867920314,-2.569330163162,
    10.37692386605));
#4680 = CARTESIAN_POINT('',(-2.0490196627,-2.390290787673,
    10.366326792784));
#4681 = CARTESIAN_POINT('',(-2.423645544448,-2.00671627786,
    10.345918589582));
#4682 = CARTESIAN_POINT('',(-2.58613064039,-1.804957269495,
    10.336103102038));
#4683 = CARTESIAN_POINT('',(-2.728897550261,-1.587972713105,
    10.326288699843));
#4684 = CARTESIAN_POINT('',(-2.850285499044,-1.358091235541,
    10.316474952915));
#4685 = CARTESIAN_POINT('',(-2.948966680241,-1.117827369246,
    10.306660299713));
#4686 = CARTESIAN_POINT('',(-3.023954625161,-0.869865737192,
    10.296844389578));
#4687 = CARTESIAN_POINT('',(-3.092965861976,-0.526010318145,
    10.283494531057));
#4688 = CARTESIAN_POINT('',(-3.108097115532,-0.434303767474,
    10.279958663815));
#4689 = CARTESIAN_POINT('',(-3.120054819221,-0.342096339299,
    10.276422818468));
#4690 = CARTESIAN_POINT('',(-3.128819561426,-0.249519806334,
    10.272887000361));
#4691 = CARTESIAN_POINT('',(-3.134378804417,-0.156706592329,
    10.2693512136));
#4692 = CARTESIAN_POINT('',(-3.136726884345,-6.378977206728E-02,
    10.265815461055));
#4693 = CARTESIAN_POINT('',(-3.133912139663,0.239563873157,
    10.254268355369));
#4694 = CARTESIAN_POINT('',(-3.115479076064,0.449895336002,
    10.246256476451));
#4695 = CARTESIAN_POINT('',(-3.080575776967,0.658511680134,
    10.238245246272));
#4696 = CARTESIAN_POINT('',(-3.029407348688,0.863872590344,
    10.230234454926));
#4697 = CARTESIAN_POINT('',(-2.962347866503,1.064476760391,
    10.222223432472));
#4698 = CARTESIAN_POINT('',(-2.879938917293,1.258867729794,
    10.214211937457));
#4699 = CARTESIAN_POINT('',(-2.716735394599,1.573039542108,
    10.200737146141));
#4700 = CARTESIAN_POINT('',(-2.643752954568,1.696900999705,
    10.195273128541));
#4701 = CARTESIAN_POINT('',(-2.564194251966,1.816790522687,
    10.189809137872));
#4702 = CARTESIAN_POINT('',(-2.478320438107,1.932290808428,
    10.184345133206));
#4703 = CARTESIAN_POINT('',(-2.38642456443,2.043007704179,
    10.178881015612));
#4704 = CARTESIAN_POINT('',(-2.288831037708,2.148570939212,
    10.17341675631));
#4705 = CARTESIAN_POINT('',(-1.957923815517,2.470245427677,
    10.155850945314));
#4706 = CARTESIAN_POINT('',(-1.703644267587,2.664984857809,
    10.143743935885));
#4707 = CARTESIAN_POINT('',(-1.427021008851,2.82892415849,
    10.131640830345));
#4708 = CARTESIAN_POINT('',(-1.132575158731,2.959134027234,
    10.119539059693));
#4709 = CARTESIAN_POINT('',(-0.825169248118,3.053464337019,
    10.107436095153));
#4710 = CARTESIAN_POINT('',(-0.510011977886,3.110541089453,
    10.095329169293));
#4711 = CARTESIAN_POINT('',(-4.533162125049E-02,3.13914549382,
    10.077608430526));
#4712 = CARTESIAN_POINT('',(0.102516345731,3.140123365768,
    10.071989234023));
#4713 = CARTESIAN_POINT('',(0.250327053544,3.13297600106,10.066370149633
    ));
#4714 = CARTESIAN_POINT('',(0.397565191087,3.117714571797,
    10.060751132165));
#4715 = CARTESIAN_POINT('',(0.543699483034,3.094394153996,
    10.055132058818));
#4716 = CARTESIAN_POINT('',(0.688203740152,3.063113609742,
    10.049512881578));
#4717 = CARTESIAN_POINT('',(1.033726515043,2.968214401538,
    10.035874168297));
#4718 = CARTESIAN_POINT('',(1.232538146475,2.896483799948,
    10.027853831789));
#4719 = CARTESIAN_POINT('',(1.42546356194,2.809238783612,10.019833888852
    ));
#4720 = CARTESIAN_POINT('',(1.611061890489,2.707073794332,
    10.011814175533));
#4721 = CARTESIAN_POINT('',(1.787973554712,2.590737218183,
    10.003794143331));
#4722 = CARTESIAN_POINT('',(1.954925558572,2.46112847648,9.995773716617)
  );
#4723 = CARTESIAN_POINT('',(2.29898978241,2.148004793429,9.978066127526)
  );
#4724 = CARTESIAN_POINT('',(2.471042063003,1.958837367701,9.968376722043
    ));
#4725 = CARTESIAN_POINT('',(2.624811149438,1.753702382523,9.958688856144
    ));
#4726 = CARTESIAN_POINT('',(2.758565513717,1.534738380163,9.949002290278
    ));
#4727 = CARTESIAN_POINT('',(2.870878904315,1.304280228525,9.939315102222
    ));
#4728 = CARTESIAN_POINT('',(2.96063911451,1.064844805585,9.929626075485)
  );
#4729 = CARTESIAN_POINT('',(3.058049742638,0.70487251445,9.915431387138)
  );
#4730 = CARTESIAN_POINT('',(3.083942332047,0.589224431854,9.910924616348
    ));
#4731 = CARTESIAN_POINT('',(3.104728970085,0.472480936256,9.906417702556
    ));
#4732 = CARTESIAN_POINT('',(3.120355315532,0.354912574387,9.901910658838
    ));
#4733 = CARTESIAN_POINT('',(3.130785067267,0.236792439929,9.897403555672
    ));
#4734 = CARTESIAN_POINT('',(3.136,0.118395846394,9.892896624215));
#4735 = CARTESIAN_POINT('',(3.136,4.4E-16,9.888390359562));
#4736 = ORIENTED_EDGE('',*,*,#4737,.F.);
#4737 = EDGE_CURVE('',#4481,#4647,#4738,.T.);
#4738 = LINE('',#4739,#4740);
#4739 = CARTESIAN_POINT('',(3.136,0.,13.));
#4740 = VECTOR('',#4741,1.);
#4741 = DIRECTION('',(-6.E-17,0.,-1.));
#4742 = CYLINDRICAL_SURFACE('',#4743,3.136);
#4743 = AXIS2_PLACEMENT_3D('',#4744,#4745,#4746);
#4744 = CARTESIAN_POINT('',(0.,0.,13.));
#4745 = DIRECTION('',(-0.,-0.,-1.));
#4746 = DIRECTION('',(1.,0.,0.));
#4747 = ADVANCED_FACE('',(#4748),#4848,.T.);
#4748 = FACE_BOUND('',#4749,.T.);
#4749 = EDGE_LOOP('',(#4750,#4841,#4842,#4843));
#4750 = ORIENTED_EDGE('',*,*,#4751,.F.);
#4751 = EDGE_CURVE('',#4216,#4752,#4754,.T.);
#4752 = VERTEX_POINT('',#4753);
#4753 = CARTESIAN_POINT('',(3.5,-5.340751115935E-13,9.678228891358));
#4754 = B_SPLINE_CURVE_WITH_KNOTS('',7,(#4755,#4756,#4757,#4758,#4759,
    #4760,#4761,#4762,#4763,#4764,#4765,#4766,#4767,#4768,#4769,#4770,
    #4771,#4772,#4773,#4774,#4775,#4776,#4777,#4778,#4779,#4780,#4781,
    #4782,#4783,#4784,#4785,#4786,#4787,#4788,#4789,#4790,#4791,#4792,
    #4793,#4794,#4795,#4796,#4797,#4798,#4799,#4800,#4801,#4802,#4803,
    #4804,#4805,#4806,#4807,#4808,#4809,#4810,#4811,#4812,#4813,#4814,
    #4815,#4816,#4817,#4818,#4819,#4820,#4821,#4822,#4823,#4824,#4825,
    #4826,#4827,#4828,#4829,#4830,#4831,#4832,#4833,#4834,#4835,#4836,
    #4837,#4838,#4839,#4840),.UNSPECIFIED.,.F.,.F.,(8,6,6,6,6,6,6,6,6,6,
    6,6,6,6,8),(0.,4.600151507749E-02,0.133000289885,0.220422089267,
    0.274640316842,0.377108188651,0.484975581922,0.504691512658,
    0.574693943623,0.626696482966,0.737902398362,0.788855990356,
    0.868179246487,0.956335854662,1.),.UNSPECIFIED.);
#4755 = CARTESIAN_POINT('',(3.5,-7.003286839335E-13,10.42822828367));
#4756 = CARTESIAN_POINT('',(3.5,-0.144509794597,10.423299886276));
#4757 = CARTESIAN_POINT('',(3.49303885227,-0.289021342207,10.41837234594
    ));
#4758 = CARTESIAN_POINT('',(3.47911671616,-0.433129245246,
    10.413445015437));
#4759 = CARTESIAN_POINT('',(3.458262670578,-0.576431568397,
    10.408517499874));
#4760 = CARTESIAN_POINT('',(3.430534636487,-0.718530332574,
    10.403589619391));
#4761 = CARTESIAN_POINT('',(3.396019299414,-0.859032008888,
    10.398661371876));
#4762 = CARTESIAN_POINT('',(3.276938036457,-1.259511615206,
    10.384412085461));
#4763 = CARTESIAN_POINT('',(3.17516696434,-1.514419973704,
    10.375088816459));
#4764 = CARTESIAN_POINT('',(3.05030380843,-1.759586816889,
    10.365765985275));
#4765 = CARTESIAN_POINT('',(2.903499927479,-1.992532894214,
    10.356444083682));
#4766 = CARTESIAN_POINT('',(2.736204447686,-2.210958715684,
    10.347122163952));
#4767 = CARTESIAN_POINT('',(2.550157139732,-2.412755894724,
    10.337799635673));
#4768 = CARTESIAN_POINT('',(2.143742720452,-2.780249580772,
    10.319112831021));
#4769 = CARTESIAN_POINT('',(1.923148715297,-2.94582402849,
    10.309745650944));
#4770 = CARTESIAN_POINT('',(1.687758503375,-3.090865302595,
    10.30037973243));
#4771 = CARTESIAN_POINT('',(1.439879035684,-3.213833450108,
    10.29101444532));
#4772 = CARTESIAN_POINT('',(1.181980821127,-3.31350290188,
    10.281648270725));
#4773 = CARTESIAN_POINT('',(0.916685637954,-3.388968572006,
    10.272280812019));
#4774 = CARTESIAN_POINT('',(0.479399225046,-3.471193731225,
    10.257105914867));
#4775 = CARTESIAN_POINT('',(0.310220017323,-3.49316571556,
    10.251296950807));
#4776 = CARTESIAN_POINT('',(0.139904071073,-3.505512239558,
    10.24548806255));
#4777 = CARTESIAN_POINT('',(-3.089178241533E-02,-3.508166889935,
    10.239679238645));
#4778 = CARTESIAN_POINT('',(-0.201509213744,-3.501119429118,
    10.233870374537));
#4779 = CARTESIAN_POINT('',(-0.371289636532,-3.48441581635,
    10.228061448847));
#4780 = CARTESIAN_POINT('',(-0.857621422812,-3.408533605543,
    10.211274654208));
#4781 = CARTESIAN_POINT('',(-1.170437821134,-3.324768021392,
    10.200293555898));
#4782 = CARTESIAN_POINT('',(-1.473451677726,-3.207540373395,
    10.189315011119));
#4783 = CARTESIAN_POINT('',(-1.762432681784,-3.058301180368,
    10.178338092685));
#4784 = CARTESIAN_POINT('',(-2.033435182426,-2.879088113014,
    10.167359624489));
#4785 = CARTESIAN_POINT('',(-2.282827548743,-2.672510832009,
    10.15637855877));
#4786 = CARTESIAN_POINT('',(-2.743824484156,-2.199147720695,
    10.133843844066));
#4787 = CARTESIAN_POINT('',(-2.952905809146,-1.929598167291,
    10.122282755724));
#4788 = CARTESIAN_POINT('',(-3.130843472375,-1.637100266276,
    10.110724772407));
#4789 = CARTESIAN_POINT('',(-3.27474731996,-1.326012121678,
    10.099167758033));
#4790 = CARTESIAN_POINT('',(-3.38244782906,-1.001023736592,
    10.087609597433));
#4791 = CARTESIAN_POINT('',(-3.452495012507,-0.667159431505,
    10.076048217103));
#4792 = CARTESIAN_POINT('',(-3.490262345244,-0.26815073814,
    10.06237900451));
#4793 = CARTESIAN_POINT('',(-3.49482567923,-0.20636990381,10.06026666009
    ));
#4794 = CARTESIAN_POINT('',(-3.498113030477,-0.144500135195,
    10.058154326567));
#4795 = CARTESIAN_POINT('',(-3.500122391077,-8.257305319625E-02,
    10.056042004355));
#4796 = CARTESIAN_POINT('',(-3.500852734022,-2.062031311845E-02,
    10.053929693778));
#4797 = CARTESIAN_POINT('',(-3.500304013204,4.132639532893E-02,
    10.05181739507));
#4798 = CARTESIAN_POINT('',(-3.491990838817,0.323046283957,
    10.042205325303));
#4799 = CARTESIAN_POINT('',(-3.46939144046,0.542396232157,10.03470519914
    ));
#4800 = CARTESIAN_POINT('',(-3.430717877144,0.759842044584,
    10.02720557007));
#4801 = CARTESIAN_POINT('',(-3.3761746246,0.973976378322,10.019706269931
    ));
#4802 = CARTESIAN_POINT('',(-3.306111280666,1.183426732601,
    10.012206793352));
#4803 = CARTESIAN_POINT('',(-3.22102154893,1.386859436149,
    10.004706960383));
#4804 = CARTESIAN_POINT('',(-3.047676113013,1.728686578984,
    9.991636516791));
#4805 = CARTESIAN_POINT('',(-2.965855124884,1.870363903555,
    9.986065331042));
#4806 = CARTESIAN_POINT('',(-2.876364344077,2.007497430637,
    9.980494181072));
#4807 = CARTESIAN_POINT('',(-2.779508658333,2.139590939926,9.97492302278
    ));
#4808 = CARTESIAN_POINT('',(-2.675631594599,2.266175924173,
    9.969351745774));
#4809 = CARTESIAN_POINT('',(-2.56511472809,2.386812394586,9.963780318885
    ));
#4810 = CARTESIAN_POINT('',(-2.198737056097,2.745468345163,
    9.946294694973));
#4811 = CARTESIAN_POINT('',(-1.920537031669,2.960876712522,
    9.934375279673));
#4812 = CARTESIAN_POINT('',(-1.61798580828,3.143115689718,9.922459630292
    ));
#4813 = CARTESIAN_POINT('',(-1.295874833135,3.28903671232,9.910545294867
    ));
#4814 = CARTESIAN_POINT('',(-0.959360293425,3.39630414623,9.898629850345
    ));
#4815 = CARTESIAN_POINT('',(-0.613968414472,3.463391946905,
    9.886710598822));
#4816 = CARTESIAN_POINT('',(-0.106027732635,3.502053586888,
    9.869337408072));
#4817 = CARTESIAN_POINT('',(5.422794917748E-02,3.50568603936,
    9.863878353121));
#4818 = CARTESIAN_POINT('',(0.214584497728,3.50076112759,9.858419387047)
  );
#4819 = CARTESIAN_POINT('',(0.374494066161,3.487281053822,9.852960467791
    ));
#4820 = CARTESIAN_POINT('',(0.533412066193,3.465291734113,9.84750148692)
  );
#4821 = CARTESIAN_POINT('',(0.690798051953,3.434882713561,9.842042403179
    ));
#4822 = CARTESIAN_POINT('',(1.087912575255,3.3359467057,9.828084901455)
  );
#4823 = CARTESIAN_POINT('',(1.324730993465,3.255615615339,9.819585421485
    ));
#4824 = CARTESIAN_POINT('',(1.554521278392,3.155696778319,9.811086478673
    ));
#4825 = CARTESIAN_POINT('',(1.775357195072,3.036950017298,9.802587839154
    ));
#4826 = CARTESIAN_POINT('',(1.985424074171,2.900351104438,9.794088762902
    ));
#4827 = CARTESIAN_POINT('',(2.1830259154,2.74708793475,9.785589177446));
#4828 = CARTESIAN_POINT('',(2.570642821742,2.391336294202,9.767645957573
    ));
#4829 = CARTESIAN_POINT('',(2.757420666663,2.185213370189,9.758199961938
    ));
#4830 = CARTESIAN_POINT('',(2.924789347592,1.962184934353,9.748755500165
    ));
#4831 = CARTESIAN_POINT('',(3.070959587005,1.724462137298,9.739312324173
    ));
#4832 = CARTESIAN_POINT('',(3.194450116064,1.474454022559,9.7298686016)
  );
#4833 = CARTESIAN_POINT('',(3.294095242841,1.214755234961,9.720423110358
    ));
#4834 = CARTESIAN_POINT('',(3.406278811878,0.816136924506,9.706300164676
    ));
#4835 = CARTESIAN_POINT('',(3.437401563009,0.682398713124,9.701621825527
    ));
#4836 = CARTESIAN_POINT('',(3.462393767624,0.547293665296,9.696943279975
    ));
#4837 = CARTESIAN_POINT('',(3.481185019401,0.411159093101,9.692264525704
    ));
#4838 = CARTESIAN_POINT('',(3.493728295989,0.274335705027,9.687585631693
    ));
#4839 = CARTESIAN_POINT('',(3.5,0.137167223097,9.682906877302));
#4840 = CARTESIAN_POINT('',(3.5,-1.06714637127E-12,9.678228891358));
#4841 = ORIENTED_EDGE('',*,*,#4308,.T.);
#4842 = ORIENTED_EDGE('',*,*,#4646,.T.);
#4843 = ORIENTED_EDGE('',*,*,#4844,.F.);
#4844 = EDGE_CURVE('',#4752,#4647,#4845,.T.);
#4845 = B_SPLINE_CURVE_WITH_KNOTS('',1,(#4846,#4847),.UNSPECIFIED.,.F.,
  .F.,(2,2),(0.,0.65425),.PIECEWISE_BEZIER_KNOTS.);
#4846 = CARTESIAN_POINT('',(3.511005184516,4.61143528E-09,9.671874864787
    ));
#4847 = CARTESIAN_POINT('',(2.944412084245,-2.3285960528E-07,
    9.999006827801));
#4848 = B_SPLINE_SURFACE_WITH_KNOTS('',1,9,(
    (#4849,#4850,#4851,#4852,#4853,#4854,#4855,#4856,#4857,#4858,#4859
      ,#4860,#4861,#4862,#4863,#4864,#4865,#4866,#4867,#4868,#4869,#4870
      ,#4871,#4872,#4873,#4874,#4875,#4876,#4877,#4878,#4879)
    ,(#4880,#4881,#4882,#4883,#4884,#4885,#4886,#4887,#4888,#4889,#4890
      ,#4891,#4892,#4893,#4894,#4895,#4896,#4897,#4898,#4899,#4900,#4901
      ,#4902,#4903,#4904,#4905,#4906,#4907,#4908,#4909,#4910
  )),.UNSPECIFIED.,.F.,.F.,.F.,(2,2),(10,7,7,7,10),(0.,0.65425),(0.,
    1.581947328539,3.163894657078,4.745841985618,6.327789314157),
  .UNSPECIFIED.);
#4849 = CARTESIAN_POINT('',(3.511004147613,3.68895225E-09,
    10.421874891834));
#4850 = CARTESIAN_POINT('',(3.511004545235,-0.612785497606,
    10.401041548146));
#4851 = CARTESIAN_POINT('',(3.390712565474,-1.225567896771,
    10.380208154558));
#4852 = CARTESIAN_POINT('',(3.150042045178,-1.811360930508,
    10.359374882945));
#4853 = CARTESIAN_POINT('',(2.796135660203,-2.343147510958,
    10.338541579985));
#4854 = CARTESIAN_POINT('',(2.343137511666,-2.796149084775,
    10.31770823106));
#4855 = CARTESIAN_POINT('',(1.811353698741,-3.150044373015,
    10.296874882171));
#4856 = CARTESIAN_POINT('',(1.225574175338,-3.390683921247,
    10.276041538074));
#4857 = CARTESIAN_POINT('',(6.52636525424E-06,-3.631325021992,
    10.234374866179));
#4858 = CARTESIAN_POINT('',(-1.225570996387,-3.390685037844,
    10.192708212508));
#4859 = CARTESIAN_POINT('',(-1.811361159238,-3.150044989775,
    10.171874887319));
#4860 = CARTESIAN_POINT('',(-2.343152630976,-2.796150954865,
    10.151041554524));
#4861 = CARTESIAN_POINT('',(-2.796156542986,-2.34314549702,
    10.130208214845));
#4862 = CARTESIAN_POINT('',(-3.150046255511,-1.811356689512,
    10.109374875858));
#4863 = CARTESIAN_POINT('',(-3.390682626321,-1.225571150812,
    10.088541542154));
#4864 = CARTESIAN_POINT('',(-3.631319279267,1.399113173E-08,
    10.046874878311));
#4865 = CARTESIAN_POINT('',(-3.39068240755,1.22557113584,10.005208214468
    ));
#4866 = CARTESIAN_POINT('',(-3.150046039558,1.811356606268,
    9.984374880764));
#4867 = CARTESIAN_POINT('',(-2.796156857929,2.343145527737,
    9.963541541776));
#4868 = CARTESIAN_POINT('',(-2.343153208478,2.796151429495,
    9.942708202098));
#4869 = CARTESIAN_POINT('',(-1.811361440057,3.150045635212,
    9.921874869303));
#4870 = CARTESIAN_POINT('',(-1.22557105096,3.390685074975,9.901041544114
    ));
#4871 = CARTESIAN_POINT('',(6.5284545483E-06,3.631324111706,
    9.859374890443));
#4872 = CARTESIAN_POINT('',(1.225574120764,3.390683381208,9.817708218547
    ));
#4873 = CARTESIAN_POINT('',(1.811355071742,3.150043467434,9.796874874454
    ));
#4874 = CARTESIAN_POINT('',(2.343134472566,2.796153320033,9.776041525551
    ));
#4875 = CARTESIAN_POINT('',(2.796141516509,2.343147211843,9.755208176652
    ));
#4876 = CARTESIAN_POINT('',(3.150041424123,1.811359930084,9.734374873662
    ));
#4877 = CARTESIAN_POINT('',(3.39070822101,1.225567748928,9.713541602069)
  );
#4878 = CARTESIAN_POINT('',(3.511004786733,0.612785505906,9.692708208476
    ));
#4879 = CARTESIAN_POINT('',(3.511005184516,4.61143528E-09,9.671874864787
    ));
#4880 = CARTESIAN_POINT('',(2.944410243304,-1.8628801168E-07,
    10.74900546225));
#4881 = CARTESIAN_POINT('',(2.944410915601,-0.513917754023,
    10.728172651719));
#4882 = CARTESIAN_POINT('',(2.843529174545,-1.027773273585,
    10.707342360569));
#4883 = CARTESIAN_POINT('',(2.641712853454,-1.51903845299,
    10.686505910848));
#4884 = CARTESIAN_POINT('',(2.344905995793,-1.965022629205,
    10.665671044258));
#4885 = CARTESIAN_POINT('',(1.965000977905,-2.344920707454,
    10.644838498267));
#4886 = CARTESIAN_POINT('',(1.519042883513,-2.641699917081,
    10.624005950052));
#4887 = CARTESIAN_POINT('',(1.027795007454,-2.843507611827,
    10.603173160219));
#4888 = CARTESIAN_POINT('',(6.48502606814E-06,-3.045315082877,
    10.561506757535));
#4889 = CARTESIAN_POINT('',(-1.027793925199,-2.843508117175,
    10.519839434771));
#4890 = CARTESIAN_POINT('',(-1.519053088639,-2.641700810325,
    10.499005690248));
#4891 = CARTESIAN_POINT('',(-1.96502423527,-2.344916066321,
    10.478172329702));
#4892 = CARTESIAN_POINT('',(-2.344921569949,-1.96501713462,
    10.457339316748));
#4893 = CARTESIAN_POINT('',(-2.641701537884,-1.519049528697,
    10.436506268881));
#4894 = CARTESIAN_POINT('',(-2.843505562816,-1.027795432713,
    10.415672954253));
#4895 = CARTESIAN_POINT('',(-3.045309498737,2.4921660278E-07,
    10.374006145026));
#4896 = CARTESIAN_POINT('',(-2.843505022953,1.027795825146,
    10.332339335799));
#4897 = CARTESIAN_POINT('',(-2.641700930635,1.519049770183,
    10.311506021172));
#4898 = CARTESIAN_POINT('',(-2.344921839543,1.965017534701,
    10.290672973304));
#4899 = CARTESIAN_POINT('',(-1.965024915036,2.344917198551,
    10.269839960351));
#4900 = CARTESIAN_POINT('',(-1.519053197932,2.641702180091,
    10.249006599805));
#4901 = CARTESIAN_POINT('',(-1.027793603074,2.843508334551,
    10.228172855282));
#4902 = CARTESIAN_POINT('',(6.93748878951E-06,3.045313466734,
    10.186505532517));
#4903 = CARTESIAN_POINT('',(1.027795329578,2.843506501576,
    10.144839129833));
#4904 = CARTESIAN_POINT('',(1.519043320949,2.641701695967,10.12400633996
    ));
#4905 = CARTESIAN_POINT('',(1.965002072182,2.344918653063,
    10.103173791883));
#4906 = CARTESIAN_POINT('',(2.344910538344,1.965031036805,
    10.082341245706));
#4907 = CARTESIAN_POINT('',(2.641714364173,1.519032677028,
    10.061506379225));
#4908 = CARTESIAN_POINT('',(2.843521612752,1.027772592078,
    10.040669929493));
#4909 = CARTESIAN_POINT('',(2.944411420074,0.513917334875,
    10.019839638334));
#4910 = CARTESIAN_POINT('',(2.944412084245,-2.3285960528E-07,
    9.999006827801));
#4911 = ADVANCED_FACE('',(#4912),#5007,.T.);
#4912 = FACE_BOUND('',#4913,.F.);
#4913 = EDGE_LOOP('',(#4914,#4999,#5005,#5006));
#4914 = ORIENTED_EDGE('',*,*,#4915,.T.);
#4915 = EDGE_CURVE('',#4380,#4916,#4918,.T.);
#4916 = VERTEX_POINT('',#4917);
#4917 = CARTESIAN_POINT('',(3.5,-3.975709123321E-13,9.571771864032));
#4918 = B_SPLINE_CURVE_WITH_KNOTS('',7,(#4919,#4920,#4921,#4922,#4923,
    #4924,#4925,#4926,#4927,#4928,#4929,#4930,#4931,#4932,#4933,#4934,
    #4935,#4936,#4937,#4938,#4939,#4940,#4941,#4942,#4943,#4944,#4945,
    #4946,#4947,#4948,#4949,#4950,#4951,#4952,#4953,#4954,#4955,#4956,
    #4957,#4958,#4959,#4960,#4961,#4962,#4963,#4964,#4965,#4966,#4967,
    #4968,#4969,#4970,#4971,#4972,#4973,#4974,#4975,#4976,#4977,#4978,
    #4979,#4980,#4981,#4982,#4983,#4984,#4985,#4986,#4987,#4988,#4989,
    #4990,#4991,#4992,#4993,#4994,#4995,#4996,#4997,#4998),
  .UNSPECIFIED.,.F.,.F.,(8,6,6,6,6,6,6,6,6,6,6,6,6,8),(0.,
    4.496172287259E-02,0.134399710874,0.220402291795,0.272756283308,
    0.37634124417,0.502571440459,0.519519825633,0.626516217927,
    0.737554386517,0.788096336371,0.867971681139,0.954765202907,1.),
  .UNSPECIFIED.);
#4919 = CARTESIAN_POINT('',(3.5,-5.262457136723E-13,10.321772320627));
#4920 = CARTESIAN_POINT('',(3.5,-0.141239926815,10.316955345214));
#4921 = CARTESIAN_POINT('',(3.493350322935,-0.282481324495,
    10.312137442278));
#4922 = CARTESIAN_POINT('',(3.48005112123,-0.423345895649,
    10.307319395508));
#4923 = CARTESIAN_POINT('',(3.460128927588,-0.563458398378,
    10.302501549885));
#4924 = CARTESIAN_POINT('',(3.433636595272,-0.702447095527,
    10.297683984748));
#4925 = CARTESIAN_POINT('',(3.400653238383,-0.839944203946,
    10.29286668686));
#4926 = CARTESIAN_POINT('',(3.282971112749,-1.245406076978,
    10.278467806107));
#4927 = CARTESIAN_POINT('',(3.179375248441,-1.507938572573,
    10.268885371372));
#4928 = CARTESIAN_POINT('',(3.051330473854,-1.760255076533,
    10.259304883988));
#4929 = CARTESIAN_POINT('',(2.900082670833,-1.999659046739,
    10.249724931066));
#4930 = CARTESIAN_POINT('',(2.727208912483,-2.223654082074,
    10.240143502426));
#4931 = CARTESIAN_POINT('',(2.534609232622,-2.429957115207,
    10.23056035394));
#4932 = CARTESIAN_POINT('',(2.122600479317,-2.795989130327,
    10.211764604772));
#4933 = CARTESIAN_POINT('',(1.904441220165,-2.957259707058,
    10.202549046357));
#4934 = CARTESIAN_POINT('',(1.672104753489,-3.098565067971,
    10.193334276863));
#4935 = CARTESIAN_POINT('',(1.427795924257,-3.218452822389,
    10.184120195609));
#4936 = CARTESIAN_POINT('',(1.173871714298,-3.315766351162,
    10.174905683956));
#4937 = CARTESIAN_POINT('',(0.91282997546,-3.389650336462,
    10.165690362251));
#4938 = CARTESIAN_POINT('',(0.485703972462,-3.470034466542,
    10.150867606644));
#4939 = CARTESIAN_POINT('',(0.322409146994,-3.491591791055,
    10.145258625967));
#4940 = CARTESIAN_POINT('',(0.158032030305,-3.504178760539,
    10.139649764824));
#4941 = CARTESIAN_POINT('',(-6.836317308733E-03,-3.507733768787,
    10.134040972326));
#4942 = CARTESIAN_POINT('',(-0.171603267023,-3.502244031509,
    10.128432120047));
#4943 = CARTESIAN_POINT('',(-0.335675640241,-3.48774561102,
    10.122823159394));
#4944 = CARTESIAN_POINT('',(-0.82053907114,-3.417981519256,
    10.106116831707));
#4945 = CARTESIAN_POINT('',(-1.13769134961,-3.336690451165,
    10.095015882844));
#4946 = CARTESIAN_POINT('',(-1.445181604247,-3.221094873132,
    10.08391723427));
#4947 = CARTESIAN_POINT('',(-1.738625292086,-3.072651002576,
    10.072820011181));
#4948 = CARTESIAN_POINT('',(-2.0139291264,-2.893429490776,
    10.061721208208));
#4949 = CARTESIAN_POINT('',(-2.267322370856,-2.686099623569,
    10.050620119148));
#4950 = CARTESIAN_POINT('',(-2.773515413606,-2.171370376184,
    10.025999107265));
#4951 = CARTESIAN_POINT('',(-3.014368713452,-1.851703840142,
    10.012466760891));
#4952 = CARTESIAN_POINT('',(-3.211779769525,-1.501291473094,
    9.998942609326));
#4953 = CARTESIAN_POINT('',(-3.361340879831,-1.127294505229,
    9.98542067623));
#4954 = CARTESIAN_POINT('',(-3.459984037384,-0.737384872541,
    9.971896623406));
#4955 = CARTESIAN_POINT('',(-3.505963627002,-0.339788392604,
    9.958364348758));
#4956 = CARTESIAN_POINT('',(-3.498678487745,0.1099245026,9.943025005152)
  );
#4957 = CARTESIAN_POINT('',(-3.496871399507,0.163142789074,9.94120924216
    ));
#4958 = CARTESIAN_POINT('',(-3.494119909146,0.216325642056,
    9.939393470475));
#4959 = CARTESIAN_POINT('',(-3.490424878117,0.269452952768,9.9375776903)
  );
#4960 = CARTESIAN_POINT('',(-3.48578770227,0.32250465134,9.935761901899)
  );
#4961 = CARTESIAN_POINT('',(-3.480210311851,0.375460706809,
    9.933946105593));
#4962 = CARTESIAN_POINT('',(-3.432564615073,0.761886556201,
    9.920666999686));
#4963 = CARTESIAN_POINT('',(-3.354044917,1.090982128572,9.909199432568)
  );
#4964 = CARTESIAN_POINT('',(-3.238738835036,1.41034043447,9.897734578662
    ));
#4965 = CARTESIAN_POINT('',(-3.088186767615,1.715106951341,
    9.886271570567));
#4966 = CARTESIAN_POINT('',(-2.904627865949,2.000748918928,
    9.874806913095));
#4967 = CARTESIAN_POINT('',(-2.69098142054,2.263093004947,9.863339682311
    ));
#4968 = CARTESIAN_POINT('',(-2.202052186265,2.742741922981,
    9.839980716561));
#4969 = CARTESIAN_POINT('',(-1.924553217697,2.958160346752,
    9.828080208283));
#4970 = CARTESIAN_POINT('',(-1.622735992442,3.140543895451,
    9.816183963003));
#4971 = CARTESIAN_POINT('',(-1.301365274017,3.286751562659,
    9.804289067998));
#4972 = CARTESIAN_POINT('',(-0.965570073713,3.394450398928,
    9.792392673374));
#4973 = CARTESIAN_POINT('',(-0.620847861364,3.462111302995,
    9.780492032319));
#4974 = CARTESIAN_POINT('',(-0.114818868495,3.501717323656,
    9.763181338807));
#4975 = CARTESIAN_POINT('',(4.412440376015E-02,3.505729104958,
    9.757766455138));
#4976 = CARTESIAN_POINT('',(0.2031893178,3.501322253187,9.752351612473)
  );
#4977 = CARTESIAN_POINT('',(0.361841278843,3.488497426972,9.746936801467
    ));
#4978 = CARTESIAN_POINT('',(0.51954868519,3.467297601691,9.741521952134)
  );
#4979 = CARTESIAN_POINT('',(0.675783779993,3.437808000195,9.736107055638
    ));
#4980 = CARTESIAN_POINT('',(1.073780443342,3.34065169842,9.722134907752)
  );
#4981 = CARTESIAN_POINT('',(1.312587625157,3.260753299832,9.713576674133
    ));
#4982 = CARTESIAN_POINT('',(1.544348418129,3.160964428579,9.70501925258)
  );
#4983 = CARTESIAN_POINT('',(1.767093295711,3.042053495249,9.696462404466
    ));
#4984 = CARTESIAN_POINT('',(1.978966597599,2.905011123586,9.687905161553
    ));
#4985 = CARTESIAN_POINT('',(2.178233930288,2.751046202986,9.679347106287
    ));
#4986 = CARTESIAN_POINT('',(2.564416339163,2.397520657189,9.661491235074
    ));
#4987 = CARTESIAN_POINT('',(2.748822081822,2.195115146739,9.652191017685
    ));
#4988 = CARTESIAN_POINT('',(2.914469354721,1.97627046802,9.642891468333)
  );
#4989 = CARTESIAN_POINT('',(3.059642852939,1.743089830177,9.633592034031
    ));
#4990 = CARTESIAN_POINT('',(3.182916310544,1.497864154145,9.624291723464
    ));
#4991 = CARTESIAN_POINT('',(3.28315948462,1.243060831902,9.614990889436)
  );
#4992 = CARTESIAN_POINT('',(3.39944795877,0.844952810893,9.600846110246)
  );
#4993 = CARTESIAN_POINT('',(3.432829829851,0.706666547781,9.59600008076)
  );
#4994 = CARTESIAN_POINT('',(3.459643571666,0.566861449836,9.591154345262
    ));
#4995 = CARTESIAN_POINT('',(3.479808122559,0.425911951289,9.586308899272
    ));
#4996 = CARTESIAN_POINT('',(3.493269326436,0.284196570872,9.581463589219
    ));
#4997 = CARTESIAN_POINT('',(3.5,0.142097468175,9.576618086912));
#4998 = CARTESIAN_POINT('',(3.5,-7.953637748415E-13,9.571771864032));
#4999 = ORIENTED_EDGE('',*,*,#5000,.T.);
#5000 = EDGE_CURVE('',#4916,#4752,#5001,.T.);
#5001 = LINE('',#5002,#5003);
#5002 = CARTESIAN_POINT('',(3.5,0.,6.14));
#5003 = VECTOR('',#5004,1.);
#5004 = DIRECTION('',(0.,0.,1.));
#5005 = ORIENTED_EDGE('',*,*,#4751,.F.);
#5006 = ORIENTED_EDGE('',*,*,#4464,.F.);
#5007 = CYLINDRICAL_SURFACE('',#5008,3.5);
#5008 = AXIS2_PLACEMENT_3D('',#5009,#5010,#5011);
#5009 = CARTESIAN_POINT('',(0.,0.,6.14));
#5010 = DIRECTION('',(-0.,-0.,-1.));
#5011 = DIRECTION('',(1.,0.,0.));
#5012 = ADVANCED_FACE('',(#5013),#5107,.T.);
#5013 = FACE_BOUND('',#5014,.T.);
#5014 = EDGE_LOOP('',(#5015,#5100,#5101,#5102));
#5015 = ORIENTED_EDGE('',*,*,#5016,.F.);
#5016 = EDGE_CURVE('',#4481,#5017,#5019,.T.);
#5017 = VERTEX_POINT('',#5018);
#5018 = CARTESIAN_POINT('',(3.136,-7.6279872E-08,9.361622330375));
#5019 = B_SPLINE_CURVE_WITH_KNOTS('',7,(#5020,#5021,#5022,#5023,#5024,
    #5025,#5026,#5027,#5028,#5029,#5030,#5031,#5032,#5033,#5034,#5035,
    #5036,#5037,#5038,#5039,#5040,#5041,#5042,#5043,#5044,#5045,#5046,
    #5047,#5048,#5049,#5050,#5051,#5052,#5053,#5054,#5055,#5056,#5057,
    #5058,#5059,#5060,#5061,#5062,#5063,#5064,#5065,#5066,#5067,#5068,
    #5069,#5070,#5071,#5072,#5073,#5074,#5075,#5076,#5077,#5078,#5079,
    #5080,#5081,#5082,#5083,#5084,#5085,#5086,#5087,#5088,#5089,#5090,
    #5091,#5092,#5093,#5094,#5095,#5096,#5097,#5098,#5099),
  .UNSPECIFIED.,.F.,.F.,(8,6,6,6,6,6,6,6,6,6,6,6,6,8),(0.,
    4.484978377744E-02,0.133133728023,0.218459154713,0.269485115898,
    0.375021200997,0.501042464377,0.530151430459,0.626151534011,
    0.735259593145,0.784400236868,0.867945852564,0.956385219157,1.),
  .UNSPECIFIED.);
#5020 = CARTESIAN_POINT('',(3.136,-1.2204777189E-07,10.111621594111));
#5021 = CARTESIAN_POINT('',(3.135999995087,-0.126237221361,
    10.106816790942));
#5022 = CARTESIAN_POINT('',(3.130071402815,-0.252475393511,
    10.102011113646));
#5023 = CARTESIAN_POINT('',(3.118214380702,-0.378378362821,
    10.097205262875));
#5024 = CARTESIAN_POINT('',(3.100452482203,-0.50361244992,
    10.092399550772));
#5025 = CARTESIAN_POINT('',(3.076832601784,-0.627847031331,
    10.08759405471));
#5026 = CARTESIAN_POINT('',(3.047424919994,-0.750754999057,
    10.082788771015));
#5027 = CARTESIAN_POINT('',(2.943226655477,-1.110702309169,
    10.068525427547));
#5028 = CARTESIAN_POINT('',(2.852053949225,-1.343042141087,
    10.059066500593));
#5029 = CARTESIAN_POINT('',(2.739521206285,-1.56651272827,
    10.049609286854));
#5030 = CARTESIAN_POINT('',(2.606694671603,-1.778786558969,
    10.040152583167));
#5031 = CARTESIAN_POINT('',(2.454924794776,-1.977705343324,
    10.030694613916));
#5032 = CARTESIAN_POINT('',(2.285838460967,-2.161292528236,
    10.021235159663));
#5033 = CARTESIAN_POINT('',(1.923120729128,-2.488730684465,
    10.002635569686));
#5034 = CARTESIAN_POINT('',(1.730449146169,-2.633754628095,
    9.993492714328));
#5035 = CARTESIAN_POINT('',(1.525119981814,-2.761283792104,9.98435062387
    ));
#5036 = CARTESIAN_POINT('',(1.309050561206,-2.870028872149,
    9.975209157071));
#5037 = CARTESIAN_POINT('',(1.08429387614,-2.958956637655,9.966067256475
    ));
#5038 = CARTESIAN_POINT('',(0.853027704374,-3.027295398736,
    9.956924584579));
#5039 = CARTESIAN_POINT('',(0.476760621369,-3.102873213796,
    9.942316612064));
#5040 = CARTESIAN_POINT('',(0.334438764636,-3.123633137754,
    9.936849897396));
#5041 = CARTESIAN_POINT('',(0.191089877693,-3.136772450506,
    9.931383271936));
#5042 = CARTESIAN_POINT('',(4.720347598425E-02,-3.142233057657,
    9.925916692623));
#5043 = CARTESIAN_POINT('',(-9.67289761836E-02,-3.139996305652,
    9.920450053419));
#5044 = CARTESIAN_POINT('',(-0.24021497695,-3.130083013794,
    9.914983315412));
#5045 = CARTESIAN_POINT('',(-0.677589152063,-3.076297538571,
    9.89821000336));
#5046 = CARTESIAN_POINT('',(-0.96850523181,-3.00744833948,9.886899653644
    ));
#5047 = CARTESIAN_POINT('',(-1.251009987536,-2.906523907961,
    9.875591744804));
#5048 = CARTESIAN_POINT('',(-1.520923654019,-2.774833121326,
    9.864285375146));
#5049 = CARTESIAN_POINT('',(-1.774337079148,-2.614283102276,
    9.852977354824));
#5050 = CARTESIAN_POINT('',(-2.007646552302,-2.427362471134,
    9.841666913742));
#5051 = CARTESIAN_POINT('',(-2.46846733391,-1.966464221135,
    9.816859108313));
#5052 = CARTESIAN_POINT('',(-2.686323579004,-1.68236965894,
    9.803349467322));
#5053 = CARTESIAN_POINT('',(-2.865629481544,-1.370485780387,
    9.789847688393));
#5054 = CARTESIAN_POINT('',(-3.002391985704,-1.037162366365,
    9.776348146804));
#5055 = CARTESIAN_POINT('',(-3.093813087534,-0.689219268928,
    9.762846420851));
#5056 = CARTESIAN_POINT('',(-3.138274926455,-0.333980599478,
    9.749336819712));
#5057 = CARTESIAN_POINT('',(-3.135390281945,0.102647842726,
    9.732716959263));
#5058 = CARTESIAN_POINT('',(-3.132351721672,0.184561455666,
    9.729598344654));
#5059 = CARTESIAN_POINT('',(-3.126816502611,0.266367090674,
    9.726479703562));
#5060 = CARTESIAN_POINT('',(-3.11878940324,0.347973469136,9.723361038367
    ));
#5061 = CARTESIAN_POINT('',(-3.108279359858,0.429289735477,
    9.720242351654));
#5062 = CARTESIAN_POINT('',(-3.095299466584,0.510225457158,
    9.717123646211));
#5063 = CARTESIAN_POINT('',(-3.028971290805,0.856061245953,
    9.703719518287));
#5064 = CARTESIAN_POINT('',(-2.951388050695,1.116374822103,
    9.693431677936));
#5065 = CARTESIAN_POINT('',(-2.847735151266,1.368302034848,
    9.683145400193));
#5066 = CARTESIAN_POINT('',(-2.719148044403,1.608751017907,
    9.672860235715));
#5067 = CARTESIAN_POINT('',(-2.567170447649,1.834835144496,
    9.662574216748));
#5068 = CARTESIAN_POINT('',(-2.393743436593,2.043893409244,
    9.652286804373));
#5069 = CARTESIAN_POINT('',(-1.982565005725,2.449131141357,
    9.630312589536));
#5070 = CARTESIAN_POINT('',(-1.739127922161,2.639788528239,9.6186193002)
  );
#5071 = CARTESIAN_POINT('',(-1.47452287288,2.801983762213,9.606929755529
    ));
#5072 = CARTESIAN_POINT('',(-1.192782339529,2.933019093856,
    9.595241436254));
#5073 = CARTESIAN_POINT('',(-0.898252589033,3.030873136693,
    9.583551689461));
#5074 = CARTESIAN_POINT('',(-0.595594857572,3.094200086173,
    9.571858200859));
#5075 = CARTESIAN_POINT('',(-0.152085280751,3.135362312157,
    9.554904181424));
#5076 = CARTESIAN_POINT('',(-1.370340262005E-02,3.141057728023,
    9.549639377399));
#5077 = CARTESIAN_POINT('',(0.124897081521,3.139625800117,9.544374611952
    ));
#5078 = CARTESIAN_POINT('',(0.263275993946,3.131059754488,9.539109879249
    ));
#5079 = CARTESIAN_POINT('',(0.400994882204,3.115386735514,9.533845123632
    ));
#5080 = CARTESIAN_POINT('',(0.537617765317,3.092667759792,9.528580341512
    ));
#5081 = CARTESIAN_POINT('',(0.90238980296,3.012554579947,9.514365065556)
  );
#5082 = CARTESIAN_POINT('',(1.127684364188,2.942012221988,9.505413442103
    ));
#5083 = CARTESIAN_POINT('',(1.346431294336,2.851836699549,9.49646282762)
  );
#5084 = CARTESIAN_POINT('',(1.556597390312,2.742782240975,9.487512911757
    ));
#5085 = CARTESIAN_POINT('',(1.756267600755,2.615842537853,9.478562499973
    ));
#5086 = CARTESIAN_POINT('',(1.943654677547,2.47224574947,9.469611070919)
  );
#5087 = CARTESIAN_POINT('',(2.300769645734,2.145441538908,9.451185540028
    ));
#5088 = CARTESIAN_POINT('',(2.468874773607,1.960356596169,9.441708753646
    ));
#5089 = CARTESIAN_POINT('',(2.619495013154,1.760007398126,9.432232602669
    ));
#5090 = CARTESIAN_POINT('',(2.751008933067,1.546392542243,9.422756464488
    ));
#5091 = CARTESIAN_POINT('',(2.862074759498,1.321691512607,9.413279379033
    ));
#5092 = CARTESIAN_POINT('',(2.951638158423,1.088251986748,9.403801906383
    ));
#5093 = CARTESIAN_POINT('',(3.052217906674,0.73043273547,9.389654420457)
  );
#5094 = CARTESIAN_POINT('',(3.08004030599,0.61073409194,9.384982020154)
  );
#5095 = CARTESIAN_POINT('',(3.102382084851,0.489814910205,9.380309947154
    ));
#5096 = CARTESIAN_POINT('',(3.119180447774,0.367976370657,9.37563819143)
  );
#5097 = CARTESIAN_POINT('',(3.130393440799,0.245522714233,9.37096659687)
  );
#5098 = CARTESIAN_POINT('',(3.136,0.122760856208,9.36629482791));
#5099 = CARTESIAN_POINT('',(3.136,0.,9.361622336181));
#5100 = ORIENTED_EDGE('',*,*,#4573,.T.);
#5101 = ORIENTED_EDGE('',*,*,#4915,.T.);
#5102 = ORIENTED_EDGE('',*,*,#5103,.F.);
#5103 = EDGE_CURVE('',#5017,#4916,#5104,.T.);
#5104 = B_SPLINE_CURVE_WITH_KNOTS('',1,(#5105,#5106),.UNSPECIFIED.,.F.,
  .F.,(2,2),(0.,0.65425),.PIECEWISE_BEZIER_KNOTS.);
#5105 = CARTESIAN_POINT('',(2.944402891905,-2.3286153884E-07,
    9.251006827858));
#5106 = CARTESIAN_POINT('',(3.511004032401,4.61119281E-09,9.578124864794
    ));
#5107 = B_SPLINE_SURFACE_WITH_KNOTS('',1,9,(
    (#5108,#5109,#5110,#5111,#5112,#5113,#5114,#5115,#5116,#5117,#5118
      ,#5119,#5120,#5121,#5122,#5123,#5124,#5125,#5126,#5127,#5128,#5129
      ,#5130,#5131,#5132,#5133,#5134,#5135,#5136,#5137,#5138)
    ,(#5139,#5140,#5141,#5142,#5143,#5144,#5145,#5146,#5147,#5148,#5149
      ,#5150,#5151,#5152,#5153,#5154,#5155,#5156,#5157,#5158,#5159,#5160
      ,#5161,#5162,#5163,#5164,#5165,#5166,#5167,#5168,#5169
  )),.UNSPECIFIED.,.F.,.F.,.F.,(2,2),(10,7,7,7,10),(0.,0.65425),(0.,
    1.581947328539,3.163894657078,4.745841985618,6.327789314157),
  .UNSPECIFIED.);
#5108 = CARTESIAN_POINT('',(2.944402889432,-1.8628925469E-07,
    10.001005462286));
#5109 = CARTESIAN_POINT('',(2.944402857872,-0.513916310406,
    9.980172651762));
#5110 = CARTESIAN_POINT('',(2.843517335951,-1.027770247315,
    9.959342360653));
#5111 = CARTESIAN_POINT('',(2.641706199235,-1.519030725531,
    9.938505910854));
#5112 = CARTESIAN_POINT('',(2.344901222605,-1.965023434278,
    9.917671044389));
#5113 = CARTESIAN_POINT('',(1.96499614941,-2.344911271306,9.896838498182
    ));
#5114 = CARTESIAN_POINT('',(1.519038524219,-2.641694253494,
    9.876005950141));
#5115 = CARTESIAN_POINT('',(1.027792078312,-2.843499140915,9.85517316027
    ));
#5116 = CARTESIAN_POINT('',(6.49448997714E-06,-3.045305719271,
    9.81350675759));
#5117 = CARTESIAN_POINT('',(-1.027791078633,-2.843500163066,
    9.771839434816));
#5118 = CARTESIAN_POINT('',(-1.519049062856,-2.641693963738,
    9.751005690286));
#5119 = CARTESIAN_POINT('',(-1.965019220143,-2.344909903305,
    9.730172329741));
#5120 = CARTESIAN_POINT('',(-2.344915255541,-1.965011646478,
    9.709339316791));
#5121 = CARTESIAN_POINT('',(-2.641693920053,-1.519045193384,
    9.688506268929));
#5122 = CARTESIAN_POINT('',(-2.843497376704,-1.027792538728,
    9.667672954301));
#5123 = CARTESIAN_POINT('',(-3.045300942125,2.1680082758E-07,
    9.626006145072));
#5124 = CARTESIAN_POINT('',(-2.843497229866,1.027792943499,
    9.584339335843));
#5125 = CARTESIAN_POINT('',(-2.641693703286,1.519045569263,
    9.563506021216));
#5126 = CARTESIAN_POINT('',(-2.34491497655,1.965011980379,9.542672973352
    ));
#5127 = CARTESIAN_POINT('',(-1.965018887693,2.344910184179,
    9.521839960404));
#5128 = CARTESIAN_POINT('',(-1.519048687449,2.64169418153,9.501006599857
    ));
#5129 = CARTESIAN_POINT('',(-1.027790673957,2.843500309472,
    9.480172855328));
#5130 = CARTESIAN_POINT('',(6.92803019328E-06,3.0453057171,
    9.438505532554));
#5131 = CARTESIAN_POINT('',(1.027792482987,2.843498993308,9.396839129874
    ));
#5132 = CARTESIAN_POINT('',(1.519038900685,2.641694037882,9.376006340002
    ));
#5133 = CARTESIAN_POINT('',(1.964996483403,2.344910994452,9.355173791962
    ));
#5134 = CARTESIAN_POINT('',(2.344901508892,1.965023106948,9.334341245755
    ));
#5135 = CARTESIAN_POINT('',(2.641706416903,1.519030344277,9.313506379291
    ));
#5136 = CARTESIAN_POINT('',(2.84351747192,1.02776984215,9.292669929491)
  );
#5137 = CARTESIAN_POINT('',(2.944402931591,0.513915891255,9.271839638382
    ));
#5138 = CARTESIAN_POINT('',(2.944402891905,-2.3286153884E-07,
    9.251006827858));
#5139 = CARTESIAN_POINT('',(3.511003225921,3.68879638E-09,
    10.328124891839));
#5140 = CARTESIAN_POINT('',(3.511003535325,-0.612785316671,
    10.307291548152));
#5141 = CARTESIAN_POINT('',(3.390711081693,-1.225567517476,
    10.286458154569));
#5142 = CARTESIAN_POINT('',(3.150039971793,-1.811361328483,
    10.265624882948));
#5143 = CARTESIAN_POINT('',(2.796138248945,-2.34314409803,
    10.244791579996));
#5144 = CARTESIAN_POINT('',(2.343133719504,-2.796151415934,
    10.223958231055));
#5145 = CARTESIAN_POINT('',(1.811354391756,-3.150042296684,
    10.20312488218));
#5146 = CARTESIAN_POINT('',(1.225573808216,-3.390682859551,
    10.182291538081));
#5147 = CARTESIAN_POINT('',(6.52755141459E-06,-3.631323848412,
    10.140624866185));
#5148 = CARTESIAN_POINT('',(-1.225570639615,-3.390684040922,
    10.098958212513));
#5149 = CARTESIAN_POINT('',(-1.81136065467,-3.150044131663,
    10.078124887324));
#5150 = CARTESIAN_POINT('',(-2.343152002409,-2.796150182428,
    10.057291554529));
#5151 = CARTESIAN_POINT('',(-2.796155751575,-2.343144809168,
    10.036458214851));
#5152 = CARTESIAN_POINT('',(-3.150045300736,-1.811356146149,
    10.015624875864));
#5153 = CARTESIAN_POINT('',(-3.390681600321,-1.225570788097,
    9.99479154216));
#5154 = CARTESIAN_POINT('',(-3.63131820683,9.9283299E-09,9.953124878317)
  );
#5155 = CARTESIAN_POINT('',(-3.390681430809,1.225570774671,
    9.911458214473));
#5156 = CARTESIAN_POINT('',(-3.150045133724,1.811356079749,9.89062488077
    ));
#5157 = CARTESIAN_POINT('',(-2.796155997761,2.34314483159,9.869791541782
    ));
#5158 = CARTESIAN_POINT('',(-2.343152453046,2.796150550354,
    9.848958202104));
#5159 = CARTESIAN_POINT('',(-1.811360874739,3.150044632718,
    9.828124869309));
#5160 = CARTESIAN_POINT('',(-1.225570683842,3.390684069158,9.80729154412
    ));
#5161 = CARTESIAN_POINT('',(6.52726906731E-06,3.631323140411,
    9.765624890447));
#5162 = CARTESIAN_POINT('',(1.225573763989,3.390682440165,9.723958218553
    ));
#5163 = CARTESIAN_POINT('',(1.811354517732,3.150042507613,9.703124874459
    ));
#5164 = CARTESIAN_POINT('',(2.3431337721,2.796152360147,9.682291525561)
  );
#5165 = CARTESIAN_POINT('',(2.796140384809,2.343146217961,9.661458176658
    ));
#5166 = CARTESIAN_POINT('',(3.150040428059,1.811359637711,9.640624873671
    ));
#5167 = CARTESIAN_POINT('',(3.390707702021,1.225567404268,9.619791602068
    ));
#5168 = CARTESIAN_POINT('',(3.511003722836,0.612785324971,9.598958208482
    ));
#5169 = CARTESIAN_POINT('',(3.511004032401,4.61119281E-09,9.578124864794
    ));
#5170 = ADVANCED_FACE('',(#5171),#5272,.T.);
#5171 = FACE_BOUND('',#5172,.F.);
#5172 = EDGE_LOOP('',(#5173,#5174,#5175,#5266));
#5173 = ORIENTED_EDGE('',*,*,#5016,.F.);
#5174 = ORIENTED_EDGE('',*,*,#4737,.T.);
#5175 = ORIENTED_EDGE('',*,*,#5176,.T.);
#5176 = EDGE_CURVE('',#4647,#5177,#5179,.T.);
#5177 = VERTEX_POINT('',#5178);
#5178 = CARTESIAN_POINT('',(3.136,-9.1536916E-08,9.13839215434));
#5179 = B_SPLINE_CURVE_WITH_KNOTS('',7,(#5180,#5181,#5182,#5183,#5184,
    #5185,#5186,#5187,#5188,#5189,#5190,#5191,#5192,#5193,#5194,#5195,
    #5196,#5197,#5198,#5199,#5200,#5201,#5202,#5203,#5204,#5205,#5206,
    #5207,#5208,#5209,#5210,#5211,#5212,#5213,#5214,#5215,#5216,#5217,
    #5218,#5219,#5220,#5221,#5222,#5223,#5224,#5225,#5226,#5227,#5228,
    #5229,#5230,#5231,#5232,#5233,#5234,#5235,#5236,#5237,#5238,#5239,
    #5240,#5241,#5242,#5243,#5244,#5245,#5246,#5247,#5248,#5249,#5250,
    #5251,#5252,#5253,#5254,#5255,#5256,#5257,#5258,#5259,#5260,#5261,
    #5262,#5263,#5264,#5265),.UNSPECIFIED.,.F.,.F.,(8,6,6,6,6,6,6,6,6,6,
    6,6,6,6,8),(0.,4.600201749665E-02,0.133412761912,0.223833195639,
    0.27799037452,0.376876819603,0.46845364973,0.501455330549,
    0.582199128562,0.627201098153,0.740822682946,0.793054614142,
    0.868056094437,0.957720312592,1.),.UNSPECIFIED.);
#5180 = CARTESIAN_POINT('',(3.136,-1.5256112018E-07,9.888390353755));
#5181 = CARTESIAN_POINT('',(3.135999993701,-0.129483480155,
    9.883462090914));
#5182 = CARTESIAN_POINT('',(3.129762557877,-0.258968147028,
    9.878534735746));
#5183 = CARTESIAN_POINT('',(3.117287857481,-0.388091053104,
    9.873607560187));
#5184 = CARTESIAN_POINT('',(3.098601965723,-0.516492082911,
    9.868680135737));
#5185 = CARTESIAN_POINT('',(3.073756790949,-0.64381461757,9.863752278867
    ));
#5186 = CARTESIAN_POINT('',(3.042830003504,-0.769706046786,
    9.858823996436));
#5187 = CARTESIAN_POINT('',(2.935799840436,-1.129650171692,
    9.844530416488));
#5188 = CARTESIAN_POINT('',(2.844077744162,-1.359099685869,
    9.835162761517));
#5189 = CARTESIAN_POINT('',(2.731471837741,-1.57972721008,9.825795423447
    ));
#5190 = CARTESIAN_POINT('',(2.599029651865,-1.789279591624,
    9.816429054928));
#5191 = CARTESIAN_POINT('',(2.448071476609,-1.98566776477,9.807062803311
    ));
#5192 = CARTESIAN_POINT('',(2.280182924232,-2.16697858341,9.797696060851
    ));
#5193 = CARTESIAN_POINT('',(1.908042133459,-2.501728585775,
    9.778643822726));
#5194 = CARTESIAN_POINT('',(1.702673401586,-2.65405021801,9.76895525512)
  );
#5195 = CARTESIAN_POINT('',(1.483241748634,-2.786589869234,
    9.759268150043));
#5196 = CARTESIAN_POINT('',(1.252047258689,-2.897838294201,
    9.749581732613));
#5197 = CARTESIAN_POINT('',(1.011554770107,-2.986609462478,
    9.739894270174));
#5198 = CARTESIAN_POINT('',(0.764378837542,-3.052047774688,
    9.730205352013));
#5199 = CARTESIAN_POINT('',(0.362921041796,-3.118657005541,
    9.714715686989));
#5200 = CARTESIAN_POINT('',(0.211121034788,-3.135080170068,
    9.708913243781));
#5201 = CARTESIAN_POINT('',(5.848879445888E-02,-3.14287852083,
    9.703110852123));
#5202 = CARTESIAN_POINT('',(-9.438796774538E-02,-3.142005292698,
    9.697308505654));
#5203 = CARTESIAN_POINT('',(-0.246921199672,-3.132463841581,
    9.691506114559));
#5204 = CARTESIAN_POINT('',(-0.398523767419,-3.114307635434,
    9.685703665597));
#5205 = CARTESIAN_POINT('',(-0.822656832198,-3.038947837938,
    9.669306901401));
#5206 = CARTESIAN_POINT('',(-1.09172974215,-2.961865866917,
    9.658709950116));
#5207 = CARTESIAN_POINT('',(-1.352173755466,-2.857019375088,
    9.648115104187));
#5208 = CARTESIAN_POINT('',(-1.600598560281,-2.725622456403,
    9.637521611377));
#5209 = CARTESIAN_POINT('',(-1.833841210932,-2.569348074692,
    9.626926881405));
#5210 = CARTESIAN_POINT('',(-2.048990160357,-2.390315345172,
    9.616330047841));
#5211 = CARTESIAN_POINT('',(-2.423576601909,-2.006792098299,
    9.595924289533));
#5212 = CARTESIAN_POINT('',(-2.586031987518,-1.805084648909,
    9.586111009523));
#5213 = CARTESIAN_POINT('',(-2.728778740136,-1.588157747118,
    9.576298813514));
#5214 = CARTESIAN_POINT('',(-2.85015708353,-1.358338357749,
    9.566487271891));
#5215 = CARTESIAN_POINT('',(-2.948839908149,-1.118139213531,
    9.556674824864));
#5216 = CARTESIAN_POINT('',(-3.023841131445,-0.870243019911,
    9.546861122215));
#5217 = CARTESIAN_POINT('',(-3.092890319543,-0.526454318444,
    9.533513468935));
#5218 = CARTESIAN_POINT('',(-3.108034737715,-0.434749940945,
    9.529977601599));
#5219 = CARTESIAN_POINT('',(-3.120005677961,-0.342544230375,
    9.526441756144));
#5220 = CARTESIAN_POINT('',(-3.12878370975,-0.249968956656,
    9.522905937918));
#5221 = CARTESIAN_POINT('',(-3.134356276339,-0.157156541737,
    9.51937015103));
#5222 = CARTESIAN_POINT('',(-3.136717694776,-6.424005958801E-02,
    9.515834398353));
#5223 = CARTESIAN_POINT('',(-3.133793072199,0.255908973468,
    9.503647994691));
#5224 = CARTESIAN_POINT('',(-3.112501571591,0.483021181597,
    9.494996543178));
#5225 = CARTESIAN_POINT('',(-3.07200550313,0.707987985233,9.486345990578
    ));
#5226 = CARTESIAN_POINT('',(-3.012583866729,0.928872018444,
    9.477696034321));
#5227 = CARTESIAN_POINT('',(-2.934742684537,1.143792301493,
    9.469045701484));
#5228 = CARTESIAN_POINT('',(-2.839212640674,1.350933001531,
    9.460394648793));
#5229 = CARTESIAN_POINT('',(-2.664436501336,1.658710029322,
    9.446923350741));
#5230 = CARTESIAN_POINT('',(-2.596696235232,1.76591103517,9.442102156927
    ));
#5231 = CARTESIAN_POINT('',(-2.523932619707,1.869870149924,
    9.437280962068));
#5232 = CARTESIAN_POINT('',(-2.446332910586,1.970305949714,
    9.432459743103));
#5233 = CARTESIAN_POINT('',(-2.364103405362,2.066951428432,
    9.427638446311));
#5234 = CARTESIAN_POINT('',(-2.277469157723,2.15955436694,9.422817056381
    ));
#5235 = CARTESIAN_POINT('',(-1.957432065716,2.470877660406,
    9.405822552145));
#5236 = CARTESIAN_POINT('',(-1.701558975587,2.666698824847,
    9.393643848593));
#5237 = CARTESIAN_POINT('',(-1.423089924822,2.831337787677,
    9.381469175377));
#5238 = CARTESIAN_POINT('',(-1.126630356769,2.961817454551,9.36929587043
    ));
#5239 = CARTESIAN_POINT('',(-0.817132980644,3.055958056853,
    9.357121345395));
#5240 = CARTESIAN_POINT('',(-0.499903745211,3.112374170983,
    9.344942741848));
#5241 = CARTESIAN_POINT('',(-3.38465471435E-02,3.13926183486,
    9.327173586678));
#5242 = CARTESIAN_POINT('',(0.113393895077,3.139701715124,9.321577510431
    ));
#5243 = CARTESIAN_POINT('',(0.260568537602,3.13208340277,9.315981544081)
  );
#5244 = CARTESIAN_POINT('',(0.407148710835,3.116419790673,9.310385642546
    ));
#5245 = CARTESIAN_POINT('',(0.552609845974,3.092766941172,9.304789685053
    ));
#5246 = CARTESIAN_POINT('',(0.696432507232,3.061223970437,9.299193624553
    ));
#5247 = CARTESIAN_POINT('',(1.041533169669,2.965513690541,9.285562181984
    ));
#5248 = CARTESIAN_POINT('',(1.240548896288,2.893112861841,9.277525994701
    ));
#5249 = CARTESIAN_POINT('',(1.433613208817,2.805151877196,9.269490205653
    ));
#5250 = CARTESIAN_POINT('',(1.619278324307,2.702232712585,9.261454650071
    ));
#5251 = CARTESIAN_POINT('',(1.79617882941,2.585112240376,9.253418774935)
  );
#5252 = CARTESIAN_POINT('',(1.963037016797,2.454699276069,9.24538250427)
  );
#5253 = CARTESIAN_POINT('',(2.304752837044,2.141566285037,9.227740698205
    ));
#5254 = CARTESIAN_POINT('',(2.474847290936,1.953558481953,9.218132975449
    ));
#5255 = CARTESIAN_POINT('',(2.626929308565,1.749897056621,9.20852674065)
  );
#5256 = CARTESIAN_POINT('',(2.759315022159,1.532670161066,9.198921757881
    ));
#5257 = CARTESIAN_POINT('',(2.870616279284,1.304155610534,9.189316177331
    ));
#5258 = CARTESIAN_POINT('',(2.959748993964,1.066807163887,9.179708826725
    ));
#5259 = CARTESIAN_POINT('',(3.057247105762,0.70844792969,9.165572538688)
  );
#5260 = CARTESIAN_POINT('',(3.083405356733,0.592232319428,9.16104254686)
  );
#5261 = CARTESIAN_POINT('',(3.104406029173,0.474904345012,9.156512410331
    ));
#5262 = CARTESIAN_POINT('',(3.120193655196,0.356738705306,9.151982141015
    ));
#5263 = CARTESIAN_POINT('',(3.130731180065,0.238012714646,9.147451808872
    ));
#5264 = CARTESIAN_POINT('',(3.136,0.119005966975,9.142921647761));
#5265 = CARTESIAN_POINT('',(3.136,0.,9.138392161308));
#5266 = ORIENTED_EDGE('',*,*,#5267,.F.);
#5267 = EDGE_CURVE('',#5017,#5177,#5268,.T.);
#5268 = LINE('',#5269,#5270);
#5269 = CARTESIAN_POINT('',(3.136,0.,13.));
#5270 = VECTOR('',#5271,1.);
#5271 = DIRECTION('',(-6.E-17,0.,-1.));
#5272 = CYLINDRICAL_SURFACE('',#5273,3.136);
#5273 = AXIS2_PLACEMENT_3D('',#5274,#5275,#5276);
#5274 = CARTESIAN_POINT('',(0.,0.,13.));
#5275 = DIRECTION('',(-0.,-0.,-1.));
#5276 = DIRECTION('',(1.,0.,0.));
#5277 = ADVANCED_FACE('',(#5278),#5378,.T.);
#5278 = FACE_BOUND('',#5279,.T.);
#5279 = EDGE_LOOP('',(#5280,#5371,#5372,#5373));
#5280 = ORIENTED_EDGE('',*,*,#5281,.F.);
#5281 = EDGE_CURVE('',#4752,#5282,#5284,.T.);
#5282 = VERTEX_POINT('',#5283);
#5283 = CARTESIAN_POINT('',(3.5,-8.321571834347E-13,8.92822949905));
#5284 = B_SPLINE_CURVE_WITH_KNOTS('',7,(#5285,#5286,#5287,#5288,#5289,
    #5290,#5291,#5292,#5293,#5294,#5295,#5296,#5297,#5298,#5299,#5300,
    #5301,#5302,#5303,#5304,#5305,#5306,#5307,#5308,#5309,#5310,#5311,
    #5312,#5313,#5314,#5315,#5316,#5317,#5318,#5319,#5320,#5321,#5322,
    #5323,#5324,#5325,#5326,#5327,#5328,#5329,#5330,#5331,#5332,#5333,
    #5334,#5335,#5336,#5337,#5338,#5339,#5340,#5341,#5342,#5343,#5344,
    #5345,#5346,#5347,#5348,#5349,#5350,#5351,#5352,#5353,#5354,#5355,
    #5356,#5357,#5358,#5359,#5360,#5361,#5362,#5363,#5364,#5365,#5366,
    #5367,#5368,#5369,#5370),.UNSPECIFIED.,.F.,.F.,(8,6,6,6,6,6,6,6,6,6,
    6,6,6,6,8),(0.,4.60015075326E-02,0.133000197032,0.220420483327,
    0.274603312563,0.376938942618,0.48469632513,0.504656144752,
    0.574658585476,0.626661131978,0.738430476458,0.790098204304,
    0.868099836321,0.956123184729,1.),.UNSPECIFIED.);
#5285 = CARTESIAN_POINT('',(3.5,-1.092903545441E-12,9.678228891358));
#5286 = CARTESIAN_POINT('',(3.5,-0.144509794753,9.673300493959));
#5287 = CARTESIAN_POINT('',(3.493038852255,-0.28902134252,9.668372953623
    ));
#5288 = CARTESIAN_POINT('',(3.479116716115,-0.433129245714,
    9.663445623122));
#5289 = CARTESIAN_POINT('',(3.458262670487,-0.576431569018,
    9.658518107559));
#5290 = CARTESIAN_POINT('',(3.430534636337,-0.718530333344,
    9.653590227074));
#5291 = CARTESIAN_POINT('',(3.39601929919,-0.859032009801,9.648661979555
    ));
#5292 = CARTESIAN_POINT('',(3.276938099583,-1.259511402608,
    9.634412700736));
#5293 = CARTESIAN_POINT('',(3.175167129878,-1.51441955886,9.625089439336
    ));
#5294 = CARTESIAN_POINT('',(3.050304113429,-1.7595862179,9.615766615746)
  );
#5295 = CARTESIAN_POINT('',(2.903500405832,-1.992532135112,
    9.606444721744));
#5296 = CARTESIAN_POINT('',(2.736205129235,-2.2109578258,9.597122809611)
  );
#5297 = CARTESIAN_POINT('',(2.55015804939,-2.412754908018,9.587800288935
    ));
#5298 = CARTESIAN_POINT('',(2.143747451129,-2.78024546809,9.569113652441
    ));
#5299 = CARTESIAN_POINT('',(1.923157592615,-2.945817493345,
    9.559746633038));
#5300 = CARTESIAN_POINT('',(1.687771989565,-3.090857089261,
    9.550380875105));
#5301 = CARTESIAN_POINT('',(1.439897469045,-3.213824374728,
    9.541015748529));
#5302 = CARTESIAN_POINT('',(1.182004406612,-3.313493830871,
    9.531649734539));
#5303 = CARTESIAN_POINT('',(0.916714438967,-3.388960399952,
    9.522282436535));
#5304 = CARTESIAN_POINT('',(0.479542721712,-3.471168456989,
    9.507111491483));
#5305 = CARTESIAN_POINT('',(0.310475332974,-3.493133965491,9.50130631943
    ));
#5306 = CARTESIAN_POINT('',(0.140272167062,-3.505486666389,
    9.495501222879));
#5307 = CARTESIAN_POINT('',(-3.041123647619E-02,-3.508160233653,
    9.489696190442));
#5308 = CARTESIAN_POINT('',(-0.200917837661,-3.501144370151,
    9.483891117917));
#5309 = CARTESIAN_POINT('',(-0.370590332538,-3.4844848289,9.478085984029
    ));
#5310 = CARTESIAN_POINT('',(-0.85641945641,-3.40879660872,9.461317146494
    ));
#5311 = CARTESIAN_POINT('',(-1.168857977044,-3.325255726711,
    9.450350233959));
#5312 = CARTESIAN_POINT('',(-1.471532995343,-3.208336051253,
    9.439385859296));
#5313 = CARTESIAN_POINT('',(-1.760229887306,-3.059480396758,
    9.428423101644));
#5314 = CARTESIAN_POINT('',(-2.031016945395,-2.880716005952,
    9.417458804913));
#5315 = CARTESIAN_POINT('',(-2.280274538036,-2.674639518376,
    9.406491927208));
#5316 = CARTESIAN_POINT('',(-2.741243107751,-2.202311437,9.383983168535)
  );
#5317 = CARTESIAN_POINT('',(-2.950425529025,-1.933285707735,
    9.372433969231));
#5318 = CARTESIAN_POINT('',(-3.128554463034,-1.641324715202,
    9.360887462511));
#5319 = CARTESIAN_POINT('',(-3.272747572731,-1.330760379542,
    9.349342681206));
#5320 = CARTESIAN_POINT('',(-3.380829891279,-1.006277153389,
    9.337795993619));
#5321 = CARTESIAN_POINT('',(-3.451352232805,-0.672872373392,
    9.326246496027));
#5322 = CARTESIAN_POINT('',(-3.489859998171,-0.273511871057,
    9.312562931692));
#5323 = CARTESIAN_POINT('',(-3.494573580162,-0.210973454046,
    9.31042445613));
#5324 = CARTESIAN_POINT('',(-3.497979538736,-0.148341993238,
    9.308285991649));
#5325 = CARTESIAN_POINT('',(-3.500075745447,-8.565029454134E-02,
    9.30614753868));
#5326 = CARTESIAN_POINT('',(-3.500861102391,-2.293120392973E-02,
    9.304009097657));
#5327 = CARTESIAN_POINT('',(-3.500335542212,3.978239255745E-02,
    9.301870669019));
#5328 = CARTESIAN_POINT('',(-3.492062571722,0.322269941565,
    9.292232469688));
#5329 = CARTESIAN_POINT('',(-3.469511939465,0.541624908849,
    9.284732343089));
#5330 = CARTESIAN_POINT('',(-3.430886719283,0.759079313998,
    9.277232713674));
#5331 = CARTESIAN_POINT('',(-3.376391074026,0.973225768665,
    9.269733413298));
#5332 = CARTESIAN_POINT('',(-3.306374296388,1.182691694387,9.2622339366)
  );
#5333 = CARTESIAN_POINT('',(-3.221329793444,1.386143310158,
    9.254734103647));
#5334 = CARTESIAN_POINT('',(-3.048060356098,1.728008982541,
    9.241663660289));
#5335 = CARTESIAN_POINT('',(-2.966270867477,1.869704493826,
    9.236092474709));
#5336 = CARTESIAN_POINT('',(-2.876810576207,2.006857912871,
    9.230521324963));
#5337 = CARTESIAN_POINT('',(-2.779984259706,2.138972951602,
    9.224950166935));
#5338 = CARTESIAN_POINT('',(-2.676135340755,2.265581026408,
    9.219378890217));
#5339 = CARTESIAN_POINT('',(-2.565645296744,2.386242063679,
    9.213807463614));
#5340 = CARTESIAN_POINT('',(-2.198082868758,2.746217858905,
    9.196261478224));
#5341 = CARTESIAN_POINT('',(-1.918374420898,2.962633817488,
    9.184281571298));
#5342 = CARTESIAN_POINT('',(-1.614081291509,3.145526359833,
    9.172305533829));
#5343 = CARTESIAN_POINT('',(-1.290071619511,3.291703146067,
    9.160330838138));
#5344 = CARTESIAN_POINT('',(-0.951583682784,3.398801034441,
    9.148355012222));
#5345 = CARTESIAN_POINT('',(-0.604232162503,3.46528271525,9.136375281121
    ));
#5346 = CARTESIAN_POINT('',(-9.21630969173E-02,3.50254912764,
    9.118865220566));
#5347 = CARTESIAN_POINT('',(7.035889462268E-02,3.505571913227,
    9.113329652388));
#5348 = CARTESIAN_POINT('',(0.232947425053,3.499794921078,9.107794178077
    ));
#5349 = CARTESIAN_POINT('',(0.395031296147,3.485222984639,9.102258752121
    ));
#5350 = CARTESIAN_POINT('',(0.556042983549,3.46190713068,9.096723258828)
  );
#5351 = CARTESIAN_POINT('',(0.715419597181,3.429944490298,9.091187655023
    ));
#5352 = CARTESIAN_POINT('',(1.109901437423,3.328387156709,9.077295226368
    ));
#5353 = CARTESIAN_POINT('',(1.342233183908,3.24790779248,9.068937409304)
  );
#5354 = CARTESIAN_POINT('',(1.567654699569,3.148533524985,9.060580081854
    ));
#5355 = CARTESIAN_POINT('',(1.784338581345,3.030996612456,9.05222303244)
  );
#5356 = CARTESIAN_POINT('',(1.990562729957,2.896231175124,9.043865584959
    ));
#5357 = CARTESIAN_POINT('',(2.184716828819,2.745369682325,9.035507677386
    ));
#5358 = CARTESIAN_POINT('',(2.569142070563,2.392900133777,9.017720333762
    ));
#5359 = CARTESIAN_POINT('',(2.755765925234,2.187210488333,9.008288627318
    ));
#5360 = CARTESIAN_POINT('',(2.923051000692,1.964653834267,8.998858445069
    ));
#5361 = CARTESIAN_POINT('',(3.069214494386,1.727429949848,8.989429541393
    ));
#5362 = CARTESIAN_POINT('',(3.192779646692,1.477935615932,8.980000099957
    ));
#5363 = CARTESIAN_POINT('',(3.292583256566,1.218752432929,8.970568909112
    ));
#5364 = CARTESIAN_POINT('',(3.405367168711,0.820044497752,8.956437481354
    ));
#5365 = CARTESIAN_POINT('',(3.436791495828,0.685688475386,8.951736362691
    ));
#5366 = CARTESIAN_POINT('',(3.462026802597,0.549945639304,8.947035035716
    ));
#5367 = CARTESIAN_POINT('',(3.481001303781,0.413158190653,8.942333496581
    ));
#5368 = CARTESIAN_POINT('',(3.493667056195,0.275671808567,8.937631813244
    ));
#5369 = CARTESIAN_POINT('',(3.5,0.137835258407,8.93293026784));
#5370 = CARTESIAN_POINT('',(3.5,-1.664002269308E-12,8.92822949905));
#5371 = ORIENTED_EDGE('',*,*,#4844,.T.);
#5372 = ORIENTED_EDGE('',*,*,#5176,.T.);
#5373 = ORIENTED_EDGE('',*,*,#5374,.F.);
#5374 = EDGE_CURVE('',#5282,#5177,#5375,.T.);
#5375 = B_SPLINE_CURVE_WITH_KNOTS('',1,(#5376,#5377),.UNSPECIFIED.,.F.,
  .F.,(2,2),(0.,0.65425),.PIECEWISE_BEZIER_KNOTS.);
#5376 = CARTESIAN_POINT('',(3.511006221419,5.53386541E-09,8.921874837736
    ));
#5377 = CARTESIAN_POINT('',(2.944413925189,-2.7943119009E-07,
    9.249008193348));
#5378 = B_SPLINE_SURFACE_WITH_KNOTS('',1,9,(
    (#5379,#5380,#5381,#5382,#5383,#5384,#5385,#5386,#5387,#5388,#5389
      ,#5390,#5391,#5392,#5393,#5394,#5395,#5396,#5397,#5398,#5399,#5400
      ,#5401,#5402,#5403,#5404,#5405,#5406,#5407,#5408,#5409)
    ,(#5410,#5411,#5412,#5413,#5414,#5415,#5416,#5417,#5418,#5419,#5420
      ,#5421,#5422,#5423,#5424,#5425,#5426,#5427,#5428,#5429,#5430,#5431
      ,#5432,#5433,#5434,#5435,#5436,#5437,#5438,#5439,#5440
  )),.UNSPECIFIED.,.F.,.F.,.F.,(2,2),(10,7,7,7,10),(0.,0.65425),(0.,
    1.581947328539,3.163894657078,4.745841985618,6.327789314157),
  .UNSPECIFIED.);
#5379 = CARTESIAN_POINT('',(3.511005184516,4.61141081E-09,9.671874864787
    ));
#5380 = CARTESIAN_POINT('',(3.511005582299,-0.612785677618,
    9.651041521098));
#5381 = CARTESIAN_POINT('',(3.39071356718,-1.225568257858,9.630208127504
    ));
#5382 = CARTESIAN_POINT('',(3.150042975929,-1.811361464651,
    9.609374855897));
#5383 = CARTESIAN_POINT('',(2.796136486596,-2.343148202215,
    9.588541552939));
#5384 = CARTESIAN_POINT('',(2.343138204414,-2.796149909936,
    9.567708204013));
#5385 = CARTESIAN_POINT('',(1.811354234516,-3.150045302843,
    9.546874855122));
#5386 = CARTESIAN_POINT('',(1.225574538177,-3.390684922293,
    9.526041511024));
#5387 = CARTESIAN_POINT('',(6.52731908019E-06,-3.631326094429,
    9.484374839128));
#5388 = CARTESIAN_POINT('',(-1.225571357441,-3.390686039536,
    9.442708185459));
#5389 = CARTESIAN_POINT('',(-1.811361693354,-3.150045920553,
    9.421874860271));
#5390 = CARTESIAN_POINT('',(-2.343153322241,-2.796151781269,
    9.401041527476));
#5391 = CARTESIAN_POINT('',(-2.79615736816,-2.343146189754,
    9.380208187796));
#5392 = CARTESIAN_POINT('',(-3.150047185339,-1.81135722528,
    9.359374848809));
#5393 = CARTESIAN_POINT('',(-3.390683627368,-1.225571513645,
    9.338541515104));
#5394 = CARTESIAN_POINT('',(-3.631320351703,1.303699075E-08,
    9.296874851262));
#5395 = CARTESIAN_POINT('',(-3.390683409242,1.225571496891,
    9.255208187419));
#5396 = CARTESIAN_POINT('',(-3.150046970338,1.811357140381,
    9.234374853716));
#5397 = CARTESIAN_POINT('',(-2.796157684334,2.343146219001,
    9.213541514726));
#5398 = CARTESIAN_POINT('',(-2.343153901213,2.796152254667,
    9.192708175048));
#5399 = CARTESIAN_POINT('',(-1.811361975827,3.150046565038,
    9.171874842253));
#5400 = CARTESIAN_POINT('',(-1.225571413796,3.390686076022,
    9.151041517065));
#5401 = CARTESIAN_POINT('',(6.52750005354E-06,3.631325184143,
    9.109374863395));
#5402 = CARTESIAN_POINT('',(1.225574481822,3.390684382899,9.067708191499
    ));
#5403 = CARTESIAN_POINT('',(1.811355605864,3.150044398208,9.046874847404
    ));
#5404 = CARTESIAN_POINT('',(2.343135163838,2.796154146439,9.026041498501
    ));
#5405 = CARTESIAN_POINT('',(2.796142341677,2.343147904555,9.0052081496)
  );
#5406 = CARTESIAN_POINT('',(3.15004235392,1.811360465889,8.984374846613)
  );
#5407 = CARTESIAN_POINT('',(3.390709222072,1.225568111796,8.963541575025
    ));
#5408 = CARTESIAN_POINT('',(3.511005823475,0.612785687763,8.942708181426
    ));
#5409 = CARTESIAN_POINT('',(3.511006221419,5.53386541E-09,8.921874837736
    ));
#5410 = CARTESIAN_POINT('',(2.944412084246,-2.328596298E-07,
    9.999006827801));
#5411 = CARTESIAN_POINT('',(2.944412748417,-0.51391812183,9.978174017268
    ));
#5412 = CARTESIAN_POINT('',(2.843530936176,-1.027773961225,
    9.957343726108));
#5413 = CARTESIAN_POINT('',(2.641714481057,-1.519039444575,
    9.936507276397));
#5414 = CARTESIAN_POINT('',(2.344907430815,-1.965023894872,
    9.915672409813));
#5415 = CARTESIAN_POINT('',(1.965002169433,-2.344922204633,
    9.894839863819));
#5416 = CARTESIAN_POINT('',(1.519043791488,-2.641701592792,
    9.874007315602));
#5417 = CARTESIAN_POINT('',(1.027795605091,-2.843509405939,
    9.853174525767));
#5418 = CARTESIAN_POINT('',(6.43685799528E-06,-3.045316986909,
    9.811508123082));
#5419 = CARTESIAN_POINT('',(-1.02779461278,-2.843509878773,9.76984080032
    ));
#5420 = CARTESIAN_POINT('',(-1.519054080173,-2.641702437979,
    9.749007055798));
#5421 = CARTESIAN_POINT('',(-1.965025500951,-2.344917501365,
    9.728173695252));
#5422 = CARTESIAN_POINT('',(-2.344923067156,-1.965018326123,
    9.707340682297));
#5423 = CARTESIAN_POINT('',(-2.641703213595,-1.51905043666,
    9.686507634429));
#5424 = CARTESIAN_POINT('',(-2.843507356929,-1.027796030338,
    9.665674319801));
#5425 = CARTESIAN_POINT('',(-3.045311402766,2.9738407375E-07,
    9.624007510575));
#5426 = CARTESIAN_POINT('',(-2.843506784553,1.027796512722,
    9.582340701349));
#5427 = CARTESIAN_POINT('',(-2.641702558293,1.519050761713,
    9.561507386721));
#5428 = CARTESIAN_POINT('',(-2.34492327459,1.965018800383,9.540674338853
    ));
#5429 = CARTESIAN_POINT('',(-1.96502610654,2.344918695757,9.519841325898
    ));
#5430 = CARTESIAN_POINT('',(-1.519054105899,2.641703855799,
    9.499007965352));
#5431 = CARTESIAN_POINT('',(-1.027794200705,2.843510128663,
    9.478174220831));
#5432 = CARTESIAN_POINT('',(6.98565564398E-06,3.045315370763,
    9.436506898068));
#5433 = CARTESIAN_POINT('',(1.027796017165,2.843508263173,9.394840495383
    ));
#5434 = CARTESIAN_POINT('',(1.519044312496,2.641703323614,9.374007705509
    ));
#5435 = CARTESIAN_POINT('',(1.965003337878,2.344920088111,9.353175157428
    ));
#5436 = CARTESIAN_POINT('',(2.344912035545,1.965032228274,9.33234261125)
  );
#5437 = CARTESIAN_POINT('',(2.64171603983,1.519033585052,9.311507744773)
  );
#5438 = CARTESIAN_POINT('',(2.843523406885,1.027773189765,9.290671295051
    ));
#5439 = CARTESIAN_POINT('',(2.944413269143,0.51391760954,9.269841003883)
  );
#5440 = CARTESIAN_POINT('',(2.944413925189,-2.7943119009E-07,
    9.249008193348));
#5441 = ADVANCED_FACE('',(#5442),#5537,.T.);
#5442 = FACE_BOUND('',#5443,.F.);
#5443 = EDGE_LOOP('',(#5444,#5529,#5535,#5536));
#5444 = ORIENTED_EDGE('',*,*,#5445,.T.);
#5445 = EDGE_CURVE('',#4916,#5446,#5448,.T.);
#5446 = VERTEX_POINT('',#5447);
#5447 = CARTESIAN_POINT('',(3.5,-6.355379324593E-13,8.82177140744));
#5448 = B_SPLINE_CURVE_WITH_KNOTS('',7,(#5449,#5450,#5451,#5452,#5453,
    #5454,#5455,#5456,#5457,#5458,#5459,#5460,#5461,#5462,#5463,#5464,
    #5465,#5466,#5467,#5468,#5469,#5470,#5471,#5472,#5473,#5474,#5475,
    #5476,#5477,#5478,#5479,#5480,#5481,#5482,#5483,#5484,#5485,#5486,
    #5487,#5488,#5489,#5490,#5491,#5492,#5493,#5494,#5495,#5496,#5497,
    #5498,#5499,#5500,#5501,#5502,#5503,#5504,#5505,#5506,#5507,#5508,
    #5509,#5510,#5511,#5512,#5513,#5514,#5515,#5516,#5517,#5518,#5519,
    #5520,#5521,#5522,#5523,#5524,#5525,#5526,#5527,#5528),
  .UNSPECIFIED.,.F.,.F.,(8,6,6,6,6,6,6,6,6,6,6,6,6,8),(0.,
    4.496172027165E-02,0.134399668508,0.220402245111,0.272757838509,
    0.376358921663,0.501810572734,0.519619681204,0.626616042055,
    0.738179408497,0.787771016639,0.867337490796,0.954873387885,1.),
  .UNSPECIFIED.);
#5449 = CARTESIAN_POINT('',(3.5,-8.193445921734E-13,9.571771864032));
#5450 = CARTESIAN_POINT('',(3.5,-0.141239925739,9.566954888656));
#5451 = CARTESIAN_POINT('',(3.493350323036,-0.282481322343,
    9.562136985762));
#5452 = CARTESIAN_POINT('',(3.480051121534,-0.42334589243,9.557318939035
    ));
#5453 = CARTESIAN_POINT('',(3.460128928195,-0.563458394108,
    9.552501093454));
#5454 = CARTESIAN_POINT('',(3.433636596281,-0.702447090233,
    9.547683528357));
#5455 = CARTESIAN_POINT('',(3.40065323989,-0.83994419766,9.542866230507)
  );
#5456 = CARTESIAN_POINT('',(3.282971146314,-1.245405963502,9.52846735357
    ));
#5457 = CARTESIAN_POINT('',(3.179375333415,-1.507938358601,
    9.518884922611));
#5458 = CARTESIAN_POINT('',(3.051330629183,-1.760254771347,
    9.509304438995));
#5459 = CARTESIAN_POINT('',(2.900082913801,-1.999658662739,
    9.499724489843));
#5460 = CARTESIAN_POINT('',(2.727209258225,-2.223653634431,
    9.490143064978));
#5461 = CARTESIAN_POINT('',(2.534609693661,-2.429956621502,
    9.480559920273));
#5462 = CARTESIAN_POINT('',(2.122601105116,-2.795988655246,
    9.461764174886));
#5463 = CARTESIAN_POINT('',(1.904441882059,-2.957259280806,
    9.452548616475));
#5464 = CARTESIAN_POINT('',(1.67210544701,-3.098564693721,9.443333846983
    ));
#5465 = CARTESIAN_POINT('',(1.42779664461,-3.21845250282,9.434119765732)
  );
#5466 = CARTESIAN_POINT('',(1.173872456431,-3.315766088426,9.42490525408
    ));
#5467 = CARTESIAN_POINT('',(0.91283073413,-3.389650132153,9.415689932376
    ));
#5468 = CARTESIAN_POINT('',(0.485699795761,-3.470035290045,9.40086700487
    ));
#5469 = CARTESIAN_POINT('',(0.322399919052,-3.491593040265,
    9.395257852279));
#5470 = CARTESIAN_POINT('',(0.158017700849,-3.50417988246,9.389648819237
    ));
#5471 = CARTESIAN_POINT('',(-6.855743987776E-03,-3.507734206107,
    9.384039854848));
#5472 = CARTESIAN_POINT('',(-0.171627732087,-3.502243228599,
    9.378430830668));
#5473 = CARTESIAN_POINT('',(-0.335705030509,-3.487743019925,
    9.372821698097));
#5474 = CARTESIAN_POINT('',(-0.820622908064,-3.417966215287,
    9.356113470696));
#5475 = CARTESIAN_POINT('',(-1.137823043428,-3.336653914614,
    9.345010791374));
#5476 = CARTESIAN_POINT('',(-1.445357054892,-3.221026602576,
    9.333910414187));
#5477 = CARTESIAN_POINT('',(-1.738838406598,-3.07254136257,
    9.322811463676));
#5478 = CARTESIAN_POINT('',(-2.014172024574,-2.89327006158,
    9.311710932162));
#5479 = CARTESIAN_POINT('',(-2.267585617104,-2.685883534947,
    9.300608112852));
#5480 = CARTESIAN_POINT('',(-2.772042298554,-2.172805785673,
    9.276068781648));
#5481 = CARTESIAN_POINT('',(-3.011599383226,-1.855314057054,
    9.262620115269));
#5482 = CARTESIAN_POINT('',(-3.208285585079,-1.507422113445,
    9.249179393397));
#5483 = CARTESIAN_POINT('',(-3.357763806547,-1.136151430419,
    9.235740853464));
#5484 = CARTESIAN_POINT('',(-3.457004523621,-0.749026665345,
    9.222300237977));
#5485 = CARTESIAN_POINT('',(-3.504269627464,-0.35411568999,
    9.208851659425));
#5486 = CARTESIAN_POINT('',(-3.499133581835,9.588508928492E-02,
    9.193503529741));
#5487 = CARTESIAN_POINT('',(-3.497451915574,0.151813954347,
    9.191595554692));
#5488 = CARTESIAN_POINT('',(-3.494727325792,0.207707558159,
    9.189687569934));
#5489 = CARTESIAN_POINT('',(-3.4909607319,0.263542562066,9.187779575833)
  );
#5490 = CARTESIAN_POINT('',(-3.486153704845,0.319295676557,
    9.185871572728));
#5491 = CARTESIAN_POINT('',(-3.480308467111,0.374943661259,
    9.183963560928));
#5492 = CARTESIAN_POINT('',(-3.432089696455,0.764023086246,
    9.170592236965));
#5493 = CARTESIAN_POINT('',(-3.353365160724,1.09306971799,9.159124668652
    ));
#5494 = CARTESIAN_POINT('',(-3.237860309515,1.412356186696,
    9.147659814295));
#5495 = CARTESIAN_POINT('',(-3.087118562745,1.717028929662,
    9.136196806773));
#5496 = CARTESIAN_POINT('',(-2.903381892639,2.002556581357,
    9.124732150776));
#5497 = CARTESIAN_POINT('',(-2.689572186836,2.26476762748,9.113264921833
    ));
#5498 = CARTESIAN_POINT('',(-2.199165962567,2.745266816375,
    9.089849689262));
#5499 = CARTESIAN_POINT('',(-1.920082655427,2.961395032396,
    9.077892789997));
#5500 = CARTESIAN_POINT('',(-1.616491028327,3.144138789148,
    9.065940255941));
#5501 = CARTESIAN_POINT('',(-1.293229730332,3.290320428258,
    9.053989092243));
#5502 = CARTESIAN_POINT('',(-0.955505878835,3.397585488071,
    9.042036400523));
#5503 = CARTESIAN_POINT('',(-0.608900658386,3.464399038351,
    9.030079372336));
#5504 = CARTESIAN_POINT('',(-0.104051332239,3.501919748131,
    9.012814195738));
#5505 = CARTESIAN_POINT('',(5.19060699637E-02,3.50539856543,
    9.007501127278));
#5506 = CARTESIAN_POINT('',(0.207958503661,3.500772669263,9.002188095594
    ));
#5507 = CARTESIAN_POINT('',(0.363601010908,3.488043910439,8.996875092486
    ));
#5508 = CARTESIAN_POINT('',(0.518331449328,3.467253355829,8.991562054601
    ));
#5509 = CARTESIAN_POINT('',(0.671651260253,3.43848122834,8.986248974521)
  );
#5510 = CARTESIAN_POINT('',(1.066001609895,3.34306939092,8.972411712597)
  );
#5511 = CARTESIAN_POINT('',(1.304066534868,3.264045302406,8.963886573788
    ));
#5512 = CARTESIAN_POINT('',(1.535187974319,3.165268115104,8.955362232384
    ));
#5513 = CARTESIAN_POINT('',(1.757417219237,3.047492263669,8.946838456023
    ));
#5514 = CARTESIAN_POINT('',(1.968917093428,2.911691398641,8.938314296434
    ));
#5515 = CARTESIAN_POINT('',(2.167969208977,2.759054540296,8.929789344258
    ));
#5516 = CARTESIAN_POINT('',(2.55656625252,2.406155175225,8.911887031695)
  );
#5517 = CARTESIAN_POINT('',(2.743218842183,2.202602071197,8.902507231175
    ));
#5518 = CARTESIAN_POINT('',(2.910839131378,1.982267518753,8.893128138026
    ));
#5519 = CARTESIAN_POINT('',(3.05766174094,1.747304752456,8.883749171017)
  );
#5520 = CARTESIAN_POINT('',(3.182219580519,1.500061429674,8.874369283736
    ));
#5521 = CARTESIAN_POINT('',(3.283351250249,1.2430680219,8.864988830362)
  );
#5522 = CARTESIAN_POINT('',(3.39992640958,0.842968341243,8.850776115514)
  );
#5523 = CARTESIAN_POINT('',(3.43315008549,0.704994703558,8.845941679294)
  );
#5524 = CARTESIAN_POINT('',(3.45983624227,0.565513049055,8.841107535426)
  );
#5525 = CARTESIAN_POINT('',(3.479904588818,0.424895165979,8.836273678576
    ));
#5526 = CARTESIAN_POINT('',(3.493301483044,0.283516881965,8.831439955563
    ));
#5527 = CARTESIAN_POINT('',(3.5,0.141757627603,8.826606040084));
#5528 = CARTESIAN_POINT('',(3.5,-1.270983318591E-12,8.82177140744));
#5529 = ORIENTED_EDGE('',*,*,#5530,.T.);
#5530 = EDGE_CURVE('',#5446,#5282,#5531,.T.);
#5531 = LINE('',#5532,#5533);
#5532 = CARTESIAN_POINT('',(3.5,0.,6.14));
#5533 = VECTOR('',#5534,1.);
#5534 = DIRECTION('',(0.,0.,1.));
#5535 = ORIENTED_EDGE('',*,*,#5281,.F.);
#5536 = ORIENTED_EDGE('',*,*,#5000,.F.);
#5537 = CYLINDRICAL_SURFACE('',#5538,3.5);
#5538 = AXIS2_PLACEMENT_3D('',#5539,#5540,#5541);
#5539 = CARTESIAN_POINT('',(0.,0.,6.14));
#5540 = DIRECTION('',(-0.,-0.,-1.));
#5541 = DIRECTION('',(1.,0.,0.));
#5542 = ADVANCED_FACE('',(#5543),#5649,.T.);
#5543 = FACE_BOUND('',#5544,.T.);
#5544 = EDGE_LOOP('',(#5545,#5642,#5643,#5644));
#5545 = ORIENTED_EDGE('',*,*,#5546,.F.);
#5546 = EDGE_CURVE('',#5017,#5547,#5549,.T.);
#5547 = VERTEX_POINT('',#5548);
#5548 = CARTESIAN_POINT('',(3.136,-9.1535943E-08,8.611623066638));
#5549 = B_SPLINE_CURVE_WITH_KNOTS('',7,(#5550,#5551,#5552,#5553,#5554,
    #5555,#5556,#5557,#5558,#5559,#5560,#5561,#5562,#5563,#5564,#5565,
    #5566,#5567,#5568,#5569,#5570,#5571,#5572,#5573,#5574,#5575,#5576,
    #5577,#5578,#5579,#5580,#5581,#5582,#5583,#5584,#5585,#5586,#5587,
    #5588,#5589,#5590,#5591,#5592,#5593,#5594,#5595,#5596,#5597,#5598,
    #5599,#5600,#5601,#5602,#5603,#5604,#5605,#5606,#5607,#5608,#5609,
    #5610,#5611,#5612,#5613,#5614,#5615,#5616,#5617,#5618,#5619,#5620,
    #5621,#5622,#5623,#5624,#5625,#5626,#5627,#5628,#5629,#5630,#5631,
    #5632,#5633,#5634,#5635,#5636,#5637,#5638,#5639,#5640,#5641),
  .UNSPECIFIED.,.F.,.F.,(8,6,6,6,6,6,6,6,6,6,6,6,6,6,6,8),(0.,
    4.484972080628E-02,0.133133424617,0.218458004537,0.269480248048,
    0.376251988337,0.501176745056,0.53071498899,0.625715232265,
    0.733623134509,0.737675837967,0.785398544511,0.8672459881,
    0.956936595573,0.982864862556,1.),.UNSPECIFIED.);
#5550 = CARTESIAN_POINT('',(3.136,-1.5255976837E-07,9.361622330375));
#5551 = CARTESIAN_POINT('',(3.135999993859,-0.126237255678,
    9.356817527061));
#5552 = CARTESIAN_POINT('',(3.130071400001,-0.252475431576,
    9.352011849624));
#5553 = CARTESIAN_POINT('',(3.118214375948,-0.378378404546,
    9.347205998714));
#5554 = CARTESIAN_POINT('',(3.100452475161,-0.503612495188,
    9.342400286471));
#5555 = CARTESIAN_POINT('',(3.076832592115,-0.627847079994,
    9.337594790267));
#5556 = CARTESIAN_POINT('',(3.04742490737,-0.750755050939,9.332789506429
    ));
#5557 = CARTESIAN_POINT('',(2.943226724317,-1.110702055079,9.31852617501
    ));
#5558 = CARTESIAN_POINT('',(2.852054159879,-1.343041593837,
    9.309067260252));
#5559 = CARTESIAN_POINT('',(2.739521613101,-1.566511913634,
    9.299610058697));
#5560 = CARTESIAN_POINT('',(2.606695324341,-1.778785511543,
    9.290153367194));
#5561 = CARTESIAN_POINT('',(2.454925737242,-1.977704105591,
    9.280695410136));
#5562 = CARTESIAN_POINT('',(2.285839729702,-2.161291149556,
    9.271235968088));
#5563 = CARTESIAN_POINT('',(1.923123977357,-2.488727977697,
    9.252636467916));
#5564 = CARTESIAN_POINT('',(1.730454254138,-2.633750958873,
    9.243493690227));
#5565 = CARTESIAN_POINT('',(1.525127137442,-2.76127948012,9.2343516774)
  );
#5566 = CARTESIAN_POINT('',(1.309059900838,-2.870024266101,
    9.225210288202));
#5567 = CARTESIAN_POINT('',(1.084305480762,-2.958952106453,
    9.216068465225));
#5568 = CARTESIAN_POINT('',(0.853041596354,-3.027291322485,
    9.206925870983));
#5569 = CARTESIAN_POINT('',(0.476786966202,-3.102868690974,
    9.192318366519));
#5570 = CARTESIAN_POINT('',(0.334475492278,-3.123628416444,
    9.186852042329));
#5571 = CARTESIAN_POINT('',(0.191137060023,-3.136768631633,9.18138580732
    ));
#5572 = CARTESIAN_POINT('',(4.726107923049E-02,-3.142231249234,
    9.175919618447));
#5573 = CARTESIAN_POINT('',(-9.666109139904E-02,-3.139997611486,
    9.170453369705));
#5574 = CARTESIAN_POINT('',(-0.240137055198,-3.130088522183,
    9.164987022195));
#5575 = CARTESIAN_POINT('',(-0.68095494814,-3.075892155964,
    9.148081702031));
#5576 = CARTESIAN_POINT('',(-0.975236679866,-3.005858443045,
    9.13663873978));
#5577 = CARTESIAN_POINT('',(-1.260854777381,-2.902998770579,
    9.12519836857));
#5578 = CARTESIAN_POINT('',(-1.533483750628,-2.768679222809,
    9.113759634535));
#5579 = CARTESIAN_POINT('',(-1.789083055157,-2.604890345077,
    9.102319157858));
#5580 = CARTESIAN_POINT('',(-2.023934150633,-2.414229145855,
    9.090876117666));
#5581 = CARTESIAN_POINT('',(-2.481449126684,-1.949498180083,
    9.06605341225));
#5582 = CARTESIAN_POINT('',(-2.695506174836,-1.66650069396,
    9.052661614369));
#5583 = CARTESIAN_POINT('',(-2.871520873373,-1.356442851143,
    9.039277338905));
#5584 = CARTESIAN_POINT('',(-3.005637843491,-1.025529438242,
    9.025895227235));
#5585 = CARTESIAN_POINT('',(-3.09515942704,-0.680416379147,
    9.012510981006));
#5586 = CARTESIAN_POINT('',(-3.138533141067,-0.328241917639,
    8.999119201657));
#5587 = CARTESIAN_POINT('',(-3.135293383602,0.106506675881,
    8.982570793928));
#5588 = CARTESIAN_POINT('',(-3.132102367104,0.189625507016,
    8.979406182497));
#5589 = CARTESIAN_POINT('',(-3.126340609,0.272629579959,8.976241543934)
  );
#5590 = CARTESIAN_POINT('',(-3.118013247241,0.355423531625,8.97307688049
    ));
#5591 = CARTESIAN_POINT('',(-3.10712982762,0.437912451395,8.969912194845
    ));
#5592 = CARTESIAN_POINT('',(-3.093704303773,0.520001881114,
    8.966747490103));
#5593 = CARTESIAN_POINT('',(-3.026459360633,0.864024843434,
    8.953404466723));
#5594 = CARTESIAN_POINT('',(-2.949047139936,1.121405275915,
    8.943223849779));
#5595 = CARTESIAN_POINT('',(-2.846128721638,1.370517202156,
    8.933044716934));
#5596 = CARTESIAN_POINT('',(-2.718809222197,1.608366404282,
    8.922866644012));
#5597 = CARTESIAN_POINT('',(-2.56858574276,1.832156122167,8.912687764503
    ));
#5598 = CARTESIAN_POINT('',(-2.397337057994,2.039306302145,
    8.902507568282));
#5599 = CARTESIAN_POINT('',(-1.99166858517,2.441311220126,8.880769008381
    ));
#5600 = CARTESIAN_POINT('',(-1.751697899308,2.630798917844,
    8.869204577386));
#5601 = CARTESIAN_POINT('',(-1.490911471388,2.792542210824,
    8.857643332847));
#5602 = CARTESIAN_POINT('',(-1.213187263034,2.923916204268,
    8.846083970968));
#5603 = CARTESIAN_POINT('',(-0.922728478524,3.022932517465,8.83452254728
    ));
#5604 = CARTESIAN_POINT('',(-0.62402403609,3.088258119818,8.822957938432
    ));
#5605 = CARTESIAN_POINT('',(-0.310557757412,3.120605710183,
    8.810963008562));
#5606 = CARTESIAN_POINT('',(-0.299206067071,3.121728463058,
    8.810528820895));
#5607 = CARTESIAN_POINT('',(-0.287849650858,3.12280303912,8.810094632942
    ));
#5608 = CARTESIAN_POINT('',(-0.276488752385,3.123829414761,
    8.809660444642));
#5609 = CARTESIAN_POINT('',(-0.265123616437,3.124807567823,
    8.809226255973));
#5610 = CARTESIAN_POINT('',(-0.253754488974,3.125737477595,
    8.808792066951));
#5611 = CARTESIAN_POINT('',(-0.108460092582,3.137000982791,
    8.803245070936));
#5612 = CARTESIAN_POINT('',(2.598199808971E-02,3.140690592949,
    8.798132171722));
#5613 = CARTESIAN_POINT('',(0.160540256131,3.137656779666,8.793019307224
    ));
#5614 = CARTESIAN_POINT('',(0.294811513003,3.1278985606,8.787906473657)
  );
#5615 = CARTESIAN_POINT('',(0.428394467733,3.111445102131,8.782793624077
    ));
#5616 = CARTESIAN_POINT('',(0.560890324276,3.088355674808,8.777680756232
    ));
#5617 = CARTESIAN_POINT('',(0.916599144259,3.007891891361,8.763799302613
    ));
#5618 = CARTESIAN_POINT('',(1.136965307092,2.937800737445,8.755029706559
    ));
#5619 = CARTESIAN_POINT('',(1.350971877208,2.848897177009,8.746261031791
    ));
#5620 = CARTESIAN_POINT('',(1.556709659352,2.741896282121,8.737492992932
    ));
#5621 = CARTESIAN_POINT('',(1.752378868945,2.617734075418,8.728724506266
    ));
#5622 = CARTESIAN_POINT('',(1.936297778117,2.477563040767,8.719955096435
    ));
#5623 = CARTESIAN_POINT('',(2.293916353208,2.153177693378,8.70157743595)
  );
#5624 = CARTESIAN_POINT('',(2.46500386161,1.965979159095,8.691966485387)
  );
#5625 = CARTESIAN_POINT('',(2.618148222831,1.763027851565,8.682356239757
    ));
#5626 = CARTESIAN_POINT('',(2.751653740121,1.546405196605,8.672746023225
    ));
#5627 = CARTESIAN_POINT('',(2.864119785857,1.318383799739,8.663134793974
    ));
#5628 = CARTESIAN_POINT('',(2.95444923706,1.081413839638,8.6535231366));
#5629 = CARTESIAN_POINT('',(3.041425247796,0.767824476197,8.641136457415
    ));
#5630 = CARTESIAN_POINT('',(3.059020886512,0.696970407598,8.638358756829
    ));
#5631 = CARTESIAN_POINT('',(3.07468994626,0.625649061332,8.635581161431)
  );
#5632 = CARTESIAN_POINT('',(3.088417714989,0.553923313239,8.632803671485
    ));
#5633 = CARTESIAN_POINT('',(3.100192063417,0.481856530673,8.630026273224
    ));
#5634 = CARTESIAN_POINT('',(3.110003445037,0.409512572497,8.627248938857
    ));
#5635 = CARTESIAN_POINT('',(3.123027052789,0.28900540131,8.622636192364)
  );
#5636 = CARTESIAN_POINT('',(3.127348858889,0.240962010988,8.620800765496
    ));
#5637 = CARTESIAN_POINT('',(3.130808310113,0.192844159767,8.618965332844
    ));
#5638 = CARTESIAN_POINT('',(3.133403902728,0.144670418468,8.617129875338
    ));
#5639 = CARTESIAN_POINT('',(3.13513463356,9.645938709268E-02,
    8.615294367948));
#5640 = CARTESIAN_POINT('',(3.136,4.822969481779E-02,8.613458779686));
#5641 = CARTESIAN_POINT('',(3.136,4.4E-16,8.611623073606));
#5642 = ORIENTED_EDGE('',*,*,#5103,.T.);
#5643 = ORIENTED_EDGE('',*,*,#5445,.T.);
#5644 = ORIENTED_EDGE('',*,*,#5645,.F.);
#5645 = EDGE_CURVE('',#5547,#5446,#5646,.T.);
#5646 = B_SPLINE_CURVE_WITH_KNOTS('',1,(#5647,#5648),.UNSPECIFIED.,.F.,
  .F.,(2,2),(0.,0.65425),.PIECEWISE_BEZIER_KNOTS.);
#5647 = CARTESIAN_POINT('',(2.944402894382,-2.7943397453E-07,
    8.501008193429));
#5648 = CARTESIAN_POINT('',(3.511004838881,5.53351636E-09,8.828124837747
    ));
#5649 = B_SPLINE_SURFACE_WITH_KNOTS('',1,9,(
    (#5650,#5651,#5652,#5653,#5654,#5655,#5656,#5657,#5658,#5659,#5660
      ,#5661,#5662,#5663,#5664,#5665,#5666,#5667,#5668,#5669,#5670,#5671
      ,#5672,#5673,#5674,#5675,#5676,#5677,#5678,#5679,#5680)
    ,(#5681,#5682,#5683,#5684,#5685,#5686,#5687,#5688,#5689,#5690,#5691
      ,#5692,#5693,#5694,#5695,#5696,#5697,#5698,#5699,#5700,#5701,#5702
      ,#5703,#5704,#5705,#5706,#5707,#5708,#5709,#5710,#5711
  )),.UNSPECIFIED.,.F.,.F.,.F.,(2,2),(10,7,7,7,10),(0.,0.65425),(0.,
    1.581947328539,3.163894657078,4.745841985618,6.327789314157),
  .UNSPECIFIED.);
#5650 = CARTESIAN_POINT('',(2.944402891905,-2.3286156337E-07,
    9.251006827858));
#5651 = CARTESIAN_POINT('',(2.944402852219,-0.51391635741,9.230174017333
    ));
#5652 = CARTESIAN_POINT('',(2.84351732209,-1.027770293156,9.209343726224
    ));
#5653 = CARTESIAN_POINT('',(2.641706177426,-1.519030768595,
    9.188507276425));
#5654 = CARTESIAN_POINT('',(2.344901193491,-1.965023473015,
    9.167672409961));
#5655 = CARTESIAN_POINT('',(1.964996113971,-2.344911304356,
    9.146839863753));
#5656 = CARTESIAN_POINT('',(1.519038483711,-2.641694279741,
    9.126007315713));
#5657 = CARTESIAN_POINT('',(1.027792034199,-2.843499159562,
    9.105174525842));
#5658 = CARTESIAN_POINT('',(6.44632164571E-06,-3.045305721832,
    9.063508123162));
#5659 = CARTESIAN_POINT('',(-1.027791124473,-2.843500149199,
    9.021840800387));
#5660 = CARTESIAN_POINT('',(-1.519049105917,-2.64169394193,
    9.001007055858));
#5661 = CARTESIAN_POINT('',(-1.965019258884,-2.344909874194,
    8.980173695312));
#5662 = CARTESIAN_POINT('',(-2.344915288592,-1.965011611039,
    8.959340682362));
#5663 = CARTESIAN_POINT('',(-2.6416939463,-1.519045152877,8.9385076345)
  );
#5664 = CARTESIAN_POINT('',(-2.843497395351,-1.027792494616,
    8.917674319872));
#5665 = CARTESIAN_POINT('',(-3.045300944684,2.6496913262E-07,
    8.876007510644));
#5666 = CARTESIAN_POINT('',(-2.843497215999,1.027792989339,
    8.834340701414));
#5667 = CARTESIAN_POINT('',(-2.641693681479,1.519045612324,
    8.813507386787));
#5668 = CARTESIAN_POINT('',(-2.344914947441,1.965012019121,
    8.792674338923));
#5669 = CARTESIAN_POINT('',(-1.965018852255,2.344910217231,
    8.771841325976));
#5670 = CARTESIAN_POINT('',(-1.519048646942,2.641694207778,
    8.751007965428));
#5671 = CARTESIAN_POINT('',(-1.027790629844,2.843500328119,8.7301742209)
  );
#5672 = CARTESIAN_POINT('',(6.97619852717E-06,3.045305719658,
    8.688506898125));
#5673 = CARTESIAN_POINT('',(1.027792528827,2.84349897944,8.646840495445)
  );
#5674 = CARTESIAN_POINT('',(1.519038943746,2.641694016075,8.626007705574
    ));
#5675 = CARTESIAN_POINT('',(1.964996522145,2.344910965345,8.605175157534
    ));
#5676 = CARTESIAN_POINT('',(2.344901541947,1.965023071513,8.584342611326
    ));
#5677 = CARTESIAN_POINT('',(2.641706443153,1.519030303768,8.563507744862
    ));
#5678 = CARTESIAN_POINT('',(2.843517490561,1.027769798036,8.542671295062
    ));
#5679 = CARTESIAN_POINT('',(2.944402942193,0.513915845114,8.521841003954
    ));
#5680 = CARTESIAN_POINT('',(2.944402894382,-2.7943397453E-07,
    8.501008193429));
#5681 = CARTESIAN_POINT('',(3.511004032401,4.61116878E-09,9.578124864794
    ));
#5682 = CARTESIAN_POINT('',(3.511004341966,-0.612785456476,
    9.557291521106));
#5683 = CARTESIAN_POINT('',(3.390711860869,-1.225567798123,
    9.536458127518));
#5684 = CARTESIAN_POINT('',(3.150040695814,-1.811361743748,
    9.515624855903));
#5685 = CARTESIAN_POINT('',(2.796138891838,-2.343144635501,
    9.494791552952));
#5686 = CARTESIAN_POINT('',(2.343134258467,-2.796152057599,
    9.473958204011));
#5687 = CARTESIAN_POINT('',(1.811354808656,-3.150043019773,
    9.453124855134));
#5688 = CARTESIAN_POINT('',(1.225574090623,-3.390683638072,
    9.432291511034));
#5689 = CARTESIAN_POINT('',(6.52850517492E-06,-3.631324682529,
    9.390624839138));
#5690 = CARTESIAN_POINT('',(-1.225570920237,-3.390684820087,
    9.348958185467));
#5691 = CARTESIAN_POINT('',(-1.811361069909,-3.150044855708,
    9.328124860278));
#5692 = CARTESIAN_POINT('',(-2.343152539896,-2.796150825324,
    9.307291527484));
#5693 = CARTESIAN_POINT('',(-2.79615639324,-2.343145348124,
    9.286458187805));
#5694 = CARTESIAN_POINT('',(-3.150046023829,-1.811356563041,
    9.265624848817));
#5695 = CARTESIAN_POINT('',(-3.390682378842,-1.225571070498,
    9.244791515113));
#5696 = CARTESIAN_POINT('',(-3.631319040947,8.97428275E-09,
    9.203124851271));
#5697 = CARTESIAN_POINT('',(-3.390682209974,1.22557105529,9.161458187427
    ));
#5698 = CARTESIAN_POINT('',(-3.15004585777,1.811356494987,9.140624853724
    ));
#5699 = CARTESIAN_POINT('',(-2.796156640657,2.343145369077,
    9.119791514735));
#5700 = CARTESIAN_POINT('',(-2.343152992002,2.796151192018,
    9.098958175058));
#5701 = CARTESIAN_POINT('',(-1.811361291633,3.150045355811,
    9.078124842262));
#5702 = CARTESIAN_POINT('',(-1.225570966245,3.390684847679,
    9.057291517074));
#5703 = CARTESIAN_POINT('',(6.52631475867E-06,3.631323974529,
    9.015624863402));
#5704 = CARTESIAN_POINT('',(1.225574044614,3.390683219329,8.973958191507
    ));
#5705 = CARTESIAN_POINT('',(1.811354932976,3.150043231654,8.953124847413
    ));
#5706 = CARTESIAN_POINT('',(2.343134309594,2.796153003044,8.932291498514
    ));
#5707 = CARTESIAN_POINT('',(2.79614102647,2.3431467569,8.91145814961));
#5708 = CARTESIAN_POINT('',(3.150041151128,1.811360054631,8.890624846624
    ));
#5709 = CARTESIAN_POINT('',(3.390708480554,1.225567686696,8.869791575027
    ));
#5710 = CARTESIAN_POINT('',(3.511004529155,0.61278546662,8.848958181435)
  );
#5711 = CARTESIAN_POINT('',(3.511004838881,5.53351636E-09,8.828124837747
    ));
#5712 = ADVANCED_FACE('',(#5713),#5814,.T.);
#5713 = FACE_BOUND('',#5714,.F.);
#5714 = EDGE_LOOP('',(#5715,#5716,#5717,#5808));
#5715 = ORIENTED_EDGE('',*,*,#5546,.F.);
#5716 = ORIENTED_EDGE('',*,*,#5267,.T.);
#5717 = ORIENTED_EDGE('',*,*,#5718,.T.);
#5718 = EDGE_CURVE('',#5177,#5719,#5721,.T.);
#5719 = VERTEX_POINT('',#5720);
#5720 = CARTESIAN_POINT('',(3.136,-1.06793264E-07,8.388393954928));
#5721 = B_SPLINE_CURVE_WITH_KNOTS('',7,(#5722,#5723,#5724,#5725,#5726,
    #5727,#5728,#5729,#5730,#5731,#5732,#5733,#5734,#5735,#5736,#5737,
    #5738,#5739,#5740,#5741,#5742,#5743,#5744,#5745,#5746,#5747,#5748,
    #5749,#5750,#5751,#5752,#5753,#5754,#5755,#5756,#5757,#5758,#5759,
    #5760,#5761,#5762,#5763,#5764,#5765,#5766,#5767,#5768,#5769,#5770,
    #5771,#5772,#5773,#5774,#5775,#5776,#5777,#5778,#5779,#5780,#5781,
    #5782,#5783,#5784,#5785,#5786,#5787,#5788,#5789,#5790,#5791,#5792,
    #5793,#5794,#5795,#5796,#5797,#5798,#5799,#5800,#5801,#5802,#5803,
    #5804,#5805,#5806,#5807),.UNSPECIFIED.,.F.,.F.,(8,6,6,6,6,6,6,6,6,6,
    6,6,6,6,8),(0.,4.500194216762E-02,0.134058854028,0.223920678653,
    0.277696734391,0.377393461523,0.468559747746,0.500561352573,
    0.56566045088,0.627662528688,0.741346573207,0.791669922331,
    0.868428563123,0.956502725761,1.),.UNSPECIFIED.);
#5722 = CARTESIAN_POINT('',(3.136,-2.1358650404E-07,9.138392153178));
#5723 = CARTESIAN_POINT('',(3.136,-0.12666873928,9.133571019486));
#5724 = CARTESIAN_POINT('',(3.13003081844,-0.253338458529,9.128750758226
    ));
#5725 = CARTESIAN_POINT('',(3.118092601868,-0.379669539708,
    9.123930682885));
#5726 = CARTESIAN_POINT('',(3.100209229274,-0.505324830799,
    9.119110384988));
#5727 = CARTESIAN_POINT('',(3.076428248428,-0.629970314722,
    9.114289684088));
#5728 = CARTESIAN_POINT('',(3.046820812222,-0.753275564653,
    9.109468577763));
#5729 = CARTESIAN_POINT('',(2.94154686064,-1.115631836111,9.095105875378
    ));
#5730 = CARTESIAN_POINT('',(2.849152157801,-1.349867536885,
    9.085561711181));
#5731 = CARTESIAN_POINT('',(2.735035627374,-1.575033692817,
    9.076017887747));
#5732 = CARTESIAN_POINT('',(2.600297635346,-1.788743548323,
    9.066475108938));
#5733 = CARTESIAN_POINT('',(2.446332017442,-1.988786218146,
    9.056932431549));
#5734 = CARTESIAN_POINT('',(2.274817884412,-2.173139780296,
    9.047389177445));
#5735 = CARTESIAN_POINT('',(1.899035576395,-2.508413425678,9.02822042701
    ));
#5736 = CARTESIAN_POINT('',(1.694421348766,-2.659073389473,
    9.018591748158));
#5737 = CARTESIAN_POINT('',(1.475984139393,-2.790150562574,
    9.008964483018));
#5738 = CARTESIAN_POINT('',(1.245986003498,-2.900170375507,8.99933787986
    ));
#5739 = CARTESIAN_POINT('',(1.006849061141,-2.987974226593,
    8.989710259591));
#5740 = CARTESIAN_POINT('',(0.761140940207,-3.05272643005,8.980081224768
    ));
#5741 = CARTESIAN_POINT('',(0.362255645636,-3.118682337184,
    8.964692221718));
#5742 = CARTESIAN_POINT('',(0.211524725819,-3.13496621835,8.958930610328
    ));
#5743 = CARTESIAN_POINT('',(5.997387170491E-02,-3.142746454503,
    8.953169048386));
#5744 = CARTESIAN_POINT('',(-9.182154839937E-02,-3.1419772371,
    8.947407529952));
#5745 = CARTESIAN_POINT('',(-0.243285805752,-3.132661480092,
    8.941645968685));
#5746 = CARTESIAN_POINT('',(-0.39384402633,-3.114850813346,
    8.935884352194));
#5747 = CARTESIAN_POINT('',(-0.819305264616,-3.040063054476,
    8.919441594449));
#5748 = CARTESIAN_POINT('',(-1.090686937996,-2.962614183727,
    8.90875771772));
#5749 = CARTESIAN_POINT('',(-1.353318670044,-2.856932416167,
    8.898076030321));
#5750 = CARTESIAN_POINT('',(-1.603725529468,-2.724261106452,
    8.887395750104));
#5751 = CARTESIAN_POINT('',(-1.838667352246,-2.566316985161,
    8.876714181819));
#5752 = CARTESIAN_POINT('',(-2.05516385837,-2.385276844965,
    8.866030425437));
#5753 = CARTESIAN_POINT('',(-2.429285036997,-1.999729696978,
    8.845581824624));
#5754 = CARTESIAN_POINT('',(-2.590437003897,-1.798478891408,
    8.835812562128));
#5755 = CARTESIAN_POINT('',(-2.732017034286,-1.582199086296,
    8.826044358253));
#5756 = CARTESIAN_POINT('',(-2.852393317428,-1.353190060706,
    8.816276794494));
#5757 = CARTESIAN_POINT('',(-2.95026137715,-1.113933472756,
    8.806508346545));
#5758 = CARTESIAN_POINT('',(-3.024652200294,-0.86707742865,
    8.796738672553));
#5759 = CARTESIAN_POINT('',(-3.092691090137,-0.527135371234,
    8.783542159606));
#5760 = CARTESIAN_POINT('',(-3.107409293578,-0.438218601172,
    8.780113443191));
#5761 = CARTESIAN_POINT('',(-3.119143867699,-0.348828685605,
    8.776684747456));
#5762 = CARTESIAN_POINT('',(-3.127876988306,-0.259085754717,
    8.773256077206));
#5763 = CARTESIAN_POINT('',(-3.133596907262,-0.169110530184,
    8.769827436161));
#5764 = CARTESIAN_POINT('',(-3.136297952485,-7.902432517797E-02,
    8.76639882696));
#5765 = CARTESIAN_POINT('',(-3.135334808729,0.194286127506,
    8.755995688665));
#5766 = CARTESIAN_POINT('',(-3.122198224368,0.377486040437,
    8.749020920605));
#5767 = CARTESIAN_POINT('',(-3.096572350547,0.559613418459,8.74204652267
    ));
#5768 = CARTESIAN_POINT('',(-3.058569190705,0.739649866708,
    8.735072387087));
#5769 = CARTESIAN_POINT('',(-3.008399618228,0.916596398957,
    8.728098172493));
#5770 = CARTESIAN_POINT('',(-2.946372780764,1.089476255076,
    8.721123751013));
#5771 = CARTESIAN_POINT('',(-2.802935234437,1.417217821909,
    8.707507339426));
#5772 = CARTESIAN_POINT('',(-2.722581149385,1.572559001172,
    8.700864761868));
#5773 = CARTESIAN_POINT('',(-2.632201589927,1.722543102277,
    8.694222333445));
#5774 = CARTESIAN_POINT('',(-2.532231025511,1.866399183981,
    8.687579949465));
#5775 = CARTESIAN_POINT('',(-2.423172861965,2.003402857082,
    8.680937344178));
#5776 = CARTESIAN_POINT('',(-2.30559816858,2.132878114208,8.674294441285
    ));
#5777 = CARTESIAN_POINT('',(-1.950137884354,2.47666117168,8.655471880886
    ));
#5778 = CARTESIAN_POINT('',(-1.693542419834,2.671832731893,
    8.643286456616));
#5779 = CARTESIAN_POINT('',(-1.414418859565,2.835719974092,
    8.631105077817));
#5780 = CARTESIAN_POINT('',(-1.117389331324,2.965354888309,
    8.618925075781));
#5781 = CARTESIAN_POINT('',(-0.807421388825,3.058569408287,
    8.606743850678));
#5782 = CARTESIAN_POINT('',(-0.489834313512,3.113992689687,
    8.594558539719));
#5783 = CARTESIAN_POINT('',(-2.887927244749E-02,3.139064255953,
    8.576987160189));
#5784 = CARTESIAN_POINT('',(0.112965952408,3.139303883054,8.571595576332
    ));
#5785 = CARTESIAN_POINT('',(0.254743544579,3.132064663096,8.566204086453
    ));
#5786 = CARTESIAN_POINT('',(0.39598078043,3.117358263767,8.560812651753)
  );
#5787 = CARTESIAN_POINT('',(0.536208381185,3.095233551739,8.555421170522
    ));
#5788 = CARTESIAN_POINT('',(0.674961358783,3.06577650532,8.550029602573)
  );
#5789 = CARTESIAN_POINT('',(1.020470310666,2.973182582472,8.536414378394
    ));
#5790 = CARTESIAN_POINT('',(1.224684604341,2.900475857913,8.528189847393
    ));
#5791 = CARTESIAN_POINT('',(1.422769173458,2.811427424961,8.51996576745)
  );
#5792 = CARTESIAN_POINT('',(1.613168274951,2.706674062335,8.511741950944
    ));
#5793 = CARTESIAN_POINT('',(1.794415706868,2.587022432776,8.503517773684
    ));
#5794 = CARTESIAN_POINT('',(1.965140852198,2.453445754579,8.495293146032
    ));
#5795 = CARTESIAN_POINT('',(2.306468903884,2.139194509928,8.477633414841
    ));
#5796 = CARTESIAN_POINT('',(2.473391724019,1.954435413466,8.468196162059
    ));
#5797 = CARTESIAN_POINT('',(2.622935479903,1.754582135025,8.458760289393
    ));
#5798 = CARTESIAN_POINT('',(2.753503258217,1.541612408897,8.449325575907
    ));
#5799 = CARTESIAN_POINT('',(2.863773726931,1.317681508242,8.439890329453
    ));
#5800 = CARTESIAN_POINT('',(2.952708748774,1.085109811889,8.43045347475)
  );
#5801 = CARTESIAN_POINT('',(3.052662756067,0.728516030789,8.416357150647
    ));
#5802 = CARTESIAN_POINT('',(3.080337994027,0.609120530669,8.411696711369
    ));
#5803 = CARTESIAN_POINT('',(3.102561145676,0.488514210347,8.407036118284
    ));
#5804 = CARTESIAN_POINT('',(3.119270086142,0.366995891376,8.402375377072
    ));
#5805 = CARTESIAN_POINT('',(3.130423316386,0.244867393124,8.397714553753
    ));
#5806 = CARTESIAN_POINT('',(3.136,0.122433142955,8.393053896079));
#5807 = CARTESIAN_POINT('',(3.136,-2.1358652935E-07,8.388393954928));
#5808 = ORIENTED_EDGE('',*,*,#5809,.F.);
#5809 = EDGE_CURVE('',#5547,#5719,#5810,.T.);
#5810 = LINE('',#5811,#5812);
#5811 = CARTESIAN_POINT('',(3.136,0.,13.));
#5812 = VECTOR('',#5813,1.);
#5813 = DIRECTION('',(-6.E-17,0.,-1.));
#5814 = CYLINDRICAL_SURFACE('',#5815,3.136);
#5815 = AXIS2_PLACEMENT_3D('',#5816,#5817,#5818);
#5816 = CARTESIAN_POINT('',(0.,0.,13.));
#5817 = DIRECTION('',(-0.,-0.,-1.));
#5818 = DIRECTION('',(1.,0.,0.));
#5819 = ADVANCED_FACE('',(#5820),#5920,.T.);
#5820 = FACE_BOUND('',#5821,.T.);
#5821 = EDGE_LOOP('',(#5822,#5913,#5914,#5915));
#5822 = ORIENTED_EDGE('',*,*,#5823,.F.);
#5823 = EDGE_CURVE('',#5282,#5824,#5826,.T.);
#5824 = VERTEX_POINT('',#5825);
#5825 = CARTESIAN_POINT('',(3.5,-1.125229152817E-12,8.178230106745));
#5826 = B_SPLINE_CURVE_WITH_KNOTS('',7,(#5827,#5828,#5829,#5830,#5831,
    #5832,#5833,#5834,#5835,#5836,#5837,#5838,#5839,#5840,#5841,#5842,
    #5843,#5844,#5845,#5846,#5847,#5848,#5849,#5850,#5851,#5852,#5853,
    #5854,#5855,#5856,#5857,#5858,#5859,#5860,#5861,#5862,#5863,#5864,
    #5865,#5866,#5867,#5868,#5869,#5870,#5871,#5872,#5873,#5874,#5875,
    #5876,#5877,#5878,#5879,#5880,#5881,#5882,#5883,#5884,#5885,#5886,
    #5887,#5888,#5889,#5890,#5891,#5892,#5893,#5894,#5895,#5896,#5897,
    #5898,#5899,#5900,#5901,#5902,#5903,#5904,#5905,#5906,#5907,#5908,
    #5909,#5910,#5911,#5912),.UNSPECIFIED.,.F.,.F.,(8,6,6,6,6,6,6,6,6,6,
    6,6,6,6,8),(0.,4.600147290903E-02,0.133000064834,0.220419601274,
    0.274586104285,0.376852763586,0.484503013591,0.505223501,
    0.574225947276,0.627228484807,0.737722837727,0.789786978816,
    0.867721522276,0.956291942665,1.),.UNSPECIFIED.);
#5827 = CARTESIAN_POINT('',(3.5,-1.579625319437E-12,8.92822949905));
#5828 = CARTESIAN_POINT('',(3.5,-0.14450979398,8.923301101678));
#5829 = CARTESIAN_POINT('',(3.49303885233,-0.289021340973,8.918373561374
    ));
#5830 = CARTESIAN_POINT('',(3.479116716339,-0.4331292434,8.913446230906)
  );
#5831 = CARTESIAN_POINT('',(3.458262670934,-0.576431565949,
    8.908518715374));
#5832 = CARTESIAN_POINT('',(3.430534637079,-0.718530329541,
    8.903590834919));
#5833 = CARTESIAN_POINT('',(3.396019300299,-0.859032005288,
    8.898662587429));
#5834 = CARTESIAN_POINT('',(3.276938130685,-1.259511299495,
    8.884413312124));
#5835 = CARTESIAN_POINT('',(3.175167208413,-1.514419363099,
    8.875090054209));
#5836 = CARTESIAN_POINT('',(3.050304256382,-1.759585937839,8.8657672341)
  );
#5837 = CARTESIAN_POINT('',(2.90350062874,-1.992531781815,8.856445343577
    ));
#5838 = CARTESIAN_POINT('',(2.736205445768,-2.210957412765,
    8.847123434928));
#5839 = CARTESIAN_POINT('',(2.550158470953,-2.412754450862,
    8.837800917739));
#5840 = CARTESIAN_POINT('',(2.14374961932,-2.780243583868,8.81911435807)
  );
#5841 = CARTESIAN_POINT('',(1.923161655261,-2.945814503223,
    8.809747412058));
#5842 = CARTESIAN_POINT('',(1.687778157742,-3.090853333226,
    8.800381727474));
#5843 = CARTESIAN_POINT('',(1.439905897213,-3.21382022559,8.791016674225
    ));
#5844 = CARTESIAN_POINT('',(1.182015188323,-3.313489684395,
    8.781650733595));
#5845 = CARTESIAN_POINT('',(0.916727603122,-3.388956664763,
    8.772283508993));
#5846 = CARTESIAN_POINT('',(0.479608648805,-3.471156840204,
    8.757114382096));
#5847 = CARTESIAN_POINT('',(0.310592716494,-3.493119359886,
    8.751310955076));
#5848 = CARTESIAN_POINT('',(0.14044144985,-3.505474891721,8.745507603421
    ));
#5849 = CARTESIAN_POINT('',(-3.019020545141E-02,-3.508157149857,
    8.739704315769));
#5850 = CARTESIAN_POINT('',(-0.200645802241,-3.501155809867,
    8.733900988082));
#5851 = CARTESIAN_POINT('',(-0.370268626173,-3.48451653008,
    8.728097599134));
#5852 = CARTESIAN_POINT('',(-0.855841431942,-3.40892137523,
    8.711337887266));
#5853 = CARTESIAN_POINT('',(-1.168081841743,-3.32549303327,
    8.700378366053));
#5854 = CARTESIAN_POINT('',(-1.470578576859,-3.20872938669,
    8.689421374588));
#5855 = CARTESIAN_POINT('',(-1.759125192947,-3.060069307406,
    8.678465995274));
#5856 = CARTESIAN_POINT('',(-2.029797265226,-2.88153467604,
    8.667509082407));
#5857 = CARTESIAN_POINT('',(-2.278981443703,-2.675715417346,
    8.656549597146));
#5858 = CARTESIAN_POINT('',(-2.739818688228,-2.204031630911,
    8.634059691622));
#5859 = CARTESIAN_POINT('',(-2.94896514596,-1.935412870638,
    8.622521983608));
#5860 = CARTESIAN_POINT('',(-3.127136087407,-1.643883882393,
    8.610986953659));
#5861 = CARTESIAN_POINT('',(-3.271454516741,-1.333761480343,
    8.599453639175));
#5862 = CARTESIAN_POINT('',(-3.37974785352,-1.009714261725,8.58791842633
    ));
#5863 = CARTESIAN_POINT('',(-3.450566275195,-0.67672319433,
    8.576380416275));
#5864 = CARTESIAN_POINT('',(-3.489757935821,-0.275366081174,
    8.562626818068));
#5865 = CARTESIAN_POINT('',(-3.494678291578,-0.210445210481,
    8.560406843107));
#5866 = CARTESIAN_POINT('',(-3.498189446786,-0.145423705645,
    8.558186880024));
#5867 = CARTESIAN_POINT('',(-3.500289019229,-8.033827289246E-02,
    8.555966929443));
#5868 = CARTESIAN_POINT('',(-3.50097582395,-1.522566090808E-02,
    8.55374699192));
#5869 = CARTESIAN_POINT('',(-3.500249873255,4.987733916756E-02,
    8.551527067942));
#5870 = CARTESIAN_POINT('',(-3.490994180701,0.331582340417,
    8.541914512265));
#5871 = CARTESIAN_POINT('',(-3.468221564971,0.547729933836,
    8.534521552798));
#5872 = CARTESIAN_POINT('',(-3.429836536977,0.761995335257,
    8.527129060661));
#5873 = CARTESIAN_POINT('',(-3.376037041252,0.97303106511,8.519736878289
    ));
#5874 = CARTESIAN_POINT('',(-3.307158179921,1.179522644657,
    8.512344533986));
#5875 = CARTESIAN_POINT('',(-3.223671271191,1.380192286593,
    8.504951858858));
#5876 = CARTESIAN_POINT('',(-3.051331151216,1.722527633642,
    8.491881410731));
#5877 = CARTESIAN_POINT('',(-2.968205629292,1.867095741641,
    8.486203082824));
#5878 = CARTESIAN_POINT('',(-2.877103942891,2.006956563113,
    8.480524797128));
#5879 = CARTESIAN_POINT('',(-2.778348214497,2.141584213001,
    8.474846505713));
#5880 = CARTESIAN_POINT('',(-2.672302269969,2.270482710723,
    8.469168087748));
#5881 = CARTESIAN_POINT('',(-2.559370982282,2.393186874231,
    8.463489509242));
#5882 = CARTESIAN_POINT('',(-2.191146209909,2.751247478585,
    8.445972962668));
#5883 = CARTESIAN_POINT('',(-1.914194700133,2.964535130573,
    8.434129920163));
#5884 = CARTESIAN_POINT('',(-1.613285789914,3.145023803146,
    8.422290522037));
#5885 = CARTESIAN_POINT('',(-1.293124816361,3.289634322165,
    8.410452410796));
#5886 = CARTESIAN_POINT('',(-0.958772451331,3.396080901228,
    8.398613216212));
#5887 = CARTESIAN_POINT('',(-0.615649647215,3.462868746526,
    8.386770349678));
#5888 = CARTESIAN_POINT('',(-0.106502772313,3.502200370202,
    8.369354393643));
#5889 = CARTESIAN_POINT('',(5.725650206849E-02,3.505907209404,
    8.363776342925));
#5890 = CARTESIAN_POINT('',(0.221118627052,3.50067874298,8.358198389922)
  );
#5891 = CARTESIAN_POINT('',(0.384499100021,3.486517678867,8.35262048843)
  );
#5892 = CARTESIAN_POINT('',(0.546817065416,3.463474371397,8.347042518554
    ));
#5893 = CARTESIAN_POINT('',(0.707496309275,3.431646724777,8.341464435265
    ));
#5894 = CARTESIAN_POINT('',(1.103179093899,3.330605810132,8.3275367102)
  );
#5895 = CARTESIAN_POINT('',(1.335472458401,3.250666847604,8.319186076794
    ));
#5896 = CARTESIAN_POINT('',(1.56090608514,3.151851545665,8.3108359305));
#5897 = CARTESIAN_POINT('',(1.777655767433,3.034886482969,8.302486059484
    ));
#5898 = CARTESIAN_POINT('',(1.984001821027,2.90069965079,8.294135789363)
  );
#5899 = CARTESIAN_POINT('',(2.178335539663,2.750416969019,8.285785058001
    ));
#5900 = CARTESIAN_POINT('',(2.5647124265,2.397846071457,8.267946252593)
  );
#5901 = CARTESIAN_POINT('',(2.752881553019,2.191206550955,8.258455869672
    ));
#5902 = CARTESIAN_POINT('',(2.921497534889,1.967455317949,8.248967048386
    ));
#5903 = CARTESIAN_POINT('',(3.068741007525,1.728831092598,8.239479540642
    ));
#5904 = CARTESIAN_POINT('',(3.193105891092,1.477774613723,8.229991479075
    ));
#5905 = CARTESIAN_POINT('',(3.293407181011,1.21691606192,8.220501619532)
  );
#5906 = CARTESIAN_POINT('',(3.4060907975,0.816944424414,8.206329628214)
  );
#5907 = CARTESIAN_POINT('',(3.437275746574,0.683078513638,8.201646582085
    ));
#5908 = CARTESIAN_POINT('',(3.462318087009,0.547841658672,8.196963329307
    ));
#5909 = CARTESIAN_POINT('',(3.481147130542,0.411572174789,8.192279867132
    ));
#5910 = CARTESIAN_POINT('',(3.493715665843,0.274611791326,8.187596264256
    ));
#5911 = CARTESIAN_POINT('',(3.5,0.137305266128,8.182912800543));
#5912 = CARTESIAN_POINT('',(3.5,-2.25064411552E-12,8.178230106745));
#5913 = ORIENTED_EDGE('',*,*,#5374,.T.);
#5914 = ORIENTED_EDGE('',*,*,#5718,.T.);
#5915 = ORIENTED_EDGE('',*,*,#5916,.F.);
#5916 = EDGE_CURVE('',#5824,#5719,#5917,.T.);
#5917 = B_SPLINE_CURVE_WITH_KNOTS('',1,(#5918,#5919),.UNSPECIFIED.,.F.,
  .F.,(2,2),(0.,0.65425),.PIECEWISE_BEZIER_KNOTS.);
#5918 = CARTESIAN_POINT('',(3.511007258319,6.45647846E-09,8.171874810684
    ));
#5919 = CARTESIAN_POINT('',(2.944415766132,-3.2600240907E-07,
    8.499009558886));
#5920 = B_SPLINE_SURFACE_WITH_KNOTS('',1,9,(
    (#5921,#5922,#5923,#5924,#5925,#5926,#5927,#5928,#5929,#5930,#5931
      ,#5932,#5933,#5934,#5935,#5936,#5937,#5938,#5939,#5940,#5941,#5942
      ,#5943,#5944,#5945,#5946,#5947,#5948,#5949,#5950,#5951)
    ,(#5952,#5953,#5954,#5955,#5956,#5957,#5958,#5959,#5960,#5961,#5962
      ,#5963,#5964,#5965,#5966,#5967,#5968,#5969,#5970,#5971,#5972,#5973
      ,#5974,#5975,#5976,#5977,#5978,#5979,#5980,#5981,#5982
  )),.UNSPECIFIED.,.F.,.F.,.F.,(2,2),(10,7,7,7,10),(0.,0.65425),(0.,
    1.581947328539,3.163894657078,4.745841985618,6.327789314157),
  .UNSPECIFIED.);
#5921 = CARTESIAN_POINT('',(3.511006221418,5.53395019E-09,8.921874837736
    ));
#5922 = CARTESIAN_POINT('',(3.511006619361,-0.61278585763,8.901041494046
    ));
#5923 = CARTESIAN_POINT('',(3.390714568884,-1.225568618944,
    8.880208100447));
#5924 = CARTESIAN_POINT('',(3.150043906678,-1.811361998793,
    8.859374828846));
#5925 = CARTESIAN_POINT('',(2.796137312989,-2.343148893472,
    8.838541525891));
#5926 = CARTESIAN_POINT('',(2.343138897162,-2.796150735095,
    8.817708176963));
#5927 = CARTESIAN_POINT('',(1.811354770291,-3.150046232669,
    8.796874828071));
#5928 = CARTESIAN_POINT('',(1.225574901016,-3.390685923339,
    8.776041483972));
#5929 = CARTESIAN_POINT('',(6.52827304736E-06,-3.631327166864,
    8.734374812076));
#5930 = CARTESIAN_POINT('',(-1.225571718495,-3.390687041225,
    8.692708158407));
#5931 = CARTESIAN_POINT('',(-1.811362227468,-3.15004685133,8.67187483322
    ));
#5932 = CARTESIAN_POINT('',(-2.343154013505,-2.796152607673,
    8.651041500426));
#5933 = CARTESIAN_POINT('',(-2.796158193332,-2.343146882487,
    8.630208160745));
#5934 = CARTESIAN_POINT('',(-3.150048115166,-1.811357761048,
    8.609374821757));
#5935 = CARTESIAN_POINT('',(-3.390684628415,-1.225571876478,
    8.588541488053));
#5936 = CARTESIAN_POINT('',(-3.631321424137,1.208270302E-08,
    8.54687482421));
#5937 = CARTESIAN_POINT('',(-3.390684410932,1.225571857941,
    8.505208160368));
#5938 = CARTESIAN_POINT('',(-3.150047901118,1.811357674494,
    8.484374826664));
#5939 = CARTESIAN_POINT('',(-2.796158510737,2.343146910265,
    8.463541487675));
#5940 = CARTESIAN_POINT('',(-2.343154593946,2.796153079839,
    8.442708147995));
#5941 = CARTESIAN_POINT('',(-1.811362511597,3.150047494863,
    8.421874815201));
#5942 = CARTESIAN_POINT('',(-1.225571776632,3.390687077068,
    8.401041490014));
#5943 = CARTESIAN_POINT('',(6.52654552761E-06,3.631326256578,
    8.359374836345));
#5944 = CARTESIAN_POINT('',(1.225574842879,3.390685384588,8.317708164448
    ));
#5945 = CARTESIAN_POINT('',(1.811356139986,3.150045328981,8.296874820352
    ));
#5946 = CARTESIAN_POINT('',(2.34313585511,2.796154972842,8.276041471447)
  );
#5947 = CARTESIAN_POINT('',(2.796143166844,2.34314859727,8.255208122545)
  );
#5948 = CARTESIAN_POINT('',(3.150043283715,1.811361001691,8.234374819561
    ));
#5949 = CARTESIAN_POINT('',(3.390710223133,1.225568474664,8.213541547979
    ));
#5950 = CARTESIAN_POINT('',(3.511006860216,0.61278586962,8.192708154375)
  );
#5951 = CARTESIAN_POINT('',(3.511007258319,6.45647846E-09,8.171874810684
    ));
#5952 = CARTESIAN_POINT('',(2.944413925189,-2.7943110581E-07,
    9.249008193348));
#5953 = CARTESIAN_POINT('',(2.944414581233,-0.513918489638,
    9.228175382811));
#5954 = CARTESIAN_POINT('',(2.843532697807,-1.027774648865,
    9.207345091641));
#5955 = CARTESIAN_POINT('',(2.641716108662,-1.519040436161,
    9.186508641941));
#5956 = CARTESIAN_POINT('',(2.344908865837,-1.965025160539,
    9.165673775361));
#5957 = CARTESIAN_POINT('',(1.965003360962,-2.344923701813,
    9.144841229365));
#5958 = CARTESIAN_POINT('',(1.519044699463,-2.641703268503,
    9.124008681145));
#5959 = CARTESIAN_POINT('',(1.027796202728,-2.843511200052,
    9.103175891308));
#5960 = CARTESIAN_POINT('',(6.38869014906E-06,-3.045318890942,
    9.061509488622));
#5961 = CARTESIAN_POINT('',(-1.027795300362,-2.843511640373,
    9.019842165862));
#5962 = CARTESIAN_POINT('',(-1.519055071707,-2.641704065633,
    8.999008421342));
#5963 = CARTESIAN_POINT('',(-1.965026766633,-2.344918936409,
    8.978175060797));
#5964 = CARTESIAN_POINT('',(-2.344924564363,-1.965019517626,
    8.95734204784));
#5965 = CARTESIAN_POINT('',(-2.641704889307,-1.519051344624,
    8.936508999972));
#5966 = CARTESIAN_POINT('',(-2.843509151043,-1.027796627964,
    8.915675685343));
#5967 = CARTESIAN_POINT('',(-3.045313306796,3.4555134387E-07,
    8.874008876118));
#5968 = CARTESIAN_POINT('',(-2.843508546154,1.027797200299,
    8.832342066892));
#5969 = CARTESIAN_POINT('',(-2.641704185952,1.519051753244,
    8.811508752264));
#5970 = CARTESIAN_POINT('',(-2.344924709637,1.965020066065,
    8.790675704395));
#5971 = CARTESIAN_POINT('',(-1.965027298045,2.344920192964,
    8.769842691439));
#5972 = CARTESIAN_POINT('',(-1.519055013868,2.641705531509,
    8.749009330893));
#5973 = CARTESIAN_POINT('',(-1.027794798336,2.843511922775,
    8.728175586373));
#5974 = CARTESIAN_POINT('',(7.03382235796E-06,3.045317274793,
    8.686508263612));
#5975 = CARTESIAN_POINT('',(1.027796704753,2.843510024771,8.644841860927
    ));
#5976 = CARTESIAN_POINT('',(1.519045304043,2.641704951264,8.62400907105)
  );
#5977 = CARTESIAN_POINT('',(1.965004603575,2.344921523158,8.603176522969
    ));
#5978 = CARTESIAN_POINT('',(2.344913532746,1.965033419748,8.582343976785
    ));
#5979 = CARTESIAN_POINT('',(2.641717715488,1.519034493075,8.561509110316
    ));
#5980 = CARTESIAN_POINT('',(2.843525201019,1.027773787453,8.540672660603
    ));
#5981 = CARTESIAN_POINT('',(2.944415118214,0.513917884204,8.519842369425
    ));
#5982 = CARTESIAN_POINT('',(2.944415766132,-3.2600240907E-07,
    8.499009558886));
#5983 = ADVANCED_FACE('',(#5984),#6079,.T.);
#5984 = FACE_BOUND('',#5985,.F.);
#5985 = EDGE_LOOP('',(#5986,#6071,#6077,#6078));
#5986 = ORIENTED_EDGE('',*,*,#5987,.T.);
#5987 = EDGE_CURVE('',#5446,#5988,#5990,.T.);
#5988 = VERTEX_POINT('',#5989);
#5989 = CARTESIAN_POINT('',(3.5,-8.554267169909E-13,8.071770950853));
#5990 = B_SPLINE_CURVE_WITH_KNOTS('',7,(#5991,#5992,#5993,#5994,#5995,
    #5996,#5997,#5998,#5999,#6000,#6001,#6002,#6003,#6004,#6005,#6006,
    #6007,#6008,#6009,#6010,#6011,#6012,#6013,#6014,#6015,#6016,#6017,
    #6018,#6019,#6020,#6021,#6022,#6023,#6024,#6025,#6026,#6027,#6028,
    #6029,#6030,#6031,#6032,#6033,#6034,#6035,#6036,#6037,#6038,#6039,
    #6040,#6041,#6042,#6043,#6044,#6045,#6046,#6047,#6048,#6049,#6050,
    #6051,#6052,#6053,#6054,#6055,#6056,#6057,#6058,#6059,#6060,#6061,
    #6062,#6063,#6064,#6065,#6066,#6067,#6068,#6069,#6070),
  .UNSPECIFIED.,.F.,.F.,(8,6,6,6,6,6,6,6,6,6,6,6,6,8),(0.,
    4.496174402267E-02,0.134399710247,0.220402333437,0.272759327227,
    0.376374070944,0.501845892108,0.51969689074,0.626693315946,
    0.738064728733,0.787509896575,0.867577778743,0.956773349038,1.),
  .UNSPECIFIED.);
#5991 = CARTESIAN_POINT('',(3.5,-1.187494547139E-12,8.82177140744));
#5992 = CARTESIAN_POINT('',(3.5,-0.141239923841,8.81695443213));
#5993 = CARTESIAN_POINT('',(3.493350323215,-0.282481318547,
    8.812136529305));
#5994 = CARTESIAN_POINT('',(3.48005112207,-0.423345886751,8.807318482649
    ));
#5995 = CARTESIAN_POINT('',(3.460128929266,-0.563458386578,
    8.802500637139));
#5996 = CARTESIAN_POINT('',(3.433636598061,-0.702447080895,8.79768307211
    ));
#5997 = CARTESIAN_POINT('',(3.40065324255,-0.839944186575,8.792865774327
    ));
#5998 = CARTESIAN_POINT('',(3.282971177712,-1.245405859148,
    8.778466900718));
#5999 = CARTESIAN_POINT('',(3.179375409717,-1.507938167661,
    8.768884473018));
#6000 = CARTESIAN_POINT('',(3.051330766731,-1.760254501888,
    8.759303992655));
#6001 = CARTESIAN_POINT('',(2.900083127494,-1.99965832551,8.749724046757
    ));
#6002 = CARTESIAN_POINT('',(2.727209561105,-2.223653242577,
    8.740142625152));
#6003 = CARTESIAN_POINT('',(2.534610096506,-2.429956190243,
    8.730559483712));
#6004 = CARTESIAN_POINT('',(2.122601650953,-2.795988240869,8.71176374159
    ));
#6005 = CARTESIAN_POINT('',(1.904442459379,-2.957258909018,
    8.702548183182));
#6006 = CARTESIAN_POINT('',(1.672106051914,-3.098564367291,
    8.693333413694));
#6007 = CARTESIAN_POINT('',(1.427797272919,-3.218452224085,
    8.684119332445));
#6008 = CARTESIAN_POINT('',(1.173873103738,-3.315765859262,
    8.674904820794));
#6009 = CARTESIAN_POINT('',(0.91283139586,-3.389649953949,8.665689499091
    ));
#6010 = CARTESIAN_POINT('',(0.485696237535,-3.470035992367,
    8.650866424592));
#6011 = CARTESIAN_POINT('',(0.322392041563,-3.491594107227,
    8.645257124997));
#6012 = CARTESIAN_POINT('',(0.15800546107,-3.504180841181,8.639647944964
    ));
#6013 = CARTESIAN_POINT('',(-6.872342415736E-03,-3.507734580015,
    8.634038833589));
#6014 = CARTESIAN_POINT('',(-0.171648638882,-3.502242542558,
    8.628429662415));
#6015 = CARTESIAN_POINT('',(-0.335730148916,-3.48774080536,
    8.622820382837));
#6016 = CARTESIAN_POINT('',(-0.820694005031,-3.41795321422,
    8.606110550936));
#6017 = CARTESIAN_POINT('',(-1.137934500947,-3.336622965721,
    8.595006411875));
#6018 = CARTESIAN_POINT('',(-1.445505409646,-3.220968847187,
    8.583904576506));
#6019 = CARTESIAN_POINT('',(-1.739018513867,-3.072448673306,
    8.57280416882));
#6020 = CARTESIAN_POINT('',(-2.014377231866,-2.893135337442,
    8.561702179186));
#6021 = CARTESIAN_POINT('',(-2.267807959908,-2.685700982946,
    8.550597900313));
#6022 = CARTESIAN_POINT('',(-2.772290668057,-2.172500337037,
    8.526054958421));
#6023 = CARTESIAN_POINT('',(-3.011850505801,-1.854929293554,
    8.512604131785));
#6024 = CARTESIAN_POINT('',(-3.208521818238,-1.506953282606,
    8.499161255986));
#6025 = CARTESIAN_POINT('',(-3.357966372463,-1.135597783737,
    8.485720562816));
#6026 = CARTESIAN_POINT('',(-3.457154379458,-0.748391525858,
    8.472277792801));
#6027 = CARTESIAN_POINT('',(-3.504348312094,-0.353406602196,
    8.458827052922));
#6028 = CARTESIAN_POINT('',(-3.499110836596,9.678772939758E-02,
    8.443472281885));
#6029 = CARTESIAN_POINT('',(-3.49741040305,0.152847714344,8.441559819946
    ));
#6030 = CARTESIAN_POINT('',(-3.494662143638,0.208871985021,
    8.439647348279));
#6031 = CARTESIAN_POINT('',(-3.49086699099,0.264837039319,8.437734867211
    ));
#6032 = CARTESIAN_POINT('',(-3.486026535428,0.320719424001,
    8.435822377072));
#6033 = CARTESIAN_POINT('',(-3.480143024964,0.3764957347,8.433909878193)
  );
#6034 = CARTESIAN_POINT('',(-3.431719903646,0.765682351557,
    8.420534065871));
#6035 = CARTESIAN_POINT('',(-3.352836288994,1.094690882536,
    8.409066496633));
#6036 = CARTESIAN_POINT('',(-3.23717708211,1.413921469035,8.397601641931
    ));
#6037 = CARTESIAN_POINT('',(-3.086288049321,1.718521295185,
    8.386138634859));
#6038 = CARTESIAN_POINT('',(-2.902413353367,2.003960079964,
    8.374673980011));
#6039 = CARTESIAN_POINT('',(-2.688476898337,2.266067722234,8.3632067525)
  );
#6040 = CARTESIAN_POINT('',(-2.198269480459,2.745907807191,
    8.339812094523));
#6041 = CARTESIAN_POINT('',(-1.91961209076,2.96157895464,8.327875806292)
  );
#6042 = CARTESIAN_POINT('',(-1.616539529046,3.143976217635,
    8.315943846397));
#6043 = CARTESIAN_POINT('',(-1.293865645668,3.289938906745,
    8.304013248922));
#6044 = CARTESIAN_POINT('',(-0.956770497838,3.397123955658,
    8.292081132394));
#6045 = CARTESIAN_POINT('',(-0.61080596871,3.464002658268,8.28014472083)
  );
#6046 = CARTESIAN_POINT('',(-0.107044114967,3.501809108005,
    8.262915804897));
#6047 = CARTESIAN_POINT('',(4.844834553974E-02,3.505413923613,
    8.257618428705));
#6048 = CARTESIAN_POINT('',(0.204042598243,3.500962007059,8.252321088343
    ));
#6049 = CARTESIAN_POINT('',(0.359238149403,3.488454715725,8.24702377578)
  );
#6050 = CARTESIAN_POINT('',(0.513537243828,3.467932164738,8.241726428666
    ));
#6051 = CARTESIAN_POINT('',(0.666445620808,3.43947316861,8.236429039795)
  );
#6052 = CARTESIAN_POINT('',(1.062036380095,3.344449270709,8.222553750417
    ));
#6053 = CARTESIAN_POINT('',(1.30170169368,3.265192550387,8.213974865608)
  );
#6054 = CARTESIAN_POINT('',(1.534355247194,3.165924477686,8.205396800855
    ));
#6055 = CARTESIAN_POINT('',(1.758010614192,3.047412431145,8.196819317478
    ));
#6056 = CARTESIAN_POINT('',(1.97079561437,2.910648449103,8.188241438248)
  );
#6057 = CARTESIAN_POINT('',(2.170959818977,2.756845249831,8.17966274189)
  );
#6058 = CARTESIAN_POINT('',(2.564043275017,2.398789322868,8.161528900471
    ));
#6059 = CARTESIAN_POINT('',(2.753596805758,2.190728078537,8.151971125508
    ));
#6060 = CARTESIAN_POINT('',(2.923320497907,1.965310250824,8.142414151653
    ));
#6061 = CARTESIAN_POINT('',(3.071356933089,1.724822814603,8.132857339472
    ));
#6062 = CARTESIAN_POINT('',(3.196170761268,1.47175994816,8.123299559034)
  );
#6063 = CARTESIAN_POINT('',(3.296556763271,1.208809979046,8.113741211411
    ));
#6064 = CARTESIAN_POINT('',(3.408145355142,0.808074230155,8.09955440234)
  );
#6065 = CARTESIAN_POINT('',(3.438650567089,0.675611850825,8.094923568031
    ));
#6066 = CARTESIAN_POINT('',(3.463145035625,0.541823212732,8.090292997118
    ));
#6067 = CARTESIAN_POINT('',(3.481561129446,0.407035677204,8.085662673239
    ));
#6068 = CARTESIAN_POINT('',(3.493853673463,0.271579860503,8.081032450922
    ));
#6069 = CARTESIAN_POINT('',(3.5,0.135789279941,8.076402033473));
#6070 = CARTESIAN_POINT('',(3.5,-1.710631636342E-12,8.071770950853));
#6071 = ORIENTED_EDGE('',*,*,#6072,.T.);
#6072 = EDGE_CURVE('',#5988,#5824,#6073,.T.);
#6073 = LINE('',#6074,#6075);
#6074 = CARTESIAN_POINT('',(3.5,0.,6.14));
#6075 = VECTOR('',#6076,1.);
#6076 = DIRECTION('',(0.,0.,1.));
#6077 = ORIENTED_EDGE('',*,*,#5823,.F.);
#6078 = ORIENTED_EDGE('',*,*,#5530,.F.);
#6079 = CYLINDRICAL_SURFACE('',#6080,3.5);
#6080 = AXIS2_PLACEMENT_3D('',#6081,#6082,#6083);
#6081 = CARTESIAN_POINT('',(0.,0.,6.14));
#6082 = DIRECTION('',(-0.,-0.,-1.));
#6083 = DIRECTION('',(1.,0.,0.));
#6084 = ADVANCED_FACE('',(#6085),#6179,.T.);
#6085 = FACE_BOUND('',#6086,.T.);
#6086 = EDGE_LOOP('',(#6087,#6172,#6173,#6174));
#6087 = ORIENTED_EDGE('',*,*,#6088,.F.);
#6088 = EDGE_CURVE('',#5547,#6089,#6091,.T.);
#6089 = VERTEX_POINT('',#6090);
#6090 = CARTESIAN_POINT('',(3.136,-1.06791931E-07,7.8616238029));
#6091 = B_SPLINE_CURVE_WITH_KNOTS('',7,(#6092,#6093,#6094,#6095,#6096,
    #6097,#6098,#6099,#6100,#6101,#6102,#6103,#6104,#6105,#6106,#6107,
    #6108,#6109,#6110,#6111,#6112,#6113,#6114,#6115,#6116,#6117,#6118,
    #6119,#6120,#6121,#6122,#6123,#6124,#6125,#6126,#6127,#6128,#6129,
    #6130,#6131,#6132,#6133,#6134,#6135,#6136,#6137,#6138,#6139,#6140,
    #6141,#6142,#6143,#6144,#6145,#6146,#6147,#6148,#6149,#6150,#6151,
    #6152,#6153,#6154,#6155,#6156,#6157,#6158,#6159,#6160,#6161,#6162,
    #6163,#6164,#6165,#6166,#6167,#6168,#6169,#6170,#6171),
  .UNSPECIFIED.,.F.,.F.,(8,6,6,6,6,6,6,6,6,6,6,6,6,8),(0.,
    4.480178174619E-02,0.134220376051,0.217992433253,0.269518442872,
    0.376573465252,0.500383979744,0.5303758452,0.626375707452,
    0.734983330563,0.784066167696,0.867284128135,0.956272080332,1.),
  .UNSPECIFIED.);
#6092 = CARTESIAN_POINT('',(3.136,-2.1358383595E-07,8.611623065477));
#6093 = CARTESIAN_POINT('',(3.136,-0.126102342448,8.606823404475));
#6094 = CARTESIAN_POINT('',(3.130084083702,-0.252205540495,
    8.602022871291));
#6095 = CARTESIAN_POINT('',(3.118252407364,-0.377974612305,
    8.597222164232));
#6096 = CARTESIAN_POINT('',(3.10052842393,-0.503076946023,8.592421594781
    ));
#6097 = CARTESIAN_POINT('',(3.076958828201,-0.627182970186,
    8.587621240555));
#6098 = CARTESIAN_POINT('',(3.047613501997,-0.749966610553,
    8.582821098261));
#6099 = CARTESIAN_POINT('',(2.942673991211,-1.112883883146,
    8.568441330204));
#6100 = CARTESIAN_POINT('',(2.850112423172,-1.34815687356,8.558860763992
    ));
#6101 = CARTESIAN_POINT('',(2.735644525172,-1.574303994928,
    8.549281994449));
#6102 = CARTESIAN_POINT('',(2.600382708304,-1.788908613457,
    8.539703757804));
#6103 = CARTESIAN_POINT('',(2.445737502124,-1.989732728684,8.53012418214
    ));
#6104 = CARTESIAN_POINT('',(2.273409159144,-2.174730355855,
    8.520543045928));
#6105 = CARTESIAN_POINT('',(1.909343259195,-2.498900223273,
    8.501988262021));
#6106 = CARTESIAN_POINT('',(1.719467796491,-2.640273728594,
    8.493011927597));
#6107 = CARTESIAN_POINT('',(1.517476093739,-2.764728983106,
    8.484036292361));
#6108 = CARTESIAN_POINT('',(1.305187217394,-2.871053182506,8.4750612298)
  );
#6109 = CARTESIAN_POINT('',(1.084545981612,-2.958272287061,
    8.466085776144));
#6110 = CARTESIAN_POINT('',(0.857613078912,-3.025655957174,8.457109625)
  );
#6111 = CARTESIAN_POINT('',(0.484473640096,-3.101743993428,
    8.442614481371));
#6112 = CARTESIAN_POINT('',(0.340803675334,-3.123054112477,
    8.437094183915));
#6113 = CARTESIAN_POINT('',(0.196068552475,-3.136595623821,
    8.431573980016));
#6114 = CARTESIAN_POINT('',(5.077219725847E-02,-3.142307622289,
    8.426053824259));
#6115 = CARTESIAN_POINT('',(-9.457936878138E-02,-3.140170207644,
    8.420533605292));
#6116 = CARTESIAN_POINT('',(-0.239478976409,-3.130204526064,
    8.415013282906));
#6117 = CARTESIAN_POINT('',(-0.682482391107,-3.075631823923,
    8.398023646302));
#6118 = CARTESIAN_POINT('',(-0.97751847291,-3.005252802676,
    8.386550272106));
#6119 = CARTESIAN_POINT('',(-1.263824201053,-2.901876637329,
    8.375079527018));
#6120 = CARTESIAN_POINT('',(-1.537040599664,-2.766883776475,
    8.363610440161));
#6121 = CARTESIAN_POINT('',(-1.793097080985,-2.602285422927,
    8.352139591117));
#6122 = CARTESIAN_POINT('',(-2.028249056735,-2.410705007755,
    8.340666155322));
#6123 = CARTESIAN_POINT('',(-2.483187107285,-1.946720335467,
    8.315932448286));
#6124 = CARTESIAN_POINT('',(-2.69505302674,-1.666108834802,
    8.302660367861));
#6125 = CARTESIAN_POINT('',(-2.869548680716,-1.358946546243,
    8.289395477609));
#6126 = CARTESIAN_POINT('',(-3.002919553404,-1.031270815251,
    8.276132691934));
#6127 = CARTESIAN_POINT('',(-3.092529520229,-0.689558142347,
    8.262867834534));
#6128 = CARTESIAN_POINT('',(-3.136849675046,-0.340751842722,
    8.249595779964));
#6129 = CARTESIAN_POINT('',(-3.135782333891,9.214844064929E-02,
    8.233118138771));
#6130 = CARTESIAN_POINT('',(-3.132923070373,0.176558843117,
    8.229904925137));
#6131 = CARTESIAN_POINT('',(-3.127412942683,0.260862637966,
    8.226691683199));
#6132 = CARTESIAN_POINT('',(-3.119256902419,0.344959969536,8.22347841553
    ));
#6133 = CARTESIAN_POINT('',(-3.108464587747,0.428751451629,
    8.220265124978));
#6134 = CARTESIAN_POINT('',(-3.095050323397,0.512138167513,
    8.217051814664));
#6135 = CARTESIAN_POINT('',(-3.027764243839,0.860320433181,
    8.203553068466));
#6136 = CARTESIAN_POINT('',(-2.949814952772,1.120524620395,
    8.193265216638));
#6137 = CARTESIAN_POINT('',(-2.845807825759,1.372305786196,
    8.182978929196));
#6138 = CARTESIAN_POINT('',(-2.716882662068,1.61257366492,8.172693757174
    ));
#6139 = CARTESIAN_POINT('',(-2.564587237414,1.838443804296,
    8.162407732508));
#6140 = CARTESIAN_POINT('',(-2.390866367778,2.04725793195,8.152120315378
    ));
#6141 = CARTESIAN_POINT('',(-1.980122461801,2.450930159529,
    8.130199675812));
#6142 = CARTESIAN_POINT('',(-1.737647767685,2.64048554326,8.118560153053
    ));
#6143 = CARTESIAN_POINT('',(-1.474225631361,2.80182484924,8.106923907929
    ));
#6144 = CARTESIAN_POINT('',(-1.193825065783,2.932293628537,
    8.095289598463));
#6145 = CARTESIAN_POINT('',(-0.90074431768,3.029891718936,8.083653154947
    ));
#6146 = CARTESIAN_POINT('',(-0.599569928025,3.093292590444,
    8.072013419634));
#6147 = CARTESIAN_POINT('',(-0.157696331626,3.135077726446,
    8.055119188392));
#6148 = CARTESIAN_POINT('',(-1.94879689264E-02,3.14101499142,
    8.049860571958));
#6149 = CARTESIAN_POINT('',(0.118951362511,3.13984209303,8.044601993748)
  );
#6150 = CARTESIAN_POINT('',(0.257183049376,3.131551479265,8.039343447893
    ));
#6151 = CARTESIAN_POINT('',(0.394770132184,3.116169360492,8.034084878994
    ));
#6152 = CARTESIAN_POINT('',(0.531278046829,3.093755664609,8.028826283508
    ));
#6153 = CARTESIAN_POINT('',(0.895157847947,3.014639421634,8.014652284418
    ));
#6154 = CARTESIAN_POINT('',(1.119732827724,2.944923865638,8.005735772835
    ));
#6155 = CARTESIAN_POINT('',(1.33786088351,2.855713475998,7.996820253279)
  );
#6156 = CARTESIAN_POINT('',(1.54753067965,2.74774819024,7.987905423178)
  );
#6157 = CARTESIAN_POINT('',(1.746846536176,2.622004125563,7.978990112461
    ));
#6158 = CARTESIAN_POINT('',(1.934037891703,2.479688724122,7.970073809803
    ));
#6159 = CARTESIAN_POINT('',(2.292969930905,2.153954406804,7.951624631885
    ));
#6160 = CARTESIAN_POINT('',(2.462795150734,1.96831908694,7.942089040616)
  );
#6161 = CARTESIAN_POINT('',(2.614969693933,1.767167032721,7.932554116979
    ));
#6162 = CARTESIAN_POINT('',(2.747835314042,1.552529195466,7.923019211773
    ));
#6163 = CARTESIAN_POINT('',(2.860019701061,1.326622532417,7.913483320303
    ));
#6164 = CARTESIAN_POINT('',(2.950444564498,1.091836917356,7.903947005488
    ));
#6165 = CARTESIAN_POINT('',(3.051784133089,0.732296212499,7.889728612139
    ));
#6166 = CARTESIAN_POINT('',(3.079750031329,0.612302834548,7.885044086667
    ));
#6167 = CARTESIAN_POINT('',(3.102207481491,0.491079435965,7.880359890546
    ));
#6168 = CARTESIAN_POINT('',(3.11909303564,0.368929515338,7.875676014469)
  );
#6169 = CARTESIAN_POINT('',(3.130364303021,0.246159673141,7.870992301907
    ));
#6170 = CARTESIAN_POINT('',(3.136,0.123079220242,7.866308415409));
#6171 = CARTESIAN_POINT('',(3.136,-2.1358386126E-07,7.8616238029));
#6172 = ORIENTED_EDGE('',*,*,#5645,.T.);
#6173 = ORIENTED_EDGE('',*,*,#5987,.T.);
#6174 = ORIENTED_EDGE('',*,*,#6175,.F.);
#6175 = EDGE_CURVE('',#6089,#5988,#6176,.T.);
#6176 = B_SPLINE_CURVE_WITH_KNOTS('',1,(#6177,#6178),.UNSPECIFIED.,.F.,
  .F.,(2,2),(0.,0.65425),.PIECEWISE_BEZIER_KNOTS.);
#6177 = CARTESIAN_POINT('',(2.944402896861,-3.2600617228E-07,
    7.751009558997));
#6178 = CARTESIAN_POINT('',(3.511005645359,6.45600728E-09,8.078124810697
    ));
#6179 = B_SPLINE_SURFACE_WITH_KNOTS('',1,9,(
    (#6180,#6181,#6182,#6183,#6184,#6185,#6186,#6187,#6188,#6189,#6190
      ,#6191,#6192,#6193,#6194,#6195,#6196,#6197,#6198,#6199,#6200,#6201
      ,#6202,#6203,#6204,#6205,#6206,#6207,#6208,#6209,#6210)
    ,(#6211,#6212,#6213,#6214,#6215,#6216,#6217,#6218,#6219,#6220,#6221
      ,#6222,#6223,#6224,#6225,#6226,#6227,#6228,#6229,#6230,#6231,#6232
      ,#6233,#6234,#6235,#6236,#6237,#6238,#6239,#6240,#6241
  )),.UNSPECIFIED.,.F.,.F.,.F.,(2,2),(10,7,7,7,10),(0.,0.65425),(0.,
    1.581947328539,3.163894657078,4.745841985618,6.327789314157),
  .UNSPECIFIED.);
#6180 = CARTESIAN_POINT('',(2.944402894382,-2.794338898E-07,
    8.501008193429));
#6181 = CARTESIAN_POINT('',(2.94440284657,-0.513916404415,8.480175382903
    ));
#6182 = CARTESIAN_POINT('',(2.843517308232,-1.027770338998,
    8.459345091794));
#6183 = CARTESIAN_POINT('',(2.64170615562,-1.51903081166,8.438508641995)
  );
#6184 = CARTESIAN_POINT('',(2.34490116438,-1.965023511754,8.41767377553)
  );
#6185 = CARTESIAN_POINT('',(1.964996078534,-2.344911337409,
    8.396841229323));
#6186 = CARTESIAN_POINT('',(1.519038443205,-2.64169430599,8.376008681283
    ));
#6187 = CARTESIAN_POINT('',(1.027791990088,-2.843499178213,
    8.355175891411));
#6188 = CARTESIAN_POINT('',(6.39815326821E-06,-3.045305724396,
    8.313509488731));
#6189 = CARTESIAN_POINT('',(-1.027791170314,-2.843500135336,
    8.271842165957));
#6190 = CARTESIAN_POINT('',(-1.519049148979,-2.641693920126,
    8.251008421428));
#6191 = CARTESIAN_POINT('',(-1.965019297627,-2.344909845085,
    8.230175060881));
#6192 = CARTESIAN_POINT('',(-2.344915321646,-1.965011575603,
    8.209342047932));
#6193 = CARTESIAN_POINT('',(-2.641693972551,-1.519045112371,
    8.18850900007));
#6194 = CARTESIAN_POINT('',(-2.843497414001,-1.027792450504,
    8.167675685442));
#6195 = CARTESIAN_POINT('',(-3.045300947247,3.1313753422E-07,
    8.126008876213));
#6196 = CARTESIAN_POINT('',(-2.843497202135,1.02779303518,8.084342066984
    ));
#6197 = CARTESIAN_POINT('',(-2.641693659676,1.519045655387,
    8.063508752357));
#6198 = CARTESIAN_POINT('',(-2.344914918333,1.965012057865,
    8.042675704494));
#6199 = CARTESIAN_POINT('',(-1.96501881682,2.344910250287,8.021842691545
    ));
#6200 = CARTESIAN_POINT('',(-1.519048606436,2.641694234029,
    8.001009330999));
#6201 = CARTESIAN_POINT('',(-1.027790585733,2.843500346769,7.98017558647
    ));
#6202 = CARTESIAN_POINT('',(7.02436702569E-06,3.04530572222,
    7.938508263695));
#6203 = CARTESIAN_POINT('',(1.027792574669,2.843498965576,7.896841861015
    ));
#6204 = CARTESIAN_POINT('',(1.519038986809,2.641693994272,7.876009071143
    ));
#6205 = CARTESIAN_POINT('',(1.964996560889,2.344910936237,7.855176523104
    ));
#6206 = CARTESIAN_POINT('',(2.344901575006,1.965023036083,7.834343976895
    ));
#6207 = CARTESIAN_POINT('',(2.641706469405,1.519030263259,7.813509110433
    ));
#6208 = CARTESIAN_POINT('',(2.843517509206,1.027769753924,7.792672660632
    ));
#6209 = CARTESIAN_POINT('',(2.944402952798,0.513915798974,7.771842369524
    ));
#6210 = CARTESIAN_POINT('',(2.944402896861,-3.2600617228E-07,
    7.751009558997));
#6211 = CARTESIAN_POINT('',(3.511004838881,5.5335998E-09,8.828124837747)
  );
#6212 = CARTESIAN_POINT('',(3.511005148606,-0.61278559628,8.807291494058
    ));
#6213 = CARTESIAN_POINT('',(3.390712640044,-1.22556807877,8.786458100466
    ));
#6214 = CARTESIAN_POINT('',(3.150041419834,-1.811362159012,
    8.765624828855));
#6215 = CARTESIAN_POINT('',(2.796139534729,-2.343145172971,
    8.744791525906));
#6216 = CARTESIAN_POINT('',(2.343134797428,-2.796152699264,
    8.723958176964));
#6217 = CARTESIAN_POINT('',(1.811355225555,-3.150043742862,
    8.703124828086));
#6218 = CARTESIAN_POINT('',(1.225574373028,-3.390684416591,
    8.682291483985));
#6219 = CARTESIAN_POINT('',(6.5294590658E-06,-3.631325516645,
    8.640624812089));
#6220 = CARTESIAN_POINT('',(-1.225571200859,-3.390685599251,
    8.598958158419));
#6221 = CARTESIAN_POINT('',(-1.811361485148,-3.150045579751,
    8.578124833231));
#6222 = CARTESIAN_POINT('',(-2.343153077382,-2.796151468219,
    8.557291500436));
#6223 = CARTESIAN_POINT('',(-2.796157034903,-2.34314588708,
    8.536458160757));
#6224 = CARTESIAN_POINT('',(-3.150046746923,-1.811356979934,
    8.515624821769));
#6225 = CARTESIAN_POINT('',(-3.390683157362,-1.225571352899,
    8.494791488065));
#6226 = CARTESIAN_POINT('',(-3.631319875063,8.02014297E-09,
    8.453124824222));
#6227 = CARTESIAN_POINT('',(-3.390682989138,1.225571335909,
    8.411458160379));
#6228 = CARTESIAN_POINT('',(-3.150046581815,1.811356910223,
    8.390624826676));
#6229 = CARTESIAN_POINT('',(-2.796157283552,2.343145906563,
    8.369791487687));
#6230 = CARTESIAN_POINT('',(-2.343153530958,2.796151833681,
    8.348958148009));
#6231 = CARTESIAN_POINT('',(-1.811361708527,3.150046078902,
    8.328124815213));
#6232 = CARTESIAN_POINT('',(-1.225571248649,3.390685626198,
    8.307291490026));
#6233 = CARTESIAN_POINT('',(6.52536044301E-06,3.631324808645,
    8.265624836355));
#6234 = CARTESIAN_POINT('',(1.225574325238,3.390683998493,8.223958164459
    ));
#6235 = CARTESIAN_POINT('',(1.81135534822,3.150043955695,8.203124820364)
  );
#6236 = CARTESIAN_POINT('',(2.343134847086,2.796153645938,8.182291471464
    ));
#6237 = CARTESIAN_POINT('',(2.79614166813,2.343147295841,8.161458122558)
  );
#6238 = CARTESIAN_POINT('',(3.150041874196,1.81136047155,8.140624819576)
  );
#6239 = CARTESIAN_POINT('',(3.390709259086,1.225567969125,8.119791547982
    ));
#6240 = CARTESIAN_POINT('',(3.511005335473,0.61278560827,8.098958154387)
  );
#6241 = CARTESIAN_POINT('',(3.511005645359,6.45600728E-09,8.078124810697
    ));
#6242 = ADVANCED_FACE('',(#6243),#6344,.T.);
#6243 = FACE_BOUND('',#6244,.F.);
#6244 = EDGE_LOOP('',(#6245,#6246,#6247,#6338));
#6245 = ORIENTED_EDGE('',*,*,#6088,.F.);
#6246 = ORIENTED_EDGE('',*,*,#5809,.T.);
#6247 = ORIENTED_EDGE('',*,*,#6248,.T.);
#6248 = EDGE_CURVE('',#5719,#6249,#6251,.T.);
#6249 = VERTEX_POINT('',#6250);
#6250 = CARTESIAN_POINT('',(3.136,-1.22049665E-07,7.63839575553));
#6251 = B_SPLINE_CURVE_WITH_KNOTS('',7,(#6252,#6253,#6254,#6255,#6256,
    #6257,#6258,#6259,#6260,#6261,#6262,#6263,#6264,#6265,#6266,#6267,
    #6268,#6269,#6270,#6271,#6272,#6273,#6274,#6275,#6276,#6277,#6278,
    #6279,#6280,#6281,#6282,#6283,#6284,#6285,#6286,#6287,#6288,#6289,
    #6290,#6291,#6292,#6293,#6294,#6295,#6296,#6297,#6298,#6299,#6300,
    #6301,#6302,#6303,#6304,#6305,#6306,#6307,#6308,#6309,#6310,#6311,
    #6312,#6313,#6314,#6315,#6316,#6317,#6318,#6319,#6320,#6321,#6322,
    #6323,#6324,#6325,#6326,#6327,#6328,#6329,#6330,#6331,#6332,#6333,
    #6334,#6335,#6336,#6337),.UNSPECIFIED.,.F.,.F.,(8,6,6,6,6,6,6,6,6,6,
    6,6,6,6,8),(0.,4.500203297452E-02,0.134059206979,0.223921254367,
    0.277697588141,0.377396930976,0.467604310589,0.500606025968,
    0.590868302449,0.627870031905,0.740380657505,0.79233137396,
    0.868187582844,0.957668851634,1.),.UNSPECIFIED.);
#6252 = CARTESIAN_POINT('',(3.136,-2.1358647073E-07,8.388393954928));
#6253 = CARTESIAN_POINT('',(3.136,-0.126668743639,8.383572821072));
#6254 = CARTESIAN_POINT('',(3.130030818029,-0.253338467248,
    8.378752559652));
#6255 = CARTESIAN_POINT('',(3.118092600636,-0.379669552751,
    8.373932484153));
#6256 = CARTESIAN_POINT('',(3.100209226812,-0.505324848096,
    8.369112186097));
#6257 = CARTESIAN_POINT('',(3.076428244336,-0.62997033617,8.364291485035
    ));
#6258 = CARTESIAN_POINT('',(3.046820806108,-0.753275590113,
    8.359470378547));
#6259 = CARTESIAN_POINT('',(2.941546782639,-1.115632095851,
    8.345107666836));
#6260 = CARTESIAN_POINT('',(2.849151967211,-1.349868014514,
    8.335563493461));
#6261 = CARTESIAN_POINT('',(2.735035283256,-1.575034368183,
    8.326019660849));
#6262 = CARTESIAN_POINT('',(2.60029710034,-1.78874439457,8.31647687287)
  );
#6263 = CARTESIAN_POINT('',(2.446331258823,-1.98878720244,8.306934186315
    ));
#6264 = CARTESIAN_POINT('',(2.274816875085,-2.17314086461,8.297390923044
    ));
#6265 = CARTESIAN_POINT('',(1.899034110527,-2.508414548075,
    8.278222158682));
#6266 = CARTESIAN_POINT('',(1.694419691166,-2.659074465837,
    8.268593475061));
#6267 = CARTESIAN_POINT('',(1.475982288093,-2.790151564993,
    8.258966205153));
#6268 = CARTESIAN_POINT('',(1.245983960831,-2.900171275298,
    8.249339597229));
#6269 = CARTESIAN_POINT('',(1.006846833835,-2.987974995013,
    8.239711972188));
#6270 = CARTESIAN_POINT('',(0.76113853944,-3.052727039021,8.23008293259)
  );
#6271 = CARTESIAN_POINT('',(0.362252590762,-3.118682715438,
    8.214693906407));
#6272 = CARTESIAN_POINT('',(0.211521172665,-3.134966497054,
    8.208932276653));
#6273 = CARTESIAN_POINT('',(5.996982391167E-02,-3.142746578479,
    8.20317069635));
#6274 = CARTESIAN_POINT('',(-9.182608163512E-02,-3.141977151362,
    8.197409159554));
#6275 = CARTESIAN_POINT('',(-0.243290809734,-3.132661130468,
    8.191647579926));
#6276 = CARTESIAN_POINT('',(-0.393849480941,-3.114850147097,
    8.185885945074));
#6277 = CARTESIAN_POINT('',(-0.819317755039,-3.040060316484,
    8.169442909917));
#6278 = CARTESIAN_POINT('',(-1.090705746682,-2.962608349664,
    8.158758773821));
#6279 = CARTESIAN_POINT('',(-1.353343226181,-2.856922147084,
    8.148076827306));
#6280 = CARTESIAN_POINT('',(-1.603755016898,-2.724245177089,
    8.137396288126));
#6281 = CARTESIAN_POINT('',(-1.838700735259,-2.566294326009,
    8.126714460711));
#6282 = CARTESIAN_POINT('',(-2.055199910715,-2.385246582342,
    8.116030444934));
#6283 = CARTESIAN_POINT('',(-2.427439311553,-2.001625556399,
    8.095684339104));
#6284 = CARTESIAN_POINT('',(-2.58707421903,-1.8026681642,8.086017923025)
  );
#6285 = CARTESIAN_POINT('',(-2.727567969969,-1.588975452272,
    8.076352505447));
#6286 = CARTESIAN_POINT('',(-2.847335856358,-1.36277235462,
    8.066687689044));
#6287 = CARTESIAN_POINT('',(-2.945106945126,-1.126459225303,
    8.057022028083));
#6288 = CARTESIAN_POINT('',(-3.019931796585,-0.882597290211,
    8.047355200317));
#6289 = CARTESIAN_POINT('',(-3.090035949257,-0.542957403376,
    8.034154286316));
#6290 = CARTESIAN_POINT('',(-3.105669684722,-0.451335178533,
    8.03061841918));
#6291 = CARTESIAN_POINT('',(-3.118132663859,-0.359194687215,
    8.027082573411));
#6292 = CARTESIAN_POINT('',(-3.127404753005,-0.266667593714,
    8.023546754433));
#6293 = CARTESIAN_POINT('',(-3.133472688705,-0.173886251031,
    8.020010966474));
#6294 = CARTESIAN_POINT('',(-3.136330077707,-8.098370086584E-02,
    8.016475212563));
#6295 = CARTESIAN_POINT('',(-3.135012787528,0.265967826666,
    8.003269028776));
#6296 = CARTESIAN_POINT('',(-3.110034593016,0.519982567619,
    7.993597144483));
#6297 = CARTESIAN_POINT('',(-3.06103929099,0.771146632774,7.983926727385
    ));
#6298 = CARTESIAN_POINT('',(-2.988450282269,1.016756347447,
    7.974257263699));
#6299 = CARTESIAN_POINT('',(-2.893038788506,1.254202237875,
    7.964587081364));
#6300 = CARTESIAN_POINT('',(-2.775919168813,1.480984895318,
    7.954915607851));
#6301 = CARTESIAN_POINT('',(-2.582334273458,1.782383818194,
    7.941281581401));
#6302 = CARTESIAN_POINT('',(-2.522654173959,1.867834568486,
    7.937317486518));
#6303 = CARTESIAN_POINT('',(-2.459680390455,1.950946249487,
    7.933353356767));
#6304 = CARTESIAN_POINT('',(-2.393523392364,2.031567037307,
    7.929389190878));
#6305 = CARTESIAN_POINT('',(-2.324302085028,2.109552030687,
    7.925424989458));
#6306 = CARTESIAN_POINT('',(-2.252143809707,2.184763250995,
    7.921460754988));
#6307 = CARTESIAN_POINT('',(-1.949256175041,2.476930644203,
    7.905442413963));
#6308 = CARTESIAN_POINT('',(-1.695330515295,2.670029009227,
    7.893383021532));
#6309 = CARTESIAN_POINT('',(-1.419339225034,2.832499233976,
    7.881327451702));
#6310 = CARTESIAN_POINT('',(-1.125758458154,2.961459614326,
    7.869273199708));
#6311 = CARTESIAN_POINT('',(-0.819399280667,3.054797290069,
    7.857217772737));
#6312 = CARTESIAN_POINT('',(-0.505411059647,3.111164434977,
    7.845158450058));
#6313 = CARTESIAN_POINT('',(-4.334295288782E-02,3.139107877779,
    7.827538492063));
#6314 = CARTESIAN_POINT('',(0.103099929828,3.139994531793,7.821972559791
    ));
#6315 = CARTESIAN_POINT('',(0.249502672211,3.132909591242,7.816406734973
    ));
#6316 = CARTESIAN_POINT('',(0.395345067708,3.11786406877,7.810840974137)
  );
#6317 = CARTESIAN_POINT('',(0.540110777534,3.094911239259,7.805275159807
    ));
#6318 = CARTESIAN_POINT('',(0.683288331545,3.064146529011,7.799709245829
    ));
#6319 = CARTESIAN_POINT('',(1.030376641619,2.96958024395,7.786016397171)
  );
#6320 = CARTESIAN_POINT('',(1.2319408695,2.897084748362,7.777888619794)
  );
#6321 = CARTESIAN_POINT('',(1.427471518679,2.808649731856,7.769761265486
    ));
#6322 = CARTESIAN_POINT('',(1.615468779567,2.704893520022,7.761634158342
    ));
#6323 = CARTESIAN_POINT('',(1.794518594453,2.586596523712,7.753506711464
    ));
#6324 = CARTESIAN_POINT('',(1.963298331293,2.454698109797,7.745378842511
    ));
#6325 = CARTESIAN_POINT('',(2.306146697505,2.140004274267,7.727665100979
    ));
#6326 = CARTESIAN_POINT('',(2.475770539956,1.952275811389,7.718077014211
    ));
#6327 = CARTESIAN_POINT('',(2.627446798168,1.748968743056,7.708490402204
    ));
#6328 = CARTESIAN_POINT('',(2.75950293337,1.532159232783,7.698905030498)
  );
#6329 = CARTESIAN_POINT('',(2.870559856421,1.304111509167,7.689319066178
    ));
#6330 = CARTESIAN_POINT('',(2.959540183523,1.06726429957,7.679731346844)
  );
#6331 = CARTESIAN_POINT('',(3.057056374027,0.709294565141,7.665609172639
    ));
#6332 = CARTESIAN_POINT('',(3.083277751512,0.592944577555,7.661073675359
    ));
#6333 = CARTESIAN_POINT('',(3.104329284912,0.475478186672,7.656538033009
    ));
#6334 = CARTESIAN_POINT('',(3.12015523742,0.357171079204,7.652002257165)
  );
#6335 = CARTESIAN_POINT('',(3.130718373984,0.238301574567,7.647466417632
    ));
#6336 = CARTESIAN_POINT('',(3.136,0.11915028679,7.642930748914));
#6337 = CARTESIAN_POINT('',(3.136,-2.1358652935E-07,7.638395756692));
#6338 = ORIENTED_EDGE('',*,*,#6339,.F.);
#6339 = EDGE_CURVE('',#6089,#6249,#6340,.T.);
#6340 = LINE('',#6341,#6342);
#6341 = CARTESIAN_POINT('',(3.136,0.,13.));
#6342 = VECTOR('',#6343,1.);
#6343 = DIRECTION('',(-6.E-17,0.,-1.));
#6344 = CYLINDRICAL_SURFACE('',#6345,3.136);
#6345 = AXIS2_PLACEMENT_3D('',#6346,#6347,#6348);
#6346 = CARTESIAN_POINT('',(0.,0.,13.));
#6347 = DIRECTION('',(-0.,-0.,-1.));
#6348 = DIRECTION('',(1.,0.,0.));
#6349 = ADVANCED_FACE('',(#6350),#6450,.T.);
#6350 = FACE_BOUND('',#6351,.T.);
#6351 = EDGE_LOOP('',(#6352,#6443,#6444,#6445));
#6352 = ORIENTED_EDGE('',*,*,#6353,.F.);
#6353 = EDGE_CURVE('',#5824,#6354,#6356,.T.);
#6354 = VERTEX_POINT('',#6355);
#6355 = CARTESIAN_POINT('',(3.5,-1.397072165914E-12,7.428230714446));
#6356 = B_SPLINE_CURVE_WITH_KNOTS('',7,(#6357,#6358,#6359,#6360,#6361,
    #6362,#6363,#6364,#6365,#6366,#6367,#6368,#6369,#6370,#6371,#6372,
    #6373,#6374,#6375,#6376,#6377,#6378,#6379,#6380,#6381,#6382,#6383,
    #6384,#6385,#6386,#6387,#6388,#6389,#6390,#6391,#6392,#6393,#6394,
    #6395,#6396,#6397,#6398,#6399,#6400,#6401,#6402,#6403,#6404,#6405,
    #6406,#6407,#6408,#6409,#6410,#6411,#6412,#6413,#6414,#6415,#6416,
    #6417,#6418,#6419,#6420,#6421,#6422,#6423,#6424,#6425,#6426,#6427,
    #6428,#6429,#6430,#6431,#6432,#6433,#6434,#6435,#6436,#6437,#6438,
    #6439,#6440,#6441,#6442),.UNSPECIFIED.,.F.,.F.,(8,6,6,6,6,6,6,6,6,6,
    6,6,6,6,8),(0.,4.600150646632E-02,0.132999919528,0.220414474739,
    0.274460064346,0.375957718249,0.484068574986,0.503912162513,
    0.575914472321,0.626916982224,0.738322601016,0.789866241121,
    0.867837594463,0.957003799167,1.),.UNSPECIFIED.);
#6357 = CARTESIAN_POINT('',(3.5,-2.19291251824E-12,8.178230106745));
#6358 = CARTESIAN_POINT('',(3.5,-0.144509797645,8.173301709249));
#6359 = CARTESIAN_POINT('',(3.493038851976,-0.289021348302,
    8.168374168826));
#6360 = CARTESIAN_POINT('',(3.479116715279,-0.433129254363,8.16344683824
    ));
#6361 = CARTESIAN_POINT('',(3.458262668818,-0.576431580485,
    8.158519322589));
#6362 = CARTESIAN_POINT('',(3.430534633564,-0.718530347558,
    8.153591442012));
#6363 = CARTESIAN_POINT('',(3.396019295047,-0.859032026665,
    8.148663194399));
#6364 = CARTESIAN_POINT('',(3.276938336446,-1.259510600477,
    8.134413944695));
#6365 = CARTESIAN_POINT('',(3.175167759201,-1.514417978917,
    8.125090712525));
#6366 = CARTESIAN_POINT('',(3.050305277649,-1.75958392962,8.115767918144
    ));
#6367 = CARTESIAN_POINT('',(2.903502235286,-1.992529230754,
    8.106446053337));
#6368 = CARTESIAN_POINT('',(2.736207738681,-2.210954418009,
    8.097124170408));
#6369 = CARTESIAN_POINT('',(2.550161534659,-2.412751127234,
    8.087801678958));
#6370 = CARTESIAN_POINT('',(2.143765544442,-2.780229739767,
    8.069115685268));
#6371 = CARTESIAN_POINT('',(1.923191533621,-2.945792508265,
    8.059749279899));
#6372 = CARTESIAN_POINT('',(1.687823544592,-3.090825691703,
    8.050384135643));
#6373 = CARTESIAN_POINT('',(1.439967930818,-3.213789683606,
    8.041019622562));
#6374 = CARTESIAN_POINT('',(1.182094558304,-3.313459157199,
    8.031654222343));
#6375 = CARTESIAN_POINT('',(0.916824522844,-3.388929162389,
    8.022287538482));
#6376 = CARTESIAN_POINT('',(0.480097277225,-3.471070685944,
    8.007131910325));
#6377 = CARTESIAN_POINT('',(0.311463485869,-3.493010891476,
    8.001341443376));
#6378 = CARTESIAN_POINT('',(0.14169765452,-3.505387275362,7.995551050776
    ));
#6379 = CARTESIAN_POINT('',(-2.854967047238E-02,-3.508133850305,
    7.989760721368));
#6380 = CARTESIAN_POINT('',(-0.198626433549,-3.501240091248,
    7.983970352318));
#6381 = CARTESIAN_POINT('',(-0.367880288456,-3.484750957245,
    7.978179922748));
#6382 = CARTESIAN_POINT('',(-0.850749884591,-3.409968861237,
    7.961515563803));
#6383 = CARTESIAN_POINT('',(-1.160744253899,-3.327667942781,
    7.950638551627));
#6384 = CARTESIAN_POINT('',(-1.461201336241,-3.212519268349,
    7.939763979984));
#6385 = CARTESIAN_POINT('',(-1.748005888865,-3.065919896253,
    7.928890966719));
#6386 = CARTESIAN_POINT('',(-2.017315053588,-2.889834092109,
    7.918016480059));
#6387 = CARTESIAN_POINT('',(-2.265586260098,-2.686779078493,
    7.907139514873));
#6388 = CARTESIAN_POINT('',(-2.728389282628,-2.218385533578,
    7.884682693576));
#6389 = CARTESIAN_POINT('',(-2.939829616951,-1.949688172239,
    7.873095492444));
#6390 = CARTESIAN_POINT('',(-3.120144013564,-1.657721706757,
    7.861511429987));
#6391 = CARTESIAN_POINT('',(-3.266393006868,-1.346854294881,
    7.849928333628));
#6392 = CARTESIAN_POINT('',(-3.37636200748,-1.021793510793,
    7.838344074801));
#6393 = CARTESIAN_POINT('',(-3.448559742558,-0.687588643596,
    7.826756543727));
#6394 = CARTESIAN_POINT('',(-3.488717265563,-0.287641677319,
    7.813047550024));
#6395 = CARTESIAN_POINT('',(-3.493656208191,-0.225487179206,
    7.810921525526));
#6396 = CARTESIAN_POINT('',(-3.497303104754,-0.163235432855,
    7.808795511996));
#6397 = CARTESIAN_POINT('',(-3.499655730887,-0.100918664772,
    7.806669509878));
#6398 = CARTESIAN_POINT('',(-3.500712868492,-3.856914238936E-02,
    7.804543519508));
#6399 = CARTESIAN_POINT('',(-3.500474305729,2.37808259404E-02,
    7.802417541124));
#6400 = CARTESIAN_POINT('',(-3.493376657219,0.312219526464,7.79257752205
    ));
#6401 = CARTESIAN_POINT('',(-3.470763369119,0.537937296713,
    7.784863061707));
#6402 = CARTESIAN_POINT('',(-3.43113532112,0.761679958051,7.777149161974
    ));
#6403 = CARTESIAN_POINT('',(-3.37471299764,0.981915540904,7.769435631606
    ));
#6404 = CARTESIAN_POINT('',(-3.301878877203,1.197151106072,7.761721892)
  );
#6405 = CARTESIAN_POINT('',(-3.213176243281,1.405937383164,7.7540077392)
  );
#6406 = CARTESIAN_POINT('',(-3.035772603462,1.749215581217,
    7.740830171597));
#6407 = CARTESIAN_POINT('',(-2.954611049237,1.887625793701,
    7.735366124012));
#6408 = CARTESIAN_POINT('',(-2.866100587242,2.021618496736,
    7.729902105186));
#6409 = CARTESIAN_POINT('',(-2.770531679755,2.150727349595,
    7.724438074898));
#6410 = CARTESIAN_POINT('',(-2.668230414763,2.274511824394,
    7.718973932876));
#6411 = CARTESIAN_POINT('',(-2.55955797141,2.392557927794,7.713509651015
    ));
#6412 = CARTESIAN_POINT('',(-2.194482827931,2.748949787253,
    7.696109764726));
#6413 = CARTESIAN_POINT('',(-1.91543269997,2.9643070261,7.684168907039)
  );
#6414 = CARTESIAN_POINT('',(-1.611997501569,3.146333932108,7.67223185273
    ));
#6415 = CARTESIAN_POINT('',(-1.289000372262,3.291873460453,7.66029612494
    ));
#6416 = CARTESIAN_POINT('',(-0.951629967983,3.398587902058,
    7.648359281741));
#6417 = CARTESIAN_POINT('',(-0.605445845674,3.464955269646,
    7.636418593573));
#6418 = CARTESIAN_POINT('',(-9.493060019992E-02,3.502457167755,
    7.61896079739));
#6419 = CARTESIAN_POINT('',(6.719738853801E-02,3.505603788174,
    7.61343852526));
#6420 = CARTESIAN_POINT('',(0.229398920337,3.499992998257,7.607916346187
    ));
#6421 = CARTESIAN_POINT('',(0.391106904029,3.485629100763,7.602394215147
    ));
#6422 = CARTESIAN_POINT('',(0.551757839202,3.462562153213,7.596872017737
    ));
#6423 = CARTESIAN_POINT('',(0.710792764065,3.430887881483,7.591349711217
    ));
#6424 = CARTESIAN_POINT('',(1.104952475998,3.330026375856,7.577473826436
    ));
#6425 = CARTESIAN_POINT('',(1.337312998643,3.249924692207,7.569119258616
    ));
#6426 = CARTESIAN_POINT('',(1.562796970542,3.150932540432,7.560765179247
    ));
#6427 = CARTESIAN_POINT('',(1.779578014782,3.033778560758,7.552411376279
    ));
#6428 = CARTESIAN_POINT('',(1.985934588938,2.899393112447,7.544057174039
    ));
#6429 = CARTESIAN_POINT('',(2.180256455414,2.748904777637,7.535702510322
    ));
#6430 = CARTESIAN_POINT('',(2.56784242388,2.394712023376,7.517795961384)
  );
#6431 = CARTESIAN_POINT('',(2.757008291209,2.186414815656,7.508241717091
    ));
#6432 = CARTESIAN_POINT('',(2.926329165081,1.960802889754,7.498689078534
    ));
#6433 = CARTESIAN_POINT('',(3.073952871885,1.72016397954,7.48913778882)
  );
#6434 = CARTESIAN_POINT('',(3.198349234203,1.466992385514,7.479585912049
    ));
#6435 = CARTESIAN_POINT('',(3.298318115669,1.203975892123,7.470032159917
    ));
#6436 = CARTESIAN_POINT('',(3.40911407579,0.803856197853,7.455872558246)
  );
#6437 = CARTESIAN_POINT('',(3.43929876259,0.672061789608,7.451265774311)
  );
#6438 = CARTESIAN_POINT('',(3.46353490474,0.538962057315,7.446658790146)
  );
#6439 = CARTESIAN_POINT('',(3.481756298994,0.404879244493,7.442051607732
    ));
#6440 = CARTESIAN_POINT('',(3.493918727236,0.270138752022,7.437444298931
    ));
#6441 = CARTESIAN_POINT('',(3.5,0.135068785064,7.432837134724));
#6442 = CARTESIAN_POINT('',(3.5,-2.794653397586E-12,7.428230714446));
#6443 = ORIENTED_EDGE('',*,*,#5916,.T.);
#6444 = ORIENTED_EDGE('',*,*,#6248,.T.);
#6445 = ORIENTED_EDGE('',*,*,#6446,.F.);
#6446 = EDGE_CURVE('',#6354,#6249,#6447,.T.);
#6447 = B_SPLINE_CURVE_WITH_KNOTS('',1,(#6448,#6449),.UNSPECIFIED.,.F.,
  .F.,(2,2),(0.,0.65425),.PIECEWISE_BEZIER_KNOTS.);
#6448 = CARTESIAN_POINT('',(3.511008295223,7.37931227E-09,7.421874783628
    ));
#6449 = CARTESIAN_POINT('',(2.944417607085,-3.7257350227E-07,
    7.749010924426));
#6450 = B_SPLINE_SURFACE_WITH_KNOTS('',1,9,(
    (#6451,#6452,#6453,#6454,#6455,#6456,#6457,#6458,#6459,#6460,#6461
      ,#6462,#6463,#6464,#6465,#6466,#6467,#6468,#6469,#6470,#6471,#6472
      ,#6473,#6474,#6475,#6476,#6477,#6478,#6479,#6480,#6481)
    ,(#6482,#6483,#6484,#6485,#6486,#6487,#6488,#6489,#6490,#6491,#6492
      ,#6493,#6494,#6495,#6496,#6497,#6498,#6499,#6500,#6501,#6502,#6503
      ,#6504,#6505,#6506,#6507,#6508,#6509,#6510,#6511,#6512
  )),.UNSPECIFIED.,.F.,.F.,.F.,(2,2),(10,7,7,7,10),(0.,0.65425),(0.,
    1.581947328539,3.163894657078,4.745841985618,6.327789314157),
  .UNSPECIFIED.);
#6451 = CARTESIAN_POINT('',(3.511007258319,6.45653664E-09,8.171874810684
    ));
#6452 = CARTESIAN_POINT('',(3.511007656425,-0.612786037642,
    8.151041466993));
#6453 = CARTESIAN_POINT('',(3.39071557059,-1.22556898003,8.130208073388)
  );
#6454 = CARTESIAN_POINT('',(3.150044837429,-1.811362532937,
    8.109374801791));
#6455 = CARTESIAN_POINT('',(2.796138139381,-2.343149584729,
    8.088541498841));
#6456 = CARTESIAN_POINT('',(2.34313958991,-2.796151560255,8.06770814991)
  );
#6457 = CARTESIAN_POINT('',(1.811355306065,-3.150047162496,
    8.046874801018));
#6458 = CARTESIAN_POINT('',(1.225575263855,-3.390686924385,
    8.026041456917));
#6459 = CARTESIAN_POINT('',(6.52922668853E-06,-3.6313282393,
    7.98437478502));
#6460 = CARTESIAN_POINT('',(-1.225572079549,-3.390688042916,
    7.942708131353));
#6461 = CARTESIAN_POINT('',(-1.811362761583,-3.150047782108,
    7.921874806166));
#6462 = CARTESIAN_POINT('',(-2.343154704769,-2.796153434077,
    7.901041473373));
#6463 = CARTESIAN_POINT('',(-2.796159018506,-2.34314757522,
    7.880208133691));
#6464 = CARTESIAN_POINT('',(-3.150049044994,-1.811358296816,
    7.859374794702));
#6465 = CARTESIAN_POINT('',(-3.390685629462,-1.225572239311,
    7.838541460998));
#6466 = CARTESIAN_POINT('',(-3.631322496573,1.112864817E-08,
    7.796874797156));
#6467 = CARTESIAN_POINT('',(-3.390685412624,1.225572218992,
    7.755208133314));
#6468 = CARTESIAN_POINT('',(-3.150048831897,1.811358208607,7.73437479961
    ));
#6469 = CARTESIAN_POINT('',(-2.796159337142,2.343147601529,
    7.713541460621));
#6470 = CARTESIAN_POINT('',(-2.34315528668,2.796153905012,7.69270812094)
  );
#6471 = CARTESIAN_POINT('',(-1.811363047367,3.150048424689,
    7.671874788146));
#6472 = CARTESIAN_POINT('',(-1.225572139468,3.390688078115,
    7.651041462959));
#6473 = CARTESIAN_POINT('',(6.52559103097E-06,3.631327329014,
    7.609374809292));
#6474 = CARTESIAN_POINT('',(1.225575203936,3.390686386279,7.567708137395
    ));
#6475 = CARTESIAN_POINT('',(1.811356674108,3.150046259755,7.546874793298
    ));
#6476 = CARTESIAN_POINT('',(2.343136546382,2.796155799247,7.526041444391
    ));
#6477 = CARTESIAN_POINT('',(2.796143992012,2.343149289982,7.505208095488
    ));
#6478 = CARTESIAN_POINT('',(3.15004421351,1.811361537494,7.484374792506)
  );
#6479 = CARTESIAN_POINT('',(3.390711224194,1.225568837532,7.46354152093)
  );
#6480 = CARTESIAN_POINT('',(3.511007896957,0.612786051478,7.44270812732)
  );
#6481 = CARTESIAN_POINT('',(3.511008295223,7.37931227E-09,7.421874783628
    ));
#6482 = CARTESIAN_POINT('',(2.944415766132,-3.2600235E-07,8.499009558886
    ));
#6483 = CARTESIAN_POINT('',(2.944416414055,-0.513918857446,
    8.478176748351));
#6484 = CARTESIAN_POINT('',(2.843534459444,-1.027775336507,
    8.457346457171));
#6485 = CARTESIAN_POINT('',(2.641717736271,-1.519041427749,8.43651000748
    ));
#6486 = CARTESIAN_POINT('',(2.344910300864,-1.965026426209,
    8.415675140907));
#6487 = CARTESIAN_POINT('',(1.965004552494,-2.344925198997,
    8.394842594907));
#6488 = CARTESIAN_POINT('',(1.519045607441,-2.641704944219,
    8.374010046685));
#6489 = CARTESIAN_POINT('',(1.027796800366,-2.843512994169,
    8.353177256846));
#6490 = CARTESIAN_POINT('',(6.34052208576E-06,-3.04532079498,
    8.31151085416));
#6491 = CARTESIAN_POINT('',(-1.027795987946,-2.843513401977,
    8.269843531402));
#6492 = CARTESIAN_POINT('',(-1.519056063244,-2.641705693292,
    8.249009786883));
#6493 = CARTESIAN_POINT('',(-1.965028032317,-2.344920371458,
    8.228176426337));
#6494 = CARTESIAN_POINT('',(-2.344926061574,-1.965020709133,
    8.20734341338));
#6495 = CARTESIAN_POINT('',(-2.641706565024,-1.51905225259,
    8.186510365511));
#6496 = CARTESIAN_POINT('',(-2.843510945161,-1.027797225591,
    8.165677050882));
#6497 = CARTESIAN_POINT('',(-3.045315210831,3.9371878076E-07,
    8.124010241657));
#6498 = CARTESIAN_POINT('',(-2.843510307759,1.027797887877,
    8.082343432431));
#6499 = CARTESIAN_POINT('',(-2.641705813616,1.519052744778,
    8.061510117803));
#6500 = CARTESIAN_POINT('',(-2.344926144688,1.96502133175,8.040677069934
    ));
#6501 = CARTESIAN_POINT('',(-1.965028489553,2.344921690175,
    8.019844056976));
#6502 = CARTESIAN_POINT('',(-1.519055921838,2.641707207223,
    7.999010696431));
#6503 = CARTESIAN_POINT('',(-1.027795395969,2.843513716892,
    7.978176951912));
#6504 = CARTESIAN_POINT('',(7.08198912861E-06,3.045319178828,
    7.936509629154));
#6505 = CARTESIAN_POINT('',(1.027797392342,2.843511786373,7.894843226467
    ));
#6506 = CARTESIAN_POINT('',(1.519046295593,2.641706578917,7.874010436589
    ));
#6507 = CARTESIAN_POINT('',(1.965005869275,2.344922958211,7.853177888503
    ));
#6508 = CARTESIAN_POINT('',(2.344915029953,1.965034611223,7.83234534232)
  );
#6509 = CARTESIAN_POINT('',(2.641719391149,1.519035401102,7.811510475853
    ));
#6510 = CARTESIAN_POINT('',(2.843526995156,1.027774385142,7.790674026152
    ));
#6511 = CARTESIAN_POINT('',(2.944416967289,0.51391815887,7.769843734963)
  );
#6512 = CARTESIAN_POINT('',(2.944417607085,-3.7257350227E-07,
    7.749010924426));
#6513 = ADVANCED_FACE('',(#6514),#6615,.T.);
#6514 = FACE_BOUND('',#6515,.F.);
#6515 = EDGE_LOOP('',(#6516,#6607,#6613,#6614));
#6516 = ORIENTED_EDGE('',*,*,#6517,.T.);
#6517 = EDGE_CURVE('',#5988,#6518,#6520,.T.);
#6518 = VERTEX_POINT('',#6519);
#6519 = CARTESIAN_POINT('',(3.5,-1.039077995414E-12,7.321770494267));
#6520 = B_SPLINE_CURVE_WITH_KNOTS('',8,(#6521,#6522,#6523,#6524,#6525,
    #6526,#6527,#6528,#6529,#6530,#6531,#6532,#6533,#6534,#6535,#6536,
    #6537,#6538,#6539,#6540,#6541,#6542,#6543,#6544,#6545,#6546,#6547,
    #6548,#6549,#6550,#6551,#6552,#6553,#6554,#6555,#6556,#6557,#6558,
    #6559,#6560,#6561,#6562,#6563,#6564,#6565,#6566,#6567,#6568,#6569,
    #6570,#6571,#6572,#6573,#6574,#6575,#6576,#6577,#6578,#6579,#6580,
    #6581,#6582,#6583,#6584,#6585,#6586,#6587,#6588,#6589,#6590,#6591,
    #6592,#6593,#6594,#6595,#6596,#6597,#6598,#6599,#6600,#6601,#6602,
    #6603,#6604,#6605,#6606),.UNSPECIFIED.,.F.,.F.,(9,7,7,7,7,7,7,7,7,7,
    7,7,9),(0.,4.496306188343E-02,0.134403652054,0.220408794732,
    0.272766861642,0.376380117122,0.5018489335,0.51968912812,
    0.626688686123,0.737746162629,0.788535866638,0.867541694588,1.),
  .UNSPECIFIED.);
#6521 = CARTESIAN_POINT('',(3.5,-1.652011860642E-12,8.071770950853));
#6522 = CARTESIAN_POINT('',(3.5,-0.123584935244,8.067556097392));
#6523 = CARTESIAN_POINT('',(3.495012742259,-0.247170973636,8.0633405483)
  );
#6524 = CARTESIAN_POINT('',(3.485038322043,-0.370521679312,
    8.059124793374));
#6525 = CARTESIAN_POINT('',(3.470090024757,-0.493402144152,
    8.054909103064));
#6526 = CARTESIAN_POINT('',(3.450194303548,-0.615579156253,
    8.050693593362));
#6527 = CARTESIAN_POINT('',(3.425390756916,-0.736821368397,
    8.046478290712));
#6528 = CARTESIAN_POINT('',(3.395732106312,-0.856899466526,
    8.042263196901));
#6529 = CARTESIAN_POINT('',(3.292760294602,-1.211678441472,
    8.029664182072));
#6530 = CARTESIAN_POINT('',(3.205274338038,-1.442305124022,
    8.021279622144));
#6531 = CARTESIAN_POINT('',(3.099347487113,-1.665635918501,
    8.012896214626));
#6532 = CARTESIAN_POINT('',(2.975706917903,-1.879956463113,
    8.004513561174));
#6533 = CARTESIAN_POINT('',(2.835255501144,-2.083656475101,
    7.996130554759));
#6534 = CARTESIAN_POINT('',(2.679059645148,-2.275229040101,
    7.987746380534));
#6535 = CARTESIAN_POINT('',(2.508355279998,-2.453281217346,
    7.979361287475));
#6536 = CARTESIAN_POINT('',(2.147847873229,-2.773559258413,
    7.962915012761));
#6537 = CARTESIAN_POINT('',(1.958982174727,-2.916941297417,
    7.954851612811));
#6538 = CARTESIAN_POINT('',(1.759232118527,-3.045574870223,
    7.946788492282));
#6539 = CARTESIAN_POINT('',(1.549951573034,-3.15850833955,7.938725913102
    ));
#6540 = CARTESIAN_POINT('',(1.332575617365,-3.254944874987,
    7.930663430611));
#6541 = CARTESIAN_POINT('',(1.108612582413,-3.334236914306,
    7.922600530404));
#6542 = CARTESIAN_POINT('',(0.879643559657,-3.395895849497,
    7.914537309202));
#6543 = CARTESIAN_POINT('',(0.505901538571,-3.466233388335,
    7.901567162202));
#6544 = CARTESIAN_POINT('',(0.363220502894,-3.486204237335,
    7.896659076308));
#6545 = CARTESIAN_POINT('',(0.219654119621,-3.499460472227,
    7.891751057076));
#6546 = CARTESIAN_POINT('',(7.557153147038E-02,-3.505957484058,
    7.886843102061));
#6547 = CARTESIAN_POINT('',(-6.86572072132E-02,-3.505675076451,
    7.881935150368));
#6548 = CARTESIAN_POINT('',(-0.212661512595,-3.498617474858,
    7.877027141678));
#6549 = CARTESIAN_POINT('',(-0.356070653493,-3.484813335817,
    7.872119075268));
#6550 = CARTESIAN_POINT('',(-0.78040064227,-3.423752361136,
    7.857498439591));
#6551 = CARTESIAN_POINT('',(-1.058590454374,-3.356964395417,
    7.847783180831));
#6552 = CARTESIAN_POINT('',(-1.330121379539,-3.264355089806,
    7.838068923338));
#6553 = CARTESIAN_POINT('',(-1.592207150587,-3.146733876064,
    7.828355955314));
#6554 = CARTESIAN_POINT('',(-1.842214822774,-3.00524235391,
    7.818642929432));
#6555 = CARTESIAN_POINT('',(-2.077665074005,-2.841325657297,
    7.808928540544));
#6556 = CARTESIAN_POINT('',(-2.296255405964,-2.65674921998,
    7.799213174226));
#6557 = CARTESIAN_POINT('',(-2.737670241389,-2.207734432838,
    7.777739150223));
#6558 = CARTESIAN_POINT('',(-2.951877167905,-1.934443575659,7.7659713721
    ));
#6559 = CARTESIAN_POINT('',(-3.134689587517,-1.63758987362,
    7.754207494908));
#6560 = CARTESIAN_POINT('',(-3.283171084476,-1.321445701878,
    7.742446696097));
#6561 = CARTESIAN_POINT('',(-3.395101056607,-0.990589863333,
    7.730685937029));
#6562 = CARTESIAN_POINT('',(-3.468908935484,-0.64986279629,
    7.718922147855));
#6563 = CARTESIAN_POINT('',(-3.503752649657,-0.304379844517,
    7.707154431233));
#6564 = CARTESIAN_POINT('',(-3.49919931074,8.949103864964E-02,
    7.693720694854));
#6565 = CARTESIAN_POINT('',(-3.497847397449,0.138514026267,
    7.692048353721));
#6566 = CARTESIAN_POINT('',(-3.495710575531,0.187513269409,
    7.690376005253));
#6567 = CARTESIAN_POINT('',(-3.492789343434,0.236474100808,
    7.688703649662));
#6568 = CARTESIAN_POINT('',(-3.489084527617,0.285381877667,
    7.687031287156));
#6569 = CARTESIAN_POINT('',(-3.484597282551,0.334221981653,
    7.685358917942));
#6570 = CARTESIAN_POINT('',(-3.479329090718,0.382979818907,
    7.683686542222));
#6571 = CARTESIAN_POINT('',(-3.437011898495,0.723493331931,
    7.671983768627));
#6572 = CARTESIAN_POINT('',(-3.372703428922,1.01195149116,7.661950178828
    ));
#6573 = CARTESIAN_POINT('',(-3.280736230606,1.293736030404,
    7.651917752468));
#6574 = CARTESIAN_POINT('',(-3.161958811493,1.565764576625,
    7.641886928395));
#6575 = CARTESIAN_POINT('',(-3.017598753471,1.82512489308,7.6318561791)
  );
#6576 = CARTESIAN_POINT('',(-2.849228197524,2.069075371936,
    7.621823962624));
#6577 = CARTESIAN_POINT('',(-2.658784371349,2.295072777458,
    7.611790669918));
#6578 = CARTESIAN_POINT('',(-2.230536495913,2.714384863689,
    7.591350077463));
#6579 = CARTESIAN_POINT('',(-1.991065269408,2.90627712659,7.580936185349
    ));
#6580 = CARTESIAN_POINT('',(-1.732850527793,3.073890612233,
    7.570524393537));
#6581 = CARTESIAN_POINT('',(-1.458801115413,3.215133933851,
    7.560114343927));
#6582 = CARTESIAN_POINT('',(-1.172034591053,3.328349353828,
    7.549704237276));
#6583 = CARTESIAN_POINT('',(-0.875851495612,3.412282538735,
    7.539292320693));
#6584 = CARTESIAN_POINT('',(-0.573741221777,3.466121638101,
    7.528878343111));
#6585 = CARTESIAN_POINT('',(-0.13020999808,3.500361907332,7.513706880456
    ));
#6586 = CARTESIAN_POINT('',(9.467635897126E-03,3.504762347918,
    7.508945781612));
#6587 = CARTESIAN_POINT('',(0.14929671962,3.502792096543,7.504184692693)
  );
#6588 = CARTESIAN_POINT('',(0.288937935945,3.494446660543,7.499423631023
    ));
#6589 = CARTESIAN_POINT('',(0.428053422886,3.479743127623,7.494662567223
    ));
#6590 = CARTESIAN_POINT('',(0.566307101571,3.458720138383,7.489901471993
    ));
#6591 = CARTESIAN_POINT('',(0.703365004206,3.431437858844,7.48514036289)
  );
#6592 = CARTESIAN_POINT('',(1.049719966999,3.345929459716,7.472973368242
    ));
#6593 = CARTESIAN_POINT('',(1.256872914217,3.278927153547,7.465566780758
    ));
#6594 = CARTESIAN_POINT('',(1.459087976808,3.197278886021,7.458160575636
    ));
#6595 = CARTESIAN_POINT('',(1.655159438039,3.101418932362,7.450754836645
    ));
#6596 = CARTESIAN_POINT('',(1.843937695155,2.991893015318,7.443349162511
    ));
#6597 = CARTESIAN_POINT('',(2.024329457391,2.86935238419,7.435943109438)
  );
#6598 = CARTESIAN_POINT('',(2.195302778161,2.734556949053,7.428536657998
    ));
#6599 = CARTESIAN_POINT('',(2.625143236911,2.343325023711,7.408714151135
    ));
#6600 = CARTESIAN_POINT('',(2.865446419596,2.066081162552,7.39628837368)
  );
#6601 = CARTESIAN_POINT('',(3.071998731916,1.760887971708,7.3838666172)
  );
#6602 = CARTESIAN_POINT('',(3.24114832192,1.432632184138,7.371447608176)
  );
#6603 = CARTESIAN_POINT('',(3.370049310694,1.086586095392,7.359028204645
    ));
#6604 = CARTESIAN_POINT('',(3.456718643655,0.728403347427,7.346607596569
    ));
#6605 = CARTESIAN_POINT('',(3.5,0.364072689909,7.334187164475));
#6606 = CARTESIAN_POINT('',(3.5,-2.078781591308E-12,7.321770494267));
#6607 = ORIENTED_EDGE('',*,*,#6608,.T.);
#6608 = EDGE_CURVE('',#6518,#6354,#6609,.T.);
#6609 = LINE('',#6610,#6611);
#6610 = CARTESIAN_POINT('',(3.5,0.,6.14));
#6611 = VECTOR('',#6612,1.);
#6612 = DIRECTION('',(0.,0.,1.));
#6613 = ORIENTED_EDGE('',*,*,#6353,.F.);
#6614 = ORIENTED_EDGE('',*,*,#6072,.F.);
#6615 = CYLINDRICAL_SURFACE('',#6616,3.5);
#6616 = AXIS2_PLACEMENT_3D('',#6617,#6618,#6619);
#6617 = CARTESIAN_POINT('',(0.,0.,6.14));
#6618 = DIRECTION('',(-0.,-0.,-1.));
#6619 = DIRECTION('',(1.,0.,0.));
#6620 = ADVANCED_FACE('',(#6621),#6715,.T.);
#6621 = FACE_BOUND('',#6622,.T.);
#6622 = EDGE_LOOP('',(#6623,#6708,#6709,#6710));
#6623 = ORIENTED_EDGE('',*,*,#6624,.F.);
#6624 = EDGE_CURVE('',#6089,#6625,#6627,.T.);
#6625 = VERTEX_POINT('',#6626);
#6626 = CARTESIAN_POINT('',(3.136,-1.22047892E-07,7.111624539164));
#6627 = B_SPLINE_CURVE_WITH_KNOTS('',7,(#6628,#6629,#6630,#6631,#6632,
    #6633,#6634,#6635,#6636,#6637,#6638,#6639,#6640,#6641,#6642,#6643,
    #6644,#6645,#6646,#6647,#6648,#6649,#6650,#6651,#6652,#6653,#6654,
    #6655,#6656,#6657,#6658,#6659,#6660,#6661,#6662,#6663,#6664,#6665,
    #6666,#6667,#6668,#6669,#6670,#6671,#6672,#6673,#6674,#6675,#6676,
    #6677,#6678,#6679,#6680,#6681,#6682,#6683,#6684,#6685,#6686,#6687,
    #6688,#6689,#6690,#6691,#6692,#6693,#6694,#6695,#6696,#6697,#6698,
    #6699,#6700,#6701,#6702,#6703,#6704,#6705,#6706,#6707),
  .UNSPECIFIED.,.F.,.F.,(8,6,6,6,6,6,6,6,6,6,6,6,6,8),(0.,
    4.480178018563E-02,0.134220433793,0.217992578363,0.269528480558,
    0.376732645081,0.500624370596,0.530294006694,0.626293881363,
    0.734389292751,0.784052542285,0.867958185798,0.955912113874,1.),
  .UNSPECIFIED.);
#6628 = CARTESIAN_POINT('',(3.136,-2.1358380264E-07,7.8616238029));
#6629 = CARTESIAN_POINT('',(3.136,-0.126102360377,7.856824141216));
#6630 = CARTESIAN_POINT('',(3.13008408202,-0.252205576355,7.852023607354
    ));
#6631 = CARTESIAN_POINT('',(3.118252402317,-0.377974665952,
    7.847222899618));
#6632 = CARTESIAN_POINT('',(3.10052841385,-0.503077017173,7.84242232949)
  );
#6633 = CARTESIAN_POINT('',(3.076958811445,-0.627183058415,
    7.837621974584));
#6634 = CARTESIAN_POINT('',(3.047613476962,-0.749966715299,
    7.832821831609));
#6635 = CARTESIAN_POINT('',(2.942673887931,-1.112884204064,
    7.818442054821));
#6636 = CARTESIAN_POINT('',(2.850112213642,-1.348157383091,7.80886148055
    ));
#6637 = CARTESIAN_POINT('',(2.735644173545,-1.574304674625,
    7.799282702949));
#6638 = CARTESIAN_POINT('',(2.600382181983,-1.788909438965,
    7.789704458249));
#6639 = CARTESIAN_POINT('',(2.445736772687,-1.989733670395,
    7.780124874528));
#6640 = CARTESIAN_POINT('',(2.273408203224,-2.174731379623,
    7.770543730257));
#6641 = CARTESIAN_POINT('',(1.909341764478,-2.498901392488,
    7.751988927349));
#6642 = CARTESIAN_POINT('',(1.719465980843,-2.640274954274,7.74301258197
    ));
#6643 = CARTESIAN_POINT('',(1.51747393829,-2.764730215907,7.734036935785
    ));
#6644 = CARTESIAN_POINT('',(1.305184710794,-2.87105436991,7.725061862279
    ));
#6645 = CARTESIAN_POINT('',(1.084543120439,-2.958273374607,
    7.716086397675));
#6646 = CARTESIAN_POINT('',(0.857609868009,-3.025656889709,
    7.707110235578));
#6647 = CARTESIAN_POINT('',(0.484442751547,-3.101750121112,
    7.692614020185));
#6648 = CARTESIAN_POINT('',(0.340744850816,-3.123062695976,
    7.687092661831));
#6649 = CARTESIAN_POINT('',(0.195981488029,-3.136603656211,
    7.681571397109));
#6650 = CARTESIAN_POINT('',(5.065688093515E-02,-3.142312069904,
    7.676050180566));
#6651 = CARTESIAN_POINT('',(-9.472265652553E-02,-3.140168041691,
    7.670528900754));
#6652 = CARTESIAN_POINT('',(-0.239649663328,-3.13019275423,
    7.665007517432));
#6653 = CARTESIAN_POINT('',(-0.683093964957,-3.075537214253,
    7.648000839446));
#6654 = CARTESIAN_POINT('',(-0.978531470676,-3.004994560017,
    7.636511457597));
#6655 = CARTESIAN_POINT('',(-1.265205465868,-2.901363919764,
    7.625024723806));
#6656 = CARTESIAN_POINT('',(-1.538739173773,-2.766033120079,
    7.613539660568));
#6657 = CARTESIAN_POINT('',(-1.795046030522,-2.601023966797,
    7.602052823806));
#6658 = CARTESIAN_POINT('',(-2.030367575512,-2.408973551777,
    7.590563382767));
#6659 = CARTESIAN_POINT('',(-2.485294495475,-1.944070204434,
    7.565804997239));
#6660 = CARTESIAN_POINT('',(-2.696997414679,-1.663041366136,
    7.552524191283));
#6661 = CARTESIAN_POINT('',(-2.871250764233,-1.3554677573,7.539250598471
    ));
#6662 = CARTESIAN_POINT('',(-3.004299681364,-1.027403139384,
    7.525979111211));
#6663 = CARTESIAN_POINT('',(-3.093511032649,-0.685340012053,
    7.512705545814));
#6664 = CARTESIAN_POINT('',(-3.13736217768,-0.336237533628,
    7.499424757031));
#6665 = CARTESIAN_POINT('',(-3.135643038879,9.598234374576E-02,
    7.482972927756));
#6666 = CARTESIAN_POINT('',(-3.132716428235,0.179481573267,
    7.479794235966));
#6667 = CARTESIAN_POINT('',(-3.127195764945,0.262873601347,
    7.476615516773));
#6668 = CARTESIAN_POINT('',(-3.119085939981,0.346061772174,
    7.473436772294));
#6669 = CARTESIAN_POINT('',(-3.108396332598,0.428949874743,
    7.470258005175));
#6670 = CARTESIAN_POINT('',(-3.09514081034,0.511442142854,7.46707921859)
  );
#6671 = CARTESIAN_POINT('',(-3.028204853002,0.858768265277,
    7.453614997643));
#6672 = CARTESIAN_POINT('',(-2.950388954524,1.119012376634,
    7.443327146314));
#6673 = CARTESIAN_POINT('',(-2.846510905633,1.37084682504,7.433040858821
    ));
#6674 = CARTESIAN_POINT('',(-2.717708921403,1.611180760883,
    7.422755686104));
#6675 = CARTESIAN_POINT('',(-2.565529298825,1.837128938824,
    7.412469660256));
#6676 = CARTESIAN_POINT('',(-2.391915491047,2.046032089925,
    7.402182241822));
#6677 = CARTESIAN_POINT('',(-1.982406323953,2.448903712714,
    7.380316477178));
#6678 = CARTESIAN_POINT('',(-1.74128777638,2.637803770451,7.368731917501
    ));
#6679 = CARTESIAN_POINT('',(-1.479388317772,2.798780929027,
    7.357150565402));
#6680 = CARTESIAN_POINT('',(-1.200616816161,2.92921219928,7.345571106888
    ));
#6681 = CARTESIAN_POINT('',(-0.909206808054,3.027116642758,
    7.333989565149));
#6682 = CARTESIAN_POINT('',(-0.60967657676,3.091174263029,7.322404809397
    ));
#6683 = CARTESIAN_POINT('',(-0.167770830603,3.134627170842,
    7.305503272618));
#6684 = CARTESIAN_POINT('',(-2.794304474305E-02,3.14107201095,
    7.30018246698));
#6685 = CARTESIAN_POINT('',(0.112143049008,3.140237938315,7.294861701573
    ));
#6686 = CARTESIAN_POINT('',(0.252033085438,3.13211584756,7.289540970113)
  );
#6687 = CARTESIAN_POINT('',(0.391274367135,3.116732028306,7.284220213572
    ));
#6688 = CARTESIAN_POINT('',(0.529416653967,3.094148114789,7.278899427626
    ));
#6689 = CARTESIAN_POINT('',(0.896791253309,3.014304963996,7.264589563865
    ));
#6690 = CARTESIAN_POINT('',(1.123193024753,2.94386625175,7.255599328839)
  );
#6691 = CARTESIAN_POINT('',(1.343024377213,2.853612251837,7.246610123031
    ));
#6692 = CARTESIAN_POINT('',(1.55422447248,2.744303878346,7.23762163112)
  );
#6693 = CARTESIAN_POINT('',(1.754852327768,2.616945675948,7.228632634483
    ));
#6694 = CARTESIAN_POINT('',(1.94309669735,2.47278072556,7.219642601826)
  );
#6695 = CARTESIAN_POINT('',(2.299926773653,2.146186877064,7.201230487557
    ));
#6696 = CARTESIAN_POINT('',(2.467179627076,1.962198097818,7.191805743891
    ));
#6697 = CARTESIAN_POINT('',(2.61714863659,1.763103883081,7.18238161063)
  );
#6698 = CARTESIAN_POINT('',(2.748237347602,1.550868708183,7.172957483294
    ));
#6699 = CARTESIAN_POINT('',(2.859122849531,1.327634458347,7.163532424583
    ));
#6700 = CARTESIAN_POINT('',(2.948763347857,1.095708123622,7.154106978037
    ));
#6701 = CARTESIAN_POINT('',(3.050397101532,0.738222260405,7.139960751172
    ));
#6702 = CARTESIAN_POINT('',(3.07882181424,0.61729226286,7.135237645181)
  );
#6703 = CARTESIAN_POINT('',(3.101649135238,0.495101753676,7.130514874604
    ));
#6704 = CARTESIAN_POINT('',(3.118813505332,0.37196169475,7.125792433008)
  );
#6705 = CARTESIAN_POINT('',(3.130271124131,0.248186274562,7.121070162703
    ));
#6706 = CARTESIAN_POINT('',(3.136,0.124092499704,7.116347719974));
#6707 = CARTESIAN_POINT('',(3.136,-2.1358386215E-07,7.111624540326));
#6708 = ORIENTED_EDGE('',*,*,#6175,.T.);
#6709 = ORIENTED_EDGE('',*,*,#6517,.T.);
#6710 = ORIENTED_EDGE('',*,*,#6711,.F.);
#6711 = EDGE_CURVE('',#6625,#6518,#6712,.T.);
#6712 = B_SPLINE_CURVE_WITH_KNOTS('',1,(#6713,#6714),.UNSPECIFIED.,.F.,
  .F.,(2,2),(0.,0.65425),.PIECEWISE_BEZIER_KNOTS.);
#6713 = CARTESIAN_POINT('',(2.944402899344,-3.7257832997E-07,
    7.00101092457));
#6714 = CARTESIAN_POINT('',(3.511006451839,7.37870653E-09,7.328124783646
    ));
#6715 = B_SPLINE_SURFACE_WITH_KNOTS('',1,9,(
    (#6716,#6717,#6718,#6719,#6720,#6721,#6722,#6723,#6724,#6725,#6726
      ,#6727,#6728,#6729,#6730,#6731,#6732,#6733,#6734,#6735,#6736,#6737
      ,#6738,#6739,#6740,#6741,#6742,#6743,#6744,#6745,#6746)
    ,(#6747,#6748,#6749,#6750,#6751,#6752,#6753,#6754,#6755,#6756,#6757
      ,#6758,#6759,#6760,#6761,#6762,#6763,#6764,#6765,#6766,#6767,#6768
      ,#6769,#6770,#6771,#6772,#6773,#6774,#6775,#6776,#6777
  )),.UNSPECIFIED.,.F.,.F.,.F.,(2,2),(10,7,7,7,10),(0.,0.65425),(0.,
    1.581947328539,3.163894657078,4.745841985618,6.327789314157),
  .UNSPECIFIED.);
#6716 = CARTESIAN_POINT('',(2.944402896861,-3.2600611366E-07,
    7.751009558997));
#6717 = CARTESIAN_POINT('',(2.944402840925,-0.513916451419,
    7.730176748474));
#6718 = CARTESIAN_POINT('',(2.843517294377,-1.027770384841,
    7.709346457366));
#6719 = CARTESIAN_POINT('',(2.641706133817,-1.519030854727,
    7.688510007565));
#6720 = CARTESIAN_POINT('',(2.344901135271,-1.965023550496,
    7.667675141103));
#6721 = CARTESIAN_POINT('',(1.9649960431,-2.344911370465,7.646842594892)
  );
#6722 = CARTESIAN_POINT('',(1.5190384027,-2.641694332243,7.626010046854)
  );
#6723 = CARTESIAN_POINT('',(1.027791945978,-2.843499196867,
    7.605177256982));
#6724 = CARTESIAN_POINT('',(6.34998507928E-06,-3.045305726964,
    7.563510854302));
#6725 = CARTESIAN_POINT('',(-1.027791216156,-2.843500121475,
    7.521843531528));
#6726 = CARTESIAN_POINT('',(-1.519049192043,-2.641693898324,
    7.501009786998));
#6727 = CARTESIAN_POINT('',(-1.965019336372,-2.34490981598,
    7.480176426453));
#6728 = CARTESIAN_POINT('',(-2.344915354703,-1.965011540168,
    7.459343413503));
#6729 = CARTESIAN_POINT('',(-2.641693998804,-1.519045071867,
    7.438510365641));
#6730 = CARTESIAN_POINT('',(-2.843497432654,-1.027792406394,
    7.417677051013));
#6731 = CARTESIAN_POINT('',(-3.045300949814,3.6130569002E-07,
    7.376010241784));
#6732 = CARTESIAN_POINT('',(-2.843497188275,1.027793081023,
    7.334343432555));
#6733 = CARTESIAN_POINT('',(-2.641693637875,1.519045698452,
    7.313510117927));
#6734 = CARTESIAN_POINT('',(-2.344914889229,1.96501209661,7.292677070065
    ));
#6735 = CARTESIAN_POINT('',(-1.965018781387,2.344910283345,
    7.271844057115));
#6736 = CARTESIAN_POINT('',(-1.519048565933,2.641694260283,
    7.251010696569));
#6737 = CARTESIAN_POINT('',(-1.027790541623,2.843500365422,7.23017695204
    ));
#6738 = CARTESIAN_POINT('',(7.07253508382E-06,3.045305724785,
    7.188509629266));
#6739 = CARTESIAN_POINT('',(1.027792620511,2.843498951714,7.146843226585
    ));
#6740 = CARTESIAN_POINT('',(1.519039029874,2.641693972472,7.126010436715
    ));
#6741 = CARTESIAN_POINT('',(1.964996599635,2.344910907134,7.105177888674
    ));
#6742 = CARTESIAN_POINT('',(2.344901608066,1.965023000653,7.084345342467
    ));
#6743 = CARTESIAN_POINT('',(2.64170649566,1.519030222753,7.063510476002)
  );
#6744 = CARTESIAN_POINT('',(2.843517527853,1.027769709814,7.042674026203
    ));
#6745 = CARTESIAN_POINT('',(2.944402963406,0.513915752835,7.021843735094
    ));
#6746 = CARTESIAN_POINT('',(2.944402899344,-3.7257832997E-07,
    7.00101092457));
#6747 = CARTESIAN_POINT('',(3.511005645359,6.4560659E-09,8.078124810697)
  );
#6748 = CARTESIAN_POINT('',(3.511005955247,-0.612785736085,
    8.057291467008));
#6749 = CARTESIAN_POINT('',(3.39071341922,-1.225568359417,8.036458073412
    ));
#6750 = CARTESIAN_POINT('',(3.150042143855,-1.811362574277,
    8.015624801804));
#6751 = CARTESIAN_POINT('',(2.79614017762,-2.343145710442,7.99479149886)
  );
#6752 = CARTESIAN_POINT('',(2.343135336391,-2.796153340928,
    7.973958149914));
#6753 = CARTESIAN_POINT('',(1.811355642454,-3.150044465951,
    7.953124801037));
#6754 = CARTESIAN_POINT('',(1.225574655434,-3.390685195111,
    7.932291456934));
#6755 = CARTESIAN_POINT('',(6.53041272401E-06,-3.631326350762,
    7.890624785038));
#6756 = CARTESIAN_POINT('',(-1.225571481481,-3.390686378415,
    7.848958131369));
#6757 = CARTESIAN_POINT('',(-1.811361900387,-3.150046303795,
    7.828124806181));
#6758 = CARTESIAN_POINT('',(-2.343153614869,-2.796152111114,
    7.807291473387));
#6759 = CARTESIAN_POINT('',(-2.796157676568,-2.343146426035,
    7.786458133707));
#6760 = CARTESIAN_POINT('',(-3.150047470016,-1.811357396826,
    7.765624794719));
#6761 = CARTESIAN_POINT('',(-3.390683935882,-1.2255716353,7.744791461015
    ));
#6762 = CARTESIAN_POINT('',(-3.631320709179,7.06619719E-09,
    7.703124797172));
#6763 = CARTESIAN_POINT('',(-3.390683768303,1.225571616529,7.66145813333
    ));
#6764 = CARTESIAN_POINT('',(-3.15004730586,1.811357325461,7.640624799625
    ));
#6765 = CARTESIAN_POINT('',(-2.796157926447,2.34314644405,7.619791460638
    ));
#6766 = CARTESIAN_POINT('',(-2.343154069915,2.796152475346,
    7.598958120957));
#6767 = CARTESIAN_POINT('',(-1.811362125421,3.150046801994,
    7.578124788163));
#6768 = CARTESIAN_POINT('',(-1.225571531053,3.390686404719,
    7.557291462975));
#6769 = CARTESIAN_POINT('',(6.52440616348E-06,3.631325642762,
    7.515624809306));
#6770 = CARTESIAN_POINT('',(1.225574605862,3.390684777656,7.473958137409
    ));
#6771 = CARTESIAN_POINT('',(1.811355763464,3.150044679736,7.453124793314
    ));
#6772 = CARTESIAN_POINT('',(2.343135384579,2.796154288834,7.432291444412
    ));
#6773 = CARTESIAN_POINT('',(2.796142309791,2.343147834781,7.411458095506
    ));
#6774 = CARTESIAN_POINT('',(3.150042597264,1.81136088847,7.390624792525)
  );
#6775 = CARTESIAN_POINT('',(3.390710037617,1.225568251554,7.369791520937
    ));
#6776 = CARTESIAN_POINT('',(3.511006141791,0.612785749919,7.348958127336
    ));
#6777 = CARTESIAN_POINT('',(3.511006451839,7.37870653E-09,7.328124783646
    ));
#6778 = ADVANCED_FACE('',(#6779),#6880,.T.);
#6779 = FACE_BOUND('',#6780,.F.);
#6780 = EDGE_LOOP('',(#6781,#6782,#6783,#6874));
#6781 = ORIENTED_EDGE('',*,*,#6624,.F.);
#6782 = ORIENTED_EDGE('',*,*,#6339,.T.);
#6783 = ORIENTED_EDGE('',*,*,#6784,.T.);
#6784 = EDGE_CURVE('',#6249,#6785,#6787,.T.);
#6785 = VERTEX_POINT('',#6786);
#6786 = CARTESIAN_POINT('',(3.136,-1.37306218E-07,6.888397556139));
#6787 = B_SPLINE_CURVE_WITH_KNOTS('',7,(#6788,#6789,#6790,#6791,#6792,
    #6793,#6794,#6795,#6796,#6797,#6798,#6799,#6800,#6801,#6802,#6803,
    #6804,#6805,#6806,#6807,#6808,#6809,#6810,#6811,#6812,#6813,#6814,
    #6815,#6816,#6817,#6818,#6819,#6820,#6821,#6822,#6823,#6824,#6825,
    #6826,#6827,#6828,#6829,#6830,#6831,#6832,#6833,#6834,#6835,#6836,
    #6837,#6838,#6839,#6840,#6841,#6842,#6843,#6844,#6845,#6846,#6847,
    #6848,#6849,#6850,#6851,#6852,#6853,#6854,#6855,#6856,#6857,#6858,
    #6859,#6860,#6861,#6862,#6863,#6864,#6865,#6866,#6867,#6868,#6869,
    #6870,#6871,#6872,#6873),.UNSPECIFIED.,.F.,.F.,(8,6,6,6,6,6,6,6,6,6,
    6,6,6,6,8),(0.,4.500192651378E-02,0.133272854421,0.223383471633,
    0.27785120579,0.378348212941,0.468070501849,0.500072090765,
    0.565724558991,0.628726595077,0.74150358381,0.792189402839,
    0.867995142975,0.957893796205,1.),.UNSPECIFIED.);
#6788 = CARTESIAN_POINT('',(3.136,-2.4409941801E-07,7.63839575553));
#6789 = CARTESIAN_POINT('',(3.136,-0.126668774309,7.633574620957));
#6790 = CARTESIAN_POINT('',(3.130030818015,-0.253338498081,
    7.628754358828));
#6791 = CARTESIAN_POINT('',(3.118092600591,-0.37966958375,7.623934282624
    ));
#6792 = CARTESIAN_POINT('',(3.10020922672,-0.505324879265,7.619113983868
    ));
#6793 = CARTESIAN_POINT('',(3.076428244179,-0.629970367509,
    7.614293282112));
#6794 = CARTESIAN_POINT('',(3.04682080587,-0.753275621622,7.609472174937
    ));
#6795 = CARTESIAN_POINT('',(2.942164041512,-1.113507501532,
    7.595193674957));
#6796 = CARTESIAN_POINT('',(2.850781514575,-1.345731682139,
    7.585733804377));
#6797 = CARTESIAN_POINT('',(2.738052710107,-1.569068466995,
    7.576274233074));
#6798 = CARTESIAN_POINT('',(2.605045623818,-1.78119231844,7.566815652406
    ));
#6799 = CARTESIAN_POINT('',(2.453112184626,-1.979947028656,
    7.557357177363));
#6800 = CARTESIAN_POINT('',(2.283880483564,-2.163358218259,
    7.547898169379));
#6801 = CARTESIAN_POINT('',(1.910881916363,-2.499471799551,
    7.528786917538));
#6802 = CARTESIAN_POINT('',(1.706405221534,-2.651511783485,
    7.519131545031));
#6803 = CARTESIAN_POINT('',(1.487937463102,-2.783923947679,
    7.509477616573));
#6804 = CARTESIAN_POINT('',(1.257752943393,-2.895211213596,
    7.499824368163));
#6805 = CARTESIAN_POINT('',(1.018289081313,-2.984195184364,
    7.490170092981));
#6806 = CARTESIAN_POINT('',(0.772131671917,-3.050023254762,
    7.480514384417));
#6807 = CARTESIAN_POINT('',(0.370860874279,-3.117765909462,
    7.465024623691));
#6808 = CARTESIAN_POINT('',(0.218229040908,-3.134665000251,
    7.459188897947));
#6809 = CARTESIAN_POINT('',(6.47341864077E-02,-3.142841895031,
    7.45335322547));
#6810 = CARTESIAN_POINT('',(-8.902591688335E-02,-3.142247619446,
    7.447517598855));
#6811 = CARTESIAN_POINT('',(-0.242453043145,-3.132884477872,
    7.441681925265));
#6812 = CARTESIAN_POINT('',(-0.394949798487,-3.114806052925,
    7.435846191451));
#6813 = CARTESIAN_POINT('',(-0.824473791712,-3.038874302069,
    7.419243583033));
#6814 = CARTESIAN_POINT('',(-1.097919179007,-2.960304352779,
    7.408473856029));
#6815 = CARTESIAN_POINT('',(-1.362414566045,-2.853059735654,
    7.397706403098));
#6816 = CARTESIAN_POINT('',(-1.614403653405,-2.718423076446,
    7.386940408297));
#6817 = CARTESIAN_POINT('',(-1.850573730923,-2.558164363465,
    7.37617306875));
#6818 = CARTESIAN_POINT('',(-2.067881871345,-2.374526940964,
    7.365403452524));
#6819 = CARTESIAN_POINT('',(-2.438428851636,-1.988049328819,
    7.345023786463));
#6820 = CARTESIAN_POINT('',(-2.596110641262,-1.789304196603,
    7.335409351322));
#6821 = CARTESIAN_POINT('',(-2.734780216507,-1.576084656658,
    7.325795887523));
#6822 = CARTESIAN_POINT('',(-2.852889484154,-1.350587714114,
    7.316183010024));
#6823 = CARTESIAN_POINT('',(-2.949198447826,-1.115180789356,
    7.306569313561));
#6824 = CARTESIAN_POINT('',(-3.022782638487,-0.872387533305,
    7.296954486426));
#6825 = CARTESIAN_POINT('',(-3.091056202963,-0.536639045578,
    7.283912677926));
#6826 = CARTESIAN_POINT('',(-3.106047643791,-0.44776793723,
    7.280483960101));
#6827 = CARTESIAN_POINT('',(-3.118056923838,-0.358414514711,
    7.277055262671));
#6828 = CARTESIAN_POINT('',(-3.127065849747,-0.268698852833,
    7.27362659048));
#6829 = CARTESIAN_POINT('',(-3.133062302367,-0.178741636573,
    7.270197947314));
#6830 = CARTESIAN_POINT('',(-3.13604023675,-8.866416107454E-02,
    7.266769335904));
#6831 = CARTESIAN_POINT('',(-3.135916482884,0.186205634201,
    7.256306900706));
#6832 = CARTESIAN_POINT('',(-3.123129098132,0.371002989156,
    7.249272826698));
#6833 = CARTESIAN_POINT('',(-3.097635824469,0.55473953652,7.242239135828
    ));
#6834 = CARTESIAN_POINT('',(-3.059549346571,0.73637040908,7.235205716143
    ));
#6835 = CARTESIAN_POINT('',(-3.009084582729,0.914870650398,
    7.228172212031));
#6836 = CARTESIAN_POINT('',(-2.946558078349,1.089238156206,
    7.221138490858));
#6837 = CARTESIAN_POINT('',(-2.801233668086,1.420926628031,
    7.207355667332));
#6838 = CARTESIAN_POINT('',(-2.719349673554,1.578666121974,
    7.200605940445));
#6839 = CARTESIAN_POINT('',(-2.627122357839,1.730856410708,
    7.193856376289));
#6840 = CARTESIAN_POINT('',(-2.52500930911,1.876689560855,7.187106862682
    ));
#6841 = CARTESIAN_POINT('',(-2.413541368232,2.015407453985,7.18035711317
    ));
#6842 = CARTESIAN_POINT('',(-2.29332123702,2.146303772204,7.173607046366
    ));
#6843 = CARTESIAN_POINT('',(-1.935380861174,2.48788298401,7.154774498906
    ));
#6844 = CARTESIAN_POINT('',(-1.679754936505,2.680006190353,
    7.142686444892));
#6845 = CARTESIAN_POINT('',(-1.402133560025,2.84122736695,7.130602273967
    ));
#6846 = CARTESIAN_POINT('',(-1.107042256202,2.968671245143,
    7.118519448314));
#6847 = CARTESIAN_POINT('',(-0.799339152383,3.060239654817,
    7.106435437432));
#6848 = CARTESIAN_POINT('',(-0.484220156893,3.114609354464,
    7.094347512796));
#6849 = CARTESIAN_POINT('',(-2.477116535214E-02,3.139145536802,
    7.076834474161));
#6850 = CARTESIAN_POINT('',(0.118098918235,3.139192211363,7.071404051909
    ));
#6851 = CARTESIAN_POINT('',(0.260889443368,3.131651795157,7.065973726215
    ));
#6852 = CARTESIAN_POINT('',(0.40311740523,3.116536960071,7.060543456846)
  );
#6853 = CARTESIAN_POINT('',(0.544303419301,3.093898653449,7.05511313854)
  );
#6854 = CARTESIAN_POINT('',(0.683972600408,3.063826006435,7.049682730027
    ));
#6855 = CARTESIAN_POINT('',(1.027573978588,2.970541045525,7.036130753003
    ));
#6856 = CARTESIAN_POINT('',(1.229072746307,2.898285193181,7.02800835354)
  );
#6857 = CARTESIAN_POINT('',(1.424561270162,2.810105218495,7.019886375416
    ));
#6858 = CARTESIAN_POINT('',(1.612542110634,2.706616740013,7.011764642985
    ));
#6859 = CARTESIAN_POINT('',(1.791603192001,2.588597132208,7.003642570943
    ));
#6860 = CARTESIAN_POINT('',(1.96042345907,2.456982412642,6.995520077083)
  );
#6861 = CARTESIAN_POINT('',(2.304416350805,2.142006001781,6.977766947685
    ));
#6862 = CARTESIAN_POINT('',(2.474986549295,1.953525831032,6.968134066628
    ));
#6863 = CARTESIAN_POINT('',(2.627450527122,1.749307895342,6.958502688577
    ));
#6864 = CARTESIAN_POINT('',(2.760111247338,1.531456933856,6.948872576351
    ));
#6865 = CARTESIAN_POINT('',(2.871570440534,1.302269162936,6.93924185569)
  );
#6866 = CARTESIAN_POINT('',(2.960737074496,1.0642183801,6.929609338541)
  );
#6867 = CARTESIAN_POINT('',(3.057889618836,0.705587074871,6.915466473253
    ));
#6868 = CARTESIAN_POINT('',(3.083835208466,0.589825507292,6.910955055234
    ));
#6869 = CARTESIAN_POINT('',(3.104664545677,0.472965152362,6.90644349385)
  );
#6870 = CARTESIAN_POINT('',(3.120323065546,0.355277382965,6.901931801939
    ));
#6871 = CARTESIAN_POINT('',(3.130774317182,0.23703613281,6.897420049883)
  );
#6872 = CARTESIAN_POINT('',(3.136,0.118517567548,6.892908469396));
#6873 = CARTESIAN_POINT('',(3.136,-2.4409933053E-07,6.888397557301));
#6874 = ORIENTED_EDGE('',*,*,#6875,.F.);
#6875 = EDGE_CURVE('',#6625,#6785,#6876,.T.);
#6876 = LINE('',#6877,#6878);
#6877 = CARTESIAN_POINT('',(3.136,0.,13.));
#6878 = VECTOR('',#6879,1.);
#6879 = DIRECTION('',(-6.E-17,0.,-1.));
#6880 = CYLINDRICAL_SURFACE('',#6881,3.136);
#6881 = AXIS2_PLACEMENT_3D('',#6882,#6883,#6884);
#6882 = CARTESIAN_POINT('',(0.,0.,13.));
#6883 = DIRECTION('',(-0.,-0.,-1.));
#6884 = DIRECTION('',(1.,0.,0.));
#6885 = ADVANCED_FACE('',(#6886),#6986,.T.);
#6886 = FACE_BOUND('',#6887,.T.);
#6887 = EDGE_LOOP('',(#6888,#6979,#6980,#6981));
#6888 = ORIENTED_EDGE('',*,*,#6889,.F.);
#6889 = EDGE_CURVE('',#6354,#6890,#6892,.T.);
#6890 = VERTEX_POINT('',#6891);
#6891 = CARTESIAN_POINT('',(3.5,-1.80685806821E-12,6.678231322152));
#6892 = B_SPLINE_CURVE_WITH_KNOTS('',7,(#6893,#6894,#6895,#6896,#6897,
    #6898,#6899,#6900,#6901,#6902,#6903,#6904,#6905,#6906,#6907,#6908,
    #6909,#6910,#6911,#6912,#6913,#6914,#6915,#6916,#6917,#6918,#6919,
    #6920,#6921,#6922,#6923,#6924,#6925,#6926,#6927,#6928,#6929,#6930,
    #6931,#6932,#6933,#6934,#6935,#6936,#6937,#6938,#6939,#6940,#6941,
    #6942,#6943,#6944,#6945,#6946,#6947,#6948,#6949,#6950,#6951,#6952,
    #6953,#6954,#6955,#6956,#6957,#6958,#6959,#6960,#6961,#6962,#6963,
    #6964,#6965,#6966,#6967,#6968,#6969,#6970,#6971,#6972,#6973,#6974,
    #6975,#6976,#6977,#6978),.UNSPECIFIED.,.F.,.F.,(8,6,6,6,6,6,6,6,6,6,
    6,6,6,6,8),(0.,4.60015214443E-02,0.132999874938,0.220412601082,
    0.274412878794,0.377519442794,0.485512679485,0.505458104258,
    0.573460663097,0.627463275706,0.739085045716,0.789809272096,
    0.867754532641,0.956172426205,1.),.UNSPECIFIED.);
#6893 = CARTESIAN_POINT('',(3.5,-2.881250793507E-12,7.428230714446));
#6894 = CARTESIAN_POINT('',(3.5,-0.144509797528,7.423302316955));
#6895 = CARTESIAN_POINT('',(3.493038851988,-0.289021348069,
    7.418374776541));
#6896 = CARTESIAN_POINT('',(3.479116715313,-0.433129254014,
    7.413447445966));
#6897 = CARTESIAN_POINT('',(3.458262668886,-0.576431580022,
    7.408519930324));
#6898 = CARTESIAN_POINT('',(3.430534633676,-0.718530346983,
    7.403592049756));
#6899 = CARTESIAN_POINT('',(3.396019295215,-0.859032025983,
    7.398663802147));
#6900 = CARTESIAN_POINT('',(3.2769384155,-1.259510334836,7.384414561871)
  );
#6901 = CARTESIAN_POINT('',(3.175167965395,-1.514417462572,
    7.375091339129));
#6902 = CARTESIAN_POINT('',(3.050305656913,-1.759583185031,
    7.365768554167));
#6903 = CARTESIAN_POINT('',(2.90350282964,-1.992528287729,7.356446698775
    ));
#6904 = CARTESIAN_POINT('',(2.736208585113,-2.210953312931,
    7.347124825266));
#6905 = CARTESIAN_POINT('',(2.550162664051,-2.41274990222,7.337802343243
    ));
#6906 = CARTESIAN_POINT('',(2.143771410371,-2.780224640317,
    7.319116557989));
#6907 = CARTESIAN_POINT('',(1.923202539413,-2.945784406233,
    7.309750351778));
#6908 = CARTESIAN_POINT('',(1.687840263141,-3.090815509545,
    7.300385406563));
#6909 = CARTESIAN_POINT('',(1.439990781423,-3.213778432848,
    7.291021092465));
#6910 = CARTESIAN_POINT('',(1.182123795012,-3.313447911673,
    7.281655891317));
#6911 = CARTESIAN_POINT('',(0.916860224283,-3.388919030845,
    7.272289406648));
#6912 = CARTESIAN_POINT('',(0.480279662646,-3.471038492372,
    7.257138834009));
#6913 = CARTESIAN_POINT('',(0.311789078154,-3.492970268384,
    7.251353224158));
#6914 = CARTESIAN_POINT('',(0.142167691542,-3.505354374723,7.24556768828
    ));
#6915 = CARTESIAN_POINT('',(-2.793559448351E-02,-3.508124936121,
    7.239782215291));
#6916 = CARTESIAN_POINT('',(-0.197870365191,-3.501271353319,
    7.233996702807));
#6917 = CARTESIAN_POINT('',(-0.366985906468,-3.484838325146,
    7.228211130079));
#6918 = CARTESIAN_POINT('',(-0.854731803023,-3.409449381427,
    7.211379257568));
#6919 = CARTESIAN_POINT('',(-1.169587388894,-3.325397188272,
    7.200329634393));
#6920 = CARTESIAN_POINT('',(-1.47453684415,-3.207454042073,
    7.189282640839));
#6921 = CARTESIAN_POINT('',(-1.765269775239,-3.057097149133,
    7.178237322685));
#6922 = CARTESIAN_POINT('',(-2.03776748516,-2.876404831554,
    7.167190405916));
#6923 = CARTESIAN_POINT('',(-2.288333347604,-2.668040841386,
    7.156140810852));
#6924 = CARTESIAN_POINT('',(-2.749776013396,-2.191762623945,
    7.133524177917));
#6925 = CARTESIAN_POINT('',(-2.958371100547,-1.921326864411,
    7.121949577611));
#6926 = CARTESIAN_POINT('',(-3.135685834451,-1.627974447624,
    7.110378103338));
#6927 = CARTESIAN_POINT('',(-3.27883231538,-1.316087054141,
    7.098807607562));
#6928 = CARTESIAN_POINT('',(-3.385647483009,-0.990377528695,
    7.087235964145));
#6929 = CARTESIAN_POINT('',(-3.454691980065,-0.655892416269,
    7.075661085761));
#6930 = CARTESIAN_POINT('',(-3.491213331423,-0.255646930452,
    7.061953816967));
#6931 = CARTESIAN_POINT('',(-3.495603740071,-0.193130367563,
    7.059816886859));
#6932 = CARTESIAN_POINT('',(-3.498687954243,-0.130527572221,
    7.057679967873));
#6933 = CARTESIAN_POINT('',(-3.500464016948,-6.78712973106E-02,
    7.055543060638));
#6934 = CARTESIAN_POINT('',(-3.500930999322,-5.194324457089E-03,
    7.053406165615));
#6935 = CARTESIAN_POINT('',(-3.500089000633,5.747053597031E-02,
    7.051269283093));
#6936 = CARTESIAN_POINT('',(-3.490609374009,0.333588732683,
    7.041846901722));
#6937 = CARTESIAN_POINT('',(-3.468076362263,0.546577610161,
    7.034561104007));
#6938 = CARTESIAN_POINT('',(-3.43038238054,0.757735657999,7.027275746088
    ));
#6939 = CARTESIAN_POINT('',(-3.37771650328,0.965773174242,7.019990680568
    ));
#6940 = CARTESIAN_POINT('',(-3.310397382276,1.16943144411,7.01270546769)
  );
#6941 = CARTESIAN_POINT('',(-3.228872381786,1.367486154029,
    7.005419949188));
#6942 = CARTESIAN_POINT('',(-3.058180466265,1.710646508977,
    6.992349499077));
#6943 = CARTESIAN_POINT('',(-2.974036714473,1.858268941895,
    6.986564029942));
#6944 = CARTESIAN_POINT('',(-2.881595015164,2.001033739346,
    6.980778610558));
#6945 = CARTESIAN_POINT('',(-2.781194293089,2.138383538866,6.97499318877
    ));
#6946 = CARTESIAN_POINT('',(-2.673218479848,2.269793116926,
    6.969207632345));
#6947 = CARTESIAN_POINT('',(-2.558095788197,2.394770381061,6.96342190406
    ));
#6948 = CARTESIAN_POINT('',(-2.184545606801,2.756939586724,
    6.945677437239));
#6949 = CARTESIAN_POINT('',(-1.904158944299,2.971697417151,
    6.933713365586));
#6950 = CARTESIAN_POINT('',(-1.599415728965,3.152902947387,
    6.921753143332));
#6951 = CARTESIAN_POINT('',(-1.275179738998,3.297399637606,
    6.909794266722));
#6952 = CARTESIAN_POINT('',(-0.936679262367,3.402857465606,
    6.897834265849));
#6953 = CARTESIAN_POINT('',(-0.589513534783,3.467770065977,
    6.885870394057));
#6954 = CARTESIAN_POINT('',(-8.071508172814E-02,3.5026955525,
    6.868477236847));
#6955 = CARTESIAN_POINT('',(7.883893618831E-02,3.505164013614,
    6.863042762622));
#6956 = CARTESIAN_POINT('',(0.238432325436,3.499151649564,6.857608374205
    ));
#6957 = CARTESIAN_POINT('',(0.397524670745,3.48466445547,6.852174029257)
  );
#6958 = CARTESIAN_POINT('',(0.555579025162,3.461751328807,6.846739621658
    ));
#6959 = CARTESIAN_POINT('',(0.712062778565,3.430503990787,6.841305111727
    ));
#6960 = CARTESIAN_POINT('',(1.103685014122,3.330440642385,6.827519813772
    ));
#6961 = CARTESIAN_POINT('',(1.335997942181,3.250455130281,6.819168043862
    ));
#6962 = CARTESIAN_POINT('',(1.561446314099,3.151589183935,6.810816761449
    ));
#6963 = CARTESIAN_POINT('',(1.778205294955,3.034569973648,6.802465754636
    ));
#6964 = CARTESIAN_POINT('',(1.984554661963,2.900326171036,6.794114348666
    ));
#6965 = CARTESIAN_POINT('',(2.178885264305,2.749984461519,6.785762481387
    ));
#6966 = CARTESIAN_POINT('',(2.564858930008,2.397633759921,6.767938897022
    ));
#6967 = CARTESIAN_POINT('',(2.75269035686,2.19134417887,6.758464882168)
  );
#6968 = CARTESIAN_POINT('',(2.921036278075,1.968002502176,6.748992418185
    ));
#6969 = CARTESIAN_POINT('',(3.068086567638,1.729835723904,6.739521258498
    ));
#6970 = CARTESIAN_POINT('',(3.192342263177,1.47927158406,6.730049551656)
  );
#6971 = CARTESIAN_POINT('',(3.292623282752,1.218926106961,6.720576063662
    ));
#6972 = CARTESIAN_POINT('',(3.405578709579,0.819139521502,6.706407640302
    ));
#6973 = CARTESIAN_POINT('',(3.436933059931,0.684926551827,6.701711797766
    ));
#6974 = CARTESIAN_POINT('',(3.462111956431,0.549331412681,6.697015747358
    ));
#6975 = CARTESIAN_POINT('',(3.481043935048,0.412695168417,6.692319485575
    ));
#6976 = CARTESIAN_POINT('',(3.493681266967,0.275362342757,6.687623080621
    ));
#6977 = CARTESIAN_POINT('',(3.5,0.137680528959,6.682926814009));
#6978 = CARTESIAN_POINT('',(3.5,-3.61310981134E-12,6.678231322152));
#6979 = ORIENTED_EDGE('',*,*,#6446,.T.);
#6980 = ORIENTED_EDGE('',*,*,#6784,.T.);
#6981 = ORIENTED_EDGE('',*,*,#6982,.F.);
#6982 = EDGE_CURVE('',#6890,#6785,#6983,.T.);
#6983 = B_SPLINE_CURVE_WITH_KNOTS('',1,(#6984,#6985),.UNSPECIFIED.,.F.,
  .F.,(2,2),(0.,0.65425),.PIECEWISE_BEZIER_KNOTS.);
#6984 = CARTESIAN_POINT('',(3.511009332126,8.30204488E-09,6.67187475657)
  );
#6985 = CARTESIAN_POINT('',(2.944419448041,-4.1914460559E-07,
    6.999012289959));
#6986 = B_SPLINE_SURFACE_WITH_KNOTS('',1,9,(
    (#6987,#6988,#6989,#6990,#6991,#6992,#6993,#6994,#6995,#6996,#6997
      ,#6998,#6999,#7000,#7001,#7002,#7003,#7004,#7005,#7006,#7007,#7008
      ,#7009,#7010,#7011,#7012,#7013,#7014,#7015,#7016,#7017)
    ,(#7018,#7019,#7020,#7021,#7022,#7023,#7024,#7025,#7026,#7027,#7028
      ,#7029,#7030,#7031,#7032,#7033,#7034,#7035,#7036,#7037,#7038,#7039
      ,#7040,#7041,#7042,#7043,#7044,#7045,#7046,#7047,#7048
  )),.UNSPECIFIED.,.F.,.F.,.F.,(2,2),(10,7,7,7,10),(0.,0.65425),(0.,
    1.581947328539,3.163894657078,4.745841985618,6.327789314157),
  .UNSPECIFIED.);
#6987 = CARTESIAN_POINT('',(3.511008295223,7.37922523E-09,7.421874783628
    ));
#6988 = CARTESIAN_POINT('',(3.511008693489,-0.612786217654,
    7.401041439936));
#6989 = CARTESIAN_POINT('',(3.390716572297,-1.225569341117,
    7.380208046325));
#6990 = CARTESIAN_POINT('',(3.15004576818,-1.811363067079,7.359374774736
    ));
#6991 = CARTESIAN_POINT('',(2.796138965776,-2.343150275988,
    7.338541471787));
#6992 = CARTESIAN_POINT('',(2.343140282659,-2.796152385415,
    7.317708122856));
#6993 = CARTESIAN_POINT('',(1.811355841841,-3.150048092325,
    7.296874773961));
#6994 = CARTESIAN_POINT('',(1.225575626695,-3.390687925432,7.27604142986
    ));
#6995 = CARTESIAN_POINT('',(6.53018082843E-06,-3.631329311738,
    7.234374757963));
#6996 = CARTESIAN_POINT('',(-1.225572440604,-3.390689044608,
    7.192708104297));
#6997 = CARTESIAN_POINT('',(-1.811363295698,-3.150048712887,
    7.171874779111));
#6998 = CARTESIAN_POINT('',(-2.343155396034,-2.796154260481,
    7.151041446316));
#6999 = CARTESIAN_POINT('',(-2.796159843679,-2.343148267955,
    7.130208106635));
#7000 = CARTESIAN_POINT('',(-3.150049974822,-1.811358832585,
    7.109374767645));
#7001 = CARTESIAN_POINT('',(-3.39068663051,-1.225572602144,
    7.088541433941));
#7002 = CARTESIAN_POINT('',(-3.631323569009,1.017423715E-08,7.0468747701
    ));
#7003 = CARTESIAN_POINT('',(-3.390686414316,1.225572580043,
    7.005208106257));
#7004 = CARTESIAN_POINT('',(-3.150049762678,1.81135874272,6.984374772554
    ));
#7005 = CARTESIAN_POINT('',(-2.796160163548,2.343148292793,
    6.963541433563));
#7006 = CARTESIAN_POINT('',(-2.343155979414,2.796154730185,
    6.942708093883));
#7007 = CARTESIAN_POINT('',(-1.811363583138,3.150049354515,
    6.921874761088));
#7008 = CARTESIAN_POINT('',(-1.225572502305,3.390689079162,
    6.901041435903));
#7009 = CARTESIAN_POINT('',(6.52463630915E-06,3.631328401452,
    6.859374782236));
#7010 = CARTESIAN_POINT('',(1.225575564993,3.39068738797,6.817708110339)
  );
#7011 = CARTESIAN_POINT('',(1.81135720823,3.15004719053,6.796874766241)
  );
#7012 = CARTESIAN_POINT('',(2.343137237655,2.796156625652,6.776041417332
    ));
#7013 = CARTESIAN_POINT('',(2.79614481718,2.343149982696,6.755208068428)
  );
#7014 = CARTESIAN_POINT('',(3.150045143308,1.811362073299,6.734374765449
    ));
#7015 = CARTESIAN_POINT('',(3.390712225257,1.225569200401,6.713541493879
    ));
#7016 = CARTESIAN_POINT('',(3.511008933699,0.612786233336,6.692708100263
    ));
#7017 = CARTESIAN_POINT('',(3.511009332126,8.30204488E-09,6.67187475657)
  );
#7018 = CARTESIAN_POINT('',(2.944417607085,-3.7257358976E-07,
    7.749010924426));
#7019 = CARTESIAN_POINT('',(2.944418246882,-0.513919225255,
    7.728178113888));
#7020 = CARTESIAN_POINT('',(2.843536221086,-1.027776024151,
    7.707347822698));
#7021 = CARTESIAN_POINT('',(2.641719363884,-1.519042419339,
    7.686511373018));
#7022 = CARTESIAN_POINT('',(2.344911735895,-1.965027691883,
    7.665676506449));
#7023 = CARTESIAN_POINT('',(1.96500574403,-2.344926696185,7.644843960446
    ));
#7024 = CARTESIAN_POINT('',(1.519046515423,-2.64170661994,7.624011412222
    ));
#7025 = CARTESIAN_POINT('',(1.027797398007,-2.843514788291,
    7.603178622381));
#7026 = CARTESIAN_POINT('',(6.29235443793E-06,-3.045322699023,
    7.561512219694));
#7027 = CARTESIAN_POINT('',(-1.027796675532,-2.843515163587,
    7.519844896938));
#7028 = CARTESIAN_POINT('',(-1.519057054783,-2.641707320956,
    7.49901115242));
#7029 = CARTESIAN_POINT('',(-1.965029298006,-2.344921806511,
    7.478177791875));
#7030 = CARTESIAN_POINT('',(-2.344927558789,-1.965021900643,
    7.457344778916));
#7031 = CARTESIAN_POINT('',(-2.641708240745,-1.51905316056,
    7.436511731046));
#7032 = CARTESIAN_POINT('',(-2.843512739285,-1.02779782322,
    7.415678416418));
#7033 = CARTESIAN_POINT('',(-3.045317114871,4.4188585268E-07,
    7.374011607193));
#7034 = CARTESIAN_POINT('',(-2.84351206937,1.027798575457,7.332344797968
    ));
#7035 = CARTESIAN_POINT('',(-2.641707441284,1.519053736314,
    7.311511483341));
#7036 = CARTESIAN_POINT('',(-2.344927579744,1.965022597439,
    7.290678435468));
#7037 = CARTESIAN_POINT('',(-1.965029681065,2.34492318739,7.269845422512
    ));
#7038 = CARTESIAN_POINT('',(-1.519056829812,2.641708882941,
    7.249012061965));
#7039 = CARTESIAN_POINT('',(-1.027795993605,2.843515511014,
    7.228178317449));
#7040 = CARTESIAN_POINT('',(7.13015560355E-06,3.045321082869,
    7.186510994692));
#7041 = CARTESIAN_POINT('',(1.027798079933,2.843513547981,7.144844592004
    ));
#7042 = CARTESIAN_POINT('',(1.519047287145,2.641708206576,7.124011802124
    ));
#7043 = CARTESIAN_POINT('',(1.965007134979,2.344924393268,7.103179254037
    ));
#7044 = CARTESIAN_POINT('',(2.344916527162,1.965035802701,7.08234670785)
  );
#7045 = CARTESIAN_POINT('',(2.641721066817,1.519036309132,7.061511841389
    ));
#7046 = CARTESIAN_POINT('',(2.843528789299,1.027774982833,7.040675391697
    ));
#7047 = CARTESIAN_POINT('',(2.944418816369,0.513918433537,7.019845100499
    ));
#7048 = CARTESIAN_POINT('',(2.944419448041,-4.1914460559E-07,
    6.999012289959));
#7049 = ADVANCED_FACE('',(#7050),#7145,.T.);
#7050 = FACE_BOUND('',#7051,.F.);
#7051 = EDGE_LOOP('',(#7052,#7137,#7143,#7144));
#7052 = ORIENTED_EDGE('',*,*,#7053,.T.);
#7053 = EDGE_CURVE('',#6518,#7054,#7056,.T.);
#7054 = VERTEX_POINT('',#7055);
#7055 = CARTESIAN_POINT('',(3.5,-1.354503253208E-12,6.571770037685));
#7056 = B_SPLINE_CURVE_WITH_KNOTS('',7,(#7057,#7058,#7059,#7060,#7061,
    #7062,#7063,#7064,#7065,#7066,#7067,#7068,#7069,#7070,#7071,#7072,
    #7073,#7074,#7075,#7076,#7077,#7078,#7079,#7080,#7081,#7082,#7083,
    #7084,#7085,#7086,#7087,#7088,#7089,#7090,#7091,#7092,#7093,#7094,
    #7095,#7096,#7097,#7098,#7099,#7100,#7101,#7102,#7103,#7104,#7105,
    #7106,#7107,#7108,#7109,#7110,#7111,#7112,#7113,#7114,#7115,#7116,
    #7117,#7118,#7119,#7120,#7121,#7122,#7123,#7124,#7125,#7126,#7127,
    #7128,#7129,#7130,#7131,#7132,#7133,#7134,#7135,#7136),
  .UNSPECIFIED.,.F.,.F.,(8,6,6,6,6,6,6,6,6,6,6,6,6,8),(0.,
    4.496169023347E-02,0.134399523731,0.220402043561,0.272759841141,
    0.376382989282,0.501867200938,0.519730280252,0.62672657854,
    0.736471490532,0.787202803231,0.86807624144,0.954959065361,1.),
  .UNSPECIFIED.);
#7057 = CARTESIAN_POINT('',(3.5,-2.164490808809E-12,7.321770494267));
#7058 = CARTESIAN_POINT('',(3.5,-0.141239924619,7.31695351893));
#7059 = CARTESIAN_POINT('',(3.493350323142,-0.282481320102,7.31213561609
    ));
#7060 = CARTESIAN_POINT('',(3.48005112185,-0.423345889077,7.30731756942)
  );
#7061 = CARTESIAN_POINT('',(3.460128928827,-0.563458389662,
    7.302499723893));
#7062 = CARTESIAN_POINT('',(3.433636597332,-0.702447084719,
    7.297682158845));
#7063 = CARTESIAN_POINT('',(3.400653241461,-0.839944191114,
    7.292864861039));
#7064 = CARTESIAN_POINT('',(3.282971197875,-1.245405788114,
    7.278465990108));
#7065 = CARTESIAN_POINT('',(3.17937546585,-1.5079380244,7.268883565102)
  );
#7066 = CARTESIAN_POINT('',(3.051330872423,-1.760254292968,
    7.259303087422));
#7067 = CARTESIAN_POINT('',(2.900083295152,-1.999658059729,
    7.249723144209));
#7068 = CARTESIAN_POINT('',(2.727209801604,-2.223652930724,
    7.240141725299));
#7069 = CARTESIAN_POINT('',(2.534610418862,-2.429955844838,
    7.230558586563));
#7070 = CARTESIAN_POINT('',(2.122602090062,-2.795987907515,
    7.211762847147));
#7071 = CARTESIAN_POINT('',(1.904442923815,-2.957258609926,
    7.202547288743));
#7072 = CARTESIAN_POINT('',(1.672106538543,-3.098564104687,
    7.193332519262));
#7073 = CARTESIAN_POINT('',(1.427797778375,-3.21845199985,7.18411843802)
  );
#7074 = CARTESIAN_POINT('',(1.173873624476,-3.315765674906,
    7.174903926372));
#7075 = CARTESIAN_POINT('',(0.912831928202,-3.38964981059,7.165688604669
    ));
#7076 = CARTESIAN_POINT('',(0.485694106836,-3.470036419645,
    7.150865437316));
#7077 = CARTESIAN_POINT('',(0.322387183104,-3.49159477035,7.145256044858
    ));
#7078 = CARTESIAN_POINT('',(0.15799784737,-3.504181441461,7.139646771969
    ));
#7079 = CARTESIAN_POINT('',(-6.88270936188E-03,-3.50773481641,
    7.134037567743));
#7080 = CARTESIAN_POINT('',(-0.171661727613,-3.502242114915,
    7.128428303712));
#7081 = CARTESIAN_POINT('',(-0.335745898612,-3.48773941765,
    7.122818931268));
#7082 = CARTESIAN_POINT('',(-0.820738599674,-3.417945057693,
    7.106108092763));
#7083 = CARTESIAN_POINT('',(-1.138004397881,-3.336603554221,
    7.095003038556));
#7084 = CARTESIAN_POINT('',(-1.445598436986,-3.220932626499,
    7.08390028902));
#7085 = CARTESIAN_POINT('',(-1.73913144541,-3.07239054785,7.072798967797
    ));
#7086 = CARTESIAN_POINT('',(-2.014505895998,-2.893050855319,
    7.061696064036));
#7087 = CARTESIAN_POINT('',(-2.267947362375,-2.685586512545,
    7.050590870128));
#7088 = CARTESIAN_POINT('',(-2.772446239643,-2.172308948742,
    7.026045671164));
#7089 = CARTESIAN_POINT('',(-3.01200769463,-1.85468834959,7.012593496786
    ));
#7090 = CARTESIAN_POINT('',(-3.208669606498,-1.506659831629,
    6.99914927719));
#7091 = CARTESIAN_POINT('',(-3.358093036285,-1.135251374475,
    6.985707240653));
#7092 = CARTESIAN_POINT('',(-3.457248032205,-0.747994248753,
    6.972263126464));
#7093 = CARTESIAN_POINT('',(-3.504397432991,-0.3529631826,6.958811038171
    ));
#7094 = CARTESIAN_POINT('',(-3.499097021013,9.730783111028E-02,
    6.94345362642));
#7095 = CARTESIAN_POINT('',(-3.497386994782,0.153405578015,
    6.941539867872));
#7096 = CARTESIAN_POINT('',(-3.494627726597,0.209467401463,
    6.939626099588));
#7097 = CARTESIAN_POINT('',(-3.490820154675,0.265469752023,
    6.937712321887));
#7098 = CARTESIAN_POINT('',(-3.485965876709,0.321389129107,
    6.935798535096));
#7099 = CARTESIAN_POINT('',(-3.480067149866,0.377202080967,
    6.933884739555));
#7100 = CARTESIAN_POINT('',(-3.431556116974,0.766416059662,
    6.920507630007));
#7101 = CARTESIAN_POINT('',(-3.352602159854,1.095407717084,
    6.909040060367));
#7102 = CARTESIAN_POINT('',(-3.236874701971,1.414613567395,
    6.897575205521));
#7103 = CARTESIAN_POINT('',(-3.085920547173,1.71918112535,6.886112198656
    ));
#7104 = CARTESIAN_POINT('',(-2.901984826729,2.004580589865,
    6.874647544323));
#7105 = CARTESIAN_POINT('',(-2.687992336231,2.26664248504,6.863180317448
    ));
#7106 = CARTESIAN_POINT('',(-2.201334091221,2.742804753665,
    6.839959900488));
#7107 = CARTESIAN_POINT('',(-1.927116872635,2.95568179893,6.828198188344
    ));
#7108 = CARTESIAN_POINT('',(-1.629139847388,3.136307029212,
    6.816440501045));
#7109 = CARTESIAN_POINT('',(-1.311998297781,3.28164269183,6.804684114562
    ));
#7110 = CARTESIAN_POINT('',(-0.980638394349,3.389422230536,
    6.792926291064));
#7111 = CARTESIAN_POINT('',(-0.640361033997,3.458147977268,
    6.781164480702));
#7112 = CARTESIAN_POINT('',(-0.138067532566,3.500904783036,
    6.763972028375));
#7113 = CARTESIAN_POINT('',(2.144327821234E-02,3.505986367929,
    6.758536844973));
#7114 = CARTESIAN_POINT('',(0.181132383676,3.502586928922,6.753101701445
    ));
#7115 = CARTESIAN_POINT('',(0.340459128259,3.490703610152,6.747666588756
    ));
#7116 = CARTESIAN_POINT('',(0.498885646411,3.470376535691,6.742231435754
    ));
#7117 = CARTESIAN_POINT('',(0.655877723362,3.441688735902,6.736796233287
    ));
#7118 = CARTESIAN_POINT('',(1.058043789184,3.345905727523,6.722696821145
    ));
#7119 = CARTESIAN_POINT('',(1.300226287759,3.266109895233,6.714031567918
    ));
#7120 = CARTESIAN_POINT('',(1.535272637526,3.16588906992,6.705367172647)
  );
#7121 = CARTESIAN_POINT('',(1.761135347398,3.046033155975,6.69670338534)
  );
#7122 = CARTESIAN_POINT('',(1.975885786571,2.907565591113,6.688039180192
    ));
#7123 = CARTESIAN_POINT('',(2.177722107302,2.751739139773,6.679374116163
    ));
#7124 = CARTESIAN_POINT('',(2.566192223882,2.395651770112,6.661401693336
    ));
#7125 = CARTESIAN_POINT('',(2.75063841847,2.192897680105,6.652091871606)
  );
#7126 = CARTESIAN_POINT('',(2.916274461584,1.973684713357,6.642782722274
    ));
#7127 = CARTESIAN_POINT('',(3.061381457256,1.740124022656,6.633473690146
    ));
#7128 = CARTESIAN_POINT('',(3.184530873282,1.494514963866,6.624163781536
    ));
#7129 = CARTESIAN_POINT('',(3.284591554229,1.239333783091,6.614853353183
    ));
#7130 = CARTESIAN_POINT('',(3.400303984249,0.841398779028,6.600719752991
    ));
#7131 = CARTESIAN_POINT('',(3.433402817188,0.703672458951,6.595894484788
    ));
#7132 = CARTESIAN_POINT('',(3.459988289201,0.564446639554,6.591069507595
    ));
#7133 = CARTESIAN_POINT('',(3.479980714431,0.424091036915,6.586244815809
    ));
#7134 = CARTESIAN_POINT('',(3.493326857966,0.282979362315,6.581420256653
    ));
#7135 = CARTESIAN_POINT('',(3.5,0.141488885842,6.576595504912));
#7136 = CARTESIAN_POINT('',(3.5,-2.709388269295E-12,6.571770037685));
#7137 = ORIENTED_EDGE('',*,*,#7138,.T.);
#7138 = EDGE_CURVE('',#7054,#6890,#7139,.T.);
#7139 = LINE('',#7140,#7141);
#7140 = CARTESIAN_POINT('',(3.5,0.,6.14));
#7141 = VECTOR('',#7142,1.);
#7142 = DIRECTION('',(0.,0.,1.));
#7143 = ORIENTED_EDGE('',*,*,#6889,.F.);
#7144 = ORIENTED_EDGE('',*,*,#6608,.F.);
#7145 = CYLINDRICAL_SURFACE('',#7146,3.5);
#7146 = AXIS2_PLACEMENT_3D('',#7147,#7148,#7149);
#7147 = CARTESIAN_POINT('',(0.,0.,6.14));
#7148 = DIRECTION('',(-0.,-0.,-1.));
#7149 = DIRECTION('',(1.,0.,0.));
#7150 = ADVANCED_FACE('',(#7151),#7262,.T.);
#7151 = FACE_BOUND('',#7152,.T.);
#7152 = EDGE_LOOP('',(#7153,#7244,#7245,#7246,#7253));
#7153 = ORIENTED_EDGE('',*,*,#7154,.F.);
#7154 = EDGE_CURVE('',#6625,#7155,#7157,.T.);
#7155 = VERTEX_POINT('',#7156);
#7156 = CARTESIAN_POINT('',(2.975298980234,0.991005274969,6.4));
#7157 = B_SPLINE_CURVE_WITH_KNOTS('',7,(#7158,#7159,#7160,#7161,#7162,
    #7163,#7164,#7165,#7166,#7167,#7168,#7169,#7170,#7171,#7172,#7173,
    #7174,#7175,#7176,#7177,#7178,#7179,#7180,#7181,#7182,#7183,#7184,
    #7185,#7186,#7187,#7188,#7189,#7190,#7191,#7192,#7193,#7194,#7195,
    #7196,#7197,#7198,#7199,#7200,#7201,#7202,#7203,#7204,#7205,#7206,
    #7207,#7208,#7209,#7210,#7211,#7212,#7213,#7214,#7215,#7216,#7217,
    #7218,#7219,#7220,#7221,#7222,#7223,#7224,#7225,#7226,#7227,#7228,
    #7229,#7230,#7231,#7232,#7233,#7234,#7235,#7236,#7237,#7238,#7239,
    #7240,#7241,#7242,#7243),.UNSPECIFIED.,.F.,.F.,(8,6,6,6,6,6,6,6,6,6,
    6,6,6,6,8),(0.,4.479238385765E-02,0.134305476396,0.218117720831,
    0.269635281024,0.376378852922,0.499875644844,0.529664002868,
    0.626663472406,0.733653623435,0.785469523513,0.867471914791,
    0.956580779858,0.97841347077,1.),.UNSPECIFIED.);
#7158 = CARTESIAN_POINT('',(3.136,-2.4409587285E-07,7.111624539164));
#7159 = CARTESIAN_POINT('',(3.136,-0.126075988826,7.106825883096));
#7160 = CARTESIAN_POINT('',(3.130086559067,-0.252152801982,
    7.102026355231));
#7161 = CARTESIAN_POINT('',(3.118259833217,-0.377895699042,
    7.097226653415));
#7162 = CARTESIAN_POINT('',(3.100543255785,-0.502972276563,
    7.092427088999));
#7163 = CARTESIAN_POINT('',(3.076983482617,-0.627053168474,
    7.087627739648));
#7164 = CARTESIAN_POINT('',(3.047650337254,-0.749812502359,
    7.082828602142));
#7165 = CARTESIAN_POINT('',(2.942665621338,-1.112966257265,
    7.068439710235));
#7166 = CARTESIAN_POINT('',(2.849996040067,-1.348486718321,
    7.058849009165));
#7167 = CARTESIAN_POINT('',(2.735373997534,-1.574860473229,
    7.049260112121));
#7168 = CARTESIAN_POINT('',(2.599915733771,-1.789663326759,
    7.039671750076));
#7169 = CARTESIAN_POINT('',(2.445036794331,-1.990650508527,
    7.030082042784));
#7170 = CARTESIAN_POINT('',(2.272443580531,-2.175770130165,
    7.020490768496));
#7171 = CARTESIAN_POINT('',(1.907920747745,-2.499997199523,
    7.001921543268));
#7172 = CARTESIAN_POINT('',(1.717871760014,-2.64132950857,6.992940895298
    ));
#7173 = CARTESIAN_POINT('',(1.515704756465,-2.765720089812,
    6.983960949258));
#7174 = CARTESIAN_POINT('',(1.30324217084,-2.871955497473,6.974981577955
    ));
#7175 = CARTESIAN_POINT('',(1.082432265207,-2.959061576587,
    6.966001814777));
#7176 = CARTESIAN_POINT('',(0.855339231902,-3.026308405302,
    6.957021352108));
#7177 = CARTESIAN_POINT('',(0.482052192495,-3.102120163296,
    6.942522802174));
#7178 = CARTESIAN_POINT('',(0.338389201313,-3.123314839853,
    6.937003406914));
#7179 = CARTESIAN_POINT('',(0.19366743509,-3.136742623458,6.931484104729
    ));
#7180 = CARTESIAN_POINT('',(4.839063334932E-02,-3.142343030458,
    6.925964850766));
#7181 = CARTESIAN_POINT('',(-9.69354085593E-02,-3.140096559949,
    6.920445534049));
#7182 = CARTESIAN_POINT('',(-0.241803796885,-3.130024728426,
    6.914926114046));
#7183 = CARTESIAN_POINT('',(-0.6838736929,-3.075237044929,6.897970736979
    ));
#7184 = CARTESIAN_POINT('',(-0.978010902952,-3.004943822011,
    6.886530773746));
#7185 = CARTESIAN_POINT('',(-1.263458219041,-2.901850217686,
    6.875093401609));
#7186 = CARTESIAN_POINT('',(-1.535894877624,-2.767325098615,
    6.863657662605));
#7187 = CARTESIAN_POINT('',(-1.791285236342,-2.603361210045,
    6.852220186724));
#7188 = CARTESIAN_POINT('',(-2.02591580204,-2.412556904444,
    6.840780164274));
#7189 = CARTESIAN_POINT('',(-2.480187461379,-1.950383067784,
    6.816113403644));
#7190 = CARTESIAN_POINT('',(-2.691938578161,-1.670822339507,
    6.802875014704));
#7191 = CARTESIAN_POINT('',(-2.866554862603,-1.36478673265,
    6.789643725697));
#7192 = CARTESIAN_POINT('',(-3.000299151526,-1.038260351703,
    6.776414530016));
#7193 = CARTESIAN_POINT('',(-3.090541015409,-0.69766509126,
    6.763183283002));
#7194 = CARTESIAN_POINT('',(-3.135745871085,-0.349887301674,
    6.749944934322));
#7195 = CARTESIAN_POINT('',(-3.136060264375,8.155875656867E-02,
    6.733522702641));
#7196 = CARTESIAN_POINT('',(-3.133506076731,0.165405110485,
    6.730331291191));
#7197 = CARTESIAN_POINT('',(-3.128336549759,0.249155326714,
    6.727139851693));
#7198 = CARTESIAN_POINT('',(-3.120556191089,0.332711548488,
    6.723948386719));
#7199 = CARTESIAN_POINT('',(-3.110174070686,0.415976361169,
    6.720756899026));
#7200 = CARTESIAN_POINT('',(-3.097203820849,0.498852792254,
    6.717565391557));
#7201 = CARTESIAN_POINT('',(-3.031060321139,0.849534817425,
    6.703981346092));
#7202 = CARTESIAN_POINT('',(-2.953194655952,1.112747860486,6.69358626713
    ));
#7203 = CARTESIAN_POINT('',(-2.848693350993,1.367444573685,
    6.683192833439));
#7204 = CARTESIAN_POINT('',(-2.71872416238,1.610433871365,6.672800569603
    ));
#7205 = CARTESIAN_POINT('',(-2.564879776427,1.838738099465,
    6.662407402316));
#7206 = CARTESIAN_POINT('',(-2.38916626713,2.049614600077,6.652012762377
    ));
#7207 = CARTESIAN_POINT('',(-1.97893429249,2.451326175405,6.630158300887
    ));
#7208 = CARTESIAN_POINT('',(-1.740093922141,2.637986180907,
    6.618692328832));
#7209 = CARTESIAN_POINT('',(-1.480924537248,2.79727994652,6.607229412442
    ));
#7210 = CARTESIAN_POINT('',(-1.20521619362,2.92666476336,6.595768296762)
  );
#7211 = CARTESIAN_POINT('',(-0.917071687898,3.024215195497,
    6.584305200567));
#7212 = CARTESIAN_POINT('',(-0.620868735356,3.08864091241,6.572839050789
    ));
#7213 = CARTESIAN_POINT('',(-0.176235253801,3.134438737364,
    6.555825277531));
#7214 = CARTESIAN_POINT('',(-3.034488956167E-02,3.141510392087,
    6.550273815312));
#7215 = CARTESIAN_POINT('',(0.115841784313,3.140657593646,6.544722404442
    ));
#7216 = CARTESIAN_POINT('',(0.261808634866,3.131869355158,6.53917103627)
  );
#7217 = CARTESIAN_POINT('',(0.407041574789,3.115176636993,6.533619636851
    ));
#7218 = CARTESIAN_POINT('',(0.551029551507,3.090652278172,6.528068199044
    ));
#7219 = CARTESIAN_POINT('',(0.918364219465,3.007386670227,6.513731607445
    ));
#7220 = CARTESIAN_POINT('',(1.139108459812,2.937027825732,6.504945394395
    ));
#7221 = CARTESIAN_POINT('',(1.353456673857,2.847788902491,6.496160111352
    ));
#7222 = CARTESIAN_POINT('',(1.559489299888,2.740390451915,6.487375469712
    ));
#7223 = CARTESIAN_POINT('',(1.755397185662,2.61577551092,6.47859037518)
  );
#7224 = CARTESIAN_POINT('',(1.939490320008,2.47510506103,6.469804348069)
  );
#7225 = CARTESIAN_POINT('',(2.295759834498,2.151020283798,6.451472392132
    ));
#7226 = CARTESIAN_POINT('',(2.465575553358,1.96490840071,6.441923815451)
  );
#7227 = CARTESIAN_POINT('',(2.617671451713,1.763260833202,6.43237591043)
  );
#7228 = CARTESIAN_POINT('',(2.750385375359,1.548119215339,6.422828026385
    ));
#7229 = CARTESIAN_POINT('',(2.862342845848,1.321711617152,6.41327915538)
  );
#7230 = CARTESIAN_POINT('',(2.95246523902,1.086439470922,6.403729865504)
  );
#7231 = CARTESIAN_POINT('',(3.036595251129,0.785723359012,6.391844255745
    ));
#7232 = CARTESIAN_POINT('',(3.05179866467,0.726165519915,6.389505297769)
  );
#7233 = CARTESIAN_POINT('',(3.065638762117,0.666266324424,6.387166412434
    ));
#7234 = CARTESIAN_POINT('',(3.078106434874,0.606063234287,6.384827601058
    ));
#7235 = CARTESIAN_POINT('',(3.089193869534,0.545593974965,6.382488858593
    ));
#7236 = CARTESIAN_POINT('',(3.098894547879,0.484896535639,6.380150173629
    ));
#7237 = CARTESIAN_POINT('',(3.115418266029,0.36380830251,6.375499251175)
  );
#7238 = CARTESIAN_POINT('',(3.122272527263,0.303421699896,6.373187009633
    ));
#7239 = CARTESIAN_POINT('',(3.127760986091,0.242886329688,6.370874787424
    ));
#7240 = CARTESIAN_POINT('',(3.131879857805,0.182239252111,6.368562554248
    ));
#7241 = CARTESIAN_POINT('',(3.134626617486,0.121517619288,6.36625026585)
  );
#7242 = CARTESIAN_POINT('',(3.136,6.07586752448E-02,6.363937864019));
#7243 = CARTESIAN_POINT('',(3.136,-2.4409578492E-07,6.361625276589));
#7244 = ORIENTED_EDGE('',*,*,#6711,.T.);
#7245 = ORIENTED_EDGE('',*,*,#7053,.T.);
#7246 = ORIENTED_EDGE('',*,*,#7247,.F.);
#7247 = EDGE_CURVE('',#7248,#7054,#7250,.T.);
#7248 = VERTEX_POINT('',#7249);
#7249 = CARTESIAN_POINT('',(3.202470368304,-2.24462047E-07,6.4));
#7250 = B_SPLINE_CURVE_WITH_KNOTS('',1,(#7251,#7252),.UNSPECIFIED.,.F.,
  .F.,(2,2),(0.,0.65425),.PIECEWISE_BEZIER_KNOTS.);
#7251 = CARTESIAN_POINT('',(2.944402901831,-4.1915073136E-07,
    6.251012290142));
#7252 = CARTESIAN_POINT('',(3.51100725832,8.30127705E-09,6.578124756593)
  );
#7253 = ORIENTED_EDGE('',*,*,#7254,.T.);
#7254 = EDGE_CURVE('',#7248,#7155,#7255,.T.);
#7255 = B_SPLINE_CURVE_WITH_KNOTS('',5,(#7256,#7257,#7258,#7259,#7260,
    #7261),.UNSPECIFIED.,.F.,.F.,(6,6),(0.,1.),
  .PIECEWISE_BEZIER_KNOTS.);
#7256 = CARTESIAN_POINT('',(3.202470368304,-2.2446204705E-07,6.4));
#7257 = CARTESIAN_POINT('',(3.189276692306,0.204361695695,6.4));
#7258 = CARTESIAN_POINT('',(3.159723237802,0.407574309529,6.4));
#7259 = CARTESIAN_POINT('',(3.113838213998,0.607864615262,6.4));
#7260 = CARTESIAN_POINT('',(3.051933190657,0.803470579645,6.4));
#7261 = CARTESIAN_POINT('',(2.974623188344,0.992660407592,6.4));
#7262 = B_SPLINE_SURFACE_WITH_KNOTS('',1,9,(
    (#7263,#7264,#7265,#7266,#7267,#7268,#7269,#7270,#7271,#7272,#7273
      ,#7274,#7275,#7276,#7277,#7278,#7279,#7280,#7281,#7282,#7283,#7284
      ,#7285,#7286,#7287,#7288,#7289,#7290,#7291,#7292,#7293)
    ,(#7294,#7295,#7296,#7297,#7298,#7299,#7300,#7301,#7302,#7303,#7304
      ,#7305,#7306,#7307,#7308,#7309,#7310,#7311,#7312,#7313,#7314,#7315
      ,#7316,#7317,#7318,#7319,#7320,#7321,#7322,#7323,#7324
  )),.UNSPECIFIED.,.F.,.F.,.F.,(2,2),(10,7,7,7,10),(0.,0.65425),(0.,
    1.581947328539,3.163894657078,4.745841985618,6.327789314157),
  .UNSPECIFIED.);
#7263 = CARTESIAN_POINT('',(2.944402899344,-3.7257841878E-07,
    7.00101092457));
#7264 = CARTESIAN_POINT('',(2.944402835282,-0.513916498425,
    6.980178114046));
#7265 = CARTESIAN_POINT('',(2.843517280526,-1.027770430686,
    6.959347822937));
#7266 = CARTESIAN_POINT('',(2.641706112017,-1.519030897795,
    6.938511373139));
#7267 = CARTESIAN_POINT('',(2.344901106166,-1.96502358924,6.917676506673
    ));
#7268 = CARTESIAN_POINT('',(1.964996007668,-2.344911403523,
    6.896843960466));
#7269 = CARTESIAN_POINT('',(1.519038362198,-2.6416943585,6.876011412425)
  );
#7270 = CARTESIAN_POINT('',(1.027791901869,-2.843499215524,
    6.855178622555));
#7271 = CARTESIAN_POINT('',(6.30181672968E-06,-3.045305729536,
    6.813512219874));
#7272 = CARTESIAN_POINT('',(-1.027791262,-2.843500107618,6.7718448971));
#7273 = CARTESIAN_POINT('',(-1.519049235109,-2.641693876526,
    6.751011152571));
#7274 = CARTESIAN_POINT('',(-1.965019375119,-2.344909786877,
    6.730177792025));
#7275 = CARTESIAN_POINT('',(-2.344915387762,-1.965011504736,
    6.709344779075));
#7276 = CARTESIAN_POINT('',(-2.64169402506,-1.519045031364,
    6.688511731213));
#7277 = CARTESIAN_POINT('',(-2.843497451311,-1.027792362285,
    6.667678416585));
#7278 = CARTESIAN_POINT('',(-3.045300952383,4.0947404771E-07,
    6.626011607356));
#7279 = CARTESIAN_POINT('',(-2.843497174418,1.027793126866,
    6.584344798127));
#7280 = CARTESIAN_POINT('',(-2.641693616077,1.519045741518,6.5635114835)
  );
#7281 = CARTESIAN_POINT('',(-2.344914860128,1.965012135359,
    6.542678435636));
#7282 = CARTESIAN_POINT('',(-1.965018745956,2.344910316405,
    6.521845422689));
#7283 = CARTESIAN_POINT('',(-1.519048525431,2.64169428654,6.501012062141
    ));
#7284 = CARTESIAN_POINT('',(-1.027790497514,2.843500384078,
    6.480178317613));
#7285 = CARTESIAN_POINT('',(7.12070344493E-06,3.045305727353,
    6.438510994838));
#7286 = CARTESIAN_POINT('',(1.027792666354,2.843498937856,6.396844592158
    ));
#7287 = CARTESIAN_POINT('',(1.51903907294,2.641693950674,6.376011802287)
  );
#7288 = CARTESIAN_POINT('',(1.964996638385,2.344910878034,6.355179254246
    ));
#7289 = CARTESIAN_POINT('',(2.344901641128,1.965022965225,6.33434670804)
  );
#7290 = CARTESIAN_POINT('',(2.64170652192,1.519030182249,6.313511841575)
  );
#7291 = CARTESIAN_POINT('',(2.843517546504,1.027769665703,6.292675391775
    ));
#7292 = CARTESIAN_POINT('',(2.944402974018,0.513915706697,6.271845100666
    ));
#7293 = CARTESIAN_POINT('',(2.944402901831,-4.1915073136E-07,
    6.251012290142));
#7294 = CARTESIAN_POINT('',(3.51100645184,7.37862038E-09,7.328124783646)
  );
#7295 = CARTESIAN_POINT('',(3.511006761888,-0.612785875889,
    7.307291439956));
#7296 = CARTESIAN_POINT('',(3.390714198396,-1.225568640064,
    7.286458046355));
#7297 = CARTESIAN_POINT('',(3.150042867876,-1.811362989541,
    7.265624774754));
#7298 = CARTESIAN_POINT('',(2.796140820513,-2.343146247913,
    7.244791471809));
#7299 = CARTESIAN_POINT('',(2.343135875353,-2.796153982593,
    7.223958122865));
#7300 = CARTESIAN_POINT('',(1.811356059355,-3.150045189041,
    7.203124773984));
#7301 = CARTESIAN_POINT('',(1.225574937841,-3.390685973631,
    7.182291429882));
#7302 = CARTESIAN_POINT('',(6.53136675766E-06,-3.63132718488,
    7.140624757985));
#7303 = CARTESIAN_POINT('',(-1.225571762103,-3.39068715758,
    7.098958104317));
#7304 = CARTESIAN_POINT('',(-1.811362315626,-3.150047027839,
    7.07812477913));
#7305 = CARTESIAN_POINT('',(-2.343154152356,-2.79615275401,
    7.057291446335));
#7306 = CARTESIAN_POINT('',(-2.796158318233,-2.343146964992,
    7.036458106655));
#7307 = CARTESIAN_POINT('',(-3.15004819311,-1.811357813719,
    7.015624767666));
#7308 = CARTESIAN_POINT('',(-3.390684714404,-1.225571917702,
    6.994791433962));
#7309 = CARTESIAN_POINT('',(-3.631321543296,6.11192658E-09,6.95312477012
    ));
#7310 = CARTESIAN_POINT('',(-3.390684547469,1.225571897149,
    6.911458106277));
#7311 = CARTESIAN_POINT('',(-3.150048029906,1.811357740698,
    6.890624772575));
#7312 = CARTESIAN_POINT('',(-2.796158569344,2.343146981537,
    6.869791433583));
#7313 = CARTESIAN_POINT('',(-2.343154608871,2.79615311701,6.848958093906
    ));
#7314 = CARTESIAN_POINT('',(-1.811362542315,3.150047525087,
    6.828124761109));
#7315 = CARTESIAN_POINT('',(-1.225571813457,3.390687183239,
    6.807291435923));
#7316 = CARTESIAN_POINT('',(6.52345163208E-06,3.63132647688,
    6.765624782254));
#7317 = CARTESIAN_POINT('',(1.225574886487,3.390685556821,6.723958110358
    ));
#7318 = CARTESIAN_POINT('',(1.811356178709,3.150045403778,6.703124766262
    ));
#7319 = CARTESIAN_POINT('',(2.343135922073,2.796154931731,6.682291417358
    ));
#7320 = CARTESIAN_POINT('',(2.796142951451,2.343148373721,6.661458068452
    ));
#7321 = CARTESIAN_POINT('',(3.150043320334,1.811361305391,6.640624765472
    ));
#7322 = CARTESIAN_POINT('',(3.39071081615,1.225568533983,6.619791493889)
  );
#7323 = CARTESIAN_POINT('',(3.51100694811,0.612785891569,6.598958100284)
  );
#7324 = CARTESIAN_POINT('',(3.51100725832,8.30127705E-09,6.578124756593)
  );
#7325 = ADVANCED_FACE('',(#7326),#7428,.T.);
#7326 = FACE_BOUND('',#7327,.F.);
#7327 = EDGE_LOOP('',(#7328,#7329,#7330,#7421));
#7328 = ORIENTED_EDGE('',*,*,#7154,.F.);
#7329 = ORIENTED_EDGE('',*,*,#6875,.T.);
#7330 = ORIENTED_EDGE('',*,*,#7331,.T.);
#7331 = EDGE_CURVE('',#6785,#7332,#7334,.T.);
#7332 = VERTEX_POINT('',#7333);
#7333 = CARTESIAN_POINT('',(-1.824111346876,2.550904231068,6.4));
#7334 = B_SPLINE_CURVE_WITH_KNOTS('',7,(#7335,#7336,#7337,#7338,#7339,
    #7340,#7341,#7342,#7343,#7344,#7345,#7346,#7347,#7348,#7349,#7350,
    #7351,#7352,#7353,#7354,#7355,#7356,#7357,#7358,#7359,#7360,#7361,
    #7362,#7363,#7364,#7365,#7366,#7367,#7368,#7369,#7370,#7371,#7372,
    #7373,#7374,#7375,#7376,#7377,#7378,#7379,#7380,#7381,#7382,#7383,
    #7384,#7385,#7386,#7387,#7388,#7389,#7390,#7391,#7392,#7393,#7394,
    #7395,#7396,#7397,#7398,#7399,#7400,#7401,#7402,#7403,#7404,#7405,
    #7406,#7407,#7408,#7409,#7410,#7411,#7412,#7413,#7414,#7415,#7416,
    #7417,#7418,#7419,#7420),.UNSPECIFIED.,.F.,.F.,(8,6,6,6,6,6,6,6,6,6,
    6,6,6,6,8),(0.,4.500193493147E-02,0.134481739288,0.223481030539,
    0.277907277615,0.37846800846,0.468235295809,0.500236894791,
    0.575338425746,0.628340528467,0.741370893315,0.791915008048,
    0.868437514748,0.956486838782,1.),.UNSPECIFIED.);
#7335 = CARTESIAN_POINT('',(3.136,-2.7461245855E-07,6.888397556139));
#7336 = CARTESIAN_POINT('',(3.136,-0.126668804979,6.883576420849));
#7337 = CARTESIAN_POINT('',(3.130030818,-0.253338528913,6.878756158011)
  );
#7338 = CARTESIAN_POINT('',(3.118092600545,-0.379669614749,
    6.873936081103));
#7339 = CARTESIAN_POINT('',(3.100209226628,-0.505324910434,
    6.869115781646));
#7340 = CARTESIAN_POINT('',(3.076428244023,-0.629970398848,
    6.864295079196));
#7341 = CARTESIAN_POINT('',(3.046820805631,-0.753275653131,
    6.859473971334));
#7342 = CARTESIAN_POINT('',(2.941214745288,-1.116775039205,
    6.845065955308));
#7343 = CARTESIAN_POINT('',(2.848273957418,-1.352092680632,
    6.835476430907));
#7344 = CARTESIAN_POINT('',(2.733407953129,-1.578241846637,6.82588726997
    ));
#7345 = CARTESIAN_POINT('',(2.597734820888,-1.792802410912,
    6.816299183656));
#7346 = CARTESIAN_POINT('',(2.442671311668,-1.99353372467,6.806711195905
    ));
#7347 = CARTESIAN_POINT('',(2.269924434561,-2.178388034787,6.79712260573
    ));
#7348 = CARTESIAN_POINT('',(1.894177900936,-2.511840394702,
    6.778000976078));
#7349 = CARTESIAN_POINT('',(1.691283174281,-2.660683297472,6.76846477844
    ));
#7350 = CARTESIAN_POINT('',(1.474861289573,-2.790299414146,
    6.758929930164));
#7351 = CARTESIAN_POINT('',(1.247111104412,-2.89925861936,6.749395711262
    ));
#7352 = CARTESIAN_POINT('',(1.010385597561,-2.986435230978,
    6.739860518369));
#7353 = CARTESIAN_POINT('',(0.767178054153,-3.051014607541,
    6.730323970745));
#7354 = CARTESIAN_POINT('',(0.369065896635,-3.117973187485,
    6.714957723675));
#7355 = CARTESIAN_POINT('',(0.21654116616,-3.134772525187,6.709126444656
    ));
#7356 = CARTESIAN_POINT('',(6.315960678178E-02,-3.142862502038,
    6.703295218737));
#7357 = CARTESIAN_POINT('',(-9.048233870279E-02,-3.142194583885,
    6.697464039036));
#7358 = CARTESIAN_POINT('',(-0.243787805996,-3.132771361561,
    6.691632813303));
#7359 = CARTESIAN_POINT('',(-0.396160798442,-3.114646544317,
    6.685801527996));
#7360 = CARTESIAN_POINT('',(-0.825719549322,-3.038552768518,
    6.669196543466));
#7361 = CARTESIAN_POINT('',(-1.099307456888,-2.959818126491,
    6.658419984957));
#7362 = CARTESIAN_POINT('',(-1.36392142801,-2.852375987507,6.64764570752
    ));
#7363 = CARTESIAN_POINT('',(-1.615998990888,-2.717513120656,
    6.636872892175));
#7364 = CARTESIAN_POINT('',(-1.852222109555,-2.557004715694,
    6.626098727228));
#7365 = CARTESIAN_POINT('',(-2.069543460963,-2.373100312482,
    6.615322278292));
#7366 = CARTESIAN_POINT('',(-2.44001113565,-1.986123140135,6.59493096932
    ));
#7367 = CARTESIAN_POINT('',(-2.597613804475,-1.787151487954,
    6.585311711462));
#7368 = CARTESIAN_POINT('',(-2.736173316464,-1.573706225709,
    6.575693427907));
#7369 = CARTESIAN_POINT('',(-2.854141085619,-1.347988967833,
    6.566075733009));
#7370 = CARTESIAN_POINT('',(-2.950277368828,-1.112371804988,
    6.556457218158));
#7371 = CARTESIAN_POINT('',(-3.023658704342,-0.86938307414,
    6.546837570736));
#7372 = CARTESIAN_POINT('',(-3.091609882349,-0.533440044987,
    6.533790947955));
#7373 = CARTESIAN_POINT('',(-3.106509348026,-0.444553469801,
    6.530362231269));
#7374 = CARTESIAN_POINT('',(-3.118426155353,-0.355187666758,
    6.526933535079));
#7375 = CARTESIAN_POINT('',(-3.12734223524,-0.265462729438,
    6.523504864212));
#7376 = CARTESIAN_POINT('',(-3.133245593433,-0.175499355302,
    6.520076222433));
#7377 = CARTESIAN_POINT('',(-3.136130310513,-8.541884569103E-02,
    6.516647612439));
#7378 = CARTESIAN_POINT('',(-3.135682612956,0.216047142805,
    6.505172833235));
#7379 = CARTESIAN_POINT('',(-3.118744414502,0.427430483396,
    6.497126128504));
#7380 = CARTESIAN_POINT('',(-3.085179503744,0.637206338916,
    6.489080086342));
#7381 = CARTESIAN_POINT('',(-3.035184422984,0.843812725985,
    6.481034493952));
#7382 = CARTESIAN_POINT('',(-2.969127818929,1.045726164067,
    6.472988667676));
#7383 = CARTESIAN_POINT('',(-2.887549012805,1.241467647732,6.46494236154
    ));
#7384 = CARTESIAN_POINT('',(-2.723172047033,1.562397440367,
    6.451218522373));
#7385 = CARTESIAN_POINT('',(-2.647790937156,1.691408122513,
    6.445540228781));
#7386 = CARTESIAN_POINT('',(-2.565292724265,1.816151445317,6.43986197371
    ));
#7387 = CARTESIAN_POINT('',(-2.475969324631,1.936158223854,
    6.434183708827));
#7388 = CARTESIAN_POINT('',(-2.380149867148,2.050986272207,6.42850531548
    ));
#7389 = CARTESIAN_POINT('',(-2.278200022317,2.160221304271,
    6.422826759475));
#7390 = CARTESIAN_POINT('',(-1.940889654078,2.483678971717,
    6.405038453352));
#7391 = CARTESIAN_POINT('',(-1.685097662254,2.676793925627,
    6.392923208344));
#7392 = CARTESIAN_POINT('',(-1.407145011855,2.838912360496,6.38081188947
    ));
#7393 = CARTESIAN_POINT('',(-1.111582482689,2.967130736026,
    6.368701922951));
#7394 = CARTESIAN_POINT('',(-0.803297483257,3.059328867014,
    6.356590760827));
#7395 = CARTESIAN_POINT('',(-0.487519339278,3.114167380971,
    6.344475633633));
#7396 = CARTESIAN_POINT('',(-2.77772735457E-02,3.139102239889,
    6.326950638412));
#7397 = CARTESIAN_POINT('',(0.114692050143,3.139288222459,6.321535401494
    ));
#7398 = CARTESIAN_POINT('',(0.257089881278,3.13192949551,6.31612026012)
  );
#7399 = CARTESIAN_POINT('',(0.398937246956,3.11703812033,6.310705174654)
  );
#7400 = CARTESIAN_POINT('',(0.539758708005,3.094664011672,6.305290041274
    ));
#7401 = CARTESIAN_POINT('',(0.679083224977,3.064894848373,6.29987481915)
  );
#7402 = CARTESIAN_POINT('',(1.024407301275,2.971780083427,6.286261240532
    ));
#7403 = CARTESIAN_POINT('',(1.227895054084,2.899035009787,6.278062019278
    ));
#7404 = CARTESIAN_POINT('',(1.425270829488,2.810056724673,6.269863241615
    ));
#7405 = CARTESIAN_POINT('',(1.614993941807,2.705477848894,6.26166472305)
  );
#7406 = CARTESIAN_POINT('',(1.795612315945,2.586098783139,6.253465849522
    ));
#7407 = CARTESIAN_POINT('',(1.965768432526,2.452884429648,6.24526653358)
  );
#7408 = CARTESIAN_POINT('',(2.306538263648,2.139111554578,6.227634763235
    ));
#7409 = CARTESIAN_POINT('',(2.47340787022,1.954399960194,6.218200173869)
  );
#7410 = CARTESIAN_POINT('',(2.622907925621,1.754603191574,6.208766962809
    ));
#7411 = CARTESIAN_POINT('',(2.753442891058,1.541697321418,6.199334909399
    ));
#7412 = CARTESIAN_POINT('',(2.863692506281,1.317835769548,6.189902323822
    ));
#7413 = CARTESIAN_POINT('',(2.952619391781,1.085336889451,6.180468132194
    ));
#7414 = CARTESIAN_POINT('',(3.052602139322,0.728777430741,6.166372767784
    ));
#7415 = CARTESIAN_POINT('',(3.080297431757,0.6093405632,6.161710626408)
  );
#7416 = CARTESIAN_POINT('',(3.102536747319,0.488691556997,6.157048331171
    ));
#7417 = CARTESIAN_POINT('',(3.119257871087,0.367129557203,6.152385887676
    ));
#7418 = CARTESIAN_POINT('',(3.130419244212,0.24495671049,6.147723361837)
  );
#7419 = CARTESIAN_POINT('',(3.136,0.122477774195,6.143061001476));
#7420 = CARTESIAN_POINT('',(3.136,-2.7461243501E-07,6.138399357917));
#7421 = ORIENTED_EDGE('',*,*,#7422,.T.);
#7422 = EDGE_CURVE('',#7332,#7155,#7423,.T.);
#7423 = CIRCLE('',#7424,3.136);
#7424 = AXIS2_PLACEMENT_3D('',#7425,#7426,#7427);
#7425 = CARTESIAN_POINT('',(0.,0.,6.4));
#7426 = DIRECTION('',(0.,0.,-1.));
#7427 = DIRECTION('',(1.,0.,0.));
#7428 = CYLINDRICAL_SURFACE('',#7429,3.136);
#7429 = AXIS2_PLACEMENT_3D('',#7430,#7431,#7432);
#7430 = CARTESIAN_POINT('',(0.,0.,13.));
#7431 = DIRECTION('',(-0.,-0.,-1.));
#7432 = DIRECTION('',(1.,0.,0.));
#7433 = ADVANCED_FACE('',(#7434),#7515,.T.);
#7434 = FACE_BOUND('',#7435,.T.);
#7435 = EDGE_LOOP('',(#7436,#7488,#7489,#7490));
#7436 = ORIENTED_EDGE('',*,*,#7437,.F.);
#7437 = EDGE_CURVE('',#6890,#7438,#7440,.T.);
#7438 = VERTEX_POINT('',#7439);
#7439 = CARTESIAN_POINT('',(-2.411541148856,-2.536625570985,6.4));
#7440 = B_SPLINE_CURVE_WITH_KNOTS('',6,(#7441,#7442,#7443,#7444,#7445,
    #7446,#7447,#7448,#7449,#7450,#7451,#7452,#7453,#7454,#7455,#7456,
    #7457,#7458,#7459,#7460,#7461,#7462,#7463,#7464,#7465,#7466,#7467,
    #7468,#7469,#7470,#7471,#7472,#7473,#7474,#7475,#7476,#7477,#7478,
    #7479,#7480,#7481,#7482,#7483,#7484,#7485,#7486,#7487),
  .UNSPECIFIED.,.F.,.F.,(7,5,5,5,5,5,5,5,5,7),(0.,7.000342277002E-02,
    0.20368697568,0.339260105568,0.421126203196,0.578515650862,
    0.736508790815,0.769510646049,0.859432708704,1.),.UNSPECIFIED.);
#7441 = CARTESIAN_POINT('',(3.5,-3.636202450252E-12,6.678231322152));
#7442 = CARTESIAN_POINT('',(3.5,-0.167075917272,6.672533324192));
#7443 = CARTESIAN_POINT('',(3.490429201179,-0.334154183265,
    6.666836506926));
#7444 = CARTESIAN_POINT('',(3.47128786783,-0.50054444073,6.661139764348)
  );
#7445 = CARTESIAN_POINT('',(3.442641350078,-0.665564060985,
    6.655442561816));
#7446 = CARTESIAN_POINT('',(3.404619827533,-0.828539789928,
    6.649744809983));
#7447 = CARTESIAN_POINT('',(3.267278161482,-1.294871715778,
    6.633165293468));
#7448 = CARTESIAN_POINT('',(3.143640408755,-1.591130887291,
    6.622280386813));
#7449 = CARTESIAN_POINT('',(2.987869038736,-1.872872819356,
    6.611397081191));
#7450 = CARTESIAN_POINT('',(2.802186628982,-2.135865807354,
    6.600514855684));
#7451 = CARTESIAN_POINT('',(2.589433095664,-2.376265059366,
    6.589630936642));
#7452 = CARTESIAN_POINT('',(2.113742090238,-2.808343268097,
    6.567714314265));
#7453 = CARTESIAN_POINT('',(1.850044592308,-2.99937018288,6.55667744893)
  );
#7454 = CARTESIAN_POINT('',(1.565939328158,-3.16040590011,6.545643311794
    ));
#7455 = CARTESIAN_POINT('',(1.265710245153,-3.28890011538,6.534608903325
    ));
#7456 = CARTESIAN_POINT('',(0.953981488386,-3.382989327277,
    6.523571652646));
#7457 = CARTESIAN_POINT('',(0.443657633983,-3.477261061832,
    6.505872713533));
#7458 = CARTESIAN_POINT('',(0.249137489803,-3.4998836381,6.49920880908)
  );
#7459 = CARTESIAN_POINT('',(5.3323159939E-02,-3.509434982149,
    6.492545085558));
#7460 = CARTESIAN_POINT('',(-0.142690983862,-3.505837173518,
    6.485881381003));
#7461 = CARTESIAN_POINT('',(-0.337808704004,-3.489134836285,
    6.479217522387));
#7462 = CARTESIAN_POINT('',(-0.902227392057,-3.402512328308,
    6.459742912093));
#7463 = CARTESIAN_POINT('',(-1.266313050185,-3.297689688903,
    6.44692766045));
#7464 = CARTESIAN_POINT('',(-1.615181411353,-3.14619620078,
    6.434117947509));
#7465 = CARTESIAN_POINT('',(-1.941616351834,-2.951005304026,
    6.421308349728));
#7466 = CARTESIAN_POINT('',(-2.238996561041,-2.71624714348,
    6.408493156967));
#7467 = CARTESIAN_POINT('',(-2.765415187112,-2.178225773078,
    6.382821935395));
#7468 = CARTESIAN_POINT('',(-2.994378583776,-1.874507548735,
    6.369956822589));
#7469 = CARTESIAN_POINT('',(-3.18281902003,-1.542409628529,6.35709662941
    ));
#7470 = CARTESIAN_POINT('',(-3.326712610386,-1.188724064797,
    6.344236279333));
#7471 = CARTESIAN_POINT('',(-3.423221699938,-0.82081780999,
    6.331370761848));
#7472 = CARTESIAN_POINT('',(-3.481416588607,-0.368703734243,
    6.315823853677));
#7473 = CARTESIAN_POINT('',(-3.489362388377,-0.290311733454,
    6.313137532682));
#7474 = CARTESIAN_POINT('',(-3.495189364741,-0.211719474395,
    6.310451229291));
#7475 = CARTESIAN_POINT('',(-3.498891564222,-0.132998506387,
    6.307764944909));
#7476 = CARTESIAN_POINT('',(-3.500466260021,-5.422057432591E-02,
    6.305078680175));
#7477 = CARTESIAN_POINT('',(-3.498409046469,0.239152359531,
    6.295073067351));
#7478 = CARTESIAN_POINT('',(-3.481112564101,0.453659945839,
    6.287753558966));
#7479 = CARTESIAN_POINT('',(-3.448032579007,0.666594264248,6.28043452589
    ));
#7480 = CARTESIAN_POINT('',(-3.399363726998,0.876514848321,6.27311559369
    ));
#7481 = CARTESIAN_POINT('',(-3.335462290819,1.082012483493,
    6.265796389563));
#7482 = CARTESIAN_POINT('',(-3.134010992146,1.593903427547,
    6.247036451769));
#7483 = CARTESIAN_POINT('',(-2.975215659019,1.892027309347,
    6.235592872055));
#7484 = CARTESIAN_POINT('',(-2.782549689066,2.170754722813,
    6.224152135717));
#7485 = CARTESIAN_POINT('',(-2.55907682538,2.425448688487,6.212711006115
    ));
#7486 = CARTESIAN_POINT('',(-2.308549231681,2.65200932691,6.201266552238
    ));
#7487 = CARTESIAN_POINT('',(-2.035639890018,2.847133688145,
    6.189824511508));
#7488 = ORIENTED_EDGE('',*,*,#6982,.T.);
#7489 = ORIENTED_EDGE('',*,*,#7331,.T.);
#7490 = ORIENTED_EDGE('',*,*,#7491,.T.);
#7491 = EDGE_CURVE('',#7332,#7438,#7492,.T.);
#7492 = B_SPLINE_CURVE_WITH_KNOTS('',6,(#7493,#7494,#7495,#7496,#7497,
    #7498,#7499,#7500,#7501,#7502,#7503,#7504,#7505,#7506,#7507,#7508,
    #7509,#7510,#7511,#7512,#7513,#7514),.UNSPECIFIED.,.F.,.F.,(7,5,5,5,
    7),(0.,0.225791218603,0.46620523979,0.723981040679,1.),
  .UNSPECIFIED.);
#7493 = CARTESIAN_POINT('',(-1.822545374686,2.551874391118,6.4));
#7494 = CARTESIAN_POINT('',(-2.014842753327,2.432819477335,6.4));
#7495 = CARTESIAN_POINT('',(-2.196932717451,2.297012116221,6.4));
#7496 = CARTESIAN_POINT('',(-2.367025183121,2.145672391649,6.4));
#7497 = CARTESIAN_POINT('',(-2.52359191917,1.980239107823,6.4));
#7498 = CARTESIAN_POINT('',(-2.665320926789,1.802308512344,6.4));
#7499 = CARTESIAN_POINT('',(-2.925123027907,1.412787799533,6.4));
#7500 = CARTESIAN_POINT('',(-3.04109099833,1.199731957435,6.4));
#7501 = CARTESIAN_POINT('',(-3.137757840981,0.976623813426,6.4));
#7502 = CARTESIAN_POINT('',(-3.214225661132,0.745704513054,6.4));
#7503 = CARTESIAN_POINT('',(-3.269906639473,0.509276186606,6.4));
#7504 = CARTESIAN_POINT('',(-3.341743092231,1.284838101777E-02,6.4));
#7505 = CARTESIAN_POINT('',(-3.354760720683,-0.247668900379,6.4));
#7506 = CARTESIAN_POINT('',(-3.343329545821,-0.508919647759,6.4));
#7507 = CARTESIAN_POINT('',(-3.307650629388,-0.768077870006,6.4));
#7508 = CARTESIAN_POINT('',(-3.248294783049,-1.022415561061,6.4));
#7509 = CARTESIAN_POINT('',(-3.07844368426,-1.533696292267,6.4));
#7510 = CARTESIAN_POINT('',(-2.964606554219,-1.789609452441,6.4));
#7511 = CARTESIAN_POINT('',(-2.825977261394,-2.033847832622,6.4));
#7512 = CARTESIAN_POINT('',(-2.664265424798,-2.263579904261,6.4));
#7513 = CARTESIAN_POINT('',(-2.481522623737,-2.476281451839,6.4));
#7514 = CARTESIAN_POINT('',(-2.280216523787,-2.669797722682,6.4));
#7515 = B_SPLINE_SURFACE_WITH_KNOTS('',1,9,(
    (#7516,#7517,#7518,#7519,#7520,#7521,#7522,#7523,#7524,#7525,#7526
      ,#7527,#7528,#7529,#7530,#7531,#7532,#7533,#7534,#7535,#7536,#7537
      ,#7538,#7539,#7540,#7541,#7542,#7543,#7544,#7545,#7546)
    ,(#7547,#7548,#7549,#7550,#7551,#7552,#7553,#7554,#7555,#7556,#7557
      ,#7558,#7559,#7560,#7561,#7562,#7563,#7564,#7565,#7566,#7567,#7568
      ,#7569,#7570,#7571,#7572,#7573,#7574,#7575,#7576,#7577
  )),.UNSPECIFIED.,.F.,.F.,.F.,(2,2),(10,7,7,7,10),(0.,0.65425),(0.,
    1.581947328539,3.163894657078,4.745841985618,6.327789314157),
  .UNSPECIFIED.);
#7516 = CARTESIAN_POINT('',(3.511009332126,8.30202218E-09,6.67187475657)
  );
#7517 = CARTESIAN_POINT('',(3.511009730553,-0.612786397666,
    6.651041412877));
#7518 = CARTESIAN_POINT('',(3.390717574003,-1.225569702203,6.63020801926
    ));
#7519 = CARTESIAN_POINT('',(3.150046698931,-1.811363601222,
    6.609374747677));
#7520 = CARTESIAN_POINT('',(2.79613979217,-2.343150967246,6.588541444731
    ));
#7521 = CARTESIAN_POINT('',(2.343140975408,-2.796153210575,
    6.567708095799));
#7522 = CARTESIAN_POINT('',(1.811356377617,-3.150049022153,
    6.546874746902));
#7523 = CARTESIAN_POINT('',(1.225575989535,-3.390688926479,6.5260414028)
  );
#7524 = CARTESIAN_POINT('',(6.53113493474E-06,-3.631330384175,
    6.484374730902));
#7525 = CARTESIAN_POINT('',(-1.225572801658,-3.3906900463,6.442708077237
    ));
#7526 = CARTESIAN_POINT('',(-1.811363829814,-3.150049643665,
    6.421874752052));
#7527 = CARTESIAN_POINT('',(-2.343156087299,-2.796155086886,
    6.401041419258));
#7528 = CARTESIAN_POINT('',(-2.796160668853,-2.343148960689,
    6.380208079576));
#7529 = CARTESIAN_POINT('',(-3.150050904651,-1.811359368354,
    6.359374740586));
#7530 = CARTESIAN_POINT('',(-3.390687631559,-1.225572964977,
    6.338541406882));
#7531 = CARTESIAN_POINT('',(-3.631324641446,9.21977409E-09,6.29687474304
    ));
#7532 = CARTESIAN_POINT('',(-3.390687416009,1.225572941094,
    6.255208079198));
#7533 = CARTESIAN_POINT('',(-3.150050693458,1.811359276833,
    6.234374745495));
#7534 = CARTESIAN_POINT('',(-2.796160989953,2.343148984058,
    6.213541406503));
#7535 = CARTESIAN_POINT('',(-2.343156672149,2.796155555358,
    6.192708066823));
#7536 = CARTESIAN_POINT('',(-1.81136411891,3.150050284342,6.171874734027
    ));
#7537 = CARTESIAN_POINT('',(-1.225572865141,3.39069008021,6.151041408843
    ));
#7538 = CARTESIAN_POINT('',(6.52368154094E-06,3.631329473889,
    6.109374755178));
#7539 = CARTESIAN_POINT('',(1.225575926051,3.390688389661,6.06770808328)
  );
#7540 = CARTESIAN_POINT('',(1.811357742352,3.150048121305,6.046874739181
    ));
#7541 = CARTESIAN_POINT('',(2.343137928928,2.796157452058,6.026041390271
    ));
#7542 = CARTESIAN_POINT('',(2.796145642349,2.343150675409,6.005208041365
    ));
#7543 = CARTESIAN_POINT('',(3.150046073104,1.811362609103,5.984374738389
    ));
#7544 = CARTESIAN_POINT('',(3.390713226319,1.22556956327,5.963541466825)
  );
#7545 = CARTESIAN_POINT('',(3.511009970442,0.612786415193,5.942708073203
    ));
#7546 = CARTESIAN_POINT('',(3.51101036903,9.22479831E-09,5.92187472951)
  );
#7547 = CARTESIAN_POINT('',(2.944419448041,-4.1914462834E-07,
    6.999012289959));
#7548 = CARTESIAN_POINT('',(2.944420079713,-0.513919593065,6.97817947942
    ));
#7549 = CARTESIAN_POINT('',(2.843537982731,-1.027776711795,6.95734918822
    ));
#7550 = CARTESIAN_POINT('',(2.641720991501,-1.519043410932,
    6.936512738551));
#7551 = CARTESIAN_POINT('',(2.344913170929,-1.965028957559,
    6.915677871986));
#7552 = CARTESIAN_POINT('',(1.965006935568,-2.344928193376,
    6.894845325982));
#7553 = CARTESIAN_POINT('',(1.519047423406,-2.641708295664,
    6.874012777754));
#7554 = CARTESIAN_POINT('',(1.027797995649,-2.843516582417,
    6.853179987912));
#7555 = CARTESIAN_POINT('',(6.24418688586E-06,-3.04532460307,
    6.811513585223));
#7556 = CARTESIAN_POINT('',(-1.027797363118,-2.8435169252,6.76984626247)
  );
#7557 = CARTESIAN_POINT('',(-1.519058046324,-2.641708948623,
    6.749012517954));
#7558 = CARTESIAN_POINT('',(-1.965030563697,-2.344923241567,
    6.728179157409));
#7559 = CARTESIAN_POINT('',(-2.344929056007,-1.965023092155,
    6.707346144448));
#7560 = CARTESIAN_POINT('',(-2.64170991647,-1.519054068531,
    6.686513096578));
#7561 = CARTESIAN_POINT('',(-2.843514533412,-1.027798420851,
    6.665679781949));
#7562 = CARTESIAN_POINT('',(-3.045319018915,4.9005280765E-07,
    6.624012972725));
#7563 = CARTESIAN_POINT('',(-2.843513830984,1.027799263038,6.5823461635)
  );
#7564 = CARTESIAN_POINT('',(-2.641709068955,1.519054727851,
    6.561512848873));
#7565 = CARTESIAN_POINT('',(-2.344929014802,1.96502386313,6.540679801));
#7566 = CARTESIAN_POINT('',(-1.965030872579,2.344924684608,
    6.519846788042));
#7567 = CARTESIAN_POINT('',(-1.519057737787,2.641710558663,
    6.499013427496));
#7568 = CARTESIAN_POINT('',(-1.027796591241,2.84351730514,6.47817968298)
  );
#7569 = CARTESIAN_POINT('',(7.17832201043E-06,3.045322986913,
    6.436512360226));
#7570 = CARTESIAN_POINT('',(1.027798767525,2.843515309593,6.394845957537
    ));
#7571 = CARTESIAN_POINT('',(1.519048278699,2.641709834237,6.374013167656
    ));
#7572 = CARTESIAN_POINT('',(1.965008400684,2.344925828328,6.353180619565
    ));
#7573 = CARTESIAN_POINT('',(2.344918024375,1.965036994182,6.332348073376
    ));
#7574 = CARTESIAN_POINT('',(2.641722742486,1.519037217163,6.31151320692)
  );
#7575 = CARTESIAN_POINT('',(2.843530583446,1.027775580526,6.290676757239
    ));
#7576 = CARTESIAN_POINT('',(2.944420665453,0.513918708205,6.26984646603)
  );
#7577 = CARTESIAN_POINT('',(2.944421289,-4.6571560376E-07,6.249013655489
    ));
#7578 = ADVANCED_FACE('',(#7579),#7642,.T.);
#7579 = FACE_BOUND('',#7580,.F.);
#7580 = EDGE_LOOP('',(#7581,#7582,#7609,#7618,#7626,#7633,#7634,#7641));
#7581 = ORIENTED_EDGE('',*,*,#7138,.F.);
#7582 = ORIENTED_EDGE('',*,*,#7583,.T.);
#7583 = EDGE_CURVE('',#7054,#7584,#7586,.T.);
#7584 = VERTEX_POINT('',#7585);
#7585 = CARTESIAN_POINT('',(0.459907980965,-3.469651949266,6.4));
#7586 = B_SPLINE_CURVE_WITH_KNOTS('',6,(#7587,#7588,#7589,#7590,#7591,
    #7592,#7593,#7594,#7595,#7596,#7597,#7598,#7599,#7600,#7601,#7602,
    #7603,#7604,#7605,#7606,#7607,#7608),.UNSPECIFIED.,.F.,.F.,(7,5,5,5,
    7),(0.,0.191006622189,0.558758663751,0.930653605287,1.),
  .UNSPECIFIED.);
#7587 = CARTESIAN_POINT('',(3.5,-2.732036818998E-12,6.571770037685));
#7588 = CARTESIAN_POINT('',(3.5,-0.166268785638,6.566099455222));
#7589 = CARTESIAN_POINT('',(3.490521453687,-0.332539720833,
    6.560427549053));
#7590 = CARTESIAN_POINT('',(3.471564642732,-0.498132599376,
    6.554755730137));
#7591 = CARTESIAN_POINT('',(3.443193650771,-0.662374663449,
    6.549084347612));
#7592 = CARTESIAN_POINT('',(3.405536143525,-0.824602254733,
    6.543413320631));
#7593 = CARTESIAN_POINT('',(3.268767897004,-1.29136958007,6.526825051866
    ));
#7594 = CARTESIAN_POINT('',(3.145017310187,-1.588755509829,
    6.515906769537));
#7595 = CARTESIAN_POINT('',(2.988902727775,-1.871555899238,
    6.504991732646));
#7596 = CARTESIAN_POINT('',(2.802666432929,-2.135494977353,
    6.494075667049));
#7597 = CARTESIAN_POINT('',(2.589175695689,-2.376688497519,
    6.483156489927));
#7598 = CARTESIAN_POINT('',(2.112389149719,-2.809379474473,
    6.461198118716));
#7599 = CARTESIAN_POINT('',(1.84846550679,-3.000371628694,6.450154727788
    ));
#7600 = CARTESIAN_POINT('',(1.564129076031,-3.161332210007,
    6.439113584386));
#7601 = CARTESIAN_POINT('',(1.263671485229,-3.289709556944,
    6.428072752358));
#7602 = CARTESIAN_POINT('',(0.951724863439,-3.3836401504,6.417029688479)
  );
#7603 = CARTESIAN_POINT('',(0.573970910997,-3.453143689648,
    6.403930236895));
#7604 = CARTESIAN_POINT('',(0.514376229969,-3.462838282837,
    6.401871506654));
#7605 = CARTESIAN_POINT('',(0.454587279497,-3.471298295516,
    6.399812782226));
#7606 = CARTESIAN_POINT('',(0.394636029089,-3.47851897861,6.397754062857
    ));
#7607 = CARTESIAN_POINT('',(0.334554593247,-3.484496688681,
    6.395695347697));
#7608 = CARTESIAN_POINT('',(0.274375231469,-3.489228887929,
    6.393636635805));
#7609 = ORIENTED_EDGE('',*,*,#7610,.F.);
#7610 = EDGE_CURVE('',#7611,#7584,#7613,.T.);
#7611 = VERTEX_POINT('',#7612);
#7612 = CARTESIAN_POINT('',(3.5,0.,6.4));
#7613 = CIRCLE('',#7614,3.5);
#7614 = AXIS2_PLACEMENT_3D('',#7615,#7616,#7617);
#7615 = CARTESIAN_POINT('',(0.,0.,6.4));
#7616 = DIRECTION('',(0.,0.,-1.));
#7617 = DIRECTION('',(1.,0.,0.));
#7618 = ORIENTED_EDGE('',*,*,#7619,.F.);
#7619 = EDGE_CURVE('',#7620,#7611,#7622,.T.);
#7620 = VERTEX_POINT('',#7621);
#7621 = CARTESIAN_POINT('',(3.5,0.,6.14));
#7622 = LINE('',#7623,#7624);
#7623 = CARTESIAN_POINT('',(3.5,0.,6.14));
#7624 = VECTOR('',#7625,1.);
#7625 = DIRECTION('',(0.,0.,1.));
#7626 = ORIENTED_EDGE('',*,*,#7627,.F.);
#7627 = EDGE_CURVE('',#7620,#7620,#7628,.T.);
#7628 = CIRCLE('',#7629,3.5);
#7629 = AXIS2_PLACEMENT_3D('',#7630,#7631,#7632);
#7630 = CARTESIAN_POINT('',(0.,0.,6.14));
#7631 = DIRECTION('',(0.,0.,1.));
#7632 = DIRECTION('',(1.,0.,0.));
#7633 = ORIENTED_EDGE('',*,*,#7619,.T.);
#7634 = ORIENTED_EDGE('',*,*,#7635,.F.);
#7635 = EDGE_CURVE('',#7438,#7611,#7636,.T.);
#7636 = CIRCLE('',#7637,3.5);
#7637 = AXIS2_PLACEMENT_3D('',#7638,#7639,#7640);
#7638 = CARTESIAN_POINT('',(0.,0.,6.4));
#7639 = DIRECTION('',(0.,0.,-1.));
#7640 = DIRECTION('',(1.,0.,0.));
#7641 = ORIENTED_EDGE('',*,*,#7437,.F.);
#7642 = CYLINDRICAL_SURFACE('',#7643,3.5);
#7643 = AXIS2_PLACEMENT_3D('',#7644,#7645,#7646);
#7644 = CARTESIAN_POINT('',(0.,0.,6.14));
#7645 = DIRECTION('',(-0.,-0.,-1.));
#7646 = DIRECTION('',(1.,0.,0.));
#7647 = ADVANCED_FACE('',(#7648),#7680,.T.);
#7648 = FACE_BOUND('',#7649,.T.);
#7649 = EDGE_LOOP('',(#7650,#7651,#7676,#7677,#7678,#7679));
#7650 = ORIENTED_EDGE('',*,*,#7254,.F.);
#7651 = ORIENTED_EDGE('',*,*,#7652,.T.);
#7652 = EDGE_CURVE('',#7248,#7584,#7653,.T.);
#7653 = B_SPLINE_CURVE_WITH_KNOTS('',6,(#7654,#7655,#7656,#7657,#7658,
    #7659,#7660,#7661,#7662,#7663,#7664,#7665,#7666,#7667,#7668,#7669,
    #7670,#7671,#7672,#7673,#7674,#7675),.UNSPECIFIED.,.F.,.F.,(7,5,5,5,
    7),(0.,0.234288328607,0.474673943865,0.729922726884,1.),
  .UNSPECIFIED.);
#7654 = CARTESIAN_POINT('',(3.202470368304,-2.2446207071E-07,6.4));
#7655 = CARTESIAN_POINT('',(3.215042768946,-0.194738994193,6.4));
#7656 = CARTESIAN_POINT('',(3.213355360938,-0.390491108191,6.4));
#7657 = CARTESIAN_POINT('',(3.197377600606,-0.585929251953,6.4));
#7658 = CARTESIAN_POINT('',(3.167251543443,-0.779765788253,6.4));
#7659 = CARTESIAN_POINT('',(3.123258387428,-0.970753051864,6.4));
#7660 = CARTESIAN_POINT('',(3.006909753238,-1.349487209371,6.4));
#7661 = CARTESIAN_POINT('',(2.933841322469,-1.537035393184,6.4));
#7662 = CARTESIAN_POINT('',(2.847089110342,-1.719033799609,6.4));
#7663 = CARTESIAN_POINT('',(2.747266317613,-1.894285569814,6.4));
#7664 = CARTESIAN_POINT('',(2.635105947782,-2.061684115127,6.4));
#7665 = CARTESIAN_POINT('',(2.380194175929,-2.388562753303,6.4));
#7666 = CARTESIAN_POINT('',(2.235968960702,-2.546927520343,6.4));
#7667 = CARTESIAN_POINT('',(2.079826663543,-2.694108271101,6.4));
#7668 = CARTESIAN_POINT('',(1.912921654152,-2.829075375137,6.4));
#7669 = CARTESIAN_POINT('',(1.736502564378,-2.950950758785,6.4));
#7670 = CARTESIAN_POINT('',(1.356618956994,-3.173376820531,6.4));
#7671 = CARTESIAN_POINT('',(1.152159373231,-3.272288584852,6.4));
#7672 = CARTESIAN_POINT('',(0.940141667152,-3.354914126792,6.4));
#7673 = CARTESIAN_POINT('',(0.722221764373,-3.420659130319,6.4));
#7674 = CARTESIAN_POINT('',(0.500091389658,-3.469134994488,6.4));
#7675 = CARTESIAN_POINT('',(0.275482257019,-3.500183674027,6.4));
#7676 = ORIENTED_EDGE('',*,*,#7610,.F.);
#7677 = ORIENTED_EDGE('',*,*,#7635,.F.);
#7678 = ORIENTED_EDGE('',*,*,#7491,.F.);
#7679 = ORIENTED_EDGE('',*,*,#7422,.T.);
#7680 = PLANE('',#7681);
#7681 = AXIS2_PLACEMENT_3D('',#7682,#7683,#7684);
#7682 = CARTESIAN_POINT('',(-4.E-17,0.,6.4));
#7683 = DIRECTION('',(0.,0.,1.));
#7684 = DIRECTION('',(1.,0.,0.));
#7685 = ADVANCED_FACE('',(#7686),#7691,.T.);
#7686 = FACE_BOUND('',#7687,.T.);
#7687 = EDGE_LOOP('',(#7688,#7689,#7690));
#7688 = ORIENTED_EDGE('',*,*,#7652,.F.);
#7689 = ORIENTED_EDGE('',*,*,#7247,.T.);
#7690 = ORIENTED_EDGE('',*,*,#7583,.T.);
#7691 = B_SPLINE_SURFACE_WITH_KNOTS('',1,9,(
    (#7692,#7693,#7694,#7695,#7696,#7697,#7698,#7699,#7700,#7701,#7702
      ,#7703,#7704,#7705,#7706,#7707,#7708,#7709,#7710,#7711,#7712,#7713
      ,#7714,#7715,#7716,#7717,#7718,#7719,#7720,#7721,#7722)
    ,(#7723,#7724,#7725,#7726,#7727,#7728,#7729,#7730,#7731,#7732,#7733
      ,#7734,#7735,#7736,#7737,#7738,#7739,#7740,#7741,#7742,#7743,#7744
      ,#7745,#7746,#7747,#7748,#7749,#7750,#7751,#7752,#7753
  )),.UNSPECIFIED.,.F.,.F.,.F.,(2,2),(10,7,7,7,10),(0.,0.65425),(0.,
    1.581947328539,3.163894657078,4.745841985618,6.327789314157),
  .UNSPECIFIED.);
#7692 = CARTESIAN_POINT('',(2.944402901831,-4.1915075544E-07,
    6.251012290142));
#7693 = CARTESIAN_POINT('',(2.944402829643,-0.513916545432,
    6.230179479618));
#7694 = CARTESIAN_POINT('',(2.843517266677,-1.027770476532,6.20934918851
    ));
#7695 = CARTESIAN_POINT('',(2.64170609022,-1.519030940865,6.188512738711
    ));
#7696 = CARTESIAN_POINT('',(2.344901077063,-1.965023627986,
    6.167677872246));
#7697 = CARTESIAN_POINT('',(1.964995972238,-2.344911436584,
    6.146845326038));
#7698 = CARTESIAN_POINT('',(1.519038321697,-2.641694384759,
    6.126012777998));
#7699 = CARTESIAN_POINT('',(1.027791857761,-2.843499234185,
    6.105179988127));
#7700 = CARTESIAN_POINT('',(6.253648365E-06,-3.04530573211,
    6.063513585447));
#7701 = CARTESIAN_POINT('',(-1.027791307845,-2.843500093764,
    6.021846262672));
#7702 = CARTESIAN_POINT('',(-1.519049278177,-2.64169385473,
    6.001012518143));
#7703 = CARTESIAN_POINT('',(-1.965019413869,-2.344909757777,
    5.980179157597));
#7704 = CARTESIAN_POINT('',(-2.344915420825,-1.965011469307,
    5.959346144648));
#7705 = CARTESIAN_POINT('',(-2.64169405132,-1.519044990863,
    5.938513096785));
#7706 = CARTESIAN_POINT('',(-2.84349746997,-1.027792318177,
    5.917679782158));
#7707 = CARTESIAN_POINT('',(-3.045300954957,4.5764239803E-07,
    5.876012972929));
#7708 = CARTESIAN_POINT('',(-2.843497160563,1.027793172711,5.8343461637)
  );
#7709 = CARTESIAN_POINT('',(-2.641693594282,1.519045784586,
    5.813512849073));
#7710 = CARTESIAN_POINT('',(-2.344914831028,1.96501217411,5.792679801209
    ));
#7711 = CARTESIAN_POINT('',(-1.965018710527,2.344910349469,
    5.771846788261));
#7712 = CARTESIAN_POINT('',(-1.519048484931,2.6416943128,5.751013427714)
  );
#7713 = CARTESIAN_POINT('',(-1.027790453406,2.843500402738,
    5.730179683185));
#7714 = CARTESIAN_POINT('',(7.1688718301E-06,3.045305729925,
    5.688512360411));
#7715 = CARTESIAN_POINT('',(1.027792712199,2.843498924001,5.64684595773)
  );
#7716 = CARTESIAN_POINT('',(1.519039116008,2.64169392888,5.626013167859)
  );
#7717 = CARTESIAN_POINT('',(1.964996677135,2.344910848936,5.605180619818
    ));
#7718 = CARTESIAN_POINT('',(2.344901674195,1.9650229298,5.584348073612)
  );
#7719 = CARTESIAN_POINT('',(2.641706548181,1.519030141746,5.563513207147
    ));
#7720 = CARTESIAN_POINT('',(2.843517565158,1.027769621595,5.542676757348
    ));
#7721 = CARTESIAN_POINT('',(2.944402984633,0.513915660558,5.521846466239
    ));
#7722 = CARTESIAN_POINT('',(2.94440290432,-4.6572316394E-07,
    5.501013655715));
#7723 = CARTESIAN_POINT('',(3.51100725832,8.30125435E-09,6.578124756593)
  );
#7724 = CARTESIAN_POINT('',(3.511007568529,-0.612786015694,
    6.557291412902));
#7725 = CARTESIAN_POINT('',(3.390714977573,-1.225568920711,
    6.536458019297));
#7726 = CARTESIAN_POINT('',(3.150043591897,-1.811363404806,6.5156247477)
  );
#7727 = CARTESIAN_POINT('',(2.796141463406,-2.343146785384,
    6.494791444757));
#7728 = CARTESIAN_POINT('',(2.343136414316,-2.796154624258,
    6.473958095812));
#7729 = CARTESIAN_POINT('',(1.811356476255,-3.15004591213,6.45312474693)
  );
#7730 = CARTESIAN_POINT('',(1.225575220247,-3.390686752152,
    6.432291402827));
#7731 = CARTESIAN_POINT('',(6.53232078252E-06,-3.631328018998,
    6.39062473093));
#7732 = CARTESIAN_POINT('',(-1.225572042725,-3.390687936745,
    6.348958077263));
#7733 = CARTESIAN_POINT('',(-1.811362730865,-3.150047751884,
    6.328124752076));
#7734 = CARTESIAN_POINT('',(-2.343154689844,-2.796153396906,
    6.307291419282));
#7735 = CARTESIAN_POINT('',(-2.796158959898,-2.343147503948,
    6.286458079601));
#7736 = CARTESIAN_POINT('',(-3.150048916205,-1.811358230612,
    6.265624740612));
#7737 = CARTESIAN_POINT('',(-3.390685492925,-1.225572200103,
    6.244791406908));
#7738 = CARTESIAN_POINT('',(-3.631322377413,5.15763903E-09,
    6.203124743066));
#7739 = CARTESIAN_POINT('',(-3.390685326634,1.225572177768,
    6.161458079223));
#7740 = CARTESIAN_POINT('',(-3.150048753952,1.811358155935,
    6.140624745521));
#7741 = CARTESIAN_POINT('',(-2.796159212241,2.343147519024,
    6.119791406529));
#7742 = CARTESIAN_POINT('',(-2.343155147828,2.796153758674,
    6.098958066851));
#7743 = CARTESIAN_POINT('',(-1.81136295921,3.150048248179,6.078124734055
    ));
#7744 = CARTESIAN_POINT('',(-1.225572095861,3.39068796176,6.057291408869
    ));
#7745 = CARTESIAN_POINT('',(6.52249708851E-06,3.631327310998,
    6.015624755201));
#7746 = CARTESIAN_POINT('',(1.225575167111,3.390686335986,5.973958083304
    ));
#7747 = CARTESIAN_POINT('',(1.811356593953,3.150046127819,5.953124739207
    ));
#7748 = CARTESIAN_POINT('',(2.343136459566,2.796155574628,5.932291390303
    ));
#7749 = CARTESIAN_POINT('',(2.796143593112,2.343148912661,5.911458041395
    ));
#7750 = CARTESIAN_POINT('',(3.150044043403,1.811361722311,5.890624738417
    ));
#7751 = CARTESIAN_POINT('',(3.390711594682,1.225568816412,5.869791466839
    ));
#7752 = CARTESIAN_POINT('',(3.51100775443,0.612786033219,5.84895807323)
  );
#7753 = CARTESIAN_POINT('',(3.5110080648,9.22385151E-09,5.828124729538)
  );
#7754 = ADVANCED_FACE('',(#7755,#7766),#7769,.T.);
#7755 = FACE_BOUND('',#7756,.T.);
#7756 = EDGE_LOOP('',(#7757));
#7757 = ORIENTED_EDGE('',*,*,#7758,.T.);
#7758 = EDGE_CURVE('',#7759,#7759,#7761,.T.);
#7759 = VERTEX_POINT('',#7760);
#7760 = CARTESIAN_POINT('',(5.,0.,6.14));
#7761 = CIRCLE('',#7762,5.);
#7762 = AXIS2_PLACEMENT_3D('',#7763,#7764,#7765);
#7763 = CARTESIAN_POINT('',(0.,0.,6.14));
#7764 = DIRECTION('',(0.,0.,1.));
#7765 = DIRECTION('',(1.,0.,0.));
#7766 = FACE_BOUND('',#7767,.T.);
#7767 = EDGE_LOOP('',(#7768));
#7768 = ORIENTED_EDGE('',*,*,#7627,.F.);
#7769 = PLANE('',#7770);
#7770 = AXIS2_PLACEMENT_3D('',#7771,#7772,#7773);
#7771 = CARTESIAN_POINT('',(-2.734880265079E-16,6.938022664999E-17,6.14)
  );
#7772 = DIRECTION('',(0.,0.,1.));
#7773 = DIRECTION('',(1.,0.,0.));
#7774 = ADVANCED_FACE('',(#7775),#7794,.T.);
#7775 = FACE_BOUND('',#7776,.F.);
#7776 = EDGE_LOOP('',(#7777,#7785,#7786,#7787));
#7777 = ORIENTED_EDGE('',*,*,#7778,.T.);
#7778 = EDGE_CURVE('',#7779,#7759,#7781,.T.);
#7779 = VERTEX_POINT('',#7780);
#7780 = CARTESIAN_POINT('',(5.,0.,5.74));
#7781 = LINE('',#7782,#7783);
#7782 = CARTESIAN_POINT('',(5.,0.,5.74));
#7783 = VECTOR('',#7784,1.);
#7784 = DIRECTION('',(0.,0.,1.));
#7785 = ORIENTED_EDGE('',*,*,#7758,.T.);
#7786 = ORIENTED_EDGE('',*,*,#7778,.F.);
#7787 = ORIENTED_EDGE('',*,*,#7788,.F.);
#7788 = EDGE_CURVE('',#7779,#7779,#7789,.T.);
#7789 = CIRCLE('',#7790,5.);
#7790 = AXIS2_PLACEMENT_3D('',#7791,#7792,#7793);
#7791 = CARTESIAN_POINT('',(0.,0.,5.74));
#7792 = DIRECTION('',(0.,0.,1.));
#7793 = DIRECTION('',(1.,0.,0.));
#7794 = CYLINDRICAL_SURFACE('',#7795,5.);
#7795 = AXIS2_PLACEMENT_3D('',#7796,#7797,#7798);
#7796 = CARTESIAN_POINT('',(0.,0.,5.74));
#7797 = DIRECTION('',(-0.,-0.,-1.));
#7798 = DIRECTION('',(1.,0.,0.));
#7799 = ADVANCED_FACE('',(#7800,#8062),#8065,.T.);
#7800 = FACE_BOUND('',#7801,.T.);
#7801 = EDGE_LOOP('',(#7802,#7812,#7820,#7829,#7837,#7845,#7853,#7861,
    #7869,#7878,#7886,#7894,#7902,#7910,#7918,#7926,#7934,#7942,#7950,
    #7959,#7967,#7975,#7983,#7991,#7999,#8008,#8016,#8024,#8032,#8040,
    #8048,#8056));
#7802 = ORIENTED_EDGE('',*,*,#7803,.F.);
#7803 = EDGE_CURVE('',#7804,#7806,#7808,.T.);
#7804 = VERTEX_POINT('',#7805);
#7805 = CARTESIAN_POINT('',(-4.9,5.45,5.74));
#7806 = VERTEX_POINT('',#7807);
#7807 = CARTESIAN_POINT('',(-4.9,4.94,5.74));
#7808 = LINE('',#7809,#7810);
#7809 = CARTESIAN_POINT('',(-4.9,5.85,5.74));
#7810 = VECTOR('',#7811,1.);
#7811 = DIRECTION('',(0.,-1.,0.));
#7812 = ORIENTED_EDGE('',*,*,#7813,.T.);
#7813 = EDGE_CURVE('',#7804,#7814,#7816,.T.);
#7814 = VERTEX_POINT('',#7815);
#7815 = CARTESIAN_POINT('',(-5.5,5.45,5.74));
#7816 = LINE('',#7817,#7818);
#7817 = CARTESIAN_POINT('',(-4.9,5.45,5.74));
#7818 = VECTOR('',#7819,1.);
#7819 = DIRECTION('',(-1.,-0.,-0.));
#7820 = ORIENTED_EDGE('',*,*,#7821,.T.);
#7821 = EDGE_CURVE('',#7814,#7822,#7824,.T.);
#7822 = VERTEX_POINT('',#7823);
#7823 = CARTESIAN_POINT('',(-6.1,4.85,5.74));
#7824 = CIRCLE('',#7825,0.6);
#7825 = AXIS2_PLACEMENT_3D('',#7826,#7827,#7828);
#7826 = CARTESIAN_POINT('',(-5.5,4.85,5.74));
#7827 = DIRECTION('',(0.,-0.,1.));
#7828 = DIRECTION('',(8.881784197001E-16,1.,0.));
#7829 = ORIENTED_EDGE('',*,*,#7830,.T.);
#7830 = EDGE_CURVE('',#7822,#7831,#7833,.T.);
#7831 = VERTEX_POINT('',#7832);
#7832 = CARTESIAN_POINT('',(-6.1,4.22,5.74));
#7833 = LINE('',#7834,#7835);
#7834 = CARTESIAN_POINT('',(-6.1,4.85,5.74));
#7835 = VECTOR('',#7836,1.);
#7836 = DIRECTION('',(0.,-1.,0.));
#7837 = ORIENTED_EDGE('',*,*,#7838,.T.);
#7838 = EDGE_CURVE('',#7831,#7839,#7841,.T.);
#7839 = VERTEX_POINT('',#7840);
#7840 = CARTESIAN_POINT('',(-5.9,4.22,5.74));
#7841 = LINE('',#7842,#7843);
#7842 = CARTESIAN_POINT('',(-6.5,4.22,5.74));
#7843 = VECTOR('',#7844,1.);
#7844 = DIRECTION('',(1.,0.,0.));
#7845 = ORIENTED_EDGE('',*,*,#7846,.T.);
#7846 = EDGE_CURVE('',#7839,#7847,#7849,.T.);
#7847 = VERTEX_POINT('',#7848);
#7848 = CARTESIAN_POINT('',(-5.9,-4.22,5.74));
#7849 = LINE('',#7850,#7851);
#7850 = CARTESIAN_POINT('',(-5.9,4.22,5.74));
#7851 = VECTOR('',#7852,1.);
#7852 = DIRECTION('',(0.,-1.,0.));
#7853 = ORIENTED_EDGE('',*,*,#7854,.F.);
#7854 = EDGE_CURVE('',#7855,#7847,#7857,.T.);
#7855 = VERTEX_POINT('',#7856);
#7856 = CARTESIAN_POINT('',(-6.1,-4.22,5.74));
#7857 = LINE('',#7858,#7859);
#7858 = CARTESIAN_POINT('',(-6.5,-4.22,5.74));
#7859 = VECTOR('',#7860,1.);
#7860 = DIRECTION('',(1.,0.,0.));
#7861 = ORIENTED_EDGE('',*,*,#7862,.T.);
#7862 = EDGE_CURVE('',#7855,#7863,#7865,.T.);
#7863 = VERTEX_POINT('',#7864);
#7864 = CARTESIAN_POINT('',(-6.1,-4.85,5.74));
#7865 = LINE('',#7866,#7867);
#7866 = CARTESIAN_POINT('',(-6.1,-4.22,5.74));
#7867 = VECTOR('',#7868,1.);
#7868 = DIRECTION('',(-0.,-1.,-0.));
#7869 = ORIENTED_EDGE('',*,*,#7870,.T.);
#7870 = EDGE_CURVE('',#7863,#7871,#7873,.T.);
#7871 = VERTEX_POINT('',#7872);
#7872 = CARTESIAN_POINT('',(-5.5,-5.45,5.74));
#7873 = CIRCLE('',#7874,0.6);
#7874 = AXIS2_PLACEMENT_3D('',#7875,#7876,#7877);
#7875 = CARTESIAN_POINT('',(-5.5,-4.85,5.74));
#7876 = DIRECTION('',(0.,0.,1.));
#7877 = DIRECTION('',(-1.,-8.881784197001E-16,0.));
#7878 = ORIENTED_EDGE('',*,*,#7879,.T.);
#7879 = EDGE_CURVE('',#7871,#7880,#7882,.T.);
#7880 = VERTEX_POINT('',#7881);
#7881 = CARTESIAN_POINT('',(-4.9,-5.45,5.74));
#7882 = LINE('',#7883,#7884);
#7883 = CARTESIAN_POINT('',(-5.5,-5.45,5.74));
#7884 = VECTOR('',#7885,1.);
#7885 = DIRECTION('',(1.,0.,0.));
#7886 = ORIENTED_EDGE('',*,*,#7887,.T.);
#7887 = EDGE_CURVE('',#7880,#7888,#7890,.T.);
#7888 = VERTEX_POINT('',#7889);
#7889 = CARTESIAN_POINT('',(-4.9,-4.94,5.74));
#7890 = LINE('',#7891,#7892);
#7891 = CARTESIAN_POINT('',(-4.9,-5.85,5.74));
#7892 = VECTOR('',#7893,1.);
#7893 = DIRECTION('',(0.,1.,0.));
#7894 = ORIENTED_EDGE('',*,*,#7895,.T.);
#7895 = EDGE_CURVE('',#7888,#7896,#7898,.T.);
#7896 = VERTEX_POINT('',#7897);
#7897 = CARTESIAN_POINT('',(-1.58,-4.94,5.74));
#7898 = LINE('',#7899,#7900);
#7899 = CARTESIAN_POINT('',(-4.9,-4.94,5.74));
#7900 = VECTOR('',#7901,1.);
#7901 = DIRECTION('',(1.,0.,0.));
#7902 = ORIENTED_EDGE('',*,*,#7903,.T.);
#7903 = EDGE_CURVE('',#7896,#7904,#7906,.T.);
#7904 = VERTEX_POINT('',#7905);
#7905 = CARTESIAN_POINT('',(-1.58,-5.85,5.74));
#7906 = LINE('',#7907,#7908);
#7907 = CARTESIAN_POINT('',(-1.58,-4.94,5.74));
#7908 = VECTOR('',#7909,1.);
#7909 = DIRECTION('',(0.,-1.,0.));
#7910 = ORIENTED_EDGE('',*,*,#7911,.T.);
#7911 = EDGE_CURVE('',#7904,#7912,#7914,.T.);
#7912 = VERTEX_POINT('',#7913);
#7913 = CARTESIAN_POINT('',(1.58,-5.85,5.74));
#7914 = LINE('',#7915,#7916);
#7915 = CARTESIAN_POINT('',(-2.61,-5.85,5.74));
#7916 = VECTOR('',#7917,1.);
#7917 = DIRECTION('',(1.,0.,0.));
#7918 = ORIENTED_EDGE('',*,*,#7919,.T.);
#7919 = EDGE_CURVE('',#7912,#7920,#7922,.T.);
#7920 = VERTEX_POINT('',#7921);
#7921 = CARTESIAN_POINT('',(1.58,-4.94,5.74));
#7922 = LINE('',#7923,#7924);
#7923 = CARTESIAN_POINT('',(1.58,-5.85,5.74));
#7924 = VECTOR('',#7925,1.);
#7925 = DIRECTION('',(0.,1.,0.));
#7926 = ORIENTED_EDGE('',*,*,#7927,.T.);
#7927 = EDGE_CURVE('',#7920,#7928,#7930,.T.);
#7928 = VERTEX_POINT('',#7929);
#7929 = CARTESIAN_POINT('',(4.9,-4.94,5.74));
#7930 = LINE('',#7931,#7932);
#7931 = CARTESIAN_POINT('',(1.58,-4.94,5.74));
#7932 = VECTOR('',#7933,1.);
#7933 = DIRECTION('',(1.,0.,0.));
#7934 = ORIENTED_EDGE('',*,*,#7935,.T.);
#7935 = EDGE_CURVE('',#7928,#7936,#7938,.T.);
#7936 = VERTEX_POINT('',#7937);
#7937 = CARTESIAN_POINT('',(4.9,-5.45,5.74));
#7938 = LINE('',#7939,#7940);
#7939 = CARTESIAN_POINT('',(4.9,-2.924999999935,5.74));
#7940 = VECTOR('',#7941,1.);
#7941 = DIRECTION('',(0.,-1.,0.));
#7942 = ORIENTED_EDGE('',*,*,#7943,.F.);
#7943 = EDGE_CURVE('',#7944,#7936,#7946,.T.);
#7944 = VERTEX_POINT('',#7945);
#7945 = CARTESIAN_POINT('',(5.5,-5.45,5.74));
#7946 = LINE('',#7947,#7948);
#7947 = CARTESIAN_POINT('',(5.5,-5.45,5.74));
#7948 = VECTOR('',#7949,1.);
#7949 = DIRECTION('',(-1.,-0.,-0.));
#7950 = ORIENTED_EDGE('',*,*,#7951,.F.);
#7951 = EDGE_CURVE('',#7952,#7944,#7954,.T.);
#7952 = VERTEX_POINT('',#7953);
#7953 = CARTESIAN_POINT('',(6.1,-4.849999992573,5.74));
#7954 = CIRCLE('',#7955,0.6);
#7955 = AXIS2_PLACEMENT_3D('',#7956,#7957,#7958);
#7956 = CARTESIAN_POINT('',(5.5,-4.85,5.74));
#7957 = DIRECTION('',(0.,-0.,-1.));
#7958 = DIRECTION('',(1.,-7.426531389854E-09,0.));
#7959 = ORIENTED_EDGE('',*,*,#7960,.F.);
#7960 = EDGE_CURVE('',#7961,#7952,#7963,.T.);
#7961 = VERTEX_POINT('',#7962);
#7962 = CARTESIAN_POINT('',(6.1,-3.511999992573,5.74));
#7963 = LINE('',#7964,#7965);
#7964 = CARTESIAN_POINT('',(6.1,-3.511999992573,5.74));
#7965 = VECTOR('',#7966,1.);
#7966 = DIRECTION('',(-6.638104781017E-16,-1.,0.));
#7967 = ORIENTED_EDGE('',*,*,#7968,.F.);
#7968 = EDGE_CURVE('',#7969,#7961,#7971,.T.);
#7969 = VERTEX_POINT('',#7970);
#7970 = CARTESIAN_POINT('',(6.1,-1.479999996287,5.74));
#7971 = LINE('',#7972,#7973);
#7972 = CARTESIAN_POINT('',(6.1,-1.479999996287,5.74));
#7973 = VECTOR('',#7974,1.);
#7974 = DIRECTION('',(0.,-1.,0.));
#7975 = ORIENTED_EDGE('',*,*,#7976,.F.);
#7976 = EDGE_CURVE('',#7977,#7969,#7979,.T.);
#7977 = VERTEX_POINT('',#7978);
#7978 = CARTESIAN_POINT('',(6.1,1.480000003713,5.74));
#7979 = LINE('',#7980,#7981);
#7980 = CARTESIAN_POINT('',(6.1,1.480000003713,5.74));
#7981 = VECTOR('',#7982,1.);
#7982 = DIRECTION('',(0.,-1.,0.));
#7983 = ORIENTED_EDGE('',*,*,#7984,.F.);
#7984 = EDGE_CURVE('',#7985,#7977,#7987,.T.);
#7985 = VERTEX_POINT('',#7986);
#7986 = CARTESIAN_POINT('',(6.1,3.512,5.74));
#7987 = LINE('',#7988,#7989);
#7988 = CARTESIAN_POINT('',(6.1,3.512,5.74));
#7989 = VECTOR('',#7990,1.);
#7990 = DIRECTION('',(0.,-1.,0.));
#7991 = ORIENTED_EDGE('',*,*,#7992,.T.);
#7992 = EDGE_CURVE('',#7985,#7993,#7995,.T.);
#7993 = VERTEX_POINT('',#7994);
#7994 = CARTESIAN_POINT('',(6.1,4.85,5.74));
#7995 = LINE('',#7996,#7997);
#7996 = CARTESIAN_POINT('',(6.1,3.512,5.74));
#7997 = VECTOR('',#7998,1.);
#7998 = DIRECTION('',(0.,1.,0.));
#7999 = ORIENTED_EDGE('',*,*,#8000,.T.);
#8000 = EDGE_CURVE('',#7993,#8001,#8003,.T.);
#8001 = VERTEX_POINT('',#8002);
#8002 = CARTESIAN_POINT('',(5.5,5.45,5.74));
#8003 = CIRCLE('',#8004,0.6);
#8004 = AXIS2_PLACEMENT_3D('',#8005,#8006,#8007);
#8005 = CARTESIAN_POINT('',(5.5,4.85,5.74));
#8006 = DIRECTION('',(0.,0.,1.));
#8007 = DIRECTION('',(1.,0.,0.));
#8008 = ORIENTED_EDGE('',*,*,#8009,.T.);
#8009 = EDGE_CURVE('',#8001,#8010,#8012,.T.);
#8010 = VERTEX_POINT('',#8011);
#8011 = CARTESIAN_POINT('',(4.9,5.45,5.74));
#8012 = LINE('',#8013,#8014);
#8013 = CARTESIAN_POINT('',(5.5,5.45,5.74));
#8014 = VECTOR('',#8015,1.);
#8015 = DIRECTION('',(-1.,0.,0.));
#8016 = ORIENTED_EDGE('',*,*,#8017,.F.);
#8017 = EDGE_CURVE('',#8018,#8010,#8020,.T.);
#8018 = VERTEX_POINT('',#8019);
#8019 = CARTESIAN_POINT('',(4.9,4.94,5.74));
#8020 = LINE('',#8021,#8022);
#8021 = CARTESIAN_POINT('',(4.9,4.94,5.74));
#8022 = VECTOR('',#8023,1.);
#8023 = DIRECTION('',(0.,1.,0.));
#8024 = ORIENTED_EDGE('',*,*,#8025,.F.);
#8025 = EDGE_CURVE('',#8026,#8018,#8028,.T.);
#8026 = VERTEX_POINT('',#8027);
#8027 = CARTESIAN_POINT('',(1.58,4.94,5.74));
#8028 = LINE('',#8029,#8030);
#8029 = CARTESIAN_POINT('',(1.58,4.94,5.74));
#8030 = VECTOR('',#8031,1.);
#8031 = DIRECTION('',(1.,0.,0.));
#8032 = ORIENTED_EDGE('',*,*,#8033,.F.);
#8033 = EDGE_CURVE('',#8034,#8026,#8036,.T.);
#8034 = VERTEX_POINT('',#8035);
#8035 = CARTESIAN_POINT('',(1.58,5.45,5.74));
#8036 = LINE('',#8037,#8038);
#8037 = CARTESIAN_POINT('',(1.58,5.85,5.74));
#8038 = VECTOR('',#8039,1.);
#8039 = DIRECTION('',(0.,-1.,0.));
#8040 = ORIENTED_EDGE('',*,*,#8041,.F.);
#8041 = EDGE_CURVE('',#8042,#8034,#8044,.T.);
#8042 = VERTEX_POINT('',#8043);
#8043 = CARTESIAN_POINT('',(-1.58,5.45,5.74));
#8044 = LINE('',#8045,#8046);
#8045 = CARTESIAN_POINT('',(-1.58,5.45,5.74));
#8046 = VECTOR('',#8047,1.);
#8047 = DIRECTION('',(1.,0.,0.));
#8048 = ORIENTED_EDGE('',*,*,#8049,.F.);
#8049 = EDGE_CURVE('',#8050,#8042,#8052,.T.);
#8050 = VERTEX_POINT('',#8051);
#8051 = CARTESIAN_POINT('',(-1.58,4.94,5.74));
#8052 = LINE('',#8053,#8054);
#8053 = CARTESIAN_POINT('',(-1.58,4.94,5.74));
#8054 = VECTOR('',#8055,1.);
#8055 = DIRECTION('',(0.,1.,0.));
#8056 = ORIENTED_EDGE('',*,*,#8057,.F.);
#8057 = EDGE_CURVE('',#7806,#8050,#8058,.T.);
#8058 = LINE('',#8059,#8060);
#8059 = CARTESIAN_POINT('',(-4.9,4.94,5.74));
#8060 = VECTOR('',#8061,1.);
#8061 = DIRECTION('',(1.,0.,0.));
#8062 = FACE_BOUND('',#8063,.T.);
#8063 = EDGE_LOOP('',(#8064));
#8064 = ORIENTED_EDGE('',*,*,#7788,.F.);
#8065 = PLANE('',#8066);
#8066 = AXIS2_PLACEMENT_3D('',#8067,#8068,#8069);
#8067 = CARTESIAN_POINT('',(0.105360121522,1.298093054037E-10,5.74));
#8068 = DIRECTION('',(0.,0.,1.));
#8069 = DIRECTION('',(1.,0.,0.));
#8070 = ADVANCED_FACE('',(#8071),#8097,.F.);
#8071 = FACE_BOUND('',#8072,.F.);
#8072 = EDGE_LOOP('',(#8073,#8074,#8083,#8091));
#8073 = ORIENTED_EDGE('',*,*,#7803,.F.);
#8074 = ORIENTED_EDGE('',*,*,#8075,.F.);
#8075 = EDGE_CURVE('',#8076,#7804,#8078,.T.);
#8076 = VERTEX_POINT('',#8077);
#8077 = CARTESIAN_POINT('',(-4.9,5.828285606388,5.47));
#8078 = CIRCLE('',#8079,0.4);
#8079 = AXIS2_PLACEMENT_3D('',#8080,#8081,#8082);
#8080 = CARTESIAN_POINT('',(-4.9,5.45,5.34));
#8081 = DIRECTION('',(1.,-0.,0.));
#8082 = DIRECTION('',(0.,0.,-1.));
#8083 = ORIENTED_EDGE('',*,*,#8084,.T.);
#8084 = EDGE_CURVE('',#8076,#8085,#8087,.T.);
#8085 = VERTEX_POINT('',#8086);
#8086 = CARTESIAN_POINT('',(-4.9,4.94,5.47));
#8087 = LINE('',#8088,#8089);
#8088 = CARTESIAN_POINT('',(-4.9,5.85,5.47));
#8089 = VECTOR('',#8090,1.);
#8090 = DIRECTION('',(0.,-1.,0.));
#8091 = ORIENTED_EDGE('',*,*,#8092,.F.);
#8092 = EDGE_CURVE('',#7806,#8085,#8093,.T.);
#8093 = LINE('',#8094,#8095);
#8094 = CARTESIAN_POINT('',(-4.9,4.94,5.74));
#8095 = VECTOR('',#8096,1.);
#8096 = DIRECTION('',(-0.,-0.,-1.));
#8097 = PLANE('',#8098);
#8098 = AXIS2_PLACEMENT_3D('',#8099,#8100,#8101);
#8099 = CARTESIAN_POINT('',(-4.9,5.85,5.74));
#8100 = DIRECTION('',(-1.,0.,0.));
#8101 = DIRECTION('',(0.,-1.,0.));
#8102 = ADVANCED_FACE('',(#8103),#8131,.T.);
#8103 = FACE_BOUND('',#8104,.F.);
#8104 = EDGE_LOOP('',(#8105,#8114,#8115,#8116,#8125));
#8105 = ORIENTED_EDGE('',*,*,#8106,.T.);
#8106 = EDGE_CURVE('',#8107,#8076,#8109,.T.);
#8107 = VERTEX_POINT('',#8108);
#8108 = CARTESIAN_POINT('',(-4.77,5.85,5.34));
#8109 = ELLIPSE('',#8110,0.565685424949,0.4);
#8110 = AXIS2_PLACEMENT_3D('',#8111,#8112,#8113);
#8111 = CARTESIAN_POINT('',(-4.77,5.45,5.34));
#8112 = DIRECTION('',(0.707106781187,1.570092458684E-16,0.707106781187)
  );
#8113 = DIRECTION('',(-0.707106781187,1.570092458684E-16,0.707106781187)
  );
#8114 = ORIENTED_EDGE('',*,*,#8075,.T.);
#8115 = ORIENTED_EDGE('',*,*,#7813,.T.);
#8116 = ORIENTED_EDGE('',*,*,#8117,.F.);
#8117 = EDGE_CURVE('',#8118,#7814,#8120,.T.);
#8118 = VERTEX_POINT('',#8119);
#8119 = CARTESIAN_POINT('',(-5.5,5.85,5.34));
#8120 = CIRCLE('',#8121,0.4);
#8121 = AXIS2_PLACEMENT_3D('',#8122,#8123,#8124);
#8122 = CARTESIAN_POINT('',(-5.5,5.45,5.34));
#8123 = DIRECTION('',(1.,0.,0.));
#8124 = DIRECTION('',(0.,1.,0.));
#8125 = ORIENTED_EDGE('',*,*,#8126,.F.);
#8126 = EDGE_CURVE('',#8107,#8118,#8127,.T.);
#8127 = LINE('',#8128,#8129);
#8128 = CARTESIAN_POINT('',(-4.9,5.85,5.34));
#8129 = VECTOR('',#8130,1.);
#8130 = DIRECTION('',(-1.,-0.,-0.));
#8131 = CYLINDRICAL_SURFACE('',#8132,0.4);
#8132 = AXIS2_PLACEMENT_3D('',#8133,#8134,#8135);
#8133 = CARTESIAN_POINT('',(-4.9,5.45,5.34));
#8134 = DIRECTION('',(-1.,-0.,-0.));
#8135 = DIRECTION('',(0.,1.,0.));
#8136 = ADVANCED_FACE('',(#8137),#8227,.T.);
#8137 = FACE_BOUND('',#8138,.T.);
#8138 = EDGE_LOOP('',(#8139,#8149,#8157,#8163,#8164,#8165,#8173,#8181,
    #8189,#8197,#8205,#8213,#8221));
#8139 = ORIENTED_EDGE('',*,*,#8140,.T.);
#8140 = EDGE_CURVE('',#8141,#8143,#8145,.T.);
#8141 = VERTEX_POINT('',#8142);
#8142 = CARTESIAN_POINT('',(-4.14,4.94,5.27));
#8143 = VERTEX_POINT('',#8144);
#8144 = CARTESIAN_POINT('',(-4.14,4.94,4.97));
#8145 = LINE('',#8146,#8147);
#8146 = CARTESIAN_POINT('',(-4.14,4.94,5.27));
#8147 = VECTOR('',#8148,1.);
#8148 = DIRECTION('',(0.,1.7763568394E-15,-1.));
#8149 = ORIENTED_EDGE('',*,*,#8150,.T.);
#8150 = EDGE_CURVE('',#8143,#8151,#8153,.T.);
#8151 = VERTEX_POINT('',#8152);
#8152 = CARTESIAN_POINT('',(-4.4,4.94,4.97));
#8153 = LINE('',#8154,#8155);
#8154 = CARTESIAN_POINT('',(-3.82,4.94,4.97));
#8155 = VECTOR('',#8156,1.);
#8156 = DIRECTION('',(-1.,0.,0.));
#8157 = ORIENTED_EDGE('',*,*,#8158,.T.);
#8158 = EDGE_CURVE('',#8151,#8085,#8159,.T.);
#8159 = LINE('',#8160,#8161);
#8160 = CARTESIAN_POINT('',(-4.422108739837,4.94,4.992108739837));
#8161 = VECTOR('',#8162,1.);
#8162 = DIRECTION('',(-0.707106781187,-6.405375479786E-16,0.707106781187
    ));
#8163 = ORIENTED_EDGE('',*,*,#8092,.F.);
#8164 = ORIENTED_EDGE('',*,*,#8057,.T.);
#8165 = ORIENTED_EDGE('',*,*,#8166,.T.);
#8166 = EDGE_CURVE('',#8050,#8167,#8169,.T.);
#8167 = VERTEX_POINT('',#8168);
#8168 = CARTESIAN_POINT('',(-1.58,4.94,5.47));
#8169 = LINE('',#8170,#8171);
#8170 = CARTESIAN_POINT('',(-1.58,4.94,5.74));
#8171 = VECTOR('',#8172,1.);
#8172 = DIRECTION('',(-0.,-0.,-1.));
#8173 = ORIENTED_EDGE('',*,*,#8174,.T.);
#8174 = EDGE_CURVE('',#8167,#8175,#8177,.T.);
#8175 = VERTEX_POINT('',#8176);
#8176 = CARTESIAN_POINT('',(-2.079999999997,4.94,4.97));
#8177 = LINE('',#8178,#8179);
#8178 = CARTESIAN_POINT('',(-2.307891260158,4.94,4.742108739837));
#8179 = VECTOR('',#8180,1.);
#8180 = DIRECTION('',(-0.707106781184,6.405375479807E-16,-0.707106781189
    ));
#8181 = ORIENTED_EDGE('',*,*,#8182,.T.);
#8182 = EDGE_CURVE('',#8175,#8183,#8185,.T.);
#8183 = VERTEX_POINT('',#8184);
#8184 = CARTESIAN_POINT('',(-2.34,4.94,4.97));
#8185 = LINE('',#8186,#8187);
#8186 = CARTESIAN_POINT('',(-3.82,4.94,4.97));
#8187 = VECTOR('',#8188,1.);
#8188 = DIRECTION('',(-1.,0.,0.));
#8189 = ORIENTED_EDGE('',*,*,#8190,.F.);
#8190 = EDGE_CURVE('',#8191,#8183,#8193,.T.);
#8191 = VERTEX_POINT('',#8192);
#8192 = CARTESIAN_POINT('',(-2.34,4.94,5.27));
#8193 = LINE('',#8194,#8195);
#8194 = CARTESIAN_POINT('',(-2.34,4.94,5.27));
#8195 = VECTOR('',#8196,1.);
#8196 = DIRECTION('',(0.,1.7763568394E-15,-1.));
#8197 = ORIENTED_EDGE('',*,*,#8198,.F.);
#8198 = EDGE_CURVE('',#8199,#8191,#8201,.T.);
#8199 = VERTEX_POINT('',#8200);
#8200 = CARTESIAN_POINT('',(-2.504370398652,4.94,5.385093392194));
#8201 = LINE('',#8202,#8203);
#8202 = CARTESIAN_POINT('',(-2.504370398652,4.94,5.385093392194));
#8203 = VECTOR('',#8204,1.);
#8204 = DIRECTION('',(0.819152044289,1.018876425631E-15,-0.573576436351)
  );
#8205 = ORIENTED_EDGE('',*,*,#8206,.F.);
#8206 = EDGE_CURVE('',#8207,#8199,#8209,.T.);
#8207 = VERTEX_POINT('',#8208);
#8208 = CARTESIAN_POINT('',(-3.24,4.94,4.87));
#8209 = LINE('',#8210,#8211);
#8210 = CARTESIAN_POINT('',(-3.24,4.94,4.87));
#8211 = VECTOR('',#8212,1.);
#8212 = DIRECTION('',(0.819152044289,-1.018876425631E-15,0.573576436351)
  );
#8213 = ORIENTED_EDGE('',*,*,#8214,.F.);
#8214 = EDGE_CURVE('',#8215,#8207,#8217,.T.);
#8215 = VERTEX_POINT('',#8216);
#8216 = CARTESIAN_POINT('',(-3.975629601348,4.94,5.385093392194));
#8217 = LINE('',#8218,#8219);
#8218 = CARTESIAN_POINT('',(-3.975629601348,4.94,5.385093392194));
#8219 = VECTOR('',#8220,1.);
#8220 = DIRECTION('',(0.819152044289,1.018876425631E-15,-0.573576436351)
  );
#8221 = ORIENTED_EDGE('',*,*,#8222,.F.);
#8222 = EDGE_CURVE('',#8141,#8215,#8223,.T.);
#8223 = LINE('',#8224,#8225);
#8224 = CARTESIAN_POINT('',(-4.14,4.94,5.27));
#8225 = VECTOR('',#8226,1.);
#8226 = DIRECTION('',(0.819152044289,-1.018876425631E-15,0.573576436351)
  );
#8227 = PLANE('',#8228);
#8228 = AXIS2_PLACEMENT_3D('',#8229,#8230,#8231);
#8229 = CARTESIAN_POINT('',(-3.24,4.94,5.134049962794));
#8230 = DIRECTION('',(0.,1.,1.47137139786E-15));
#8231 = DIRECTION('',(0.,-1.47137139786E-15,1.));
#8232 = ADVANCED_FACE('',(#8233),#8253,.T.);
#8233 = FACE_BOUND('',#8234,.T.);
#8234 = EDGE_LOOP('',(#8235,#8236,#8245,#8252));
#8235 = ORIENTED_EDGE('',*,*,#8117,.F.);
#8236 = ORIENTED_EDGE('',*,*,#8237,.T.);
#8237 = EDGE_CURVE('',#8118,#8238,#8240,.T.);
#8238 = VERTEX_POINT('',#8239);
#8239 = CARTESIAN_POINT('',(-6.5,4.85,5.34));
#8240 = CIRCLE('',#8241,1.);
#8241 = AXIS2_PLACEMENT_3D('',#8242,#8243,#8244);
#8242 = CARTESIAN_POINT('',(-5.5,4.85,5.34));
#8243 = DIRECTION('',(0.,-0.,1.));
#8244 = DIRECTION('',(8.881784197001E-16,1.,0.));
#8245 = ORIENTED_EDGE('',*,*,#8246,.T.);
#8246 = EDGE_CURVE('',#8238,#7822,#8247,.T.);
#8247 = CIRCLE('',#8248,0.4);
#8248 = AXIS2_PLACEMENT_3D('',#8249,#8250,#8251);
#8249 = CARTESIAN_POINT('',(-6.1,4.85,5.34));
#8250 = DIRECTION('',(2.832769448824E-16,1.,-0.));
#8251 = DIRECTION('',(-1.,2.832769448824E-16,0.));
#8252 = ORIENTED_EDGE('',*,*,#7821,.F.);
#8253 = TOROIDAL_SURFACE('',#8254,0.6,0.4);
#8254 = AXIS2_PLACEMENT_3D('',#8255,#8256,#8257);
#8255 = CARTESIAN_POINT('',(-5.5,4.85,5.34));
#8256 = DIRECTION('',(0.,0.,1.));
#8257 = DIRECTION('',(8.881784197001E-16,1.,0.));
#8258 = ADVANCED_FACE('',(#8259),#8278,.F.);
#8259 = FACE_BOUND('',#8260,.F.);
#8260 = EDGE_LOOP('',(#8261,#8262,#8263,#8271));
#8261 = ORIENTED_EDGE('',*,*,#8049,.F.);
#8262 = ORIENTED_EDGE('',*,*,#8166,.T.);
#8263 = ORIENTED_EDGE('',*,*,#8264,.T.);
#8264 = EDGE_CURVE('',#8167,#8265,#8267,.T.);
#8265 = VERTEX_POINT('',#8266);
#8266 = CARTESIAN_POINT('',(-1.58,5.828285606388,5.47));
#8267 = LINE('',#8268,#8269);
#8268 = CARTESIAN_POINT('',(-1.58,4.94,5.47));
#8269 = VECTOR('',#8270,1.);
#8270 = DIRECTION('',(0.,1.,0.));
#8271 = ORIENTED_EDGE('',*,*,#8272,.T.);
#8272 = EDGE_CURVE('',#8265,#8042,#8273,.T.);
#8273 = CIRCLE('',#8274,0.4);
#8274 = AXIS2_PLACEMENT_3D('',#8275,#8276,#8277);
#8275 = CARTESIAN_POINT('',(-1.58,5.45,5.34));
#8276 = DIRECTION('',(1.,0.,-0.));
#8277 = DIRECTION('',(0.,0.,1.));
#8278 = PLANE('',#8279);
#8279 = AXIS2_PLACEMENT_3D('',#8280,#8281,#8282);
#8280 = CARTESIAN_POINT('',(-1.58,4.94,5.74));
#8281 = DIRECTION('',(1.,0.,0.));
#8282 = DIRECTION('',(0.,1.,0.));
#8283 = ADVANCED_FACE('',(#8284),#8303,.T.);
#8284 = FACE_BOUND('',#8285,.F.);
#8285 = EDGE_LOOP('',(#8286,#8287,#8288,#8297));
#8286 = ORIENTED_EDGE('',*,*,#8246,.T.);
#8287 = ORIENTED_EDGE('',*,*,#7830,.T.);
#8288 = ORIENTED_EDGE('',*,*,#8289,.F.);
#8289 = EDGE_CURVE('',#8290,#7831,#8292,.T.);
#8290 = VERTEX_POINT('',#8291);
#8291 = CARTESIAN_POINT('',(-6.5,4.22,5.34));
#8292 = CIRCLE('',#8293,0.4);
#8293 = AXIS2_PLACEMENT_3D('',#8294,#8295,#8296);
#8294 = CARTESIAN_POINT('',(-6.1,4.22,5.34));
#8295 = DIRECTION('',(-0.,1.,0.));
#8296 = DIRECTION('',(0.,0.,-1.));
#8297 = ORIENTED_EDGE('',*,*,#8298,.F.);
#8298 = EDGE_CURVE('',#8238,#8290,#8299,.T.);
#8299 = LINE('',#8300,#8301);
#8300 = CARTESIAN_POINT('',(-6.5,4.85,5.34));
#8301 = VECTOR('',#8302,1.);
#8302 = DIRECTION('',(0.,-1.,0.));
#8303 = CYLINDRICAL_SURFACE('',#8304,0.4);
#8304 = AXIS2_PLACEMENT_3D('',#8305,#8306,#8307);
#8305 = CARTESIAN_POINT('',(-6.1,4.85,5.34));
#8306 = DIRECTION('',(0.,-1.,0.));
#8307 = DIRECTION('',(-1.,0.,0.));
#8308 = ADVANCED_FACE('',(#8309),#8346,.T.);
#8309 = FACE_BOUND('',#8310,.T.);
#8310 = EDGE_LOOP('',(#8311,#8320,#8321,#8322,#8331,#8340));
#8311 = ORIENTED_EDGE('',*,*,#8312,.T.);
#8312 = EDGE_CURVE('',#8313,#8265,#8315,.T.);
#8313 = VERTEX_POINT('',#8314);
#8314 = CARTESIAN_POINT('',(-1.709999999999,5.85,5.34));
#8315 = ELLIPSE('',#8316,0.565685424947,0.4);
#8316 = AXIS2_PLACEMENT_3D('',#8317,#8318,#8319);
#8317 = CARTESIAN_POINT('',(-1.709999999999,5.45,5.34));
#8318 = DIRECTION('',(0.707106781189,-1.570092458679E-16,-0.707106781184
    ));
#8319 = DIRECTION('',(0.707106781184,1.570092458689E-16,0.707106781189)
  );
#8320 = ORIENTED_EDGE('',*,*,#8272,.T.);
#8321 = ORIENTED_EDGE('',*,*,#8041,.T.);
#8322 = ORIENTED_EDGE('',*,*,#8323,.F.);
#8323 = EDGE_CURVE('',#8324,#8034,#8326,.T.);
#8324 = VERTEX_POINT('',#8325);
#8325 = CARTESIAN_POINT('',(1.58,5.828285606388,5.47));
#8326 = CIRCLE('',#8327,0.4);
#8327 = AXIS2_PLACEMENT_3D('',#8328,#8329,#8330);
#8328 = CARTESIAN_POINT('',(1.58,5.45,5.34));
#8329 = DIRECTION('',(1.,0.,-0.));
#8330 = DIRECTION('',(0.,0.,1.));
#8331 = ORIENTED_EDGE('',*,*,#8332,.F.);
#8332 = EDGE_CURVE('',#8333,#8324,#8335,.T.);
#8333 = VERTEX_POINT('',#8334);
#8334 = CARTESIAN_POINT('',(1.709999999999,5.85,5.34));
#8335 = ELLIPSE('',#8336,0.565685424947,0.4);
#8336 = AXIS2_PLACEMENT_3D('',#8337,#8338,#8339);
#8337 = CARTESIAN_POINT('',(1.709999999999,5.45,5.34));
#8338 = DIRECTION('',(0.707106781189,1.570092458679E-16,0.707106781184)
  );
#8339 = DIRECTION('',(0.707106781184,-1.570092458689E-16,-0.707106781189
    ));
#8340 = ORIENTED_EDGE('',*,*,#8341,.F.);
#8341 = EDGE_CURVE('',#8313,#8333,#8342,.T.);
#8342 = LINE('',#8343,#8344);
#8343 = CARTESIAN_POINT('',(-1.58,5.85,5.34));
#8344 = VECTOR('',#8345,1.);
#8345 = DIRECTION('',(1.,0.,0.));
#8346 = CYLINDRICAL_SURFACE('',#8347,0.4);
#8347 = AXIS2_PLACEMENT_3D('',#8348,#8349,#8350);
#8348 = CARTESIAN_POINT('',(-1.58,5.45,5.34));
#8349 = DIRECTION('',(1.,0.,0.));
#8350 = DIRECTION('',(0.,1.,0.));
#8351 = ADVANCED_FACE('',(#8352),#8378,.F.);
#8352 = FACE_BOUND('',#8353,.F.);
#8353 = EDGE_LOOP('',(#8354,#8362,#8363,#8364,#8372));
#8354 = ORIENTED_EDGE('',*,*,#8355,.T.);
#8355 = EDGE_CURVE('',#8356,#8290,#8358,.T.);
#8356 = VERTEX_POINT('',#8357);
#8357 = CARTESIAN_POINT('',(-6.5,4.22,4.14));
#8358 = LINE('',#8359,#8360);
#8359 = CARTESIAN_POINT('',(-6.5,4.22,4.14));
#8360 = VECTOR('',#8361,1.);
#8361 = DIRECTION('',(0.,0.,1.));
#8362 = ORIENTED_EDGE('',*,*,#8289,.T.);
#8363 = ORIENTED_EDGE('',*,*,#7838,.T.);
#8364 = ORIENTED_EDGE('',*,*,#8365,.F.);
#8365 = EDGE_CURVE('',#8366,#7839,#8368,.T.);
#8366 = VERTEX_POINT('',#8367);
#8367 = CARTESIAN_POINT('',(-5.9,4.22,4.14));
#8368 = LINE('',#8369,#8370);
#8369 = CARTESIAN_POINT('',(-5.9,4.22,4.14));
#8370 = VECTOR('',#8371,1.);
#8371 = DIRECTION('',(0.,0.,1.));
#8372 = ORIENTED_EDGE('',*,*,#8373,.F.);
#8373 = EDGE_CURVE('',#8356,#8366,#8374,.T.);
#8374 = LINE('',#8375,#8376);
#8375 = CARTESIAN_POINT('',(-6.5,4.22,4.14));
#8376 = VECTOR('',#8377,1.);
#8377 = DIRECTION('',(1.,0.,0.));
#8378 = PLANE('',#8379);
#8379 = AXIS2_PLACEMENT_3D('',#8380,#8381,#8382);
#8380 = CARTESIAN_POINT('',(-6.5,4.22,4.14));
#8381 = DIRECTION('',(0.,1.,0.));
#8382 = DIRECTION('',(1.,0.,0.));
#8383 = ADVANCED_FACE('',(#8384),#8402,.F.);
#8384 = FACE_BOUND('',#8385,.F.);
#8385 = EDGE_LOOP('',(#8386,#8387,#8388,#8396));
#8386 = ORIENTED_EDGE('',*,*,#8033,.F.);
#8387 = ORIENTED_EDGE('',*,*,#8323,.F.);
#8388 = ORIENTED_EDGE('',*,*,#8389,.T.);
#8389 = EDGE_CURVE('',#8324,#8390,#8392,.T.);
#8390 = VERTEX_POINT('',#8391);
#8391 = CARTESIAN_POINT('',(1.58,4.94,5.47));
#8392 = LINE('',#8393,#8394);
#8393 = CARTESIAN_POINT('',(1.58,5.85,5.47));
#8394 = VECTOR('',#8395,1.);
#8395 = DIRECTION('',(0.,-1.,0.));
#8396 = ORIENTED_EDGE('',*,*,#8397,.F.);
#8397 = EDGE_CURVE('',#8026,#8390,#8398,.T.);
#8398 = LINE('',#8399,#8400);
#8399 = CARTESIAN_POINT('',(1.58,4.94,5.74));
#8400 = VECTOR('',#8401,1.);
#8401 = DIRECTION('',(-0.,-0.,-1.));
#8402 = PLANE('',#8403);
#8403 = AXIS2_PLACEMENT_3D('',#8404,#8405,#8406);
#8404 = CARTESIAN_POINT('',(1.58,5.85,5.74));
#8405 = DIRECTION('',(-1.,0.,0.));
#8406 = DIRECTION('',(0.,-1.,0.));
#8407 = ADVANCED_FACE('',(#8408),#8426,.F.);
#8408 = FACE_BOUND('',#8409,.F.);
#8409 = EDGE_LOOP('',(#8410,#8411,#8412,#8420));
#8410 = ORIENTED_EDGE('',*,*,#8365,.T.);
#8411 = ORIENTED_EDGE('',*,*,#7846,.T.);
#8412 = ORIENTED_EDGE('',*,*,#8413,.F.);
#8413 = EDGE_CURVE('',#8414,#7847,#8416,.T.);
#8414 = VERTEX_POINT('',#8415);
#8415 = CARTESIAN_POINT('',(-5.9,-4.22,4.14));
#8416 = LINE('',#8417,#8418);
#8417 = CARTESIAN_POINT('',(-5.9,-4.22,4.14));
#8418 = VECTOR('',#8419,1.);
#8419 = DIRECTION('',(0.,0.,1.));
#8420 = ORIENTED_EDGE('',*,*,#8421,.F.);
#8421 = EDGE_CURVE('',#8366,#8414,#8422,.T.);
#8422 = LINE('',#8423,#8424);
#8423 = CARTESIAN_POINT('',(-5.9,4.22,4.14));
#8424 = VECTOR('',#8425,1.);
#8425 = DIRECTION('',(0.,-1.,0.));
#8426 = PLANE('',#8427);
#8427 = AXIS2_PLACEMENT_3D('',#8428,#8429,#8430);
#8428 = CARTESIAN_POINT('',(-5.9,4.22,4.14));
#8429 = DIRECTION('',(1.,0.,0.));
#8430 = DIRECTION('',(0.,-1.,0.));
#8431 = ADVANCED_FACE('',(#8432),#8522,.T.);
#8432 = FACE_BOUND('',#8433,.T.);
#8433 = EDGE_LOOP('',(#8434,#8444,#8452,#8458,#8459,#8460,#8468,#8476,
    #8484,#8492,#8500,#8508,#8516));
#8434 = ORIENTED_EDGE('',*,*,#8435,.T.);
#8435 = EDGE_CURVE('',#8436,#8438,#8440,.T.);
#8436 = VERTEX_POINT('',#8437);
#8437 = CARTESIAN_POINT('',(2.34,4.94,5.27));
#8438 = VERTEX_POINT('',#8439);
#8439 = CARTESIAN_POINT('',(2.34,4.94,4.97));
#8440 = LINE('',#8441,#8442);
#8441 = CARTESIAN_POINT('',(2.34,4.94,5.27));
#8442 = VECTOR('',#8443,1.);
#8443 = DIRECTION('',(0.,1.7763568394E-15,-1.));
#8444 = ORIENTED_EDGE('',*,*,#8445,.F.);
#8445 = EDGE_CURVE('',#8446,#8438,#8448,.T.);
#8446 = VERTEX_POINT('',#8447);
#8447 = CARTESIAN_POINT('',(2.079999999997,4.94,4.97));
#8448 = LINE('',#8449,#8450);
#8449 = CARTESIAN_POINT('',(0.58,4.94,4.97));
#8450 = VECTOR('',#8451,1.);
#8451 = DIRECTION('',(1.,0.,0.));
#8452 = ORIENTED_EDGE('',*,*,#8453,.F.);
#8453 = EDGE_CURVE('',#8390,#8446,#8454,.T.);
#8454 = LINE('',#8455,#8456);
#8455 = CARTESIAN_POINT('',(0.687891260169,4.94,6.362108739837));
#8456 = VECTOR('',#8457,1.);
#8457 = DIRECTION('',(0.707106781184,6.405375479807E-16,-0.707106781189)
  );
#8458 = ORIENTED_EDGE('',*,*,#8397,.F.);
#8459 = ORIENTED_EDGE('',*,*,#8025,.T.);
#8460 = ORIENTED_EDGE('',*,*,#8461,.T.);
#8461 = EDGE_CURVE('',#8018,#8462,#8464,.T.);
#8462 = VERTEX_POINT('',#8463);
#8463 = CARTESIAN_POINT('',(4.9,4.94,5.47));
#8464 = LINE('',#8465,#8466);
#8465 = CARTESIAN_POINT('',(4.9,4.94,5.74));
#8466 = VECTOR('',#8467,1.);
#8467 = DIRECTION('',(-0.,-0.,-1.));
#8468 = ORIENTED_EDGE('',*,*,#8469,.F.);
#8469 = EDGE_CURVE('',#8470,#8462,#8472,.T.);
#8470 = VERTEX_POINT('',#8471);
#8471 = CARTESIAN_POINT('',(4.4,4.94,4.97));
#8472 = LINE('',#8473,#8474);
#8473 = CARTESIAN_POINT('',(2.802108739837,4.94,3.372108739837));
#8474 = VECTOR('',#8475,1.);
#8475 = DIRECTION('',(0.707106781187,-6.405375479786E-16,0.707106781187)
  );
#8476 = ORIENTED_EDGE('',*,*,#8477,.F.);
#8477 = EDGE_CURVE('',#8478,#8470,#8480,.T.);
#8478 = VERTEX_POINT('',#8479);
#8479 = CARTESIAN_POINT('',(4.14,4.94,4.97));
#8480 = LINE('',#8481,#8482);
#8481 = CARTESIAN_POINT('',(0.58,4.94,4.97));
#8482 = VECTOR('',#8483,1.);
#8483 = DIRECTION('',(1.,0.,0.));
#8484 = ORIENTED_EDGE('',*,*,#8485,.F.);
#8485 = EDGE_CURVE('',#8486,#8478,#8488,.T.);
#8486 = VERTEX_POINT('',#8487);
#8487 = CARTESIAN_POINT('',(4.14,4.94,5.27));
#8488 = LINE('',#8489,#8490);
#8489 = CARTESIAN_POINT('',(4.14,4.94,5.27));
#8490 = VECTOR('',#8491,1.);
#8491 = DIRECTION('',(0.,1.7763568394E-15,-1.));
#8492 = ORIENTED_EDGE('',*,*,#8493,.T.);
#8493 = EDGE_CURVE('',#8486,#8494,#8496,.T.);
#8494 = VERTEX_POINT('',#8495);
#8495 = CARTESIAN_POINT('',(3.975629601348,4.94,5.385093392194));
#8496 = LINE('',#8497,#8498);
#8497 = CARTESIAN_POINT('',(4.14,4.94,5.27));
#8498 = VECTOR('',#8499,1.);
#8499 = DIRECTION('',(-0.819152044289,-1.018876425631E-15,0.573576436351
    ));
#8500 = ORIENTED_EDGE('',*,*,#8501,.T.);
#8501 = EDGE_CURVE('',#8494,#8502,#8504,.T.);
#8502 = VERTEX_POINT('',#8503);
#8503 = CARTESIAN_POINT('',(3.24,4.94,4.87));
#8504 = LINE('',#8505,#8506);
#8505 = CARTESIAN_POINT('',(3.975629601348,4.94,5.385093392194));
#8506 = VECTOR('',#8507,1.);
#8507 = DIRECTION('',(-0.819152044289,1.018876425631E-15,-0.573576436351
    ));
#8508 = ORIENTED_EDGE('',*,*,#8509,.T.);
#8509 = EDGE_CURVE('',#8502,#8510,#8512,.T.);
#8510 = VERTEX_POINT('',#8511);
#8511 = CARTESIAN_POINT('',(2.504370398652,4.94,5.385093392194));
#8512 = LINE('',#8513,#8514);
#8513 = CARTESIAN_POINT('',(3.24,4.94,4.87));
#8514 = VECTOR('',#8515,1.);
#8515 = DIRECTION('',(-0.819152044289,-1.018876425631E-15,0.573576436351
    ));
#8516 = ORIENTED_EDGE('',*,*,#8517,.T.);
#8517 = EDGE_CURVE('',#8510,#8436,#8518,.T.);
#8518 = LINE('',#8519,#8520);
#8519 = CARTESIAN_POINT('',(2.504370398652,4.94,5.385093392194));
#8520 = VECTOR('',#8521,1.);
#8521 = DIRECTION('',(-0.819152044289,1.018876425631E-15,-0.573576436351
    ));
#8522 = PLANE('',#8523);
#8523 = AXIS2_PLACEMENT_3D('',#8524,#8525,#8526);
#8524 = CARTESIAN_POINT('',(3.24,4.94,5.134049962794));
#8525 = DIRECTION('',(0.,1.,1.456915327711E-15));
#8526 = DIRECTION('',(0.,-1.456915327711E-15,1.));
#8527 = ADVANCED_FACE('',(#8528),#8555,.T.);
#8528 = FACE_BOUND('',#8529,.T.);
#8529 = EDGE_LOOP('',(#8530,#8540,#8547,#8548,#8549));
#8530 = ORIENTED_EDGE('',*,*,#8531,.T.);
#8531 = EDGE_CURVE('',#8532,#8534,#8536,.T.);
#8532 = VERTEX_POINT('',#8533);
#8533 = CARTESIAN_POINT('',(-6.5,-4.22,4.14));
#8534 = VERTEX_POINT('',#8535);
#8535 = CARTESIAN_POINT('',(-6.5,-4.22,5.34));
#8536 = LINE('',#8537,#8538);
#8537 = CARTESIAN_POINT('',(-6.5,-4.22,4.14));
#8538 = VECTOR('',#8539,1.);
#8539 = DIRECTION('',(0.,0.,1.));
#8540 = ORIENTED_EDGE('',*,*,#8541,.T.);
#8541 = EDGE_CURVE('',#8534,#7855,#8542,.T.);
#8542 = CIRCLE('',#8543,0.4);
#8543 = AXIS2_PLACEMENT_3D('',#8544,#8545,#8546);
#8544 = CARTESIAN_POINT('',(-6.1,-4.22,5.34));
#8545 = DIRECTION('',(0.,1.,0.));
#8546 = DIRECTION('',(0.,0.,-1.));
#8547 = ORIENTED_EDGE('',*,*,#7854,.T.);
#8548 = ORIENTED_EDGE('',*,*,#8413,.F.);
#8549 = ORIENTED_EDGE('',*,*,#8550,.F.);
#8550 = EDGE_CURVE('',#8532,#8414,#8551,.T.);
#8551 = LINE('',#8552,#8553);
#8552 = CARTESIAN_POINT('',(-6.5,-4.22,4.14));
#8553 = VECTOR('',#8554,1.);
#8554 = DIRECTION('',(1.,0.,0.));
#8555 = PLANE('',#8556);
#8556 = AXIS2_PLACEMENT_3D('',#8557,#8558,#8559);
#8557 = CARTESIAN_POINT('',(-6.5,-4.22,4.14));
#8558 = DIRECTION('',(0.,1.,0.));
#8559 = DIRECTION('',(1.,0.,0.));
#8560 = ADVANCED_FACE('',(#8561),#8580,.F.);
#8561 = FACE_BOUND('',#8562,.F.);
#8562 = EDGE_LOOP('',(#8563,#8564,#8565,#8573));
#8563 = ORIENTED_EDGE('',*,*,#8017,.F.);
#8564 = ORIENTED_EDGE('',*,*,#8461,.T.);
#8565 = ORIENTED_EDGE('',*,*,#8566,.T.);
#8566 = EDGE_CURVE('',#8462,#8567,#8569,.T.);
#8567 = VERTEX_POINT('',#8568);
#8568 = CARTESIAN_POINT('',(4.9,5.828285606388,5.47));
#8569 = LINE('',#8570,#8571);
#8570 = CARTESIAN_POINT('',(4.9,4.94,5.47));
#8571 = VECTOR('',#8572,1.);
#8572 = DIRECTION('',(0.,1.,0.));
#8573 = ORIENTED_EDGE('',*,*,#8574,.T.);
#8574 = EDGE_CURVE('',#8567,#8010,#8575,.T.);
#8575 = CIRCLE('',#8576,0.4);
#8576 = AXIS2_PLACEMENT_3D('',#8577,#8578,#8579);
#8577 = CARTESIAN_POINT('',(4.9,5.45,5.34));
#8578 = DIRECTION('',(1.,-0.,0.));
#8579 = DIRECTION('',(0.,0.,-1.));
#8580 = PLANE('',#8581);
#8581 = AXIS2_PLACEMENT_3D('',#8582,#8583,#8584);
#8582 = CARTESIAN_POINT('',(4.9,4.94,5.74));
#8583 = DIRECTION('',(1.,0.,0.));
#8584 = DIRECTION('',(0.,1.,0.));
#8585 = ADVANCED_FACE('',(#8586),#8605,.T.);
#8586 = FACE_BOUND('',#8587,.F.);
#8587 = EDGE_LOOP('',(#8588,#8589,#8590,#8599));
#8588 = ORIENTED_EDGE('',*,*,#8541,.T.);
#8589 = ORIENTED_EDGE('',*,*,#7862,.T.);
#8590 = ORIENTED_EDGE('',*,*,#8591,.F.);
#8591 = EDGE_CURVE('',#8592,#7863,#8594,.T.);
#8592 = VERTEX_POINT('',#8593);
#8593 = CARTESIAN_POINT('',(-6.5,-4.85,5.34));
#8594 = CIRCLE('',#8595,0.4);
#8595 = AXIS2_PLACEMENT_3D('',#8596,#8597,#8598);
#8596 = CARTESIAN_POINT('',(-6.1,-4.85,5.34));
#8597 = DIRECTION('',(0.,1.,-0.));
#8598 = DIRECTION('',(-1.,0.,0.));
#8599 = ORIENTED_EDGE('',*,*,#8600,.F.);
#8600 = EDGE_CURVE('',#8534,#8592,#8601,.T.);
#8601 = LINE('',#8602,#8603);
#8602 = CARTESIAN_POINT('',(-6.5,-4.22,5.34));
#8603 = VECTOR('',#8604,1.);
#8604 = DIRECTION('',(-0.,-1.,-0.));
#8605 = CYLINDRICAL_SURFACE('',#8606,0.4);
#8606 = AXIS2_PLACEMENT_3D('',#8607,#8608,#8609);
#8607 = CARTESIAN_POINT('',(-6.1,-4.22,5.34));
#8608 = DIRECTION('',(-0.,-1.,-0.));
#8609 = DIRECTION('',(-1.,0.,0.));
#8610 = ADVANCED_FACE('',(#8611),#8639,.T.);
#8611 = FACE_BOUND('',#8612,.F.);
#8612 = EDGE_LOOP('',(#8613,#8622,#8630,#8637,#8638));
#8613 = ORIENTED_EDGE('',*,*,#8614,.F.);
#8614 = EDGE_CURVE('',#8615,#8567,#8617,.T.);
#8615 = VERTEX_POINT('',#8616);
#8616 = CARTESIAN_POINT('',(4.77,5.85,5.34));
#8617 = ELLIPSE('',#8618,0.565685424949,0.4);
#8618 = AXIS2_PLACEMENT_3D('',#8619,#8620,#8621);
#8619 = CARTESIAN_POINT('',(4.77,5.45,5.34));
#8620 = DIRECTION('',(0.707106781187,-1.570092458684E-16,-0.707106781187
    ));
#8621 = DIRECTION('',(-0.707106781187,-1.570092458684E-16,
    -0.707106781187));
#8622 = ORIENTED_EDGE('',*,*,#8623,.F.);
#8623 = EDGE_CURVE('',#8624,#8615,#8626,.T.);
#8624 = VERTEX_POINT('',#8625);
#8625 = CARTESIAN_POINT('',(5.5,5.85,5.34));
#8626 = LINE('',#8627,#8628);
#8627 = CARTESIAN_POINT('',(5.5,5.85,5.34));
#8628 = VECTOR('',#8629,1.);
#8629 = DIRECTION('',(-1.,0.,0.));
#8630 = ORIENTED_EDGE('',*,*,#8631,.T.);
#8631 = EDGE_CURVE('',#8624,#8001,#8632,.T.);
#8632 = CIRCLE('',#8633,0.4);
#8633 = AXIS2_PLACEMENT_3D('',#8634,#8635,#8636);
#8634 = CARTESIAN_POINT('',(5.5,5.45,5.34));
#8635 = DIRECTION('',(1.,3.828568698927E-16,-0.));
#8636 = DIRECTION('',(-3.828568698927E-16,1.,0.));
#8637 = ORIENTED_EDGE('',*,*,#8009,.T.);
#8638 = ORIENTED_EDGE('',*,*,#8574,.F.);
#8639 = CYLINDRICAL_SURFACE('',#8640,0.4);
#8640 = AXIS2_PLACEMENT_3D('',#8641,#8642,#8643);
#8641 = CARTESIAN_POINT('',(5.5,5.45,5.34));
#8642 = DIRECTION('',(-1.,0.,0.));
#8643 = DIRECTION('',(0.,1.,0.));
#8644 = ADVANCED_FACE('',(#8645),#8665,.T.);
#8645 = FACE_BOUND('',#8646,.T.);
#8646 = EDGE_LOOP('',(#8647,#8648,#8657,#8664));
#8647 = ORIENTED_EDGE('',*,*,#8591,.F.);
#8648 = ORIENTED_EDGE('',*,*,#8649,.T.);
#8649 = EDGE_CURVE('',#8592,#8650,#8652,.T.);
#8650 = VERTEX_POINT('',#8651);
#8651 = CARTESIAN_POINT('',(-5.5,-5.85,5.34));
#8652 = CIRCLE('',#8653,1.);
#8653 = AXIS2_PLACEMENT_3D('',#8654,#8655,#8656);
#8654 = CARTESIAN_POINT('',(-5.5,-4.85,5.34));
#8655 = DIRECTION('',(0.,0.,1.));
#8656 = DIRECTION('',(-1.,-8.881784197001E-16,0.));
#8657 = ORIENTED_EDGE('',*,*,#8658,.T.);
#8658 = EDGE_CURVE('',#8650,#7871,#8659,.T.);
#8659 = CIRCLE('',#8660,0.4);
#8660 = AXIS2_PLACEMENT_3D('',#8661,#8662,#8663);
#8661 = CARTESIAN_POINT('',(-5.5,-5.45,5.34));
#8662 = DIRECTION('',(-1.,6.123233995737E-17,0.));
#8663 = DIRECTION('',(-6.123233995737E-17,-1.,0.));
#8664 = ORIENTED_EDGE('',*,*,#7870,.F.);
#8665 = TOROIDAL_SURFACE('',#8666,0.6,0.4);
#8666 = AXIS2_PLACEMENT_3D('',#8667,#8668,#8669);
#8667 = CARTESIAN_POINT('',(-5.5,-4.85,5.34));
#8668 = DIRECTION('',(0.,0.,1.));
#8669 = DIRECTION('',(-1.,-8.881784197001E-16,0.));
#8670 = ADVANCED_FACE('',(#8671),#8691,.T.);
#8671 = FACE_BOUND('',#8672,.T.);
#8672 = EDGE_LOOP('',(#8673,#8682,#8689,#8690));
#8673 = ORIENTED_EDGE('',*,*,#8674,.F.);
#8674 = EDGE_CURVE('',#8675,#7993,#8677,.T.);
#8675 = VERTEX_POINT('',#8676);
#8676 = CARTESIAN_POINT('',(6.5,4.85,5.34));
#8677 = CIRCLE('',#8678,0.4);
#8678 = AXIS2_PLACEMENT_3D('',#8679,#8680,#8681);
#8679 = CARTESIAN_POINT('',(6.1,4.85,5.34));
#8680 = DIRECTION('',(0.,-1.,0.));
#8681 = DIRECTION('',(1.,0.,0.));
#8682 = ORIENTED_EDGE('',*,*,#8683,.T.);
#8683 = EDGE_CURVE('',#8675,#8624,#8684,.T.);
#8684 = CIRCLE('',#8685,1.);
#8685 = AXIS2_PLACEMENT_3D('',#8686,#8687,#8688);
#8686 = CARTESIAN_POINT('',(5.5,4.85,5.34));
#8687 = DIRECTION('',(0.,0.,1.));
#8688 = DIRECTION('',(1.,0.,0.));
#8689 = ORIENTED_EDGE('',*,*,#8631,.T.);
#8690 = ORIENTED_EDGE('',*,*,#8000,.F.);
#8691 = TOROIDAL_SURFACE('',#8692,0.6,0.4);
#8692 = AXIS2_PLACEMENT_3D('',#8693,#8694,#8695);
#8693 = CARTESIAN_POINT('',(5.5,4.85,5.34));
#8694 = DIRECTION('',(0.,0.,1.));
#8695 = DIRECTION('',(1.,0.,0.));
#8696 = ADVANCED_FACE('',(#8697),#8725,.T.);
#8697 = FACE_BOUND('',#8698,.F.);
#8698 = EDGE_LOOP('',(#8699,#8710,#8716,#8717,#8718));
#8699 = ORIENTED_EDGE('',*,*,#8700,.F.);
#8700 = EDGE_CURVE('',#8701,#8703,#8705,.T.);
#8701 = VERTEX_POINT('',#8702);
#8702 = CARTESIAN_POINT('',(-4.77,-5.85,5.34));
#8703 = VERTEX_POINT('',#8704);
#8704 = CARTESIAN_POINT('',(-4.9,-5.828285606388,5.47));
#8705 = ELLIPSE('',#8706,0.565685424949,0.4);
#8706 = AXIS2_PLACEMENT_3D('',#8707,#8708,#8709);
#8707 = CARTESIAN_POINT('',(-4.77,-5.45,5.34));
#8708 = DIRECTION('',(-0.707106781187,-1.570092458684E-16,
    -0.707106781187));
#8709 = DIRECTION('',(0.707106781187,-1.570092458684E-16,-0.707106781187
    ));
#8710 = ORIENTED_EDGE('',*,*,#8711,.F.);
#8711 = EDGE_CURVE('',#8650,#8701,#8712,.T.);
#8712 = LINE('',#8713,#8714);
#8713 = CARTESIAN_POINT('',(-5.5,-5.85,5.34));
#8714 = VECTOR('',#8715,1.);
#8715 = DIRECTION('',(1.,0.,0.));
#8716 = ORIENTED_EDGE('',*,*,#8658,.T.);
#8717 = ORIENTED_EDGE('',*,*,#7879,.T.);
#8718 = ORIENTED_EDGE('',*,*,#8719,.F.);
#8719 = EDGE_CURVE('',#8703,#7880,#8720,.T.);
#8720 = CIRCLE('',#8721,0.4);
#8721 = AXIS2_PLACEMENT_3D('',#8722,#8723,#8724);
#8722 = CARTESIAN_POINT('',(-4.9,-5.45,5.34));
#8723 = DIRECTION('',(-1.,0.,0.));
#8724 = DIRECTION('',(0.,0.,1.));
#8725 = CYLINDRICAL_SURFACE('',#8726,0.4);
#8726 = AXIS2_PLACEMENT_3D('',#8727,#8728,#8729);
#8727 = CARTESIAN_POINT('',(-5.5,-5.45,5.34));
#8728 = DIRECTION('',(1.,0.,0.));
#8729 = DIRECTION('',(0.,-1.,0.));
#8730 = ADVANCED_FACE('',(#8731),#8750,.T.);
#8731 = FACE_BOUND('',#8732,.F.);
#8732 = EDGE_LOOP('',(#8733,#8742,#8743,#8744));
#8733 = ORIENTED_EDGE('',*,*,#8734,.T.);
#8734 = EDGE_CURVE('',#8735,#7985,#8737,.T.);
#8735 = VERTEX_POINT('',#8736);
#8736 = CARTESIAN_POINT('',(6.5,3.512,5.34));
#8737 = CIRCLE('',#8738,0.4);
#8738 = AXIS2_PLACEMENT_3D('',#8739,#8740,#8741);
#8739 = CARTESIAN_POINT('',(6.1,3.512,5.34));
#8740 = DIRECTION('',(0.,-1.,0.));
#8741 = DIRECTION('',(0.,0.,1.));
#8742 = ORIENTED_EDGE('',*,*,#7992,.T.);
#8743 = ORIENTED_EDGE('',*,*,#8674,.F.);
#8744 = ORIENTED_EDGE('',*,*,#8745,.F.);
#8745 = EDGE_CURVE('',#8735,#8675,#8746,.T.);
#8746 = LINE('',#8747,#8748);
#8747 = CARTESIAN_POINT('',(6.5,3.512,5.34));
#8748 = VECTOR('',#8749,1.);
#8749 = DIRECTION('',(0.,1.,0.));
#8750 = CYLINDRICAL_SURFACE('',#8751,0.4);
#8751 = AXIS2_PLACEMENT_3D('',#8752,#8753,#8754);
#8752 = CARTESIAN_POINT('',(6.1,3.512,5.34));
#8753 = DIRECTION('',(0.,1.,0.));
#8754 = DIRECTION('',(1.,0.,0.));
#8755 = ADVANCED_FACE('',(#8756),#8774,.T.);
#8756 = FACE_BOUND('',#8757,.T.);
#8757 = EDGE_LOOP('',(#8758,#8759,#8760,#8768));
#8758 = ORIENTED_EDGE('',*,*,#7887,.F.);
#8759 = ORIENTED_EDGE('',*,*,#8719,.F.);
#8760 = ORIENTED_EDGE('',*,*,#8761,.T.);
#8761 = EDGE_CURVE('',#8703,#8762,#8764,.T.);
#8762 = VERTEX_POINT('',#8763);
#8763 = CARTESIAN_POINT('',(-4.9,-4.94,5.47));
#8764 = LINE('',#8765,#8766);
#8765 = CARTESIAN_POINT('',(-4.9,-5.85,5.47));
#8766 = VECTOR('',#8767,1.);
#8767 = DIRECTION('',(0.,1.,0.));
#8768 = ORIENTED_EDGE('',*,*,#8769,.F.);
#8769 = EDGE_CURVE('',#7888,#8762,#8770,.T.);
#8770 = LINE('',#8771,#8772);
#8771 = CARTESIAN_POINT('',(-4.9,-4.94,5.74));
#8772 = VECTOR('',#8773,1.);
#8773 = DIRECTION('',(-0.,-0.,-1.));
#8774 = PLANE('',#8775);
#8775 = AXIS2_PLACEMENT_3D('',#8776,#8777,#8778);
#8776 = CARTESIAN_POINT('',(-4.9,-5.85,5.74));
#8777 = DIRECTION('',(1.,0.,0.));
#8778 = DIRECTION('',(0.,1.,0.));
#8779 = ADVANCED_FACE('',(#8780),#8805,.T.);
#8780 = FACE_BOUND('',#8781,.T.);
#8781 = EDGE_LOOP('',(#8782,#8790,#8791,#8799));
#8782 = ORIENTED_EDGE('',*,*,#8783,.T.);
#8783 = EDGE_CURVE('',#8784,#7985,#8786,.T.);
#8784 = VERTEX_POINT('',#8785);
#8785 = CARTESIAN_POINT('',(6.1,3.512,4.14));
#8786 = LINE('',#8787,#8788);
#8787 = CARTESIAN_POINT('',(6.1,3.512,4.14));
#8788 = VECTOR('',#8789,1.);
#8789 = DIRECTION('',(0.,0.,1.));
#8790 = ORIENTED_EDGE('',*,*,#7984,.T.);
#8791 = ORIENTED_EDGE('',*,*,#8792,.F.);
#8792 = EDGE_CURVE('',#8793,#7977,#8795,.T.);
#8793 = VERTEX_POINT('',#8794);
#8794 = CARTESIAN_POINT('',(6.1,1.480000003713,4.14));
#8795 = LINE('',#8796,#8797);
#8796 = CARTESIAN_POINT('',(6.1,1.480000003713,4.14));
#8797 = VECTOR('',#8798,1.);
#8798 = DIRECTION('',(0.,0.,1.));
#8799 = ORIENTED_EDGE('',*,*,#8800,.F.);
#8800 = EDGE_CURVE('',#8784,#8793,#8801,.T.);
#8801 = LINE('',#8802,#8803);
#8802 = CARTESIAN_POINT('',(6.1,3.512,4.14));
#8803 = VECTOR('',#8804,1.);
#8804 = DIRECTION('',(0.,-1.,0.));
#8805 = PLANE('',#8806);
#8806 = AXIS2_PLACEMENT_3D('',#8807,#8808,#8809);
#8807 = CARTESIAN_POINT('',(6.1,3.512,4.14));
#8808 = DIRECTION('',(1.,0.,0.));
#8809 = DIRECTION('',(0.,-1.,0.));
#8810 = ADVANCED_FACE('',(#8811),#8901,.T.);
#8811 = FACE_BOUND('',#8812,.T.);
#8812 = EDGE_LOOP('',(#8813,#8823,#8831,#8839,#8847,#8855,#8863,#8871,
    #8879,#8887,#8893,#8894,#8895));
#8813 = ORIENTED_EDGE('',*,*,#8814,.F.);
#8814 = EDGE_CURVE('',#8815,#8817,#8819,.T.);
#8815 = VERTEX_POINT('',#8816);
#8816 = CARTESIAN_POINT('',(-4.14,-4.94,4.97));
#8817 = VERTEX_POINT('',#8818);
#8818 = CARTESIAN_POINT('',(-4.4,-4.94,4.97));
#8819 = LINE('',#8820,#8821);
#8820 = CARTESIAN_POINT('',(-0.588361920394,-4.94,4.97));
#8821 = VECTOR('',#8822,1.);
#8822 = DIRECTION('',(-1.,0.,0.));
#8823 = ORIENTED_EDGE('',*,*,#8824,.F.);
#8824 = EDGE_CURVE('',#8825,#8815,#8827,.T.);
#8825 = VERTEX_POINT('',#8826);
#8826 = CARTESIAN_POINT('',(-4.14,-4.94,5.27));
#8827 = LINE('',#8828,#8829);
#8828 = CARTESIAN_POINT('',(-4.14,-4.94,5.27));
#8829 = VECTOR('',#8830,1.);
#8830 = DIRECTION('',(0.,2.738550127409E-15,-1.));
#8831 = ORIENTED_EDGE('',*,*,#8832,.T.);
#8832 = EDGE_CURVE('',#8825,#8833,#8835,.T.);
#8833 = VERTEX_POINT('',#8834);
#8834 = CARTESIAN_POINT('',(-3.975629601348,-4.94,5.385093392194));
#8835 = LINE('',#8836,#8837);
#8836 = CARTESIAN_POINT('',(-4.14,-4.94,5.27));
#8837 = VECTOR('',#8838,1.);
#8838 = DIRECTION('',(0.819152044289,1.273595532039E-16,0.573576436351)
  );
#8839 = ORIENTED_EDGE('',*,*,#8840,.T.);
#8840 = EDGE_CURVE('',#8833,#8841,#8843,.T.);
#8841 = VERTEX_POINT('',#8842);
#8842 = CARTESIAN_POINT('',(-3.24,-4.94,4.87));
#8843 = LINE('',#8844,#8845);
#8844 = CARTESIAN_POINT('',(-3.975629601348,-4.94,5.385093392194));
#8845 = VECTOR('',#8846,1.);
#8846 = DIRECTION('',(0.819152044289,8.61661506929E-16,-0.573576436351)
  );
#8847 = ORIENTED_EDGE('',*,*,#8848,.T.);
#8848 = EDGE_CURVE('',#8841,#8849,#8851,.T.);
#8849 = VERTEX_POINT('',#8850);
#8850 = CARTESIAN_POINT('',(-2.504370398652,-4.94,5.385093392194));
#8851 = LINE('',#8852,#8853);
#8852 = CARTESIAN_POINT('',(-3.24,-4.94,4.87));
#8853 = VECTOR('',#8854,1.);
#8854 = DIRECTION('',(0.819152044289,-8.61661506929E-16,0.573576436351)
  );
#8855 = ORIENTED_EDGE('',*,*,#8856,.T.);
#8856 = EDGE_CURVE('',#8849,#8857,#8859,.T.);
#8857 = VERTEX_POINT('',#8858);
#8858 = CARTESIAN_POINT('',(-2.34,-4.94,5.27));
#8859 = LINE('',#8860,#8861);
#8860 = CARTESIAN_POINT('',(-2.504370398652,-4.94,5.385093392194));
#8861 = VECTOR('',#8862,1.);
#8862 = DIRECTION('',(0.819152044289,-1.273595532039E-16,-0.573576436351
    ));
#8863 = ORIENTED_EDGE('',*,*,#8864,.T.);
#8864 = EDGE_CURVE('',#8857,#8865,#8867,.T.);
#8865 = VERTEX_POINT('',#8866);
#8866 = CARTESIAN_POINT('',(-2.34,-4.94,4.97));
#8867 = LINE('',#8868,#8869);
#8868 = CARTESIAN_POINT('',(-2.34,-4.94,5.27));
#8869 = VECTOR('',#8870,1.);
#8870 = DIRECTION('',(0.,2.738550127409E-15,-1.));
#8871 = ORIENTED_EDGE('',*,*,#8872,.F.);
#8872 = EDGE_CURVE('',#8873,#8865,#8875,.T.);
#8873 = VERTEX_POINT('',#8874);
#8874 = CARTESIAN_POINT('',(-2.079999999997,-4.94,4.97));
#8875 = LINE('',#8876,#8877);
#8876 = CARTESIAN_POINT('',(-0.588361920394,-4.94,4.97));
#8877 = VECTOR('',#8878,1.);
#8878 = DIRECTION('',(-1.,0.,0.));
#8879 = ORIENTED_EDGE('',*,*,#8880,.F.);
#8880 = EDGE_CURVE('',#8881,#8873,#8883,.T.);
#8881 = VERTEX_POINT('',#8882);
#8882 = CARTESIAN_POINT('',(-1.58,-4.94,5.47));
#8883 = LINE('',#8884,#8885);
#8884 = CARTESIAN_POINT('',(-0.692984304479,-4.94,6.357015695527));
#8885 = VECTOR('',#8886,1.);
#8886 = DIRECTION('',(-0.707106781184,-3.695675087099E-16,
    -0.707106781189));
#8887 = ORIENTED_EDGE('',*,*,#8888,.F.);
#8888 = EDGE_CURVE('',#7896,#8881,#8889,.T.);
#8889 = LINE('',#8890,#8891);
#8890 = CARTESIAN_POINT('',(-1.58,-4.94,5.74));
#8891 = VECTOR('',#8892,1.);
#8892 = DIRECTION('',(-0.,-0.,-1.));
#8893 = ORIENTED_EDGE('',*,*,#7895,.F.);
#8894 = ORIENTED_EDGE('',*,*,#8769,.T.);
#8895 = ORIENTED_EDGE('',*,*,#8896,.F.);
#8896 = EDGE_CURVE('',#8817,#8762,#8897,.T.);
#8897 = LINE('',#8898,#8899);
#8898 = CARTESIAN_POINT('',(-2.805377615921,-4.94,3.375377615921));
#8899 = VECTOR('',#8900,1.);
#8900 = DIRECTION('',(-0.707106781187,3.695675087087E-16,0.707106781187)
  );
#8901 = PLANE('',#8902);
#8902 = AXIS2_PLACEMENT_3D('',#8903,#8904,#8905);
#8903 = CARTESIAN_POINT('',(-3.24,-4.94,5.134049962794));
#8904 = DIRECTION('',(0.,-1.,8.639255859643E-16));
#8905 = DIRECTION('',(0.,-8.639255859643E-16,-1.));
#8906 = ADVANCED_FACE('',(#8907),#8934,.T.);
#8907 = FACE_BOUND('',#8908,.T.);
#8908 = EDGE_LOOP('',(#8909,#8918,#8919,#8928));
#8909 = ORIENTED_EDGE('',*,*,#8910,.T.);
#8910 = EDGE_CURVE('',#8911,#7977,#8913,.T.);
#8911 = VERTEX_POINT('',#8912);
#8912 = CARTESIAN_POINT('',(6.5,1.480000003713,5.34));
#8913 = CIRCLE('',#8914,0.4);
#8914 = AXIS2_PLACEMENT_3D('',#8915,#8916,#8917);
#8915 = CARTESIAN_POINT('',(6.1,1.480000003713,5.34));
#8916 = DIRECTION('',(0.,-1.,0.));
#8917 = DIRECTION('',(0.,0.,-1.));
#8918 = ORIENTED_EDGE('',*,*,#7976,.T.);
#8919 = ORIENTED_EDGE('',*,*,#8920,.F.);
#8920 = EDGE_CURVE('',#8921,#7969,#8923,.T.);
#8921 = VERTEX_POINT('',#8922);
#8922 = CARTESIAN_POINT('',(6.5,-1.479999996287,5.34));
#8923 = CIRCLE('',#8924,0.4);
#8924 = AXIS2_PLACEMENT_3D('',#8925,#8926,#8927);
#8925 = CARTESIAN_POINT('',(6.1,-1.479999996287,5.34));
#8926 = DIRECTION('',(0.,-1.,0.));
#8927 = DIRECTION('',(0.,0.,-1.));
#8928 = ORIENTED_EDGE('',*,*,#8929,.F.);
#8929 = EDGE_CURVE('',#8911,#8921,#8930,.T.);
#8930 = LINE('',#8931,#8932);
#8931 = CARTESIAN_POINT('',(6.5,1.480000003713,5.34));
#8932 = VECTOR('',#8933,1.);
#8933 = DIRECTION('',(0.,-1.,0.));
#8934 = CYLINDRICAL_SURFACE('',#8935,0.4);
#8935 = AXIS2_PLACEMENT_3D('',#8936,#8937,#8938);
#8936 = CARTESIAN_POINT('',(6.1,1.480000003713,5.34));
#8937 = DIRECTION('',(0.,-1.,0.));
#8938 = DIRECTION('',(1.,0.,0.));
#8939 = ADVANCED_FACE('',(#8940),#8958,.T.);
#8940 = FACE_BOUND('',#8941,.T.);
#8941 = EDGE_LOOP('',(#8942,#8943,#8951,#8957));
#8942 = ORIENTED_EDGE('',*,*,#8888,.T.);
#8943 = ORIENTED_EDGE('',*,*,#8944,.T.);
#8944 = EDGE_CURVE('',#8881,#8945,#8947,.T.);
#8945 = VERTEX_POINT('',#8946);
#8946 = CARTESIAN_POINT('',(-1.58,-5.85,5.47));
#8947 = LINE('',#8948,#8949);
#8948 = CARTESIAN_POINT('',(-1.58,-4.94,5.47));
#8949 = VECTOR('',#8950,1.);
#8950 = DIRECTION('',(0.,-1.,0.));
#8951 = ORIENTED_EDGE('',*,*,#8952,.F.);
#8952 = EDGE_CURVE('',#7904,#8945,#8953,.T.);
#8953 = LINE('',#8954,#8955);
#8954 = CARTESIAN_POINT('',(-1.58,-5.85,5.74));
#8955 = VECTOR('',#8956,1.);
#8956 = DIRECTION('',(-0.,-0.,-1.));
#8957 = ORIENTED_EDGE('',*,*,#7903,.F.);
#8958 = PLANE('',#8959);
#8959 = AXIS2_PLACEMENT_3D('',#8960,#8961,#8962);
#8960 = CARTESIAN_POINT('',(-1.58,-4.94,5.74));
#8961 = DIRECTION('',(-1.,0.,0.));
#8962 = DIRECTION('',(0.,-1.,0.));
#8963 = ADVANCED_FACE('',(#8964),#8989,.T.);
#8964 = FACE_BOUND('',#8965,.T.);
#8965 = EDGE_LOOP('',(#8966,#8974,#8975,#8983));
#8966 = ORIENTED_EDGE('',*,*,#8967,.T.);
#8967 = EDGE_CURVE('',#8968,#7969,#8970,.T.);
#8968 = VERTEX_POINT('',#8969);
#8969 = CARTESIAN_POINT('',(6.1,-1.479999996287,4.14));
#8970 = LINE('',#8971,#8972);
#8971 = CARTESIAN_POINT('',(6.1,-1.479999996287,4.14));
#8972 = VECTOR('',#8973,1.);
#8973 = DIRECTION('',(0.,0.,1.));
#8974 = ORIENTED_EDGE('',*,*,#7968,.T.);
#8975 = ORIENTED_EDGE('',*,*,#8976,.F.);
#8976 = EDGE_CURVE('',#8977,#7961,#8979,.T.);
#8977 = VERTEX_POINT('',#8978);
#8978 = CARTESIAN_POINT('',(6.1,-3.511999992573,4.14));
#8979 = LINE('',#8980,#8981);
#8980 = CARTESIAN_POINT('',(6.1,-3.511999992573,4.14));
#8981 = VECTOR('',#8982,1.);
#8982 = DIRECTION('',(0.,0.,1.));
#8983 = ORIENTED_EDGE('',*,*,#8984,.F.);
#8984 = EDGE_CURVE('',#8968,#8977,#8985,.T.);
#8985 = LINE('',#8986,#8987);
#8986 = CARTESIAN_POINT('',(6.1,-1.479999996287,4.14));
#8987 = VECTOR('',#8988,1.);
#8988 = DIRECTION('',(0.,-1.,0.));
#8989 = PLANE('',#8990);
#8990 = AXIS2_PLACEMENT_3D('',#8991,#8992,#8993);
#8991 = CARTESIAN_POINT('',(6.1,-1.479999996287,4.14));
#8992 = DIRECTION('',(1.,0.,0.));
#8993 = DIRECTION('',(0.,-1.,0.));
#8994 = ADVANCED_FACE('',(#8995),#9061,.F.);
#8995 = FACE_BOUND('',#8996,.F.);
#8996 = EDGE_LOOP('',(#8997,#9007,#9015,#9023,#9029,#9030,#9031,#9039,
    #9047,#9055));
#8997 = ORIENTED_EDGE('',*,*,#8998,.F.);
#8998 = EDGE_CURVE('',#8999,#9001,#9003,.T.);
#8999 = VERTEX_POINT('',#9000);
#9000 = CARTESIAN_POINT('',(-2.61,-5.85,4.14));
#9001 = VERTEX_POINT('',#9002);
#9002 = CARTESIAN_POINT('',(2.61,-5.85,4.14));
#9003 = LINE('',#9004,#9005);
#9004 = CARTESIAN_POINT('',(-2.61,-5.85,4.14));
#9005 = VECTOR('',#9006,1.);
#9006 = DIRECTION('',(1.,0.,0.));
#9007 = ORIENTED_EDGE('',*,*,#9008,.T.);
#9008 = EDGE_CURVE('',#8999,#9009,#9011,.T.);
#9009 = VERTEX_POINT('',#9010);
#9010 = CARTESIAN_POINT('',(-2.61,-5.85,4.97));
#9011 = LINE('',#9012,#9013);
#9012 = CARTESIAN_POINT('',(-2.61,-5.85,4.14));
#9013 = VECTOR('',#9014,1.);
#9014 = DIRECTION('',(0.,0.,1.));
#9015 = ORIENTED_EDGE('',*,*,#9016,.T.);
#9016 = EDGE_CURVE('',#9009,#9017,#9019,.T.);
#9017 = VERTEX_POINT('',#9018);
#9018 = CARTESIAN_POINT('',(-2.079999999997,-5.85,4.97));
#9019 = LINE('',#9020,#9021);
#9020 = CARTESIAN_POINT('',(-4.4,-5.85,4.97));
#9021 = VECTOR('',#9022,1.);
#9022 = DIRECTION('',(1.,0.,0.));
#9023 = ORIENTED_EDGE('',*,*,#9024,.T.);
#9024 = EDGE_CURVE('',#9017,#8945,#9025,.T.);
#9025 = LINE('',#9026,#9027);
#9026 = CARTESIAN_POINT('',(-2.079999999997,-5.85,4.97));
#9027 = VECTOR('',#9028,1.);
#9028 = DIRECTION('',(0.707106781184,1.570092458689E-16,0.707106781189)
  );
#9029 = ORIENTED_EDGE('',*,*,#8952,.F.);
#9030 = ORIENTED_EDGE('',*,*,#7911,.T.);
#9031 = ORIENTED_EDGE('',*,*,#9032,.T.);
#9032 = EDGE_CURVE('',#7912,#9033,#9035,.T.);
#9033 = VERTEX_POINT('',#9034);
#9034 = CARTESIAN_POINT('',(1.58,-5.85,5.47));
#9035 = LINE('',#9036,#9037);
#9036 = CARTESIAN_POINT('',(1.58,-5.85,5.74));
#9037 = VECTOR('',#9038,1.);
#9038 = DIRECTION('',(-0.,-0.,-1.));
#9039 = ORIENTED_EDGE('',*,*,#9040,.F.);
#9040 = EDGE_CURVE('',#9041,#9033,#9043,.T.);
#9041 = VERTEX_POINT('',#9042);
#9042 = CARTESIAN_POINT('',(2.079999999997,-5.85,4.97));
#9043 = LINE('',#9044,#9045);
#9044 = CARTESIAN_POINT('',(2.079999999997,-5.85,4.97));
#9045 = VECTOR('',#9046,1.);
#9046 = DIRECTION('',(-0.707106781184,1.570092458689E-16,0.707106781189)
  );
#9047 = ORIENTED_EDGE('',*,*,#9048,.F.);
#9048 = EDGE_CURVE('',#9049,#9041,#9051,.T.);
#9049 = VERTEX_POINT('',#9050);
#9050 = CARTESIAN_POINT('',(2.61,-5.85,4.97));
#9051 = LINE('',#9052,#9053);
#9052 = CARTESIAN_POINT('',(4.4,-5.85,4.97));
#9053 = VECTOR('',#9054,1.);
#9054 = DIRECTION('',(-1.,0.,0.));
#9055 = ORIENTED_EDGE('',*,*,#9056,.F.);
#9056 = EDGE_CURVE('',#9001,#9049,#9057,.T.);
#9057 = LINE('',#9058,#9059);
#9058 = CARTESIAN_POINT('',(2.61,-5.85,4.14));
#9059 = VECTOR('',#9060,1.);
#9060 = DIRECTION('',(0.,0.,1.));
#9061 = PLANE('',#9062);
#9062 = AXIS2_PLACEMENT_3D('',#9063,#9064,#9065);
#9063 = CARTESIAN_POINT('',(-2.61,-5.85,4.14));
#9064 = DIRECTION('',(0.,1.,0.));
#9065 = DIRECTION('',(1.,0.,0.));
#9066 = ADVANCED_FACE('',(#9067),#9094,.T.);
#9067 = FACE_BOUND('',#9068,.T.);
#9068 = EDGE_LOOP('',(#9069,#9078,#9079,#9088));
#9069 = ORIENTED_EDGE('',*,*,#9070,.T.);
#9070 = EDGE_CURVE('',#9071,#7961,#9073,.T.);
#9071 = VERTEX_POINT('',#9072);
#9072 = CARTESIAN_POINT('',(6.5,-3.511999992573,5.34));
#9073 = CIRCLE('',#9074,0.4);
#9074 = AXIS2_PLACEMENT_3D('',#9075,#9076,#9077);
#9075 = CARTESIAN_POINT('',(6.1,-3.511999992573,5.34));
#9076 = DIRECTION('',(-6.638104781017E-16,-1.,0.));
#9077 = DIRECTION('',(1.,-6.638104781017E-16,0.));
#9078 = ORIENTED_EDGE('',*,*,#7960,.T.);
#9079 = ORIENTED_EDGE('',*,*,#9080,.F.);
#9080 = EDGE_CURVE('',#9081,#7952,#9083,.T.);
#9081 = VERTEX_POINT('',#9082);
#9082 = CARTESIAN_POINT('',(6.5,-4.849999992573,5.34));
#9083 = CIRCLE('',#9084,0.4);
#9084 = AXIS2_PLACEMENT_3D('',#9085,#9086,#9087);
#9085 = CARTESIAN_POINT('',(6.1,-4.849999992573,5.34));
#9086 = DIRECTION('',(-6.638104781017E-16,-1.,0.));
#9087 = DIRECTION('',(1.,-6.638104781017E-16,0.));
#9088 = ORIENTED_EDGE('',*,*,#9089,.F.);
#9089 = EDGE_CURVE('',#9071,#9081,#9090,.T.);
#9090 = LINE('',#9091,#9092);
#9091 = CARTESIAN_POINT('',(6.5,-3.511999992573,5.34));
#9092 = VECTOR('',#9093,1.);
#9093 = DIRECTION('',(-6.638104781017E-16,-1.,0.));
#9094 = CYLINDRICAL_SURFACE('',#9095,0.4);
#9095 = AXIS2_PLACEMENT_3D('',#9096,#9097,#9098);
#9096 = CARTESIAN_POINT('',(6.1,-3.511999992573,5.34));
#9097 = DIRECTION('',(-6.638104781017E-16,-1.,0.));
#9098 = DIRECTION('',(1.,-6.638104781017E-16,0.));
#9099 = ADVANCED_FACE('',(#9100),#9118,.T.);
#9100 = FACE_BOUND('',#9101,.T.);
#9101 = EDGE_LOOP('',(#9102,#9103,#9111,#9117));
#9102 = ORIENTED_EDGE('',*,*,#9032,.T.);
#9103 = ORIENTED_EDGE('',*,*,#9104,.T.);
#9104 = EDGE_CURVE('',#9033,#9105,#9107,.T.);
#9105 = VERTEX_POINT('',#9106);
#9106 = CARTESIAN_POINT('',(1.58,-4.94,5.47));
#9107 = LINE('',#9108,#9109);
#9108 = CARTESIAN_POINT('',(1.58,-5.85,5.47));
#9109 = VECTOR('',#9110,1.);
#9110 = DIRECTION('',(0.,1.,0.));
#9111 = ORIENTED_EDGE('',*,*,#9112,.F.);
#9112 = EDGE_CURVE('',#7920,#9105,#9113,.T.);
#9113 = LINE('',#9114,#9115);
#9114 = CARTESIAN_POINT('',(1.58,-4.94,5.74));
#9115 = VECTOR('',#9116,1.);
#9116 = DIRECTION('',(-0.,-0.,-1.));
#9117 = ORIENTED_EDGE('',*,*,#7919,.F.);
#9118 = PLANE('',#9119);
#9119 = AXIS2_PLACEMENT_3D('',#9120,#9121,#9122);
#9120 = CARTESIAN_POINT('',(1.58,-5.85,5.74));
#9121 = DIRECTION('',(1.,0.,0.));
#9122 = DIRECTION('',(0.,1.,0.));
#9123 = ADVANCED_FACE('',(#9124),#9144,.T.);
#9124 = FACE_BOUND('',#9125,.F.);
#9125 = EDGE_LOOP('',(#9126,#9127,#9136,#9143));
#9126 = ORIENTED_EDGE('',*,*,#9080,.F.);
#9127 = ORIENTED_EDGE('',*,*,#9128,.T.);
#9128 = EDGE_CURVE('',#9081,#9129,#9131,.T.);
#9129 = VERTEX_POINT('',#9130);
#9130 = CARTESIAN_POINT('',(5.5,-5.85,5.34));
#9131 = CIRCLE('',#9132,1.);
#9132 = AXIS2_PLACEMENT_3D('',#9133,#9134,#9135);
#9133 = CARTESIAN_POINT('',(5.5,-4.85,5.34));
#9134 = DIRECTION('',(0.,-0.,-1.));
#9135 = DIRECTION('',(1.,-7.426531389854E-09,0.));
#9136 = ORIENTED_EDGE('',*,*,#9137,.T.);
#9137 = EDGE_CURVE('',#9129,#7944,#9138,.T.);
#9138 = CIRCLE('',#9139,0.4);
#9139 = AXIS2_PLACEMENT_3D('',#9140,#9141,#9142);
#9140 = CARTESIAN_POINT('',(5.5,-5.45,5.34));
#9141 = DIRECTION('',(-1.,-6.123234014772E-17,0.));
#9142 = DIRECTION('',(6.123234014772E-17,-1.,0.));
#9143 = ORIENTED_EDGE('',*,*,#7951,.F.);
#9144 = TOROIDAL_SURFACE('',#9145,0.6,0.4);
#9145 = AXIS2_PLACEMENT_3D('',#9146,#9147,#9148);
#9146 = CARTESIAN_POINT('',(5.5,-4.85,5.34));
#9147 = DIRECTION('',(0.,0.,1.));
#9148 = DIRECTION('',(1.,-7.426531389854E-09,0.));
#9149 = ADVANCED_FACE('',(#9150),#9240,.T.);
#9150 = FACE_BOUND('',#9151,.T.);
#9151 = EDGE_LOOP('',(#9152,#9162,#9170,#9178,#9186,#9194,#9202,#9210,
    #9218,#9226,#9232,#9233,#9234));
#9152 = ORIENTED_EDGE('',*,*,#9153,.T.);
#9153 = EDGE_CURVE('',#9154,#9156,#9158,.T.);
#9154 = VERTEX_POINT('',#9155);
#9155 = CARTESIAN_POINT('',(2.079999999997,-4.94,4.97));
#9156 = VERTEX_POINT('',#9157);
#9157 = CARTESIAN_POINT('',(2.34,-4.94,4.97));
#9158 = LINE('',#9159,#9160);
#9159 = CARTESIAN_POINT('',(3.811638079606,-4.94,4.97));
#9160 = VECTOR('',#9161,1.);
#9161 = DIRECTION('',(1.,0.,0.));
#9162 = ORIENTED_EDGE('',*,*,#9163,.F.);
#9163 = EDGE_CURVE('',#9164,#9156,#9166,.T.);
#9164 = VERTEX_POINT('',#9165);
#9165 = CARTESIAN_POINT('',(2.34,-4.94,5.27));
#9166 = LINE('',#9167,#9168);
#9167 = CARTESIAN_POINT('',(2.34,-4.94,5.27));
#9168 = VECTOR('',#9169,1.);
#9169 = DIRECTION('',(0.,2.738550127409E-15,-1.));
#9170 = ORIENTED_EDGE('',*,*,#9171,.F.);
#9171 = EDGE_CURVE('',#9172,#9164,#9174,.T.);
#9172 = VERTEX_POINT('',#9173);
#9173 = CARTESIAN_POINT('',(2.504370398652,-4.94,5.385093392194));
#9174 = LINE('',#9175,#9176);
#9175 = CARTESIAN_POINT('',(2.504370398652,-4.94,5.385093392194));
#9176 = VECTOR('',#9177,1.);
#9177 = DIRECTION('',(-0.819152044289,-1.273595532039E-16,
    -0.573576436351));
#9178 = ORIENTED_EDGE('',*,*,#9179,.F.);
#9179 = EDGE_CURVE('',#9180,#9172,#9182,.T.);
#9180 = VERTEX_POINT('',#9181);
#9181 = CARTESIAN_POINT('',(3.24,-4.94,4.87));
#9182 = LINE('',#9183,#9184);
#9183 = CARTESIAN_POINT('',(3.24,-4.94,4.87));
#9184 = VECTOR('',#9185,1.);
#9185 = DIRECTION('',(-0.819152044289,-8.61661506929E-16,0.573576436351)
  );
#9186 = ORIENTED_EDGE('',*,*,#9187,.F.);
#9187 = EDGE_CURVE('',#9188,#9180,#9190,.T.);
#9188 = VERTEX_POINT('',#9189);
#9189 = CARTESIAN_POINT('',(3.975629601348,-4.94,5.385093392194));
#9190 = LINE('',#9191,#9192);
#9191 = CARTESIAN_POINT('',(3.975629601348,-4.94,5.385093392194));
#9192 = VECTOR('',#9193,1.);
#9193 = DIRECTION('',(-0.819152044289,8.61661506929E-16,-0.573576436351)
  );
#9194 = ORIENTED_EDGE('',*,*,#9195,.F.);
#9195 = EDGE_CURVE('',#9196,#9188,#9198,.T.);
#9196 = VERTEX_POINT('',#9197);
#9197 = CARTESIAN_POINT('',(4.14,-4.94,5.27));
#9198 = LINE('',#9199,#9200);
#9199 = CARTESIAN_POINT('',(4.14,-4.94,5.27));
#9200 = VECTOR('',#9201,1.);
#9201 = DIRECTION('',(-0.819152044289,1.273595532039E-16,0.573576436351)
  );
#9202 = ORIENTED_EDGE('',*,*,#9203,.T.);
#9203 = EDGE_CURVE('',#9196,#9204,#9206,.T.);
#9204 = VERTEX_POINT('',#9205);
#9205 = CARTESIAN_POINT('',(4.14,-4.94,4.97));
#9206 = LINE('',#9207,#9208);
#9207 = CARTESIAN_POINT('',(4.14,-4.94,5.27));
#9208 = VECTOR('',#9209,1.);
#9209 = DIRECTION('',(0.,2.738550127409E-15,-1.));
#9210 = ORIENTED_EDGE('',*,*,#9211,.T.);
#9211 = EDGE_CURVE('',#9204,#9212,#9214,.T.);
#9212 = VERTEX_POINT('',#9213);
#9213 = CARTESIAN_POINT('',(4.4,-4.94,4.97));
#9214 = LINE('',#9215,#9216);
#9215 = CARTESIAN_POINT('',(3.811638079606,-4.94,4.97));
#9216 = VECTOR('',#9217,1.);
#9217 = DIRECTION('',(1.,0.,0.));
#9218 = ORIENTED_EDGE('',*,*,#9219,.T.);
#9219 = EDGE_CURVE('',#9212,#9220,#9222,.T.);
#9220 = VERTEX_POINT('',#9221);
#9221 = CARTESIAN_POINT('',(4.9,-4.94,5.47));
#9222 = LINE('',#9223,#9224);
#9223 = CARTESIAN_POINT('',(4.417015695527,-4.94,4.987015695527));
#9224 = VECTOR('',#9225,1.);
#9225 = DIRECTION('',(0.707106781187,3.695675087087E-16,0.707106781187)
  );
#9226 = ORIENTED_EDGE('',*,*,#9227,.T.);
#9227 = EDGE_CURVE('',#9220,#7928,#9228,.T.);
#9228 = LINE('',#9229,#9230);
#9229 = CARTESIAN_POINT('',(4.9,-4.94,5.592393311449));
#9230 = VECTOR('',#9231,1.);
#9231 = DIRECTION('',(0.,5.226473830283E-16,1.));
#9232 = ORIENTED_EDGE('',*,*,#7927,.F.);
#9233 = ORIENTED_EDGE('',*,*,#9112,.T.);
#9234 = ORIENTED_EDGE('',*,*,#9235,.T.);
#9235 = EDGE_CURVE('',#9105,#9154,#9236,.T.);
#9236 = LINE('',#9237,#9238);
#9237 = CARTESIAN_POINT('',(2.304622384074,-4.94,4.745377615921));
#9238 = VECTOR('',#9239,1.);
#9239 = DIRECTION('',(0.707106781184,-3.695675087099E-16,-0.707106781189
    ));
#9240 = PLANE('',#9241);
#9241 = AXIS2_PLACEMENT_3D('',#9242,#9243,#9244);
#9242 = CARTESIAN_POINT('',(3.24,-4.94,5.134049962794));
#9243 = DIRECTION('',(0.,-1.,8.956181738976E-16));
#9244 = DIRECTION('',(0.,-8.956181738976E-16,-1.));
#9245 = ADVANCED_FACE('',(#9246),#9274,.T.);
#9246 = FACE_BOUND('',#9247,.T.);
#9247 = EDGE_LOOP('',(#9248,#9259,#9265,#9266,#9267));
#9248 = ORIENTED_EDGE('',*,*,#9249,.F.);
#9249 = EDGE_CURVE('',#9250,#9252,#9254,.T.);
#9250 = VERTEX_POINT('',#9251);
#9251 = CARTESIAN_POINT('',(4.77,-5.85,5.34));
#9252 = VERTEX_POINT('',#9253);
#9253 = CARTESIAN_POINT('',(4.9,-5.828285606388,5.47));
#9254 = ELLIPSE('',#9255,0.565685424949,0.4);
#9255 = AXIS2_PLACEMENT_3D('',#9256,#9257,#9258);
#9256 = CARTESIAN_POINT('',(4.77,-5.45,5.34));
#9257 = DIRECTION('',(-0.707106781187,1.570092458684E-16,0.707106781187)
  );
#9258 = DIRECTION('',(-0.707106781187,-1.570092458684E-16,
    -0.707106781187));
#9259 = ORIENTED_EDGE('',*,*,#9260,.F.);
#9260 = EDGE_CURVE('',#9129,#9250,#9261,.T.);
#9261 = LINE('',#9262,#9263);
#9262 = CARTESIAN_POINT('',(5.5,-5.85,5.34));
#9263 = VECTOR('',#9264,1.);
#9264 = DIRECTION('',(-1.,-0.,-0.));
#9265 = ORIENTED_EDGE('',*,*,#9137,.T.);
#9266 = ORIENTED_EDGE('',*,*,#7943,.T.);
#9267 = ORIENTED_EDGE('',*,*,#9268,.F.);
#9268 = EDGE_CURVE('',#9252,#7936,#9269,.T.);
#9269 = CIRCLE('',#9270,0.4);
#9270 = AXIS2_PLACEMENT_3D('',#9271,#9272,#9273);
#9271 = CARTESIAN_POINT('',(4.9,-5.45,5.34));
#9272 = DIRECTION('',(-1.,-0.,-0.));
#9273 = DIRECTION('',(0.,0.,-1.));
#9274 = CYLINDRICAL_SURFACE('',#9275,0.4);
#9275 = AXIS2_PLACEMENT_3D('',#9276,#9277,#9278);
#9276 = CARTESIAN_POINT('',(5.5,-5.45,5.34));
#9277 = DIRECTION('',(-1.,-0.,-0.));
#9278 = DIRECTION('',(0.,-1.,0.));
#9279 = ADVANCED_FACE('',(#9280),#9291,.T.);
#9280 = FACE_BOUND('',#9281,.T.);
#9281 = EDGE_LOOP('',(#9282,#9288,#9289,#9290));
#9282 = ORIENTED_EDGE('',*,*,#9283,.F.);
#9283 = EDGE_CURVE('',#9252,#9220,#9284,.T.);
#9284 = LINE('',#9285,#9286);
#9285 = CARTESIAN_POINT('',(4.9,-5.85,5.47));
#9286 = VECTOR('',#9287,1.);
#9287 = DIRECTION('',(0.,1.,-2.22044604925E-16));
#9288 = ORIENTED_EDGE('',*,*,#9268,.T.);
#9289 = ORIENTED_EDGE('',*,*,#7935,.F.);
#9290 = ORIENTED_EDGE('',*,*,#9227,.F.);
#9291 = PLANE('',#9292);
#9292 = AXIS2_PLACEMENT_3D('',#9293,#9294,#9295);
#9293 = CARTESIAN_POINT('',(4.9,-5.85,5.97));
#9294 = DIRECTION('',(-1.,0.,0.));
#9295 = DIRECTION('',(0.,-2.22044604925E-16,-1.));
#9296 = ADVANCED_FACE('',(#9297),#9316,.T.);
#9297 = FACE_BOUND('',#9298,.T.);
#9298 = EDGE_LOOP('',(#9299,#9307,#9308,#9309,#9310));
#9299 = ORIENTED_EDGE('',*,*,#9300,.F.);
#9300 = EDGE_CURVE('',#8107,#9301,#9303,.T.);
#9301 = VERTEX_POINT('',#9302);
#9302 = CARTESIAN_POINT('',(-4.4,5.85,4.97));
#9303 = LINE('',#9304,#9305);
#9304 = CARTESIAN_POINT('',(-4.9,5.85,5.47));
#9305 = VECTOR('',#9306,1.);
#9306 = DIRECTION('',(0.707106781187,-1.570092458684E-16,-0.707106781187
    ));
#9307 = ORIENTED_EDGE('',*,*,#8106,.T.);
#9308 = ORIENTED_EDGE('',*,*,#8084,.T.);
#9309 = ORIENTED_EDGE('',*,*,#8158,.F.);
#9310 = ORIENTED_EDGE('',*,*,#9311,.F.);
#9311 = EDGE_CURVE('',#9301,#8151,#9312,.T.);
#9312 = LINE('',#9313,#9314);
#9313 = CARTESIAN_POINT('',(-4.4,5.85,4.97));
#9314 = VECTOR('',#9315,1.);
#9315 = DIRECTION('',(0.,-1.,2.22044604925E-16));
#9316 = PLANE('',#9317);
#9317 = AXIS2_PLACEMENT_3D('',#9318,#9319,#9320);
#9318 = CARTESIAN_POINT('',(-4.9,5.85,5.47));
#9319 = DIRECTION('',(0.707106781187,1.570092458684E-16,0.707106781187)
  );
#9320 = DIRECTION('',(0.707106781187,-1.570092458684E-16,-0.707106781187
    ));
#9321 = ADVANCED_FACE('',(#9322),#9356,.T.);
#9322 = FACE_BOUND('',#9323,.T.);
#9323 = EDGE_LOOP('',(#9324,#9325,#9333,#9341,#9349,#9355));
#9324 = ORIENTED_EDGE('',*,*,#9300,.T.);
#9325 = ORIENTED_EDGE('',*,*,#9326,.T.);
#9326 = EDGE_CURVE('',#9301,#9327,#9329,.T.);
#9327 = VERTEX_POINT('',#9328);
#9328 = CARTESIAN_POINT('',(-3.87,5.85,4.97));
#9329 = LINE('',#9330,#9331);
#9330 = CARTESIAN_POINT('',(-4.4,5.85,4.97));
#9331 = VECTOR('',#9332,1.);
#9332 = DIRECTION('',(1.,0.,0.));
#9333 = ORIENTED_EDGE('',*,*,#9334,.F.);
#9334 = EDGE_CURVE('',#9335,#9327,#9337,.T.);
#9335 = VERTEX_POINT('',#9336);
#9336 = CARTESIAN_POINT('',(-3.87,5.85,4.14));
#9337 = LINE('',#9338,#9339);
#9338 = CARTESIAN_POINT('',(-3.87,5.85,4.14));
#9339 = VECTOR('',#9340,1.);
#9340 = DIRECTION('',(0.,0.,1.));
#9341 = ORIENTED_EDGE('',*,*,#9342,.F.);
#9342 = EDGE_CURVE('',#9343,#9335,#9345,.T.);
#9343 = VERTEX_POINT('',#9344);
#9344 = CARTESIAN_POINT('',(-5.5,5.85,4.14));
#9345 = LINE('',#9346,#9347);
#9346 = CARTESIAN_POINT('',(-5.5,5.85,4.14));
#9347 = VECTOR('',#9348,1.);
#9348 = DIRECTION('',(1.,0.,0.));
#9349 = ORIENTED_EDGE('',*,*,#9350,.T.);
#9350 = EDGE_CURVE('',#9343,#8118,#9351,.T.);
#9351 = LINE('',#9352,#9353);
#9352 = CARTESIAN_POINT('',(-5.5,5.85,4.14));
#9353 = VECTOR('',#9354,1.);
#9354 = DIRECTION('',(0.,0.,1.));
#9355 = ORIENTED_EDGE('',*,*,#8126,.F.);
#9356 = PLANE('',#9357);
#9357 = AXIS2_PLACEMENT_3D('',#9358,#9359,#9360);
#9358 = CARTESIAN_POINT('',(-4.685,5.85,4.94));
#9359 = DIRECTION('',(0.,1.,0.));
#9360 = DIRECTION('',(0.,0.,1.));
#9361 = ADVANCED_FACE('',(#9362),#9387,.T.);
#9362 = FACE_BOUND('',#9363,.T.);
#9363 = EDGE_LOOP('',(#9364,#9372,#9380,#9386));
#9364 = ORIENTED_EDGE('',*,*,#9365,.T.);
#9365 = EDGE_CURVE('',#8141,#9366,#9368,.T.);
#9366 = VERTEX_POINT('',#9367);
#9367 = CARTESIAN_POINT('',(-4.14,5.44,5.27));
#9368 = LINE('',#9369,#9370);
#9369 = CARTESIAN_POINT('',(-4.14,4.94,5.27));
#9370 = VECTOR('',#9371,1.);
#9371 = DIRECTION('',(0.,1.,1.7763568394E-15));
#9372 = ORIENTED_EDGE('',*,*,#9373,.T.);
#9373 = EDGE_CURVE('',#9366,#9374,#9376,.T.);
#9374 = VERTEX_POINT('',#9375);
#9375 = CARTESIAN_POINT('',(-4.14,5.44,4.97));
#9376 = LINE('',#9377,#9378);
#9377 = CARTESIAN_POINT('',(-4.14,5.44,5.27));
#9378 = VECTOR('',#9379,1.);
#9379 = DIRECTION('',(0.,1.7763568394E-15,-1.));
#9380 = ORIENTED_EDGE('',*,*,#9381,.F.);
#9381 = EDGE_CURVE('',#8143,#9374,#9382,.T.);
#9382 = LINE('',#9383,#9384);
#9383 = CARTESIAN_POINT('',(-4.14,4.94,4.97));
#9384 = VECTOR('',#9385,1.);
#9385 = DIRECTION('',(0.,1.,1.7763568394E-15));
#9386 = ORIENTED_EDGE('',*,*,#8140,.F.);
#9387 = PLANE('',#9388);
#9388 = AXIS2_PLACEMENT_3D('',#9389,#9390,#9391);
#9389 = CARTESIAN_POINT('',(-4.14,4.94,5.27));
#9390 = DIRECTION('',(-1.,0.,0.));
#9391 = DIRECTION('',(0.,1.7763568394E-15,-1.));
#9392 = ADVANCED_FACE('',(#9393),#9411,.F.);
#9393 = FACE_BOUND('',#9394,.F.);
#9394 = EDGE_LOOP('',(#9395,#9396,#9404,#9410));
#9395 = ORIENTED_EDGE('',*,*,#9365,.T.);
#9396 = ORIENTED_EDGE('',*,*,#9397,.T.);
#9397 = EDGE_CURVE('',#9366,#9398,#9400,.T.);
#9398 = VERTEX_POINT('',#9399);
#9399 = CARTESIAN_POINT('',(-3.975629601348,5.44,5.385093392194));
#9400 = LINE('',#9401,#9402);
#9401 = CARTESIAN_POINT('',(-4.14,5.44,5.27));
#9402 = VECTOR('',#9403,1.);
#9403 = DIRECTION('',(0.819152044289,-1.018876425631E-15,0.573576436351)
  );
#9404 = ORIENTED_EDGE('',*,*,#9405,.F.);
#9405 = EDGE_CURVE('',#8215,#9398,#9406,.T.);
#9406 = LINE('',#9407,#9408);
#9407 = CARTESIAN_POINT('',(-3.975629601348,4.94,5.385093392194));
#9408 = VECTOR('',#9409,1.);
#9409 = DIRECTION('',(0.,1.,1.7763568394E-15));
#9410 = ORIENTED_EDGE('',*,*,#8222,.F.);
#9411 = PLANE('',#9412);
#9412 = AXIS2_PLACEMENT_3D('',#9413,#9414,#9415);
#9413 = CARTESIAN_POINT('',(-4.14,4.94,5.27));
#9414 = DIRECTION('',(0.573576436351,1.455106336381E-15,-0.819152044289)
  );
#9415 = DIRECTION('',(0.819152044289,-1.018876425631E-15,0.573576436351)
  );
#9416 = ADVANCED_FACE('',(#9417),#9435,.F.);
#9417 = FACE_BOUND('',#9418,.F.);
#9418 = EDGE_LOOP('',(#9419,#9420,#9428,#9434));
#9419 = ORIENTED_EDGE('',*,*,#9405,.T.);
#9420 = ORIENTED_EDGE('',*,*,#9421,.T.);
#9421 = EDGE_CURVE('',#9398,#9422,#9424,.T.);
#9422 = VERTEX_POINT('',#9423);
#9423 = CARTESIAN_POINT('',(-3.24,5.44,4.87));
#9424 = LINE('',#9425,#9426);
#9425 = CARTESIAN_POINT('',(-3.975629601348,5.44,5.385093392194));
#9426 = VECTOR('',#9427,1.);
#9427 = DIRECTION('',(0.819152044289,1.018876425631E-15,-0.573576436351)
  );
#9428 = ORIENTED_EDGE('',*,*,#9429,.F.);
#9429 = EDGE_CURVE('',#8207,#9422,#9430,.T.);
#9430 = LINE('',#9431,#9432);
#9431 = CARTESIAN_POINT('',(-3.24,4.94,4.87));
#9432 = VECTOR('',#9433,1.);
#9433 = DIRECTION('',(0.,1.,1.7763568394E-15));
#9434 = ORIENTED_EDGE('',*,*,#8214,.F.);
#9435 = PLANE('',#9436);
#9436 = AXIS2_PLACEMENT_3D('',#9437,#9438,#9439);
#9437 = CARTESIAN_POINT('',(-3.975629601348,4.94,5.385093392194));
#9438 = DIRECTION('',(-0.573576436351,1.455106336381E-15,-0.819152044289
    ));
#9439 = DIRECTION('',(0.819152044289,1.018876425631E-15,-0.573576436351)
  );
#9440 = ADVANCED_FACE('',(#9441),#9459,.F.);
#9441 = FACE_BOUND('',#9442,.F.);
#9442 = EDGE_LOOP('',(#9443,#9444,#9452,#9458));
#9443 = ORIENTED_EDGE('',*,*,#9429,.T.);
#9444 = ORIENTED_EDGE('',*,*,#9445,.T.);
#9445 = EDGE_CURVE('',#9422,#9446,#9448,.T.);
#9446 = VERTEX_POINT('',#9447);
#9447 = CARTESIAN_POINT('',(-2.504370398652,5.44,5.385093392194));
#9448 = LINE('',#9449,#9450);
#9449 = CARTESIAN_POINT('',(-3.24,5.44,4.87));
#9450 = VECTOR('',#9451,1.);
#9451 = DIRECTION('',(0.819152044289,-1.018876425631E-15,0.573576436351)
  );
#9452 = ORIENTED_EDGE('',*,*,#9453,.F.);
#9453 = EDGE_CURVE('',#8199,#9446,#9454,.T.);
#9454 = LINE('',#9455,#9456);
#9455 = CARTESIAN_POINT('',(-2.504370398652,4.94,5.385093392194));
#9456 = VECTOR('',#9457,1.);
#9457 = DIRECTION('',(0.,1.,1.7763568394E-15));
#9458 = ORIENTED_EDGE('',*,*,#8206,.F.);
#9459 = PLANE('',#9460);
#9460 = AXIS2_PLACEMENT_3D('',#9461,#9462,#9463);
#9461 = CARTESIAN_POINT('',(-3.24,4.94,4.87));
#9462 = DIRECTION('',(0.573576436351,1.455106336381E-15,-0.819152044289)
  );
#9463 = DIRECTION('',(0.819152044289,-1.018876425631E-15,0.573576436351)
  );
#9464 = ADVANCED_FACE('',(#9465),#9483,.F.);
#9465 = FACE_BOUND('',#9466,.F.);
#9466 = EDGE_LOOP('',(#9467,#9468,#9476,#9482));
#9467 = ORIENTED_EDGE('',*,*,#9453,.T.);
#9468 = ORIENTED_EDGE('',*,*,#9469,.T.);
#9469 = EDGE_CURVE('',#9446,#9470,#9472,.T.);
#9470 = VERTEX_POINT('',#9471);
#9471 = CARTESIAN_POINT('',(-2.34,5.44,5.27));
#9472 = LINE('',#9473,#9474);
#9473 = CARTESIAN_POINT('',(-2.504370398652,5.44,5.385093392194));
#9474 = VECTOR('',#9475,1.);
#9475 = DIRECTION('',(0.819152044289,1.018876425631E-15,-0.573576436351)
  );
#9476 = ORIENTED_EDGE('',*,*,#9477,.F.);
#9477 = EDGE_CURVE('',#8191,#9470,#9478,.T.);
#9478 = LINE('',#9479,#9480);
#9479 = CARTESIAN_POINT('',(-2.34,4.94,5.27));
#9480 = VECTOR('',#9481,1.);
#9481 = DIRECTION('',(0.,1.,1.7763568394E-15));
#9482 = ORIENTED_EDGE('',*,*,#8198,.F.);
#9483 = PLANE('',#9484);
#9484 = AXIS2_PLACEMENT_3D('',#9485,#9486,#9487);
#9485 = CARTESIAN_POINT('',(-2.504370398652,4.94,5.385093392194));
#9486 = DIRECTION('',(-0.573576436351,1.455106336381E-15,-0.819152044289
    ));
#9487 = DIRECTION('',(0.819152044289,1.018876425631E-15,-0.573576436351)
  );
#9488 = ADVANCED_FACE('',(#9489),#9507,.F.);
#9489 = FACE_BOUND('',#9490,.F.);
#9490 = EDGE_LOOP('',(#9491,#9492,#9500,#9506));
#9491 = ORIENTED_EDGE('',*,*,#9477,.T.);
#9492 = ORIENTED_EDGE('',*,*,#9493,.T.);
#9493 = EDGE_CURVE('',#9470,#9494,#9496,.T.);
#9494 = VERTEX_POINT('',#9495);
#9495 = CARTESIAN_POINT('',(-2.34,5.44,4.97));
#9496 = LINE('',#9497,#9498);
#9497 = CARTESIAN_POINT('',(-2.34,5.44,5.27));
#9498 = VECTOR('',#9499,1.);
#9499 = DIRECTION('',(0.,1.7763568394E-15,-1.));
#9500 = ORIENTED_EDGE('',*,*,#9501,.F.);
#9501 = EDGE_CURVE('',#8183,#9494,#9502,.T.);
#9502 = LINE('',#9503,#9504);
#9503 = CARTESIAN_POINT('',(-2.34,4.94,4.97));
#9504 = VECTOR('',#9505,1.);
#9505 = DIRECTION('',(0.,1.,1.7763568394E-15));
#9506 = ORIENTED_EDGE('',*,*,#8190,.F.);
#9507 = PLANE('',#9508);
#9508 = AXIS2_PLACEMENT_3D('',#9509,#9510,#9511);
#9509 = CARTESIAN_POINT('',(-2.34,4.94,5.27));
#9510 = DIRECTION('',(-1.,0.,0.));
#9511 = DIRECTION('',(0.,1.7763568394E-15,-1.));
#9512 = ADVANCED_FACE('',(#9513),#9547,.T.);
#9513 = FACE_BOUND('',#9514,.T.);
#9514 = EDGE_LOOP('',(#9515,#9525,#9533,#9539,#9540,#9541));
#9515 = ORIENTED_EDGE('',*,*,#9516,.F.);
#9516 = EDGE_CURVE('',#9517,#9519,#9521,.T.);
#9517 = VERTEX_POINT('',#9518);
#9518 = CARTESIAN_POINT('',(-2.61,5.85,4.97));
#9519 = VERTEX_POINT('',#9520);
#9520 = CARTESIAN_POINT('',(-2.079999999997,5.85,4.97));
#9521 = LINE('',#9522,#9523);
#9522 = CARTESIAN_POINT('',(-4.4,5.85,4.97));
#9523 = VECTOR('',#9524,1.);
#9524 = DIRECTION('',(1.,0.,0.));
#9525 = ORIENTED_EDGE('',*,*,#9526,.T.);
#9526 = EDGE_CURVE('',#9517,#9527,#9529,.T.);
#9527 = VERTEX_POINT('',#9528);
#9528 = CARTESIAN_POINT('',(-2.61,5.44,4.97));
#9529 = LINE('',#9530,#9531);
#9530 = CARTESIAN_POINT('',(-2.61,5.85,4.97));
#9531 = VECTOR('',#9532,1.);
#9532 = DIRECTION('',(0.,-1.,2.22044604925E-16));
#9533 = ORIENTED_EDGE('',*,*,#9534,.F.);
#9534 = EDGE_CURVE('',#9494,#9527,#9535,.T.);
#9535 = LINE('',#9536,#9537);
#9536 = CARTESIAN_POINT('',(-2.34,5.44,4.97));
#9537 = VECTOR('',#9538,1.);
#9538 = DIRECTION('',(-1.,0.,0.));
#9539 = ORIENTED_EDGE('',*,*,#9501,.F.);
#9540 = ORIENTED_EDGE('',*,*,#8182,.F.);
#9541 = ORIENTED_EDGE('',*,*,#9542,.F.);
#9542 = EDGE_CURVE('',#9519,#8175,#9543,.T.);
#9543 = LINE('',#9544,#9545);
#9544 = CARTESIAN_POINT('',(-2.079999999997,5.85,4.97));
#9545 = VECTOR('',#9546,1.);
#9546 = DIRECTION('',(0.,-1.,2.22044604925E-16));
#9547 = PLANE('',#9548);
#9548 = AXIS2_PLACEMENT_3D('',#9549,#9550,#9551);
#9549 = CARTESIAN_POINT('',(-4.4,5.85,4.97));
#9550 = DIRECTION('',(0.,2.22044604925E-16,1.));
#9551 = DIRECTION('',(1.,0.,0.));
#9552 = ADVANCED_FACE('',(#9553),#9565,.T.);
#9553 = FACE_BOUND('',#9554,.T.);
#9554 = EDGE_LOOP('',(#9555,#9561,#9562,#9563,#9564));
#9555 = ORIENTED_EDGE('',*,*,#9556,.F.);
#9556 = EDGE_CURVE('',#9519,#8313,#9557,.T.);
#9557 = LINE('',#9558,#9559);
#9558 = CARTESIAN_POINT('',(-2.079999999997,5.85,4.97));
#9559 = VECTOR('',#9560,1.);
#9560 = DIRECTION('',(0.707106781184,1.570092458689E-16,0.707106781189)
  );
#9561 = ORIENTED_EDGE('',*,*,#9542,.T.);
#9562 = ORIENTED_EDGE('',*,*,#8174,.F.);
#9563 = ORIENTED_EDGE('',*,*,#8264,.T.);
#9564 = ORIENTED_EDGE('',*,*,#8312,.F.);
#9565 = PLANE('',#9566);
#9566 = AXIS2_PLACEMENT_3D('',#9567,#9568,#9569);
#9567 = CARTESIAN_POINT('',(-2.079999999997,5.85,4.97));
#9568 = DIRECTION('',(-0.707106781189,1.570092458679E-16,0.707106781184)
  );
#9569 = DIRECTION('',(0.707106781184,1.570092458689E-16,0.707106781189)
  );
#9570 = ADVANCED_FACE('',(#9571),#9591,.T.);
#9571 = FACE_BOUND('',#9572,.T.);
#9572 = EDGE_LOOP('',(#9573,#9574,#9575,#9576,#9577,#9585));
#9573 = ORIENTED_EDGE('',*,*,#9326,.F.);
#9574 = ORIENTED_EDGE('',*,*,#9311,.T.);
#9575 = ORIENTED_EDGE('',*,*,#8150,.F.);
#9576 = ORIENTED_EDGE('',*,*,#9381,.T.);
#9577 = ORIENTED_EDGE('',*,*,#9578,.T.);
#9578 = EDGE_CURVE('',#9374,#9579,#9581,.T.);
#9579 = VERTEX_POINT('',#9580);
#9580 = CARTESIAN_POINT('',(-3.87,5.44,4.97));
#9581 = LINE('',#9582,#9583);
#9582 = CARTESIAN_POINT('',(-4.14,5.44,4.97));
#9583 = VECTOR('',#9584,1.);
#9584 = DIRECTION('',(1.,0.,0.));
#9585 = ORIENTED_EDGE('',*,*,#9586,.F.);
#9586 = EDGE_CURVE('',#9327,#9579,#9587,.T.);
#9587 = LINE('',#9588,#9589);
#9588 = CARTESIAN_POINT('',(-3.87,5.85,4.97));
#9589 = VECTOR('',#9590,1.);
#9590 = DIRECTION('',(0.,-1.,2.22044604925E-16));
#9591 = PLANE('',#9592);
#9592 = AXIS2_PLACEMENT_3D('',#9593,#9594,#9595);
#9593 = CARTESIAN_POINT('',(-4.4,5.85,4.97));
#9594 = DIRECTION('',(0.,2.22044604925E-16,1.));
#9595 = DIRECTION('',(1.,0.,0.));
#9596 = ADVANCED_FACE('',(#9597),#9616,.T.);
#9597 = FACE_BOUND('',#9598,.F.);
#9598 = EDGE_LOOP('',(#9599,#9600,#9601,#9609));
#9599 = ORIENTED_EDGE('',*,*,#9350,.T.);
#9600 = ORIENTED_EDGE('',*,*,#8237,.T.);
#9601 = ORIENTED_EDGE('',*,*,#9602,.F.);
#9602 = EDGE_CURVE('',#9603,#8238,#9605,.T.);
#9603 = VERTEX_POINT('',#9604);
#9604 = CARTESIAN_POINT('',(-6.5,4.85,4.14));
#9605 = LINE('',#9606,#9607);
#9606 = CARTESIAN_POINT('',(-6.5,4.85,4.14));
#9607 = VECTOR('',#9608,1.);
#9608 = DIRECTION('',(0.,0.,1.));
#9609 = ORIENTED_EDGE('',*,*,#9610,.F.);
#9610 = EDGE_CURVE('',#9343,#9603,#9611,.T.);
#9611 = CIRCLE('',#9612,1.);
#9612 = AXIS2_PLACEMENT_3D('',#9613,#9614,#9615);
#9613 = CARTESIAN_POINT('',(-5.5,4.85,4.14));
#9614 = DIRECTION('',(0.,0.,1.));
#9615 = DIRECTION('',(1.,0.,0.));
#9616 = CYLINDRICAL_SURFACE('',#9617,1.);
#9617 = AXIS2_PLACEMENT_3D('',#9618,#9619,#9620);
#9618 = CARTESIAN_POINT('',(-5.5,4.85,4.14));
#9619 = DIRECTION('',(-0.,-0.,-1.));
#9620 = DIRECTION('',(1.,0.,0.));
#9621 = ADVANCED_FACE('',(#9622),#9633,.F.);
#9622 = FACE_BOUND('',#9623,.F.);
#9623 = EDGE_LOOP('',(#9624,#9625,#9626,#9627));
#9624 = ORIENTED_EDGE('',*,*,#9602,.T.);
#9625 = ORIENTED_EDGE('',*,*,#8298,.T.);
#9626 = ORIENTED_EDGE('',*,*,#8355,.F.);
#9627 = ORIENTED_EDGE('',*,*,#9628,.F.);
#9628 = EDGE_CURVE('',#9603,#8356,#9629,.T.);
#9629 = LINE('',#9630,#9631);
#9630 = CARTESIAN_POINT('',(-6.5,4.85,4.14));
#9631 = VECTOR('',#9632,1.);
#9632 = DIRECTION('',(0.,-1.,0.));
#9633 = PLANE('',#9634);
#9634 = AXIS2_PLACEMENT_3D('',#9635,#9636,#9637);
#9635 = CARTESIAN_POINT('',(-6.5,4.85,4.14));
#9636 = DIRECTION('',(1.,0.,0.));
#9637 = DIRECTION('',(0.,-1.,0.));
#9638 = ADVANCED_FACE('',(#9639),#9682,.T.);
#9639 = FACE_BOUND('',#9640,.T.);
#9640 = EDGE_LOOP('',(#9641,#9649,#9657,#9665,#9673,#9679,#9680,#9681));
#9641 = ORIENTED_EDGE('',*,*,#9642,.F.);
#9642 = EDGE_CURVE('',#9643,#8333,#9645,.T.);
#9643 = VERTEX_POINT('',#9644);
#9644 = CARTESIAN_POINT('',(2.079999999997,5.85,4.97));
#9645 = LINE('',#9646,#9647);
#9646 = CARTESIAN_POINT('',(2.079999999997,5.85,4.97));
#9647 = VECTOR('',#9648,1.);
#9648 = DIRECTION('',(-0.707106781184,1.570092458689E-16,0.707106781189)
  );
#9649 = ORIENTED_EDGE('',*,*,#9650,.F.);
#9650 = EDGE_CURVE('',#9651,#9643,#9653,.T.);
#9651 = VERTEX_POINT('',#9652);
#9652 = CARTESIAN_POINT('',(2.61,5.85,4.97));
#9653 = LINE('',#9654,#9655);
#9654 = CARTESIAN_POINT('',(4.4,5.85,4.97));
#9655 = VECTOR('',#9656,1.);
#9656 = DIRECTION('',(-1.,0.,0.));
#9657 = ORIENTED_EDGE('',*,*,#9658,.F.);
#9658 = EDGE_CURVE('',#9659,#9651,#9661,.T.);
#9659 = VERTEX_POINT('',#9660);
#9660 = CARTESIAN_POINT('',(2.61,5.85,4.14));
#9661 = LINE('',#9662,#9663);
#9662 = CARTESIAN_POINT('',(2.61,5.85,4.14));
#9663 = VECTOR('',#9664,1.);
#9664 = DIRECTION('',(0.,0.,1.));
#9665 = ORIENTED_EDGE('',*,*,#9666,.F.);
#9666 = EDGE_CURVE('',#9667,#9659,#9669,.T.);
#9667 = VERTEX_POINT('',#9668);
#9668 = CARTESIAN_POINT('',(-2.61,5.85,4.14));
#9669 = LINE('',#9670,#9671);
#9670 = CARTESIAN_POINT('',(-2.61,5.85,4.14));
#9671 = VECTOR('',#9672,1.);
#9672 = DIRECTION('',(1.,0.,0.));
#9673 = ORIENTED_EDGE('',*,*,#9674,.T.);
#9674 = EDGE_CURVE('',#9667,#9517,#9675,.T.);
#9675 = LINE('',#9676,#9677);
#9676 = CARTESIAN_POINT('',(-2.61,5.85,4.14));
#9677 = VECTOR('',#9678,1.);
#9678 = DIRECTION('',(0.,0.,1.));
#9679 = ORIENTED_EDGE('',*,*,#9516,.T.);
#9680 = ORIENTED_EDGE('',*,*,#9556,.T.);
#9681 = ORIENTED_EDGE('',*,*,#8341,.T.);
#9682 = PLANE('',#9683);
#9683 = AXIS2_PLACEMENT_3D('',#9684,#9685,#9686);
#9684 = CARTESIAN_POINT('',(1.465103698186E-16,5.85,4.94));
#9685 = DIRECTION('',(0.,1.,0.));
#9686 = DIRECTION('',(0.,0.,1.));
#9687 = ADVANCED_FACE('',(#9688),#9700,.F.);
#9688 = FACE_BOUND('',#9689,.F.);
#9689 = EDGE_LOOP('',(#9690,#9691,#9697,#9698,#9699));
#9690 = ORIENTED_EDGE('',*,*,#9642,.F.);
#9691 = ORIENTED_EDGE('',*,*,#9692,.T.);
#9692 = EDGE_CURVE('',#9643,#8446,#9693,.T.);
#9693 = LINE('',#9694,#9695);
#9694 = CARTESIAN_POINT('',(2.079999999997,5.85,4.97));
#9695 = VECTOR('',#9696,1.);
#9696 = DIRECTION('',(0.,-1.,2.22044604925E-16));
#9697 = ORIENTED_EDGE('',*,*,#8453,.F.);
#9698 = ORIENTED_EDGE('',*,*,#8389,.F.);
#9699 = ORIENTED_EDGE('',*,*,#8332,.F.);
#9700 = PLANE('',#9701);
#9701 = AXIS2_PLACEMENT_3D('',#9702,#9703,#9704);
#9702 = CARTESIAN_POINT('',(2.079999999997,5.85,4.97));
#9703 = DIRECTION('',(-0.707106781189,-1.570092458679E-16,
    -0.707106781184));
#9704 = DIRECTION('',(-0.707106781184,1.570092458689E-16,0.707106781189)
  );
#9705 = ADVANCED_FACE('',(#9706),#10047,.F.);
#9706 = FACE_BOUND('',#9707,.F.);
#9707 = EDGE_LOOP('',(#9708,#9709,#9710,#9711,#9712,#9713,#9714,#9722,
    #9731,#9739,#9747,#9755,#9763,#9771,#9779,#9787,#9793,#9794,#9802,
    #9810,#9818,#9826,#9834,#9842,#9850,#9858,#9867,#9875,#9881,#9882,
    #9890,#9898,#9904,#9905,#9913,#9921,#9930,#9938,#9946,#9954,#9962,
    #9970,#9978,#9986,#9992,#9993,#10001,#10009,#10017,#10025,#10033,
    #10041));
#9708 = ORIENTED_EDGE('',*,*,#9342,.F.);
#9709 = ORIENTED_EDGE('',*,*,#9610,.T.);
#9710 = ORIENTED_EDGE('',*,*,#9628,.T.);
#9711 = ORIENTED_EDGE('',*,*,#8373,.T.);
#9712 = ORIENTED_EDGE('',*,*,#8421,.T.);
#9713 = ORIENTED_EDGE('',*,*,#8550,.F.);
#9714 = ORIENTED_EDGE('',*,*,#9715,.F.);
#9715 = EDGE_CURVE('',#9716,#8532,#9718,.T.);
#9716 = VERTEX_POINT('',#9717);
#9717 = CARTESIAN_POINT('',(-6.5,-4.85,4.14));
#9718 = LINE('',#9719,#9720);
#9719 = CARTESIAN_POINT('',(-6.5,-4.85,4.14));
#9720 = VECTOR('',#9721,1.);
#9721 = DIRECTION('',(0.,1.,0.));
#9722 = ORIENTED_EDGE('',*,*,#9723,.T.);
#9723 = EDGE_CURVE('',#9716,#9724,#9726,.T.);
#9724 = VERTEX_POINT('',#9725);
#9725 = CARTESIAN_POINT('',(-5.5,-5.85,4.14));
#9726 = CIRCLE('',#9727,1.);
#9727 = AXIS2_PLACEMENT_3D('',#9728,#9729,#9730);
#9728 = CARTESIAN_POINT('',(-5.5,-4.85,4.14));
#9729 = DIRECTION('',(0.,0.,1.));
#9730 = DIRECTION('',(1.,0.,0.));
#9731 = ORIENTED_EDGE('',*,*,#9732,.T.);
#9732 = EDGE_CURVE('',#9724,#9733,#9735,.T.);
#9733 = VERTEX_POINT('',#9734);
#9734 = CARTESIAN_POINT('',(-3.87,-5.85,4.14));
#9735 = LINE('',#9736,#9737);
#9736 = CARTESIAN_POINT('',(-4.9,-5.85,4.14));
#9737 = VECTOR('',#9738,1.);
#9738 = DIRECTION('',(1.,0.,0.));
#9739 = ORIENTED_EDGE('',*,*,#9740,.F.);
#9740 = EDGE_CURVE('',#9741,#9733,#9743,.T.);
#9741 = VERTEX_POINT('',#9742);
#9742 = CARTESIAN_POINT('',(-3.87,-5.44,4.14));
#9743 = LINE('',#9744,#9745);
#9744 = CARTESIAN_POINT('',(-3.87,-4.94,4.14));
#9745 = VECTOR('',#9746,1.);
#9746 = DIRECTION('',(0.,-1.,0.));
#9747 = ORIENTED_EDGE('',*,*,#9748,.F.);
#9748 = EDGE_CURVE('',#9749,#9741,#9751,.T.);
#9749 = VERTEX_POINT('',#9750);
#9750 = CARTESIAN_POINT('',(-4.9,-5.44,4.14));
#9751 = LINE('',#9752,#9753);
#9752 = CARTESIAN_POINT('',(-4.9,-5.44,4.14));
#9753 = VECTOR('',#9754,1.);
#9754 = DIRECTION('',(1.,0.,0.));
#9755 = ORIENTED_EDGE('',*,*,#9756,.F.);
#9756 = EDGE_CURVE('',#9757,#9749,#9759,.T.);
#9757 = VERTEX_POINT('',#9758);
#9758 = CARTESIAN_POINT('',(-4.9,-4.94,4.14));
#9759 = LINE('',#9760,#9761);
#9760 = CARTESIAN_POINT('',(-4.9,-4.94,4.14));
#9761 = VECTOR('',#9762,1.);
#9762 = DIRECTION('',(0.,-1.,2.22044604925E-16));
#9763 = ORIENTED_EDGE('',*,*,#9764,.T.);
#9764 = EDGE_CURVE('',#9757,#9765,#9767,.T.);
#9765 = VERTEX_POINT('',#9766);
#9766 = CARTESIAN_POINT('',(-1.58,-4.94,4.14));
#9767 = LINE('',#9768,#9769);
#9768 = CARTESIAN_POINT('',(-2.61,-4.94,4.14));
#9769 = VECTOR('',#9770,1.);
#9770 = DIRECTION('',(1.,0.,0.));
#9771 = ORIENTED_EDGE('',*,*,#9772,.T.);
#9772 = EDGE_CURVE('',#9765,#9773,#9775,.T.);
#9773 = VERTEX_POINT('',#9774);
#9774 = CARTESIAN_POINT('',(-1.58,-5.44,4.14));
#9775 = LINE('',#9776,#9777);
#9776 = CARTESIAN_POINT('',(-1.58,-4.94,4.14));
#9777 = VECTOR('',#9778,1.);
#9778 = DIRECTION('',(0.,-1.,2.22044604925E-16));
#9779 = ORIENTED_EDGE('',*,*,#9780,.F.);
#9780 = EDGE_CURVE('',#9781,#9773,#9783,.T.);
#9781 = VERTEX_POINT('',#9782);
#9782 = CARTESIAN_POINT('',(-2.61,-5.44,4.14));
#9783 = LINE('',#9784,#9785);
#9784 = CARTESIAN_POINT('',(-2.61,-5.44,4.14));
#9785 = VECTOR('',#9786,1.);
#9786 = DIRECTION('',(1.,0.,0.));
#9787 = ORIENTED_EDGE('',*,*,#9788,.T.);
#9788 = EDGE_CURVE('',#9781,#8999,#9789,.T.);
#9789 = LINE('',#9790,#9791);
#9790 = CARTESIAN_POINT('',(-2.61,-4.94,4.14));
#9791 = VECTOR('',#9792,1.);
#9792 = DIRECTION('',(0.,-1.,0.));
#9793 = ORIENTED_EDGE('',*,*,#8998,.T.);
#9794 = ORIENTED_EDGE('',*,*,#9795,.F.);
#9795 = EDGE_CURVE('',#9796,#9001,#9798,.T.);
#9796 = VERTEX_POINT('',#9797);
#9797 = CARTESIAN_POINT('',(2.61,-5.44,4.14));
#9798 = LINE('',#9799,#9800);
#9799 = CARTESIAN_POINT('',(2.61,-4.94,4.14));
#9800 = VECTOR('',#9801,1.);
#9801 = DIRECTION('',(0.,-1.,0.));
#9802 = ORIENTED_EDGE('',*,*,#9803,.T.);
#9803 = EDGE_CURVE('',#9796,#9804,#9806,.T.);
#9804 = VERTEX_POINT('',#9805);
#9805 = CARTESIAN_POINT('',(1.58,-5.44,4.14));
#9806 = LINE('',#9807,#9808);
#9807 = CARTESIAN_POINT('',(2.61,-5.44,4.14));
#9808 = VECTOR('',#9809,1.);
#9809 = DIRECTION('',(-1.,0.,0.));
#9810 = ORIENTED_EDGE('',*,*,#9811,.F.);
#9811 = EDGE_CURVE('',#9812,#9804,#9814,.T.);
#9812 = VERTEX_POINT('',#9813);
#9813 = CARTESIAN_POINT('',(1.58,-4.94,4.14));
#9814 = LINE('',#9815,#9816);
#9815 = CARTESIAN_POINT('',(1.58,-4.94,4.14));
#9816 = VECTOR('',#9817,1.);
#9817 = DIRECTION('',(0.,-1.,2.22044604925E-16));
#9818 = ORIENTED_EDGE('',*,*,#9819,.F.);
#9819 = EDGE_CURVE('',#9820,#9812,#9822,.T.);
#9820 = VERTEX_POINT('',#9821);
#9821 = CARTESIAN_POINT('',(4.9,-4.94,4.14));
#9822 = LINE('',#9823,#9824);
#9823 = CARTESIAN_POINT('',(4.9,-4.94,4.14));
#9824 = VECTOR('',#9825,1.);
#9825 = DIRECTION('',(-1.,0.,0.));
#9826 = ORIENTED_EDGE('',*,*,#9827,.T.);
#9827 = EDGE_CURVE('',#9820,#9828,#9830,.T.);
#9828 = VERTEX_POINT('',#9829);
#9829 = CARTESIAN_POINT('',(4.9,-5.44,4.14));
#9830 = LINE('',#9831,#9832);
#9831 = CARTESIAN_POINT('',(4.9,-4.94,4.14));
#9832 = VECTOR('',#9833,1.);
#9833 = DIRECTION('',(0.,-1.,2.22044604925E-16));
#9834 = ORIENTED_EDGE('',*,*,#9835,.T.);
#9835 = EDGE_CURVE('',#9828,#9836,#9838,.T.);
#9836 = VERTEX_POINT('',#9837);
#9837 = CARTESIAN_POINT('',(3.87,-5.44,4.14));
#9838 = LINE('',#9839,#9840);
#9839 = CARTESIAN_POINT('',(4.9,-5.44,4.14));
#9840 = VECTOR('',#9841,1.);
#9841 = DIRECTION('',(-1.,0.,0.));
#9842 = ORIENTED_EDGE('',*,*,#9843,.T.);
#9843 = EDGE_CURVE('',#9836,#9844,#9846,.T.);
#9844 = VERTEX_POINT('',#9845);
#9845 = CARTESIAN_POINT('',(3.87,-5.85,4.14));
#9846 = LINE('',#9847,#9848);
#9847 = CARTESIAN_POINT('',(3.87,-4.94,4.14));
#9848 = VECTOR('',#9849,1.);
#9849 = DIRECTION('',(0.,-1.,0.));
#9850 = ORIENTED_EDGE('',*,*,#9851,.T.);
#9851 = EDGE_CURVE('',#9844,#9852,#9854,.T.);
#9852 = VERTEX_POINT('',#9853);
#9853 = CARTESIAN_POINT('',(5.5,-5.85,4.14));
#9854 = LINE('',#9855,#9856);
#9855 = CARTESIAN_POINT('',(4.9,-5.85,4.14));
#9856 = VECTOR('',#9857,1.);
#9857 = DIRECTION('',(1.,0.,0.));
#9858 = ORIENTED_EDGE('',*,*,#9859,.T.);
#9859 = EDGE_CURVE('',#9852,#9860,#9862,.T.);
#9860 = VERTEX_POINT('',#9861);
#9861 = CARTESIAN_POINT('',(6.5,-4.849999992573,4.14));
#9862 = CIRCLE('',#9863,1.);
#9863 = AXIS2_PLACEMENT_3D('',#9864,#9865,#9866);
#9864 = CARTESIAN_POINT('',(5.5,-4.85,4.14));
#9865 = DIRECTION('',(0.,0.,1.));
#9866 = DIRECTION('',(1.,0.,0.));
#9867 = ORIENTED_EDGE('',*,*,#9868,.F.);
#9868 = EDGE_CURVE('',#9869,#9860,#9871,.T.);
#9869 = VERTEX_POINT('',#9870);
#9870 = CARTESIAN_POINT('',(6.5,-3.511999992573,4.14));
#9871 = LINE('',#9872,#9873);
#9872 = CARTESIAN_POINT('',(6.5,-3.511999992573,4.14));
#9873 = VECTOR('',#9874,1.);
#9874 = DIRECTION('',(-6.638104781017E-16,-1.,0.));
#9875 = ORIENTED_EDGE('',*,*,#9876,.F.);
#9876 = EDGE_CURVE('',#8977,#9869,#9877,.T.);
#9877 = LINE('',#9878,#9879);
#9878 = CARTESIAN_POINT('',(6.1,-3.511999992573,4.14));
#9879 = VECTOR('',#9880,1.);
#9880 = DIRECTION('',(1.,0.,0.));
#9881 = ORIENTED_EDGE('',*,*,#8984,.F.);
#9882 = ORIENTED_EDGE('',*,*,#9883,.F.);
#9883 = EDGE_CURVE('',#9884,#8968,#9886,.T.);
#9884 = VERTEX_POINT('',#9885);
#9885 = CARTESIAN_POINT('',(6.5,-1.479999996287,4.14));
#9886 = LINE('',#9887,#9888);
#9887 = CARTESIAN_POINT('',(6.5,-1.479999996287,4.14));
#9888 = VECTOR('',#9889,1.);
#9889 = DIRECTION('',(-1.,0.,0.));
#9890 = ORIENTED_EDGE('',*,*,#9891,.F.);
#9891 = EDGE_CURVE('',#9892,#9884,#9894,.T.);
#9892 = VERTEX_POINT('',#9893);
#9893 = CARTESIAN_POINT('',(6.5,1.480000003713,4.14));
#9894 = LINE('',#9895,#9896);
#9895 = CARTESIAN_POINT('',(6.5,1.480000003713,4.14));
#9896 = VECTOR('',#9897,1.);
#9897 = DIRECTION('',(0.,-1.,0.));
#9898 = ORIENTED_EDGE('',*,*,#9899,.F.);
#9899 = EDGE_CURVE('',#8793,#9892,#9900,.T.);
#9900 = LINE('',#9901,#9902);
#9901 = CARTESIAN_POINT('',(6.1,1.480000003713,4.14));
#9902 = VECTOR('',#9903,1.);
#9903 = DIRECTION('',(1.,0.,0.));
#9904 = ORIENTED_EDGE('',*,*,#8800,.F.);
#9905 = ORIENTED_EDGE('',*,*,#9906,.F.);
#9906 = EDGE_CURVE('',#9907,#8784,#9909,.T.);
#9907 = VERTEX_POINT('',#9908);
#9908 = CARTESIAN_POINT('',(6.5,3.512,4.14));
#9909 = LINE('',#9910,#9911);
#9910 = CARTESIAN_POINT('',(6.5,3.512,4.14));
#9911 = VECTOR('',#9912,1.);
#9912 = DIRECTION('',(-1.,0.,0.));
#9913 = ORIENTED_EDGE('',*,*,#9914,.F.);
#9914 = EDGE_CURVE('',#9915,#9907,#9917,.T.);
#9915 = VERTEX_POINT('',#9916);
#9916 = CARTESIAN_POINT('',(6.5,4.85,4.14));
#9917 = LINE('',#9918,#9919);
#9918 = CARTESIAN_POINT('',(6.5,4.85,4.14));
#9919 = VECTOR('',#9920,1.);
#9920 = DIRECTION('',(0.,-1.,0.));
#9921 = ORIENTED_EDGE('',*,*,#9922,.T.);
#9922 = EDGE_CURVE('',#9915,#9923,#9925,.T.);
#9923 = VERTEX_POINT('',#9924);
#9924 = CARTESIAN_POINT('',(5.5,5.85,4.14));
#9925 = CIRCLE('',#9926,1.);
#9926 = AXIS2_PLACEMENT_3D('',#9927,#9928,#9929);
#9927 = CARTESIAN_POINT('',(5.5,4.85,4.14));
#9928 = DIRECTION('',(0.,0.,1.));
#9929 = DIRECTION('',(1.,0.,0.));
#9930 = ORIENTED_EDGE('',*,*,#9931,.F.);
#9931 = EDGE_CURVE('',#9932,#9923,#9934,.T.);
#9932 = VERTEX_POINT('',#9933);
#9933 = CARTESIAN_POINT('',(3.87,5.85,4.14));
#9934 = LINE('',#9935,#9936);
#9935 = CARTESIAN_POINT('',(3.87,5.85,4.14));
#9936 = VECTOR('',#9937,1.);
#9937 = DIRECTION('',(1.,0.,0.));
#9938 = ORIENTED_EDGE('',*,*,#9939,.T.);
#9939 = EDGE_CURVE('',#9932,#9940,#9942,.T.);
#9940 = VERTEX_POINT('',#9941);
#9941 = CARTESIAN_POINT('',(3.87,5.44,4.14));
#9942 = LINE('',#9943,#9944);
#9943 = CARTESIAN_POINT('',(3.87,5.85,4.14));
#9944 = VECTOR('',#9945,1.);
#9945 = DIRECTION('',(0.,-1.,0.));
#9946 = ORIENTED_EDGE('',*,*,#9947,.F.);
#9947 = EDGE_CURVE('',#9948,#9940,#9950,.T.);
#9948 = VERTEX_POINT('',#9949);
#9949 = CARTESIAN_POINT('',(4.9,5.44,4.14));
#9950 = LINE('',#9951,#9952);
#9951 = CARTESIAN_POINT('',(4.9,5.44,4.14));
#9952 = VECTOR('',#9953,1.);
#9953 = DIRECTION('',(-1.,0.,0.));
#9954 = ORIENTED_EDGE('',*,*,#9955,.F.);
#9955 = EDGE_CURVE('',#9956,#9948,#9958,.T.);
#9956 = VERTEX_POINT('',#9957);
#9957 = CARTESIAN_POINT('',(4.9,4.94,4.14));
#9958 = LINE('',#9959,#9960);
#9959 = CARTESIAN_POINT('',(4.9,4.94,4.14));
#9960 = VECTOR('',#9961,1.);
#9961 = DIRECTION('',(0.,1.,1.7763568394E-15));
#9962 = ORIENTED_EDGE('',*,*,#9963,.T.);
#9963 = EDGE_CURVE('',#9956,#9964,#9966,.T.);
#9964 = VERTEX_POINT('',#9965);
#9965 = CARTESIAN_POINT('',(1.58,4.94,4.14));
#9966 = LINE('',#9967,#9968);
#9967 = CARTESIAN_POINT('',(2.61,4.94,4.14));
#9968 = VECTOR('',#9969,1.);
#9969 = DIRECTION('',(-1.,0.,0.));
#9970 = ORIENTED_EDGE('',*,*,#9971,.T.);
#9971 = EDGE_CURVE('',#9964,#9972,#9974,.T.);
#9972 = VERTEX_POINT('',#9973);
#9973 = CARTESIAN_POINT('',(1.58,5.44,4.14));
#9974 = LINE('',#9975,#9976);
#9975 = CARTESIAN_POINT('',(1.58,4.94,4.14));
#9976 = VECTOR('',#9977,1.);
#9977 = DIRECTION('',(0.,1.,1.7763568394E-15));
#9978 = ORIENTED_EDGE('',*,*,#9979,.F.);
#9979 = EDGE_CURVE('',#9980,#9972,#9982,.T.);
#9980 = VERTEX_POINT('',#9981);
#9981 = CARTESIAN_POINT('',(2.61,5.44,4.14));
#9982 = LINE('',#9983,#9984);
#9983 = CARTESIAN_POINT('',(2.61,5.44,4.14));
#9984 = VECTOR('',#9985,1.);
#9985 = DIRECTION('',(-1.,0.,0.));
#9986 = ORIENTED_EDGE('',*,*,#9987,.F.);
#9987 = EDGE_CURVE('',#9659,#9980,#9988,.T.);
#9988 = LINE('',#9989,#9990);
#9989 = CARTESIAN_POINT('',(2.61,5.85,4.14));
#9990 = VECTOR('',#9991,1.);
#9991 = DIRECTION('',(0.,-1.,0.));
#9992 = ORIENTED_EDGE('',*,*,#9666,.F.);
#9993 = ORIENTED_EDGE('',*,*,#9994,.T.);
#9994 = EDGE_CURVE('',#9667,#9995,#9997,.T.);
#9995 = VERTEX_POINT('',#9996);
#9996 = CARTESIAN_POINT('',(-2.61,5.44,4.14));
#9997 = LINE('',#9998,#9999);
#9998 = CARTESIAN_POINT('',(-2.61,5.85,4.14));
#9999 = VECTOR('',#10000,1.);
#10000 = DIRECTION('',(0.,-1.,0.));
#10001 = ORIENTED_EDGE('',*,*,#10002,.T.);
#10002 = EDGE_CURVE('',#9995,#10003,#10005,.T.);
#10003 = VERTEX_POINT('',#10004);
#10004 = CARTESIAN_POINT('',(-1.58,5.44,4.14));
#10005 = LINE('',#10006,#10007);
#10006 = CARTESIAN_POINT('',(-2.61,5.44,4.14));
#10007 = VECTOR('',#10008,1.);
#10008 = DIRECTION('',(1.,0.,0.));
#10009 = ORIENTED_EDGE('',*,*,#10010,.F.);
#10010 = EDGE_CURVE('',#10011,#10003,#10013,.T.);
#10011 = VERTEX_POINT('',#10012);
#10012 = CARTESIAN_POINT('',(-1.58,4.94,4.14));
#10013 = LINE('',#10014,#10015);
#10014 = CARTESIAN_POINT('',(-1.58,4.94,4.14));
#10015 = VECTOR('',#10016,1.);
#10016 = DIRECTION('',(0.,1.,1.7763568394E-15));
#10017 = ORIENTED_EDGE('',*,*,#10018,.F.);
#10018 = EDGE_CURVE('',#10019,#10011,#10021,.T.);
#10019 = VERTEX_POINT('',#10020);
#10020 = CARTESIAN_POINT('',(-4.9,4.94,4.14));
#10021 = LINE('',#10022,#10023);
#10022 = CARTESIAN_POINT('',(-4.9,4.94,4.14));
#10023 = VECTOR('',#10024,1.);
#10024 = DIRECTION('',(1.,0.,0.));
#10025 = ORIENTED_EDGE('',*,*,#10026,.T.);
#10026 = EDGE_CURVE('',#10019,#10027,#10029,.T.);
#10027 = VERTEX_POINT('',#10028);
#10028 = CARTESIAN_POINT('',(-4.9,5.44,4.14));
#10029 = LINE('',#10030,#10031);
#10030 = CARTESIAN_POINT('',(-4.9,4.94,4.14));
#10031 = VECTOR('',#10032,1.);
#10032 = DIRECTION('',(0.,1.,1.7763568394E-15));
#10033 = ORIENTED_EDGE('',*,*,#10034,.T.);
#10034 = EDGE_CURVE('',#10027,#10035,#10037,.T.);
#10035 = VERTEX_POINT('',#10036);
#10036 = CARTESIAN_POINT('',(-3.87,5.44,4.14));
#10037 = LINE('',#10038,#10039);
#10038 = CARTESIAN_POINT('',(-4.9,5.44,4.14));
#10039 = VECTOR('',#10040,1.);
#10040 = DIRECTION('',(1.,0.,0.));
#10041 = ORIENTED_EDGE('',*,*,#10042,.F.);
#10042 = EDGE_CURVE('',#9335,#10035,#10043,.T.);
#10043 = LINE('',#10044,#10045);
#10044 = CARTESIAN_POINT('',(-3.87,5.85,4.14));
#10045 = VECTOR('',#10046,1.);
#10046 = DIRECTION('',(0.,-1.,0.));
#10047 = PLANE('',#10048);
#10048 = AXIS2_PLACEMENT_3D('',#10049,#10050,#10051);
#10049 = CARTESIAN_POINT('',(0.105360121522,1.298093054037E-10,4.14));
#10050 = DIRECTION('',(0.,0.,1.));
#10051 = DIRECTION('',(1.,0.,0.));
#10052 = ADVANCED_FACE('',(#10053),#10078,.T.);
#10053 = FACE_BOUND('',#10054,.T.);
#10054 = EDGE_LOOP('',(#10055,#10063,#10071,#10077));
#10055 = ORIENTED_EDGE('',*,*,#10056,.T.);
#10056 = EDGE_CURVE('',#8436,#10057,#10059,.T.);
#10057 = VERTEX_POINT('',#10058);
#10058 = CARTESIAN_POINT('',(2.34,5.44,5.27));
#10059 = LINE('',#10060,#10061);
#10060 = CARTESIAN_POINT('',(2.34,4.94,5.27));
#10061 = VECTOR('',#10062,1.);
#10062 = DIRECTION('',(0.,1.,1.7763568394E-15));
#10063 = ORIENTED_EDGE('',*,*,#10064,.T.);
#10064 = EDGE_CURVE('',#10057,#10065,#10067,.T.);
#10065 = VERTEX_POINT('',#10066);
#10066 = CARTESIAN_POINT('',(2.34,5.44,4.97));
#10067 = LINE('',#10068,#10069);
#10068 = CARTESIAN_POINT('',(2.34,5.44,5.27));
#10069 = VECTOR('',#10070,1.);
#10070 = DIRECTION('',(0.,1.7763568394E-15,-1.));
#10071 = ORIENTED_EDGE('',*,*,#10072,.F.);
#10072 = EDGE_CURVE('',#8438,#10065,#10073,.T.);
#10073 = LINE('',#10074,#10075);
#10074 = CARTESIAN_POINT('',(2.34,4.94,4.97));
#10075 = VECTOR('',#10076,1.);
#10076 = DIRECTION('',(0.,1.,1.7763568394E-15));
#10077 = ORIENTED_EDGE('',*,*,#8435,.F.);
#10078 = PLANE('',#10079);
#10079 = AXIS2_PLACEMENT_3D('',#10080,#10081,#10082);
#10080 = CARTESIAN_POINT('',(2.34,4.94,5.27));
#10081 = DIRECTION('',(-1.,0.,0.));
#10082 = DIRECTION('',(0.,1.7763568394E-15,-1.));
#10083 = ADVANCED_FACE('',(#10084),#10102,.T.);
#10084 = FACE_BOUND('',#10085,.T.);
#10085 = EDGE_LOOP('',(#10086,#10094,#10100,#10101));
#10086 = ORIENTED_EDGE('',*,*,#10087,.T.);
#10087 = EDGE_CURVE('',#8510,#10088,#10090,.T.);
#10088 = VERTEX_POINT('',#10089);
#10089 = CARTESIAN_POINT('',(2.504370398652,5.44,5.385093392194));
#10090 = LINE('',#10091,#10092);
#10091 = CARTESIAN_POINT('',(2.504370398652,4.94,5.385093392194));
#10092 = VECTOR('',#10093,1.);
#10093 = DIRECTION('',(0.,1.,1.7763568394E-15));
#10094 = ORIENTED_EDGE('',*,*,#10095,.T.);
#10095 = EDGE_CURVE('',#10088,#10057,#10096,.T.);
#10096 = LINE('',#10097,#10098);
#10097 = CARTESIAN_POINT('',(2.504370398652,5.44,5.385093392194));
#10098 = VECTOR('',#10099,1.);
#10099 = DIRECTION('',(-0.819152044289,1.018876425631E-15,
    -0.573576436351));
#10100 = ORIENTED_EDGE('',*,*,#10056,.F.);
#10101 = ORIENTED_EDGE('',*,*,#8517,.F.);
#10102 = PLANE('',#10103);
#10103 = AXIS2_PLACEMENT_3D('',#10104,#10105,#10106);
#10104 = CARTESIAN_POINT('',(2.504370398652,4.94,5.385093392194));
#10105 = DIRECTION('',(-0.573576436351,-1.455106336381E-15,
    0.819152044289));
#10106 = DIRECTION('',(-0.819152044289,1.018876425631E-15,
    -0.573576436351));
#10107 = ADVANCED_FACE('',(#10108),#10126,.T.);
#10108 = FACE_BOUND('',#10109,.T.);
#10109 = EDGE_LOOP('',(#10110,#10118,#10124,#10125));
#10110 = ORIENTED_EDGE('',*,*,#10111,.T.);
#10111 = EDGE_CURVE('',#8502,#10112,#10114,.T.);
#10112 = VERTEX_POINT('',#10113);
#10113 = CARTESIAN_POINT('',(3.24,5.44,4.87));
#10114 = LINE('',#10115,#10116);
#10115 = CARTESIAN_POINT('',(3.24,4.94,4.87));
#10116 = VECTOR('',#10117,1.);
#10117 = DIRECTION('',(0.,1.,1.7763568394E-15));
#10118 = ORIENTED_EDGE('',*,*,#10119,.T.);
#10119 = EDGE_CURVE('',#10112,#10088,#10120,.T.);
#10120 = LINE('',#10121,#10122);
#10121 = CARTESIAN_POINT('',(3.24,5.44,4.87));
#10122 = VECTOR('',#10123,1.);
#10123 = DIRECTION('',(-0.819152044289,-1.018876425631E-15,
    0.573576436351));
#10124 = ORIENTED_EDGE('',*,*,#10087,.F.);
#10125 = ORIENTED_EDGE('',*,*,#8509,.F.);
#10126 = PLANE('',#10127);
#10127 = AXIS2_PLACEMENT_3D('',#10128,#10129,#10130);
#10128 = CARTESIAN_POINT('',(3.24,4.94,4.87));
#10129 = DIRECTION('',(0.573576436351,-1.455106336381E-15,0.819152044289
    ));
#10130 = DIRECTION('',(-0.819152044289,-1.018876425631E-15,
    0.573576436351));
#10131 = ADVANCED_FACE('',(#10132),#10150,.T.);
#10132 = FACE_BOUND('',#10133,.T.);
#10133 = EDGE_LOOP('',(#10134,#10142,#10148,#10149));
#10134 = ORIENTED_EDGE('',*,*,#10135,.T.);
#10135 = EDGE_CURVE('',#8494,#10136,#10138,.T.);
#10136 = VERTEX_POINT('',#10137);
#10137 = CARTESIAN_POINT('',(3.975629601348,5.44,5.385093392194));
#10138 = LINE('',#10139,#10140);
#10139 = CARTESIAN_POINT('',(3.975629601348,4.94,5.385093392194));
#10140 = VECTOR('',#10141,1.);
#10141 = DIRECTION('',(0.,1.,1.7763568394E-15));
#10142 = ORIENTED_EDGE('',*,*,#10143,.T.);
#10143 = EDGE_CURVE('',#10136,#10112,#10144,.T.);
#10144 = LINE('',#10145,#10146);
#10145 = CARTESIAN_POINT('',(3.975629601348,5.44,5.385093392194));
#10146 = VECTOR('',#10147,1.);
#10147 = DIRECTION('',(-0.819152044289,1.018876425631E-15,
    -0.573576436351));
#10148 = ORIENTED_EDGE('',*,*,#10111,.F.);
#10149 = ORIENTED_EDGE('',*,*,#8501,.F.);
#10150 = PLANE('',#10151);
#10151 = AXIS2_PLACEMENT_3D('',#10152,#10153,#10154);
#10152 = CARTESIAN_POINT('',(3.975629601348,4.94,5.385093392194));
#10153 = DIRECTION('',(-0.573576436351,-1.455106336381E-15,
    0.819152044289));
#10154 = DIRECTION('',(-0.819152044289,1.018876425631E-15,
    -0.573576436351));
#10155 = ADVANCED_FACE('',(#10156),#10174,.T.);
#10156 = FACE_BOUND('',#10157,.T.);
#10157 = EDGE_LOOP('',(#10158,#10166,#10172,#10173));
#10158 = ORIENTED_EDGE('',*,*,#10159,.T.);
#10159 = EDGE_CURVE('',#8486,#10160,#10162,.T.);
#10160 = VERTEX_POINT('',#10161);
#10161 = CARTESIAN_POINT('',(4.14,5.44,5.27));
#10162 = LINE('',#10163,#10164);
#10163 = CARTESIAN_POINT('',(4.14,4.94,5.27));
#10164 = VECTOR('',#10165,1.);
#10165 = DIRECTION('',(0.,1.,1.7763568394E-15));
#10166 = ORIENTED_EDGE('',*,*,#10167,.T.);
#10167 = EDGE_CURVE('',#10160,#10136,#10168,.T.);
#10168 = LINE('',#10169,#10170);
#10169 = CARTESIAN_POINT('',(4.14,5.44,5.27));
#10170 = VECTOR('',#10171,1.);
#10171 = DIRECTION('',(-0.819152044289,-1.018876425631E-15,
    0.573576436351));
#10172 = ORIENTED_EDGE('',*,*,#10135,.F.);
#10173 = ORIENTED_EDGE('',*,*,#8493,.F.);
#10174 = PLANE('',#10175);
#10175 = AXIS2_PLACEMENT_3D('',#10176,#10177,#10178);
#10176 = CARTESIAN_POINT('',(4.14,4.94,5.27));
#10177 = DIRECTION('',(0.573576436351,-1.455106336381E-15,0.819152044289
    ));
#10178 = DIRECTION('',(-0.819152044289,-1.018876425631E-15,
    0.573576436351));
#10179 = ADVANCED_FACE('',(#10180),#10198,.F.);
#10180 = FACE_BOUND('',#10181,.F.);
#10181 = EDGE_LOOP('',(#10182,#10183,#10191,#10197));
#10182 = ORIENTED_EDGE('',*,*,#10159,.T.);
#10183 = ORIENTED_EDGE('',*,*,#10184,.T.);
#10184 = EDGE_CURVE('',#10160,#10185,#10187,.T.);
#10185 = VERTEX_POINT('',#10186);
#10186 = CARTESIAN_POINT('',(4.14,5.44,4.97));
#10187 = LINE('',#10188,#10189);
#10188 = CARTESIAN_POINT('',(4.14,5.44,5.27));
#10189 = VECTOR('',#10190,1.);
#10190 = DIRECTION('',(0.,1.7763568394E-15,-1.));
#10191 = ORIENTED_EDGE('',*,*,#10192,.F.);
#10192 = EDGE_CURVE('',#8478,#10185,#10193,.T.);
#10193 = LINE('',#10194,#10195);
#10194 = CARTESIAN_POINT('',(4.14,4.94,4.97));
#10195 = VECTOR('',#10196,1.);
#10196 = DIRECTION('',(0.,1.,1.7763568394E-15));
#10197 = ORIENTED_EDGE('',*,*,#8485,.F.);
#10198 = PLANE('',#10199);
#10199 = AXIS2_PLACEMENT_3D('',#10200,#10201,#10202);
#10200 = CARTESIAN_POINT('',(4.14,4.94,5.27));
#10201 = DIRECTION('',(-1.,0.,0.));
#10202 = DIRECTION('',(0.,1.7763568394E-15,-1.));
#10203 = ADVANCED_FACE('',(#10204),#10238,.F.);
#10204 = FACE_BOUND('',#10205,.F.);
#10205 = EDGE_LOOP('',(#10206,#10216,#10222,#10223,#10224,#10232));
#10206 = ORIENTED_EDGE('',*,*,#10207,.F.);
#10207 = EDGE_CURVE('',#10208,#10210,#10212,.T.);
#10208 = VERTEX_POINT('',#10209);
#10209 = CARTESIAN_POINT('',(4.4,5.85,4.97));
#10210 = VERTEX_POINT('',#10211);
#10211 = CARTESIAN_POINT('',(3.87,5.85,4.97));
#10212 = LINE('',#10213,#10214);
#10213 = CARTESIAN_POINT('',(4.4,5.85,4.97));
#10214 = VECTOR('',#10215,1.);
#10215 = DIRECTION('',(-1.,0.,0.));
#10216 = ORIENTED_EDGE('',*,*,#10217,.T.);
#10217 = EDGE_CURVE('',#10208,#8470,#10218,.T.);
#10218 = LINE('',#10219,#10220);
#10219 = CARTESIAN_POINT('',(4.4,5.85,4.97));
#10220 = VECTOR('',#10221,1.);
#10221 = DIRECTION('',(0.,-1.,2.22044604925E-16));
#10222 = ORIENTED_EDGE('',*,*,#8477,.F.);
#10223 = ORIENTED_EDGE('',*,*,#10192,.T.);
#10224 = ORIENTED_EDGE('',*,*,#10225,.T.);
#10225 = EDGE_CURVE('',#10185,#10226,#10228,.T.);
#10226 = VERTEX_POINT('',#10227);
#10227 = CARTESIAN_POINT('',(3.87,5.44,4.97));
#10228 = LINE('',#10229,#10230);
#10229 = CARTESIAN_POINT('',(4.14,5.44,4.97));
#10230 = VECTOR('',#10231,1.);
#10231 = DIRECTION('',(-1.,0.,0.));
#10232 = ORIENTED_EDGE('',*,*,#10233,.T.);
#10233 = EDGE_CURVE('',#10226,#10210,#10234,.T.);
#10234 = LINE('',#10235,#10236);
#10235 = CARTESIAN_POINT('',(3.87,5.85,4.97));
#10236 = VECTOR('',#10237,1.);
#10237 = DIRECTION('',(0.,1.,-2.22044604925E-16));
#10238 = PLANE('',#10239);
#10239 = AXIS2_PLACEMENT_3D('',#10240,#10241,#10242);
#10240 = CARTESIAN_POINT('',(4.4,5.85,4.97));
#10241 = DIRECTION('',(-0.,-2.22044604925E-16,-1.));
#10242 = DIRECTION('',(-1.,0.,0.));
#10243 = ADVANCED_FACE('',(#10244),#10256,.F.);
#10244 = FACE_BOUND('',#10245,.F.);
#10245 = EDGE_LOOP('',(#10246,#10252,#10253,#10254,#10255));
#10246 = ORIENTED_EDGE('',*,*,#10247,.F.);
#10247 = EDGE_CURVE('',#8615,#10208,#10248,.T.);
#10248 = LINE('',#10249,#10250);
#10249 = CARTESIAN_POINT('',(4.9,5.85,5.47));
#10250 = VECTOR('',#10251,1.);
#10251 = DIRECTION('',(-0.707106781187,-1.570092458684E-16,
    -0.707106781187));
#10252 = ORIENTED_EDGE('',*,*,#8614,.T.);
#10253 = ORIENTED_EDGE('',*,*,#8566,.F.);
#10254 = ORIENTED_EDGE('',*,*,#8469,.F.);
#10255 = ORIENTED_EDGE('',*,*,#10217,.F.);
#10256 = PLANE('',#10257);
#10257 = AXIS2_PLACEMENT_3D('',#10258,#10259,#10260);
#10258 = CARTESIAN_POINT('',(4.9,5.85,5.47));
#10259 = DIRECTION('',(0.707106781187,-1.570092458684E-16,
    -0.707106781187));
#10260 = DIRECTION('',(-0.707106781187,-1.570092458684E-16,
    -0.707106781187));
#10261 = ADVANCED_FACE('',(#10262),#10282,.F.);
#10262 = FACE_BOUND('',#10263,.F.);
#10263 = EDGE_LOOP('',(#10264,#10265,#10273,#10279,#10280,#10281));
#10264 = ORIENTED_EDGE('',*,*,#9650,.F.);
#10265 = ORIENTED_EDGE('',*,*,#10266,.F.);
#10266 = EDGE_CURVE('',#10267,#9651,#10269,.T.);
#10267 = VERTEX_POINT('',#10268);
#10268 = CARTESIAN_POINT('',(2.61,5.44,4.97));
#10269 = LINE('',#10270,#10271);
#10270 = CARTESIAN_POINT('',(2.61,5.85,4.97));
#10271 = VECTOR('',#10272,1.);
#10272 = DIRECTION('',(0.,1.,-2.22044604925E-16));
#10273 = ORIENTED_EDGE('',*,*,#10274,.T.);
#10274 = EDGE_CURVE('',#10267,#10065,#10275,.T.);
#10275 = LINE('',#10276,#10277);
#10276 = CARTESIAN_POINT('',(2.61,5.44,4.97));
#10277 = VECTOR('',#10278,1.);
#10278 = DIRECTION('',(-1.,0.,0.));
#10279 = ORIENTED_EDGE('',*,*,#10072,.F.);
#10280 = ORIENTED_EDGE('',*,*,#8445,.F.);
#10281 = ORIENTED_EDGE('',*,*,#9692,.F.);
#10282 = PLANE('',#10283);
#10283 = AXIS2_PLACEMENT_3D('',#10284,#10285,#10286);
#10284 = CARTESIAN_POINT('',(4.4,5.85,4.97));
#10285 = DIRECTION('',(-0.,-2.22044604925E-16,-1.));
#10286 = DIRECTION('',(-1.,0.,0.));
#10287 = ADVANCED_FACE('',(#10288),#10299,.T.);
#10288 = FACE_BOUND('',#10289,.T.);
#10289 = EDGE_LOOP('',(#10290,#10296,#10297,#10298));
#10290 = ORIENTED_EDGE('',*,*,#10291,.T.);
#10291 = EDGE_CURVE('',#9716,#8592,#10292,.T.);
#10292 = LINE('',#10293,#10294);
#10293 = CARTESIAN_POINT('',(-6.5,-4.85,4.14));
#10294 = VECTOR('',#10295,1.);
#10295 = DIRECTION('',(0.,0.,1.));
#10296 = ORIENTED_EDGE('',*,*,#8600,.F.);
#10297 = ORIENTED_EDGE('',*,*,#8531,.F.);
#10298 = ORIENTED_EDGE('',*,*,#9715,.F.);
#10299 = PLANE('',#10300);
#10300 = AXIS2_PLACEMENT_3D('',#10301,#10302,#10303);
#10301 = CARTESIAN_POINT('',(-6.5,-4.85,4.14));
#10302 = DIRECTION('',(-1.,0.,0.));
#10303 = DIRECTION('',(0.,1.,0.));
#10304 = ADVANCED_FACE('',(#10305),#10323,.T.);
#10305 = FACE_BOUND('',#10306,.T.);
#10306 = EDGE_LOOP('',(#10307,#10313,#10314,#10320,#10321,#10322));
#10307 = ORIENTED_EDGE('',*,*,#10308,.F.);
#10308 = EDGE_CURVE('',#9923,#8624,#10309,.T.);
#10309 = LINE('',#10310,#10311);
#10310 = CARTESIAN_POINT('',(5.5,5.85,4.14));
#10311 = VECTOR('',#10312,1.);
#10312 = DIRECTION('',(0.,0.,1.));
#10313 = ORIENTED_EDGE('',*,*,#9931,.F.);
#10314 = ORIENTED_EDGE('',*,*,#10315,.T.);
#10315 = EDGE_CURVE('',#9932,#10210,#10316,.T.);
#10316 = LINE('',#10317,#10318);
#10317 = CARTESIAN_POINT('',(3.87,5.85,4.14));
#10318 = VECTOR('',#10319,1.);
#10319 = DIRECTION('',(0.,0.,1.));
#10320 = ORIENTED_EDGE('',*,*,#10207,.F.);
#10321 = ORIENTED_EDGE('',*,*,#10247,.F.);
#10322 = ORIENTED_EDGE('',*,*,#8623,.F.);
#10323 = PLANE('',#10324);
#10324 = AXIS2_PLACEMENT_3D('',#10325,#10326,#10327);
#10325 = CARTESIAN_POINT('',(4.685,5.85,4.94));
#10326 = DIRECTION('',(0.,1.,0.));
#10327 = DIRECTION('',(0.,0.,1.));
#10328 = ADVANCED_FACE('',(#10329),#10340,.T.);
#10329 = FACE_BOUND('',#10330,.F.);
#10330 = EDGE_LOOP('',(#10331,#10332,#10333,#10339));
#10331 = ORIENTED_EDGE('',*,*,#10291,.T.);
#10332 = ORIENTED_EDGE('',*,*,#8649,.T.);
#10333 = ORIENTED_EDGE('',*,*,#10334,.F.);
#10334 = EDGE_CURVE('',#9724,#8650,#10335,.T.);
#10335 = LINE('',#10336,#10337);
#10336 = CARTESIAN_POINT('',(-5.5,-5.85,4.14));
#10337 = VECTOR('',#10338,1.);
#10338 = DIRECTION('',(0.,0.,1.));
#10339 = ORIENTED_EDGE('',*,*,#9723,.F.);
#10340 = CYLINDRICAL_SURFACE('',#10341,1.);
#10341 = AXIS2_PLACEMENT_3D('',#10342,#10343,#10344);
#10342 = CARTESIAN_POINT('',(-5.5,-4.85,4.14));
#10343 = DIRECTION('',(-0.,-0.,-1.));
#10344 = DIRECTION('',(1.,0.,0.));
#10345 = ADVANCED_FACE('',(#10346),#10357,.T.);
#10346 = FACE_BOUND('',#10347,.F.);
#10347 = EDGE_LOOP('',(#10348,#10354,#10355,#10356));
#10348 = ORIENTED_EDGE('',*,*,#10349,.T.);
#10349 = EDGE_CURVE('',#9915,#8675,#10350,.T.);
#10350 = LINE('',#10351,#10352);
#10351 = CARTESIAN_POINT('',(6.5,4.85,4.14));
#10352 = VECTOR('',#10353,1.);
#10353 = DIRECTION('',(0.,0.,1.));
#10354 = ORIENTED_EDGE('',*,*,#8683,.T.);
#10355 = ORIENTED_EDGE('',*,*,#10308,.F.);
#10356 = ORIENTED_EDGE('',*,*,#9922,.F.);
#10357 = CYLINDRICAL_SURFACE('',#10358,1.);
#10358 = AXIS2_PLACEMENT_3D('',#10359,#10360,#10361);
#10359 = CARTESIAN_POINT('',(5.5,4.85,4.14));
#10360 = DIRECTION('',(-0.,-0.,-1.));
#10361 = DIRECTION('',(1.,0.,0.));
#10362 = ADVANCED_FACE('',(#10363),#10382,.F.);
#10363 = FACE_BOUND('',#10364,.F.);
#10364 = EDGE_LOOP('',(#10365,#10373,#10374,#10375,#10376));
#10365 = ORIENTED_EDGE('',*,*,#10366,.F.);
#10366 = EDGE_CURVE('',#8701,#10367,#10369,.T.);
#10367 = VERTEX_POINT('',#10368);
#10368 = CARTESIAN_POINT('',(-4.4,-5.85,4.97));
#10369 = LINE('',#10370,#10371);
#10370 = CARTESIAN_POINT('',(-4.9,-5.85,5.47));
#10371 = VECTOR('',#10372,1.);
#10372 = DIRECTION('',(0.707106781187,-1.570092458684E-16,
    -0.707106781187));
#10373 = ORIENTED_EDGE('',*,*,#8700,.T.);
#10374 = ORIENTED_EDGE('',*,*,#8761,.T.);
#10375 = ORIENTED_EDGE('',*,*,#8896,.F.);
#10376 = ORIENTED_EDGE('',*,*,#10377,.F.);
#10377 = EDGE_CURVE('',#10367,#8817,#10378,.T.);
#10378 = LINE('',#10379,#10380);
#10379 = CARTESIAN_POINT('',(-4.4,-5.85,4.97));
#10380 = VECTOR('',#10381,1.);
#10381 = DIRECTION('',(0.,1.,-2.22044604925E-16));
#10382 = PLANE('',#10383);
#10383 = AXIS2_PLACEMENT_3D('',#10384,#10385,#10386);
#10384 = CARTESIAN_POINT('',(-4.9,-5.85,5.47));
#10385 = DIRECTION('',(-0.707106781187,-1.570092458684E-16,
    -0.707106781187));
#10386 = DIRECTION('',(0.707106781187,-1.570092458684E-16,
    -0.707106781187));
#10387 = ADVANCED_FACE('',(#10388),#10408,.T.);
#10388 = FACE_BOUND('',#10389,.T.);
#10389 = EDGE_LOOP('',(#10390,#10391,#10392,#10400,#10406,#10407));
#10390 = ORIENTED_EDGE('',*,*,#10334,.F.);
#10391 = ORIENTED_EDGE('',*,*,#9732,.T.);
#10392 = ORIENTED_EDGE('',*,*,#10393,.T.);
#10393 = EDGE_CURVE('',#9733,#10394,#10396,.T.);
#10394 = VERTEX_POINT('',#10395);
#10395 = CARTESIAN_POINT('',(-3.87,-5.85,4.97));
#10396 = LINE('',#10397,#10398);
#10397 = CARTESIAN_POINT('',(-3.87,-5.85,4.14));
#10398 = VECTOR('',#10399,1.);
#10399 = DIRECTION('',(0.,0.,1.));
#10400 = ORIENTED_EDGE('',*,*,#10401,.F.);
#10401 = EDGE_CURVE('',#10367,#10394,#10402,.T.);
#10402 = LINE('',#10403,#10404);
#10403 = CARTESIAN_POINT('',(-4.4,-5.85,4.97));
#10404 = VECTOR('',#10405,1.);
#10405 = DIRECTION('',(1.,0.,0.));
#10406 = ORIENTED_EDGE('',*,*,#10366,.F.);
#10407 = ORIENTED_EDGE('',*,*,#8711,.F.);
#10408 = PLANE('',#10409);
#10409 = AXIS2_PLACEMENT_3D('',#10410,#10411,#10412);
#10410 = CARTESIAN_POINT('',(-4.685,-5.85,4.94));
#10411 = DIRECTION('',(-0.,-1.,-0.));
#10412 = DIRECTION('',(0.,0.,-1.));
#10413 = ADVANCED_FACE('',(#10414),#10425,.T.);
#10414 = FACE_BOUND('',#10415,.T.);
#10415 = EDGE_LOOP('',(#10416,#10422,#10423,#10424));
#10416 = ORIENTED_EDGE('',*,*,#10417,.T.);
#10417 = EDGE_CURVE('',#9907,#8735,#10418,.T.);
#10418 = LINE('',#10419,#10420);
#10419 = CARTESIAN_POINT('',(6.5,3.512,4.14));
#10420 = VECTOR('',#10421,1.);
#10421 = DIRECTION('',(0.,0.,1.));
#10422 = ORIENTED_EDGE('',*,*,#8734,.T.);
#10423 = ORIENTED_EDGE('',*,*,#8783,.F.);
#10424 = ORIENTED_EDGE('',*,*,#9906,.F.);
#10425 = PLANE('',#10426);
#10426 = AXIS2_PLACEMENT_3D('',#10427,#10428,#10429);
#10427 = CARTESIAN_POINT('',(6.5,3.512,4.14));
#10428 = DIRECTION('',(0.,-1.,0.));
#10429 = DIRECTION('',(-1.,0.,0.));
#10430 = ADVANCED_FACE('',(#10431),#10437,.T.);
#10431 = FACE_BOUND('',#10432,.T.);
#10432 = EDGE_LOOP('',(#10433,#10434,#10435,#10436));
#10433 = ORIENTED_EDGE('',*,*,#10349,.T.);
#10434 = ORIENTED_EDGE('',*,*,#8745,.F.);
#10435 = ORIENTED_EDGE('',*,*,#10417,.F.);
#10436 = ORIENTED_EDGE('',*,*,#9914,.F.);
#10437 = PLANE('',#10438);
#10438 = AXIS2_PLACEMENT_3D('',#10439,#10440,#10441);
#10439 = CARTESIAN_POINT('',(6.5,4.85,4.14));
#10440 = DIRECTION('',(1.,0.,0.));
#10441 = DIRECTION('',(0.,-1.,0.));
#10442 = ADVANCED_FACE('',(#10443),#10454,.T.);
#10443 = FACE_BOUND('',#10444,.T.);
#10444 = EDGE_LOOP('',(#10445,#10451,#10452,#10453));
#10445 = ORIENTED_EDGE('',*,*,#10446,.F.);
#10446 = EDGE_CURVE('',#9892,#8911,#10447,.T.);
#10447 = LINE('',#10448,#10449);
#10448 = CARTESIAN_POINT('',(6.5,1.480000003713,4.14));
#10449 = VECTOR('',#10450,1.);
#10450 = DIRECTION('',(0.,0.,1.));
#10451 = ORIENTED_EDGE('',*,*,#9899,.F.);
#10452 = ORIENTED_EDGE('',*,*,#8792,.T.);
#10453 = ORIENTED_EDGE('',*,*,#8910,.F.);
#10454 = PLANE('',#10455);
#10455 = AXIS2_PLACEMENT_3D('',#10456,#10457,#10458);
#10456 = CARTESIAN_POINT('',(6.1,1.480000003713,4.14));
#10457 = DIRECTION('',(0.,1.,0.));
#10458 = DIRECTION('',(1.,0.,0.));
#10459 = ADVANCED_FACE('',(#10460),#10487,.F.);
#10460 = FACE_BOUND('',#10461,.F.);
#10461 = EDGE_LOOP('',(#10462,#10463,#10464,#10465,#10473,#10481));
#10462 = ORIENTED_EDGE('',*,*,#10401,.F.);
#10463 = ORIENTED_EDGE('',*,*,#10377,.T.);
#10464 = ORIENTED_EDGE('',*,*,#8814,.F.);
#10465 = ORIENTED_EDGE('',*,*,#10466,.T.);
#10466 = EDGE_CURVE('',#8815,#10467,#10469,.T.);
#10467 = VERTEX_POINT('',#10468);
#10468 = CARTESIAN_POINT('',(-4.14,-5.44,4.97));
#10469 = LINE('',#10470,#10471);
#10470 = CARTESIAN_POINT('',(-4.14,-4.94,4.97));
#10471 = VECTOR('',#10472,1.);
#10472 = DIRECTION('',(0.,-1.,2.22044604925E-16));
#10473 = ORIENTED_EDGE('',*,*,#10474,.T.);
#10474 = EDGE_CURVE('',#10467,#10475,#10477,.T.);
#10475 = VERTEX_POINT('',#10476);
#10476 = CARTESIAN_POINT('',(-3.87,-5.44,4.97));
#10477 = LINE('',#10478,#10479);
#10478 = CARTESIAN_POINT('',(-4.14,-5.44,4.97));
#10479 = VECTOR('',#10480,1.);
#10480 = DIRECTION('',(1.,0.,0.));
#10481 = ORIENTED_EDGE('',*,*,#10482,.F.);
#10482 = EDGE_CURVE('',#10394,#10475,#10483,.T.);
#10483 = LINE('',#10484,#10485);
#10484 = CARTESIAN_POINT('',(-3.87,-5.395,4.97));
#10485 = VECTOR('',#10486,1.);
#10486 = DIRECTION('',(0.,1.,-2.22044604925E-16));
#10487 = PLANE('',#10488);
#10488 = AXIS2_PLACEMENT_3D('',#10489,#10490,#10491);
#10489 = CARTESIAN_POINT('',(-4.4,-5.85,4.97));
#10490 = DIRECTION('',(0.,-2.22044604925E-16,-1.));
#10491 = DIRECTION('',(1.,0.,0.));
#10492 = ADVANCED_FACE('',(#10493),#10504,.F.);
#10493 = FACE_BOUND('',#10494,.F.);
#10494 = EDGE_LOOP('',(#10495,#10496,#10502,#10503));
#10495 = ORIENTED_EDGE('',*,*,#9024,.F.);
#10496 = ORIENTED_EDGE('',*,*,#10497,.T.);
#10497 = EDGE_CURVE('',#9017,#8873,#10498,.T.);
#10498 = LINE('',#10499,#10500);
#10499 = CARTESIAN_POINT('',(-2.079999999997,-5.85,4.97));
#10500 = VECTOR('',#10501,1.);
#10501 = DIRECTION('',(0.,1.,-2.22044604925E-16));
#10502 = ORIENTED_EDGE('',*,*,#8880,.F.);
#10503 = ORIENTED_EDGE('',*,*,#8944,.T.);
#10504 = PLANE('',#10505);
#10505 = AXIS2_PLACEMENT_3D('',#10506,#10507,#10508);
#10506 = CARTESIAN_POINT('',(-2.079999999997,-5.85,4.97));
#10507 = DIRECTION('',(0.707106781189,-1.570092458679E-16,
    -0.707106781184));
#10508 = DIRECTION('',(0.707106781184,1.570092458689E-16,0.707106781189)
  );
#10509 = ADVANCED_FACE('',(#10510),#10537,.F.);
#10510 = FACE_BOUND('',#10511,.F.);
#10511 = EDGE_LOOP('',(#10512,#10513,#10521,#10529,#10535,#10536));
#10512 = ORIENTED_EDGE('',*,*,#9016,.F.);
#10513 = ORIENTED_EDGE('',*,*,#10514,.T.);
#10514 = EDGE_CURVE('',#9009,#10515,#10517,.T.);
#10515 = VERTEX_POINT('',#10516);
#10516 = CARTESIAN_POINT('',(-2.61,-5.44,4.97));
#10517 = LINE('',#10518,#10519);
#10518 = CARTESIAN_POINT('',(-2.61,-5.395,4.97));
#10519 = VECTOR('',#10520,1.);
#10520 = DIRECTION('',(0.,1.,-2.22044604925E-16));
#10521 = ORIENTED_EDGE('',*,*,#10522,.F.);
#10522 = EDGE_CURVE('',#10523,#10515,#10525,.T.);
#10523 = VERTEX_POINT('',#10524);
#10524 = CARTESIAN_POINT('',(-2.34,-5.44,4.97));
#10525 = LINE('',#10526,#10527);
#10526 = CARTESIAN_POINT('',(-2.34,-5.44,4.97));
#10527 = VECTOR('',#10528,1.);
#10528 = DIRECTION('',(-1.,0.,0.));
#10529 = ORIENTED_EDGE('',*,*,#10530,.F.);
#10530 = EDGE_CURVE('',#8865,#10523,#10531,.T.);
#10531 = LINE('',#10532,#10533);
#10532 = CARTESIAN_POINT('',(-2.34,-4.94,4.97));
#10533 = VECTOR('',#10534,1.);
#10534 = DIRECTION('',(0.,-1.,2.22044604925E-16));
#10535 = ORIENTED_EDGE('',*,*,#8872,.F.);
#10536 = ORIENTED_EDGE('',*,*,#10497,.F.);
#10537 = PLANE('',#10538);
#10538 = AXIS2_PLACEMENT_3D('',#10539,#10540,#10541);
#10539 = CARTESIAN_POINT('',(-4.4,-5.85,4.97));
#10540 = DIRECTION('',(0.,-2.22044604925E-16,-1.));
#10541 = DIRECTION('',(1.,0.,0.));
#10542 = ADVANCED_FACE('',(#10543),#10561,.T.);
#10543 = FACE_BOUND('',#10544,.T.);
#10544 = EDGE_LOOP('',(#10545,#10553,#10559,#10560));
#10545 = ORIENTED_EDGE('',*,*,#10546,.T.);
#10546 = EDGE_CURVE('',#8857,#10547,#10549,.T.);
#10547 = VERTEX_POINT('',#10548);
#10548 = CARTESIAN_POINT('',(-2.34,-5.44,5.27));
#10549 = LINE('',#10550,#10551);
#10550 = CARTESIAN_POINT('',(-2.34,-4.94,5.27));
#10551 = VECTOR('',#10552,1.);
#10552 = DIRECTION('',(0.,-1.,2.22044604925E-16));
#10553 = ORIENTED_EDGE('',*,*,#10554,.T.);
#10554 = EDGE_CURVE('',#10547,#10523,#10555,.T.);
#10555 = LINE('',#10556,#10557);
#10556 = CARTESIAN_POINT('',(-2.34,-5.44,5.27));
#10557 = VECTOR('',#10558,1.);
#10558 = DIRECTION('',(0.,2.738550127409E-15,-1.));
#10559 = ORIENTED_EDGE('',*,*,#10530,.F.);
#10560 = ORIENTED_EDGE('',*,*,#8864,.F.);
#10561 = PLANE('',#10562);
#10562 = AXIS2_PLACEMENT_3D('',#10563,#10564,#10565);
#10563 = CARTESIAN_POINT('',(-2.34,-4.94,5.27));
#10564 = DIRECTION('',(1.,0.,0.));
#10565 = DIRECTION('',(0.,2.738550127409E-15,-1.));
#10566 = ADVANCED_FACE('',(#10567),#10585,.T.);
#10567 = FACE_BOUND('',#10568,.T.);
#10568 = EDGE_LOOP('',(#10569,#10577,#10583,#10584));
#10569 = ORIENTED_EDGE('',*,*,#10570,.T.);
#10570 = EDGE_CURVE('',#8849,#10571,#10573,.T.);
#10571 = VERTEX_POINT('',#10572);
#10572 = CARTESIAN_POINT('',(-2.504370398652,-5.44,5.385093392194));
#10573 = LINE('',#10574,#10575);
#10574 = CARTESIAN_POINT('',(-2.504370398652,-4.94,5.385093392194));
#10575 = VECTOR('',#10576,1.);
#10576 = DIRECTION('',(0.,-1.,2.22044604925E-16));
#10577 = ORIENTED_EDGE('',*,*,#10578,.T.);
#10578 = EDGE_CURVE('',#10571,#10547,#10579,.T.);
#10579 = LINE('',#10580,#10581);
#10580 = CARTESIAN_POINT('',(-2.504370398652,-5.44,5.385093392194));
#10581 = VECTOR('',#10582,1.);
#10582 = DIRECTION('',(0.819152044289,-1.273595532039E-16,
    -0.573576436351));
#10583 = ORIENTED_EDGE('',*,*,#10546,.F.);
#10584 = ORIENTED_EDGE('',*,*,#8856,.F.);
#10585 = PLANE('',#10586);
#10586 = AXIS2_PLACEMENT_3D('',#10587,#10588,#10589);
#10587 = CARTESIAN_POINT('',(-2.504370398652,-4.94,5.385093392194));
#10588 = DIRECTION('',(0.573576436351,1.818882920477E-16,0.819152044289)
  );
#10589 = DIRECTION('',(0.819152044289,-1.273595532039E-16,
    -0.573576436351));
#10590 = ADVANCED_FACE('',(#10591),#10609,.T.);
#10591 = FACE_BOUND('',#10592,.T.);
#10592 = EDGE_LOOP('',(#10593,#10601,#10607,#10608));
#10593 = ORIENTED_EDGE('',*,*,#10594,.T.);
#10594 = EDGE_CURVE('',#8841,#10595,#10597,.T.);
#10595 = VERTEX_POINT('',#10596);
#10596 = CARTESIAN_POINT('',(-3.24,-5.44,4.87));
#10597 = LINE('',#10598,#10599);
#10598 = CARTESIAN_POINT('',(-3.24,-4.94,4.87));
#10599 = VECTOR('',#10600,1.);
#10600 = DIRECTION('',(0.,-1.,2.22044604925E-16));
#10601 = ORIENTED_EDGE('',*,*,#10602,.T.);
#10602 = EDGE_CURVE('',#10595,#10571,#10603,.T.);
#10603 = LINE('',#10604,#10605);
#10604 = CARTESIAN_POINT('',(-3.24,-5.44,4.87));
#10605 = VECTOR('',#10606,1.);
#10606 = DIRECTION('',(0.819152044289,-8.61661506929E-16,0.573576436351)
  );
#10607 = ORIENTED_EDGE('',*,*,#10570,.F.);
#10608 = ORIENTED_EDGE('',*,*,#8848,.F.);
#10609 = PLANE('',#10610);
#10610 = AXIS2_PLACEMENT_3D('',#10611,#10612,#10613);
#10611 = CARTESIAN_POINT('',(-3.24,-4.94,4.87));
#10612 = DIRECTION('',(-0.573576436351,1.818882920477E-16,0.819152044289
    ));
#10613 = DIRECTION('',(0.819152044289,-8.61661506929E-16,0.573576436351)
  );
#10614 = ADVANCED_FACE('',(#10615),#10633,.T.);
#10615 = FACE_BOUND('',#10616,.T.);
#10616 = EDGE_LOOP('',(#10617,#10625,#10631,#10632));
#10617 = ORIENTED_EDGE('',*,*,#10618,.T.);
#10618 = EDGE_CURVE('',#8833,#10619,#10621,.T.);
#10619 = VERTEX_POINT('',#10620);
#10620 = CARTESIAN_POINT('',(-3.975629601348,-5.44,5.385093392194));
#10621 = LINE('',#10622,#10623);
#10622 = CARTESIAN_POINT('',(-3.975629601348,-4.94,5.385093392194));
#10623 = VECTOR('',#10624,1.);
#10624 = DIRECTION('',(0.,-1.,2.22044604925E-16));
#10625 = ORIENTED_EDGE('',*,*,#10626,.T.);
#10626 = EDGE_CURVE('',#10619,#10595,#10627,.T.);
#10627 = LINE('',#10628,#10629);
#10628 = CARTESIAN_POINT('',(-3.975629601348,-5.44,5.385093392194));
#10629 = VECTOR('',#10630,1.);
#10630 = DIRECTION('',(0.819152044289,8.61661506929E-16,-0.573576436351)
  );
#10631 = ORIENTED_EDGE('',*,*,#10594,.F.);
#10632 = ORIENTED_EDGE('',*,*,#8840,.F.);
#10633 = PLANE('',#10634);
#10634 = AXIS2_PLACEMENT_3D('',#10635,#10636,#10637);
#10635 = CARTESIAN_POINT('',(-3.975629601348,-4.94,5.385093392194));
#10636 = DIRECTION('',(0.573576436351,1.818882920477E-16,0.819152044289)
  );
#10637 = DIRECTION('',(0.819152044289,8.61661506929E-16,-0.573576436351)
  );
#10638 = ADVANCED_FACE('',(#10639),#10657,.T.);
#10639 = FACE_BOUND('',#10640,.T.);
#10640 = EDGE_LOOP('',(#10641,#10649,#10655,#10656));
#10641 = ORIENTED_EDGE('',*,*,#10642,.T.);
#10642 = EDGE_CURVE('',#8825,#10643,#10645,.T.);
#10643 = VERTEX_POINT('',#10644);
#10644 = CARTESIAN_POINT('',(-4.14,-5.44,5.27));
#10645 = LINE('',#10646,#10647);
#10646 = CARTESIAN_POINT('',(-4.14,-4.94,5.27));
#10647 = VECTOR('',#10648,1.);
#10648 = DIRECTION('',(0.,-1.,2.22044604925E-16));
#10649 = ORIENTED_EDGE('',*,*,#10650,.T.);
#10650 = EDGE_CURVE('',#10643,#10619,#10651,.T.);
#10651 = LINE('',#10652,#10653);
#10652 = CARTESIAN_POINT('',(-4.14,-5.44,5.27));
#10653 = VECTOR('',#10654,1.);
#10654 = DIRECTION('',(0.819152044289,1.273595532039E-16,0.573576436351)
  );
#10655 = ORIENTED_EDGE('',*,*,#10618,.F.);
#10656 = ORIENTED_EDGE('',*,*,#8832,.F.);
#10657 = PLANE('',#10658);
#10658 = AXIS2_PLACEMENT_3D('',#10659,#10660,#10661);
#10659 = CARTESIAN_POINT('',(-4.14,-4.94,5.27));
#10660 = DIRECTION('',(-0.573576436351,1.818882920477E-16,0.819152044289
    ));
#10661 = DIRECTION('',(0.819152044289,1.273595532039E-16,0.573576436351)
  );
#10662 = ADVANCED_FACE('',(#10663),#10674,.F.);
#10663 = FACE_BOUND('',#10664,.F.);
#10664 = EDGE_LOOP('',(#10665,#10666,#10672,#10673));
#10665 = ORIENTED_EDGE('',*,*,#10642,.T.);
#10666 = ORIENTED_EDGE('',*,*,#10667,.T.);
#10667 = EDGE_CURVE('',#10643,#10467,#10668,.T.);
#10668 = LINE('',#10669,#10670);
#10669 = CARTESIAN_POINT('',(-4.14,-5.44,5.27));
#10670 = VECTOR('',#10671,1.);
#10671 = DIRECTION('',(0.,2.738550127409E-15,-1.));
#10672 = ORIENTED_EDGE('',*,*,#10466,.F.);
#10673 = ORIENTED_EDGE('',*,*,#8824,.F.);
#10674 = PLANE('',#10675);
#10675 = AXIS2_PLACEMENT_3D('',#10676,#10677,#10678);
#10676 = CARTESIAN_POINT('',(-4.14,-4.94,5.27));
#10677 = DIRECTION('',(1.,0.,0.));
#10678 = DIRECTION('',(0.,2.738550127409E-15,-1.));
#10679 = ADVANCED_FACE('',(#10680),#10691,.T.);
#10680 = FACE_BOUND('',#10681,.T.);
#10681 = EDGE_LOOP('',(#10682,#10683,#10684,#10690));
#10682 = ORIENTED_EDGE('',*,*,#10446,.T.);
#10683 = ORIENTED_EDGE('',*,*,#8929,.T.);
#10684 = ORIENTED_EDGE('',*,*,#10685,.F.);
#10685 = EDGE_CURVE('',#9884,#8921,#10686,.T.);
#10686 = LINE('',#10687,#10688);
#10687 = CARTESIAN_POINT('',(6.5,-1.479999996287,4.14));
#10688 = VECTOR('',#10689,1.);
#10689 = DIRECTION('',(0.,0.,1.));
#10690 = ORIENTED_EDGE('',*,*,#9891,.F.);
#10691 = PLANE('',#10692);
#10692 = AXIS2_PLACEMENT_3D('',#10693,#10694,#10695);
#10693 = CARTESIAN_POINT('',(6.5,1.480000003713,4.14));
#10694 = DIRECTION('',(1.,0.,0.));
#10695 = DIRECTION('',(0.,-1.,0.));
#10696 = ADVANCED_FACE('',(#10697),#10703,.T.);
#10697 = FACE_BOUND('',#10698,.T.);
#10698 = EDGE_LOOP('',(#10699,#10700,#10701,#10702));
#10699 = ORIENTED_EDGE('',*,*,#10685,.T.);
#10700 = ORIENTED_EDGE('',*,*,#8920,.T.);
#10701 = ORIENTED_EDGE('',*,*,#8967,.F.);
#10702 = ORIENTED_EDGE('',*,*,#9883,.F.);
#10703 = PLANE('',#10704);
#10704 = AXIS2_PLACEMENT_3D('',#10705,#10706,#10707);
#10705 = CARTESIAN_POINT('',(6.5,-1.479999996287,4.14));
#10706 = DIRECTION('',(0.,-1.,0.));
#10707 = DIRECTION('',(-1.,0.,0.));
#10708 = ADVANCED_FACE('',(#10709),#10720,.T.);
#10709 = FACE_BOUND('',#10710,.T.);
#10710 = EDGE_LOOP('',(#10711,#10717,#10718,#10719));
#10711 = ORIENTED_EDGE('',*,*,#10712,.F.);
#10712 = EDGE_CURVE('',#9869,#9071,#10713,.T.);
#10713 = LINE('',#10714,#10715);
#10714 = CARTESIAN_POINT('',(6.5,-3.511999992573,4.14));
#10715 = VECTOR('',#10716,1.);
#10716 = DIRECTION('',(0.,0.,1.));
#10717 = ORIENTED_EDGE('',*,*,#9876,.F.);
#10718 = ORIENTED_EDGE('',*,*,#8976,.T.);
#10719 = ORIENTED_EDGE('',*,*,#9070,.F.);
#10720 = PLANE('',#10721);
#10721 = AXIS2_PLACEMENT_3D('',#10722,#10723,#10724);
#10722 = CARTESIAN_POINT('',(6.1,-3.511999992573,4.14));
#10723 = DIRECTION('',(0.,1.,0.));
#10724 = DIRECTION('',(1.,0.,0.));
#10725 = ADVANCED_FACE('',(#10726),#10744,.T.);
#10726 = FACE_BOUND('',#10727,.T.);
#10727 = EDGE_LOOP('',(#10728,#10729,#10737,#10743));
#10728 = ORIENTED_EDGE('',*,*,#9795,.F.);
#10729 = ORIENTED_EDGE('',*,*,#10730,.T.);
#10730 = EDGE_CURVE('',#9796,#10731,#10733,.T.);
#10731 = VERTEX_POINT('',#10732);
#10732 = CARTESIAN_POINT('',(2.61,-5.44,4.97));
#10733 = LINE('',#10734,#10735);
#10734 = CARTESIAN_POINT('',(2.61,-5.44,4.14));
#10735 = VECTOR('',#10736,1.);
#10736 = DIRECTION('',(0.,2.22044604925E-16,1.));
#10737 = ORIENTED_EDGE('',*,*,#10738,.T.);
#10738 = EDGE_CURVE('',#10731,#9049,#10739,.T.);
#10739 = LINE('',#10740,#10741);
#10740 = CARTESIAN_POINT('',(2.61,-5.395,4.97));
#10741 = VECTOR('',#10742,1.);
#10742 = DIRECTION('',(0.,-1.,2.22044604925E-16));
#10743 = ORIENTED_EDGE('',*,*,#9056,.F.);
#10744 = PLANE('',#10745);
#10745 = AXIS2_PLACEMENT_3D('',#10746,#10747,#10748);
#10746 = CARTESIAN_POINT('',(2.61,-4.94,4.14));
#10747 = DIRECTION('',(1.,0.,0.));
#10748 = DIRECTION('',(0.,-1.,0.));
#10749 = ADVANCED_FACE('',(#10750),#10775,.T.);
#10750 = FACE_BOUND('',#10751,.T.);
#10751 = EDGE_LOOP('',(#10752,#10753,#10754,#10762,#10768,#10769));
#10752 = ORIENTED_EDGE('',*,*,#9048,.F.);
#10753 = ORIENTED_EDGE('',*,*,#10738,.F.);
#10754 = ORIENTED_EDGE('',*,*,#10755,.T.);
#10755 = EDGE_CURVE('',#10731,#10756,#10758,.T.);
#10756 = VERTEX_POINT('',#10757);
#10757 = CARTESIAN_POINT('',(2.34,-5.44,4.97));
#10758 = LINE('',#10759,#10760);
#10759 = CARTESIAN_POINT('',(2.61,-5.44,4.97));
#10760 = VECTOR('',#10761,1.);
#10761 = DIRECTION('',(-1.,0.,0.));
#10762 = ORIENTED_EDGE('',*,*,#10763,.F.);
#10763 = EDGE_CURVE('',#9156,#10756,#10764,.T.);
#10764 = LINE('',#10765,#10766);
#10765 = CARTESIAN_POINT('',(2.34,-4.94,4.97));
#10766 = VECTOR('',#10767,1.);
#10767 = DIRECTION('',(0.,-1.,2.22044604925E-16));
#10768 = ORIENTED_EDGE('',*,*,#9153,.F.);
#10769 = ORIENTED_EDGE('',*,*,#10770,.F.);
#10770 = EDGE_CURVE('',#9041,#9154,#10771,.T.);
#10771 = LINE('',#10772,#10773);
#10772 = CARTESIAN_POINT('',(2.079999999997,-5.85,4.97));
#10773 = VECTOR('',#10774,1.);
#10774 = DIRECTION('',(0.,1.,-2.22044604925E-16));
#10775 = PLANE('',#10776);
#10776 = AXIS2_PLACEMENT_3D('',#10777,#10778,#10779);
#10777 = CARTESIAN_POINT('',(4.4,-5.85,4.97));
#10778 = DIRECTION('',(0.,2.22044604925E-16,1.));
#10779 = DIRECTION('',(-1.,0.,0.));
#10780 = ADVANCED_FACE('',(#10781),#10787,.T.);
#10781 = FACE_BOUND('',#10782,.T.);
#10782 = EDGE_LOOP('',(#10783,#10784,#10785,#10786));
#10783 = ORIENTED_EDGE('',*,*,#9040,.F.);
#10784 = ORIENTED_EDGE('',*,*,#10770,.T.);
#10785 = ORIENTED_EDGE('',*,*,#9235,.F.);
#10786 = ORIENTED_EDGE('',*,*,#9104,.F.);
#10787 = PLANE('',#10788);
#10788 = AXIS2_PLACEMENT_3D('',#10789,#10790,#10791);
#10789 = CARTESIAN_POINT('',(2.079999999997,-5.85,4.97));
#10790 = DIRECTION('',(0.707106781189,1.570092458679E-16,0.707106781184)
  );
#10791 = DIRECTION('',(-0.707106781184,1.570092458689E-16,0.707106781189
    ));
#10792 = ADVANCED_FACE('',(#10793),#10804,.F.);
#10793 = FACE_BOUND('',#10794,.F.);
#10794 = EDGE_LOOP('',(#10795,#10796,#10802,#10803));
#10795 = ORIENTED_EDGE('',*,*,#9788,.F.);
#10796 = ORIENTED_EDGE('',*,*,#10797,.F.);
#10797 = EDGE_CURVE('',#10515,#9781,#10798,.T.);
#10798 = LINE('',#10799,#10800);
#10799 = CARTESIAN_POINT('',(-2.61,-5.44,4.97));
#10800 = VECTOR('',#10801,1.);
#10801 = DIRECTION('',(0.,-2.22044604925E-16,-1.));
#10802 = ORIENTED_EDGE('',*,*,#10514,.F.);
#10803 = ORIENTED_EDGE('',*,*,#9008,.F.);
#10804 = PLANE('',#10805);
#10805 = AXIS2_PLACEMENT_3D('',#10806,#10807,#10808);
#10806 = CARTESIAN_POINT('',(-2.61,-4.94,4.14));
#10807 = DIRECTION('',(1.,0.,0.));
#10808 = DIRECTION('',(0.,-1.,0.));
#10809 = ADVANCED_FACE('',(#10810),#10821,.T.);
#10810 = FACE_BOUND('',#10811,.T.);
#10811 = EDGE_LOOP('',(#10812,#10813,#10814,#10820));
#10812 = ORIENTED_EDGE('',*,*,#10712,.T.);
#10813 = ORIENTED_EDGE('',*,*,#9089,.T.);
#10814 = ORIENTED_EDGE('',*,*,#10815,.F.);
#10815 = EDGE_CURVE('',#9860,#9081,#10816,.T.);
#10816 = LINE('',#10817,#10818);
#10817 = CARTESIAN_POINT('',(6.5,-4.849999992573,4.14));
#10818 = VECTOR('',#10819,1.);
#10819 = DIRECTION('',(0.,0.,1.));
#10820 = ORIENTED_EDGE('',*,*,#9868,.F.);
#10821 = PLANE('',#10822);
#10822 = AXIS2_PLACEMENT_3D('',#10823,#10824,#10825);
#10823 = CARTESIAN_POINT('',(6.5,-3.511999992573,4.14));
#10824 = DIRECTION('',(1.,-6.638104781017E-16,0.));
#10825 = DIRECTION('',(-6.638104781017E-16,-1.,0.));
#10826 = ADVANCED_FACE('',(#10827),#10838,.T.);
#10827 = FACE_BOUND('',#10828,.F.);
#10828 = EDGE_LOOP('',(#10829,#10835,#10836,#10837));
#10829 = ORIENTED_EDGE('',*,*,#10830,.T.);
#10830 = EDGE_CURVE('',#9852,#9129,#10831,.T.);
#10831 = LINE('',#10832,#10833);
#10832 = CARTESIAN_POINT('',(5.5,-5.85,4.14));
#10833 = VECTOR('',#10834,1.);
#10834 = DIRECTION('',(0.,0.,1.));
#10835 = ORIENTED_EDGE('',*,*,#9128,.F.);
#10836 = ORIENTED_EDGE('',*,*,#10815,.F.);
#10837 = ORIENTED_EDGE('',*,*,#9859,.F.);
#10838 = CYLINDRICAL_SURFACE('',#10839,1.);
#10839 = AXIS2_PLACEMENT_3D('',#10840,#10841,#10842);
#10840 = CARTESIAN_POINT('',(5.5,-4.85,4.14));
#10841 = DIRECTION('',(-0.,-0.,-1.));
#10842 = DIRECTION('',(1.,0.,0.));
#10843 = ADVANCED_FACE('',(#10844),#10863,.T.);
#10844 = FACE_BOUND('',#10845,.T.);
#10845 = EDGE_LOOP('',(#10846,#10854,#10855,#10856,#10857));
#10846 = ORIENTED_EDGE('',*,*,#10847,.F.);
#10847 = EDGE_CURVE('',#9250,#10848,#10850,.T.);
#10848 = VERTEX_POINT('',#10849);
#10849 = CARTESIAN_POINT('',(4.4,-5.85,4.97));
#10850 = LINE('',#10851,#10852);
#10851 = CARTESIAN_POINT('',(4.9,-5.85,5.47));
#10852 = VECTOR('',#10853,1.);
#10853 = DIRECTION('',(-0.707106781187,-1.570092458684E-16,
    -0.707106781187));
#10854 = ORIENTED_EDGE('',*,*,#9249,.T.);
#10855 = ORIENTED_EDGE('',*,*,#9283,.T.);
#10856 = ORIENTED_EDGE('',*,*,#9219,.F.);
#10857 = ORIENTED_EDGE('',*,*,#10858,.F.);
#10858 = EDGE_CURVE('',#10848,#9212,#10859,.T.);
#10859 = LINE('',#10860,#10861);
#10860 = CARTESIAN_POINT('',(4.4,-5.85,4.97));
#10861 = VECTOR('',#10862,1.);
#10862 = DIRECTION('',(0.,1.,-2.22044604925E-16));
#10863 = PLANE('',#10864);
#10864 = AXIS2_PLACEMENT_3D('',#10865,#10866,#10867);
#10865 = CARTESIAN_POINT('',(4.9,-5.85,5.47));
#10866 = DIRECTION('',(-0.707106781187,1.570092458684E-16,0.707106781187
    ));
#10867 = DIRECTION('',(-0.707106781187,-1.570092458684E-16,
    -0.707106781187));
#10868 = ADVANCED_FACE('',(#10869),#10903,.T.);
#10869 = FACE_BOUND('',#10870,.T.);
#10870 = EDGE_LOOP('',(#10871,#10879,#10880,#10881,#10889,#10897));
#10871 = ORIENTED_EDGE('',*,*,#10872,.F.);
#10872 = EDGE_CURVE('',#10848,#10873,#10875,.T.);
#10873 = VERTEX_POINT('',#10874);
#10874 = CARTESIAN_POINT('',(3.87,-5.85,4.97));
#10875 = LINE('',#10876,#10877);
#10876 = CARTESIAN_POINT('',(4.4,-5.85,4.97));
#10877 = VECTOR('',#10878,1.);
#10878 = DIRECTION('',(-1.,0.,0.));
#10879 = ORIENTED_EDGE('',*,*,#10858,.T.);
#10880 = ORIENTED_EDGE('',*,*,#9211,.F.);
#10881 = ORIENTED_EDGE('',*,*,#10882,.T.);
#10882 = EDGE_CURVE('',#9204,#10883,#10885,.T.);
#10883 = VERTEX_POINT('',#10884);
#10884 = CARTESIAN_POINT('',(4.14,-5.44,4.97));
#10885 = LINE('',#10886,#10887);
#10886 = CARTESIAN_POINT('',(4.14,-4.94,4.97));
#10887 = VECTOR('',#10888,1.);
#10888 = DIRECTION('',(0.,-1.,2.22044604925E-16));
#10889 = ORIENTED_EDGE('',*,*,#10890,.T.);
#10890 = EDGE_CURVE('',#10883,#10891,#10893,.T.);
#10891 = VERTEX_POINT('',#10892);
#10892 = CARTESIAN_POINT('',(3.87,-5.44,4.97));
#10893 = LINE('',#10894,#10895);
#10894 = CARTESIAN_POINT('',(4.14,-5.44,4.97));
#10895 = VECTOR('',#10896,1.);
#10896 = DIRECTION('',(-1.,0.,0.));
#10897 = ORIENTED_EDGE('',*,*,#10898,.T.);
#10898 = EDGE_CURVE('',#10891,#10873,#10899,.T.);
#10899 = LINE('',#10900,#10901);
#10900 = CARTESIAN_POINT('',(3.87,-5.395,4.97));
#10901 = VECTOR('',#10902,1.);
#10902 = DIRECTION('',(0.,-1.,2.22044604925E-16));
#10903 = PLANE('',#10904);
#10904 = AXIS2_PLACEMENT_3D('',#10905,#10906,#10907);
#10905 = CARTESIAN_POINT('',(4.4,-5.85,4.97));
#10906 = DIRECTION('',(0.,2.22044604925E-16,1.));
#10907 = DIRECTION('',(-1.,0.,0.));
#10908 = ADVANCED_FACE('',(#10909),#10927,.T.);
#10909 = FACE_BOUND('',#10910,.T.);
#10910 = EDGE_LOOP('',(#10911,#10919,#10925,#10926));
#10911 = ORIENTED_EDGE('',*,*,#10912,.T.);
#10912 = EDGE_CURVE('',#9196,#10913,#10915,.T.);
#10913 = VERTEX_POINT('',#10914);
#10914 = CARTESIAN_POINT('',(4.14,-5.44,5.27));
#10915 = LINE('',#10916,#10917);
#10916 = CARTESIAN_POINT('',(4.14,-4.94,5.27));
#10917 = VECTOR('',#10918,1.);
#10918 = DIRECTION('',(0.,-1.,2.22044604925E-16));
#10919 = ORIENTED_EDGE('',*,*,#10920,.T.);
#10920 = EDGE_CURVE('',#10913,#10883,#10921,.T.);
#10921 = LINE('',#10922,#10923);
#10922 = CARTESIAN_POINT('',(4.14,-5.44,5.27));
#10923 = VECTOR('',#10924,1.);
#10924 = DIRECTION('',(0.,2.738550127409E-15,-1.));
#10925 = ORIENTED_EDGE('',*,*,#10882,.F.);
#10926 = ORIENTED_EDGE('',*,*,#9203,.F.);
#10927 = PLANE('',#10928);
#10928 = AXIS2_PLACEMENT_3D('',#10929,#10930,#10931);
#10929 = CARTESIAN_POINT('',(4.14,-4.94,5.27));
#10930 = DIRECTION('',(1.,0.,0.));
#10931 = DIRECTION('',(0.,2.738550127409E-15,-1.));
#10932 = ADVANCED_FACE('',(#10933),#10951,.F.);
#10933 = FACE_BOUND('',#10934,.F.);
#10934 = EDGE_LOOP('',(#10935,#10936,#10944,#10950));
#10935 = ORIENTED_EDGE('',*,*,#10912,.T.);
#10936 = ORIENTED_EDGE('',*,*,#10937,.T.);
#10937 = EDGE_CURVE('',#10913,#10938,#10940,.T.);
#10938 = VERTEX_POINT('',#10939);
#10939 = CARTESIAN_POINT('',(3.975629601348,-5.44,5.385093392194));
#10940 = LINE('',#10941,#10942);
#10941 = CARTESIAN_POINT('',(4.14,-5.44,5.27));
#10942 = VECTOR('',#10943,1.);
#10943 = DIRECTION('',(-0.819152044289,1.273595532039E-16,0.573576436351
    ));
#10944 = ORIENTED_EDGE('',*,*,#10945,.F.);
#10945 = EDGE_CURVE('',#9188,#10938,#10946,.T.);
#10946 = LINE('',#10947,#10948);
#10947 = CARTESIAN_POINT('',(3.975629601348,-4.94,5.385093392194));
#10948 = VECTOR('',#10949,1.);
#10949 = DIRECTION('',(0.,-1.,2.22044604925E-16));
#10950 = ORIENTED_EDGE('',*,*,#9195,.F.);
#10951 = PLANE('',#10952);
#10952 = AXIS2_PLACEMENT_3D('',#10953,#10954,#10955);
#10953 = CARTESIAN_POINT('',(4.14,-4.94,5.27));
#10954 = DIRECTION('',(-0.573576436351,-1.818882920477E-16,
    -0.819152044289));
#10955 = DIRECTION('',(-0.819152044289,1.273595532039E-16,0.573576436351
    ));
#10956 = ADVANCED_FACE('',(#10957),#10975,.F.);
#10957 = FACE_BOUND('',#10958,.F.);
#10958 = EDGE_LOOP('',(#10959,#10960,#10968,#10974));
#10959 = ORIENTED_EDGE('',*,*,#10945,.T.);
#10960 = ORIENTED_EDGE('',*,*,#10961,.T.);
#10961 = EDGE_CURVE('',#10938,#10962,#10964,.T.);
#10962 = VERTEX_POINT('',#10963);
#10963 = CARTESIAN_POINT('',(3.24,-5.44,4.87));
#10964 = LINE('',#10965,#10966);
#10965 = CARTESIAN_POINT('',(3.975629601348,-5.44,5.385093392194));
#10966 = VECTOR('',#10967,1.);
#10967 = DIRECTION('',(-0.819152044289,8.61661506929E-16,-0.573576436351
    ));
#10968 = ORIENTED_EDGE('',*,*,#10969,.F.);
#10969 = EDGE_CURVE('',#9180,#10962,#10970,.T.);
#10970 = LINE('',#10971,#10972);
#10971 = CARTESIAN_POINT('',(3.24,-4.94,4.87));
#10972 = VECTOR('',#10973,1.);
#10973 = DIRECTION('',(0.,-1.,2.22044604925E-16));
#10974 = ORIENTED_EDGE('',*,*,#9187,.F.);
#10975 = PLANE('',#10976);
#10976 = AXIS2_PLACEMENT_3D('',#10977,#10978,#10979);
#10977 = CARTESIAN_POINT('',(3.975629601348,-4.94,5.385093392194));
#10978 = DIRECTION('',(0.573576436351,-1.818882920477E-16,
    -0.819152044289));
#10979 = DIRECTION('',(-0.819152044289,8.61661506929E-16,-0.573576436351
    ));
#10980 = ADVANCED_FACE('',(#10981),#10999,.F.);
#10981 = FACE_BOUND('',#10982,.F.);
#10982 = EDGE_LOOP('',(#10983,#10984,#10992,#10998));
#10983 = ORIENTED_EDGE('',*,*,#10969,.T.);
#10984 = ORIENTED_EDGE('',*,*,#10985,.T.);
#10985 = EDGE_CURVE('',#10962,#10986,#10988,.T.);
#10986 = VERTEX_POINT('',#10987);
#10987 = CARTESIAN_POINT('',(2.504370398652,-5.44,5.385093392194));
#10988 = LINE('',#10989,#10990);
#10989 = CARTESIAN_POINT('',(3.24,-5.44,4.87));
#10990 = VECTOR('',#10991,1.);
#10991 = DIRECTION('',(-0.819152044289,-8.61661506929E-16,0.573576436351
    ));
#10992 = ORIENTED_EDGE('',*,*,#10993,.F.);
#10993 = EDGE_CURVE('',#9172,#10986,#10994,.T.);
#10994 = LINE('',#10995,#10996);
#10995 = CARTESIAN_POINT('',(2.504370398652,-4.94,5.385093392194));
#10996 = VECTOR('',#10997,1.);
#10997 = DIRECTION('',(0.,-1.,2.22044604925E-16));
#10998 = ORIENTED_EDGE('',*,*,#9179,.F.);
#10999 = PLANE('',#11000);
#11000 = AXIS2_PLACEMENT_3D('',#11001,#11002,#11003);
#11001 = CARTESIAN_POINT('',(3.24,-4.94,4.87));
#11002 = DIRECTION('',(-0.573576436351,-1.818882920477E-16,
    -0.819152044289));
#11003 = DIRECTION('',(-0.819152044289,-8.61661506929E-16,0.573576436351
    ));
#11004 = ADVANCED_FACE('',(#11005),#11023,.F.);
#11005 = FACE_BOUND('',#11006,.F.);
#11006 = EDGE_LOOP('',(#11007,#11008,#11016,#11022));
#11007 = ORIENTED_EDGE('',*,*,#10993,.T.);
#11008 = ORIENTED_EDGE('',*,*,#11009,.T.);
#11009 = EDGE_CURVE('',#10986,#11010,#11012,.T.);
#11010 = VERTEX_POINT('',#11011);
#11011 = CARTESIAN_POINT('',(2.34,-5.44,5.27));
#11012 = LINE('',#11013,#11014);
#11013 = CARTESIAN_POINT('',(2.504370398652,-5.44,5.385093392194));
#11014 = VECTOR('',#11015,1.);
#11015 = DIRECTION('',(-0.819152044289,-1.273595532039E-16,
    -0.573576436351));
#11016 = ORIENTED_EDGE('',*,*,#11017,.F.);
#11017 = EDGE_CURVE('',#9164,#11010,#11018,.T.);
#11018 = LINE('',#11019,#11020);
#11019 = CARTESIAN_POINT('',(2.34,-4.94,5.27));
#11020 = VECTOR('',#11021,1.);
#11021 = DIRECTION('',(0.,-1.,2.22044604925E-16));
#11022 = ORIENTED_EDGE('',*,*,#9171,.F.);
#11023 = PLANE('',#11024);
#11024 = AXIS2_PLACEMENT_3D('',#11025,#11026,#11027);
#11025 = CARTESIAN_POINT('',(2.504370398652,-4.94,5.385093392194));
#11026 = DIRECTION('',(0.573576436351,-1.818882920477E-16,
    -0.819152044289));
#11027 = DIRECTION('',(-0.819152044289,-1.273595532039E-16,
    -0.573576436351));
#11028 = ADVANCED_FACE('',(#11029),#11040,.F.);
#11029 = FACE_BOUND('',#11030,.F.);
#11030 = EDGE_LOOP('',(#11031,#11032,#11038,#11039));
#11031 = ORIENTED_EDGE('',*,*,#11017,.T.);
#11032 = ORIENTED_EDGE('',*,*,#11033,.T.);
#11033 = EDGE_CURVE('',#11010,#10756,#11034,.T.);
#11034 = LINE('',#11035,#11036);
#11035 = CARTESIAN_POINT('',(2.34,-5.44,5.27));
#11036 = VECTOR('',#11037,1.);
#11037 = DIRECTION('',(0.,2.738550127409E-15,-1.));
#11038 = ORIENTED_EDGE('',*,*,#10763,.F.);
#11039 = ORIENTED_EDGE('',*,*,#9163,.F.);
#11040 = PLANE('',#11041);
#11041 = AXIS2_PLACEMENT_3D('',#11042,#11043,#11044);
#11042 = CARTESIAN_POINT('',(2.34,-4.94,5.27));
#11043 = DIRECTION('',(1.,0.,0.));
#11044 = DIRECTION('',(0.,2.738550127409E-15,-1.));
#11045 = ADVANCED_FACE('',(#11046),#11059,.T.);
#11046 = FACE_BOUND('',#11047,.T.);
#11047 = EDGE_LOOP('',(#11048,#11049,#11050,#11056,#11057,#11058));
#11048 = ORIENTED_EDGE('',*,*,#10847,.T.);
#11049 = ORIENTED_EDGE('',*,*,#10872,.T.);
#11050 = ORIENTED_EDGE('',*,*,#11051,.F.);
#11051 = EDGE_CURVE('',#9844,#10873,#11052,.T.);
#11052 = LINE('',#11053,#11054);
#11053 = CARTESIAN_POINT('',(3.87,-5.85,4.14));
#11054 = VECTOR('',#11055,1.);
#11055 = DIRECTION('',(0.,0.,1.));
#11056 = ORIENTED_EDGE('',*,*,#9851,.T.);
#11057 = ORIENTED_EDGE('',*,*,#10830,.T.);
#11058 = ORIENTED_EDGE('',*,*,#9260,.T.);
#11059 = PLANE('',#11060);
#11060 = AXIS2_PLACEMENT_3D('',#11061,#11062,#11063);
#11061 = CARTESIAN_POINT('',(4.685,-5.85,4.94));
#11062 = DIRECTION('',(-0.,-1.,-0.));
#11063 = DIRECTION('',(0.,0.,-1.));
#11064 = ADVANCED_FACE('',(#11065),#11076,.T.);
#11065 = FACE_BOUND('',#11066,.T.);
#11066 = EDGE_LOOP('',(#11067,#11068,#11069,#11070));
#11067 = ORIENTED_EDGE('',*,*,#10042,.F.);
#11068 = ORIENTED_EDGE('',*,*,#9334,.T.);
#11069 = ORIENTED_EDGE('',*,*,#9586,.T.);
#11070 = ORIENTED_EDGE('',*,*,#11071,.F.);
#11071 = EDGE_CURVE('',#10035,#9579,#11072,.T.);
#11072 = LINE('',#11073,#11074);
#11073 = CARTESIAN_POINT('',(-3.87,5.44,4.14));
#11074 = VECTOR('',#11075,1.);
#11075 = DIRECTION('',(0.,-1.7763568394E-15,1.));
#11076 = PLANE('',#11077);
#11077 = AXIS2_PLACEMENT_3D('',#11078,#11079,#11080);
#11078 = CARTESIAN_POINT('',(-3.87,5.85,4.14));
#11079 = DIRECTION('',(1.,0.,0.));
#11080 = DIRECTION('',(0.,-1.,0.));
#11081 = ADVANCED_FACE('',(#11082),#11123,.T.);
#11082 = FACE_BOUND('',#11083,.T.);
#11083 = EDGE_LOOP('',(#11084,#11092,#11100,#11106,#11107,#11108,#11109,
    #11110,#11111,#11112,#11113,#11114,#11115,#11116,#11122));
#11084 = ORIENTED_EDGE('',*,*,#11085,.T.);
#11085 = EDGE_CURVE('',#10003,#11086,#11088,.T.);
#11086 = VERTEX_POINT('',#11087);
#11087 = CARTESIAN_POINT('',(-1.58,5.44,0.8));
#11088 = LINE('',#11089,#11090);
#11089 = CARTESIAN_POINT('',(-1.58,5.44,4.14));
#11090 = VECTOR('',#11091,1.);
#11091 = DIRECTION('',(-5.782411586589E-17,1.7763568394E-15,-1.));
#11092 = ORIENTED_EDGE('',*,*,#11093,.T.);
#11093 = EDGE_CURVE('',#11086,#11094,#11096,.T.);
#11094 = VERTEX_POINT('',#11095);
#11095 = CARTESIAN_POINT('',(-4.9,5.44,0.8));
#11096 = LINE('',#11097,#11098);
#11097 = CARTESIAN_POINT('',(-1.58,5.44,0.8));
#11098 = VECTOR('',#11099,1.);
#11099 = DIRECTION('',(-1.,0.,0.));
#11100 = ORIENTED_EDGE('',*,*,#11101,.T.);
#11101 = EDGE_CURVE('',#11094,#10027,#11102,.T.);
#11102 = LINE('',#11103,#11104);
#11103 = CARTESIAN_POINT('',(-4.9,5.44,0.3));
#11104 = VECTOR('',#11105,1.);
#11105 = DIRECTION('',(0.,-1.7763568394E-15,1.));
#11106 = ORIENTED_EDGE('',*,*,#10034,.T.);
#11107 = ORIENTED_EDGE('',*,*,#11071,.T.);
#11108 = ORIENTED_EDGE('',*,*,#9578,.F.);
#11109 = ORIENTED_EDGE('',*,*,#9373,.F.);
#11110 = ORIENTED_EDGE('',*,*,#9397,.T.);
#11111 = ORIENTED_EDGE('',*,*,#9421,.T.);
#11112 = ORIENTED_EDGE('',*,*,#9445,.T.);
#11113 = ORIENTED_EDGE('',*,*,#9469,.T.);
#11114 = ORIENTED_EDGE('',*,*,#9493,.T.);
#11115 = ORIENTED_EDGE('',*,*,#9534,.T.);
#11116 = ORIENTED_EDGE('',*,*,#11117,.T.);
#11117 = EDGE_CURVE('',#9527,#9995,#11118,.T.);
#11118 = LINE('',#11119,#11120);
#11119 = CARTESIAN_POINT('',(-2.61,5.44,4.97));
#11120 = VECTOR('',#11121,1.);
#11121 = DIRECTION('',(0.,1.7763568394E-15,-1.));
#11122 = ORIENTED_EDGE('',*,*,#10002,.T.);
#11123 = PLANE('',#11124);
#11124 = AXIS2_PLACEMENT_3D('',#11125,#11126,#11127);
#11125 = CARTESIAN_POINT('',(-3.24,5.44,2.83754148699));
#11126 = DIRECTION('',(0.,1.,1.685862193738E-15));
#11127 = DIRECTION('',(0.,-1.685862193738E-15,1.));
#11128 = ADVANCED_FACE('',(#11129),#11135,.F.);
#11129 = FACE_BOUND('',#11130,.F.);
#11130 = EDGE_LOOP('',(#11131,#11132,#11133,#11134));
#11131 = ORIENTED_EDGE('',*,*,#9994,.F.);
#11132 = ORIENTED_EDGE('',*,*,#9674,.T.);
#11133 = ORIENTED_EDGE('',*,*,#9526,.T.);
#11134 = ORIENTED_EDGE('',*,*,#11117,.T.);
#11135 = PLANE('',#11136);
#11136 = AXIS2_PLACEMENT_3D('',#11137,#11138,#11139);
#11137 = CARTESIAN_POINT('',(-2.61,5.85,4.14));
#11138 = DIRECTION('',(1.,0.,0.));
#11139 = DIRECTION('',(0.,-1.,0.));
#11140 = ADVANCED_FACE('',(#11141),#11152,.T.);
#11141 = FACE_BOUND('',#11142,.T.);
#11142 = EDGE_LOOP('',(#11143,#11144,#11145,#11146));
#11143 = ORIENTED_EDGE('',*,*,#9987,.F.);
#11144 = ORIENTED_EDGE('',*,*,#9658,.T.);
#11145 = ORIENTED_EDGE('',*,*,#10266,.F.);
#11146 = ORIENTED_EDGE('',*,*,#11147,.F.);
#11147 = EDGE_CURVE('',#9980,#10267,#11148,.T.);
#11148 = LINE('',#11149,#11150);
#11149 = CARTESIAN_POINT('',(2.61,5.44,4.14));
#11150 = VECTOR('',#11151,1.);
#11151 = DIRECTION('',(0.,-1.7763568394E-15,1.));
#11152 = PLANE('',#11153);
#11153 = AXIS2_PLACEMENT_3D('',#11154,#11155,#11156);
#11154 = CARTESIAN_POINT('',(2.61,5.85,4.14));
#11155 = DIRECTION('',(1.,0.,0.));
#11156 = DIRECTION('',(0.,-1.,0.));
#11157 = ADVANCED_FACE('',(#11158),#11201,.T.);
#11158 = FACE_BOUND('',#11159,.T.);
#11159 = EDGE_LOOP('',(#11160,#11161,#11170,#11178,#11186,#11194,#11200)
  );
#11160 = ORIENTED_EDGE('',*,*,#11101,.F.);
#11161 = ORIENTED_EDGE('',*,*,#11162,.T.);
#11162 = EDGE_CURVE('',#11094,#11163,#11165,.T.);
#11163 = VERTEX_POINT('',#11164);
#11164 = CARTESIAN_POINT('',(-4.9,4.94,0.3));
#11165 = CIRCLE('',#11166,0.5);
#11166 = AXIS2_PLACEMENT_3D('',#11167,#11168,#11169);
#11167 = CARTESIAN_POINT('',(-4.9,4.94,0.8));
#11168 = DIRECTION('',(-1.,0.,0.));
#11169 = DIRECTION('',(0.,0.,-1.));
#11170 = ORIENTED_EDGE('',*,*,#11171,.F.);
#11171 = EDGE_CURVE('',#11172,#11163,#11174,.T.);
#11172 = VERTEX_POINT('',#11173);
#11173 = CARTESIAN_POINT('',(-4.9,4.14,0.3));
#11174 = LINE('',#11175,#11176);
#11175 = CARTESIAN_POINT('',(-4.9,4.94,0.3));
#11176 = VECTOR('',#11177,1.);
#11177 = DIRECTION('',(0.,1.,1.7763568394E-15));
#11178 = ORIENTED_EDGE('',*,*,#11179,.T.);
#11179 = EDGE_CURVE('',#11172,#11180,#11182,.T.);
#11180 = VERTEX_POINT('',#11181);
#11181 = CARTESIAN_POINT('',(-4.9,4.14,0.8));
#11182 = LINE('',#11183,#11184);
#11183 = CARTESIAN_POINT('',(-4.9,4.14,0.3));
#11184 = VECTOR('',#11185,1.);
#11185 = DIRECTION('',(0.,0.,1.));
#11186 = ORIENTED_EDGE('',*,*,#11187,.T.);
#11187 = EDGE_CURVE('',#11180,#11188,#11190,.T.);
#11188 = VERTEX_POINT('',#11189);
#11189 = CARTESIAN_POINT('',(-4.9,4.94,0.8));
#11190 = LINE('',#11191,#11192);
#11191 = CARTESIAN_POINT('',(-4.9,4.14,0.8));
#11192 = VECTOR('',#11193,1.);
#11193 = DIRECTION('',(0.,1.,0.));
#11194 = ORIENTED_EDGE('',*,*,#11195,.T.);
#11195 = EDGE_CURVE('',#11188,#10019,#11196,.T.);
#11196 = LINE('',#11197,#11198);
#11197 = CARTESIAN_POINT('',(-4.9,4.94,0.3));
#11198 = VECTOR('',#11199,1.);
#11199 = DIRECTION('',(0.,-1.7763568394E-15,1.));
#11200 = ORIENTED_EDGE('',*,*,#10026,.T.);
#11201 = PLANE('',#11202);
#11202 = AXIS2_PLACEMENT_3D('',#11203,#11204,#11205);
#11203 = CARTESIAN_POINT('',(-4.9,5.049922178988,1.960077821012));
#11204 = DIRECTION('',(-1.,-1.146430907515E-15,-0.));
#11205 = DIRECTION('',(1.146430907515E-15,-1.,0.));
#11206 = ADVANCED_FACE('',(#11207),#11225,.F.);
#11207 = FACE_BOUND('',#11208,.F.);
#11208 = EDGE_LOOP('',(#11209,#11210,#11211,#11219));
#11209 = ORIENTED_EDGE('',*,*,#11195,.T.);
#11210 = ORIENTED_EDGE('',*,*,#10018,.T.);
#11211 = ORIENTED_EDGE('',*,*,#11212,.T.);
#11212 = EDGE_CURVE('',#10011,#11213,#11215,.T.);
#11213 = VERTEX_POINT('',#11214);
#11214 = CARTESIAN_POINT('',(-1.58,4.94,0.8));
#11215 = LINE('',#11216,#11217);
#11216 = CARTESIAN_POINT('',(-1.58,4.94,4.14));
#11217 = VECTOR('',#11218,1.);
#11218 = DIRECTION('',(-5.782411586589E-17,1.7763568394E-15,-1.));
#11219 = ORIENTED_EDGE('',*,*,#11220,.F.);
#11220 = EDGE_CURVE('',#11188,#11213,#11221,.T.);
#11221 = LINE('',#11222,#11223);
#11222 = CARTESIAN_POINT('',(3.391026395967E-16,4.94,0.8));
#11223 = VECTOR('',#11224,1.);
#11224 = DIRECTION('',(1.,0.,0.));
#11225 = PLANE('',#11226);
#11226 = AXIS2_PLACEMENT_3D('',#11227,#11228,#11229);
#11227 = CARTESIAN_POINT('',(2.336354533154E-16,4.94,2.83754148699));
#11228 = DIRECTION('',(0.,1.,1.688231841347E-15));
#11229 = DIRECTION('',(0.,-1.688231841347E-15,1.));
#11230 = ADVANCED_FACE('',(#11231),#11267,.T.);
#11231 = FACE_BOUND('',#11232,.T.);
#11232 = EDGE_LOOP('',(#11233,#11243,#11250,#11251,#11252,#11253,#11261)
  );
#11233 = ORIENTED_EDGE('',*,*,#11234,.F.);
#11234 = EDGE_CURVE('',#11235,#11237,#11239,.T.);
#11235 = VERTEX_POINT('',#11236);
#11236 = CARTESIAN_POINT('',(-1.58,4.94,0.3));
#11237 = VERTEX_POINT('',#11238);
#11238 = CARTESIAN_POINT('',(-1.58,4.14,0.3));
#11239 = LINE('',#11240,#11241);
#11240 = CARTESIAN_POINT('',(-1.58,5.44,0.3));
#11241 = VECTOR('',#11242,1.);
#11242 = DIRECTION('',(0.,-1.,0.));
#11243 = ORIENTED_EDGE('',*,*,#11244,.F.);
#11244 = EDGE_CURVE('',#11086,#11235,#11245,.T.);
#11245 = CIRCLE('',#11246,0.5);
#11246 = AXIS2_PLACEMENT_3D('',#11247,#11248,#11249);
#11247 = CARTESIAN_POINT('',(-1.58,4.94,0.8));
#11248 = DIRECTION('',(-1.,0.,0.));
#11249 = DIRECTION('',(0.,0.,-1.));
#11250 = ORIENTED_EDGE('',*,*,#11085,.F.);
#11251 = ORIENTED_EDGE('',*,*,#10010,.F.);
#11252 = ORIENTED_EDGE('',*,*,#11212,.T.);
#11253 = ORIENTED_EDGE('',*,*,#11254,.T.);
#11254 = EDGE_CURVE('',#11213,#11255,#11257,.T.);
#11255 = VERTEX_POINT('',#11256);
#11256 = CARTESIAN_POINT('',(-1.58,4.14,0.8));
#11257 = LINE('',#11258,#11259);
#11258 = CARTESIAN_POINT('',(-1.58,5.44,0.8));
#11259 = VECTOR('',#11260,1.);
#11260 = DIRECTION('',(0.,-1.,0.));
#11261 = ORIENTED_EDGE('',*,*,#11262,.F.);
#11262 = EDGE_CURVE('',#11237,#11255,#11263,.T.);
#11263 = LINE('',#11264,#11265);
#11264 = CARTESIAN_POINT('',(-1.58,4.14,0.3));
#11265 = VECTOR('',#11266,1.);
#11266 = DIRECTION('',(0.,0.,1.));
#11267 = PLANE('',#11268);
#11268 = AXIS2_PLACEMENT_3D('',#11269,#11270,#11271);
#11269 = CARTESIAN_POINT('',(-1.58,5.049922178988,1.960077821012));
#11270 = DIRECTION('',(1.,0.,0.));
#11271 = DIRECTION('',(0.,0.,1.));
#11272 = ADVANCED_FACE('',(#11273),#11314,.T.);
#11273 = FACE_BOUND('',#11274,.T.);
#11274 = EDGE_LOOP('',(#11275,#11283,#11291,#11297,#11298,#11299,#11300,
    #11301,#11302,#11303,#11304,#11305,#11306,#11307,#11313));
#11275 = ORIENTED_EDGE('',*,*,#11276,.F.);
#11276 = EDGE_CURVE('',#11277,#9948,#11279,.T.);
#11277 = VERTEX_POINT('',#11278);
#11278 = CARTESIAN_POINT('',(4.9,5.44,0.8));
#11279 = LINE('',#11280,#11281);
#11280 = CARTESIAN_POINT('',(4.9,5.44,0.3));
#11281 = VECTOR('',#11282,1.);
#11282 = DIRECTION('',(0.,-1.7763568394E-15,1.));
#11283 = ORIENTED_EDGE('',*,*,#11284,.F.);
#11284 = EDGE_CURVE('',#11285,#11277,#11287,.T.);
#11285 = VERTEX_POINT('',#11286);
#11286 = CARTESIAN_POINT('',(1.58,5.44,0.8));
#11287 = LINE('',#11288,#11289);
#11288 = CARTESIAN_POINT('',(1.58,5.44,0.8));
#11289 = VECTOR('',#11290,1.);
#11290 = DIRECTION('',(1.,0.,0.));
#11291 = ORIENTED_EDGE('',*,*,#11292,.F.);
#11292 = EDGE_CURVE('',#9972,#11285,#11293,.T.);
#11293 = LINE('',#11294,#11295);
#11294 = CARTESIAN_POINT('',(1.58,5.44,4.14));
#11295 = VECTOR('',#11296,1.);
#11296 = DIRECTION('',(5.782411586589E-17,1.7763568394E-15,-1.));
#11297 = ORIENTED_EDGE('',*,*,#9979,.F.);
#11298 = ORIENTED_EDGE('',*,*,#11147,.T.);
#11299 = ORIENTED_EDGE('',*,*,#10274,.T.);
#11300 = ORIENTED_EDGE('',*,*,#10064,.F.);
#11301 = ORIENTED_EDGE('',*,*,#10095,.F.);
#11302 = ORIENTED_EDGE('',*,*,#10119,.F.);
#11303 = ORIENTED_EDGE('',*,*,#10143,.F.);
#11304 = ORIENTED_EDGE('',*,*,#10167,.F.);
#11305 = ORIENTED_EDGE('',*,*,#10184,.T.);
#11306 = ORIENTED_EDGE('',*,*,#10225,.T.);
#11307 = ORIENTED_EDGE('',*,*,#11308,.F.);
#11308 = EDGE_CURVE('',#9940,#10226,#11309,.T.);
#11309 = LINE('',#11310,#11311);
#11310 = CARTESIAN_POINT('',(3.87,5.44,4.14));
#11311 = VECTOR('',#11312,1.);
#11312 = DIRECTION('',(0.,-1.7763568394E-15,1.));
#11313 = ORIENTED_EDGE('',*,*,#9947,.F.);
#11314 = PLANE('',#11315);
#11315 = AXIS2_PLACEMENT_3D('',#11316,#11317,#11318);
#11316 = CARTESIAN_POINT('',(3.24,5.44,2.83754148699));
#11317 = DIRECTION('',(0.,1.,1.685862193738E-15));
#11318 = DIRECTION('',(0.,-1.685862193738E-15,1.));
#11319 = ADVANCED_FACE('',(#11320),#11363,.T.);
#11320 = FACE_BOUND('',#11321,.T.);
#11321 = EDGE_LOOP('',(#11322,#11323,#11332,#11340,#11348,#11356,#11362)
  );
#11322 = ORIENTED_EDGE('',*,*,#11292,.T.);
#11323 = ORIENTED_EDGE('',*,*,#11324,.T.);
#11324 = EDGE_CURVE('',#11285,#11325,#11327,.T.);
#11325 = VERTEX_POINT('',#11326);
#11326 = CARTESIAN_POINT('',(1.58,4.94,0.3));
#11327 = CIRCLE('',#11328,0.5);
#11328 = AXIS2_PLACEMENT_3D('',#11329,#11330,#11331);
#11329 = CARTESIAN_POINT('',(1.58,4.94,0.8));
#11330 = DIRECTION('',(-1.,0.,0.));
#11331 = DIRECTION('',(0.,0.,1.));
#11332 = ORIENTED_EDGE('',*,*,#11333,.F.);
#11333 = EDGE_CURVE('',#11334,#11325,#11336,.T.);
#11334 = VERTEX_POINT('',#11335);
#11335 = CARTESIAN_POINT('',(1.58,4.14,0.3));
#11336 = LINE('',#11337,#11338);
#11337 = CARTESIAN_POINT('',(1.58,4.94,0.3));
#11338 = VECTOR('',#11339,1.);
#11339 = DIRECTION('',(0.,1.,1.7763568394E-15));
#11340 = ORIENTED_EDGE('',*,*,#11341,.T.);
#11341 = EDGE_CURVE('',#11334,#11342,#11344,.T.);
#11342 = VERTEX_POINT('',#11343);
#11343 = CARTESIAN_POINT('',(1.58,4.14,0.8));
#11344 = LINE('',#11345,#11346);
#11345 = CARTESIAN_POINT('',(1.58,4.14,0.3));
#11346 = VECTOR('',#11347,1.);
#11347 = DIRECTION('',(0.,0.,1.));
#11348 = ORIENTED_EDGE('',*,*,#11349,.T.);
#11349 = EDGE_CURVE('',#11342,#11350,#11352,.T.);
#11350 = VERTEX_POINT('',#11351);
#11351 = CARTESIAN_POINT('',(1.58,4.94,0.8));
#11352 = LINE('',#11353,#11354);
#11353 = CARTESIAN_POINT('',(1.58,4.14,0.8));
#11354 = VECTOR('',#11355,1.);
#11355 = DIRECTION('',(0.,1.,0.));
#11356 = ORIENTED_EDGE('',*,*,#11357,.F.);
#11357 = EDGE_CURVE('',#9964,#11350,#11358,.T.);
#11358 = LINE('',#11359,#11360);
#11359 = CARTESIAN_POINT('',(1.58,4.94,4.14));
#11360 = VECTOR('',#11361,1.);
#11361 = DIRECTION('',(5.782411586589E-17,1.7763568394E-15,-1.));
#11362 = ORIENTED_EDGE('',*,*,#9971,.T.);
#11363 = PLANE('',#11364);
#11364 = AXIS2_PLACEMENT_3D('',#11365,#11366,#11367);
#11365 = CARTESIAN_POINT('',(1.58,5.049922178988,1.960077821012));
#11366 = DIRECTION('',(-1.,-0.,-0.));
#11367 = DIRECTION('',(0.,0.,-1.));
#11368 = ADVANCED_FACE('',(#11369),#11387,.F.);
#11369 = FACE_BOUND('',#11370,.F.);
#11370 = EDGE_LOOP('',(#11371,#11372,#11380,#11386));
#11371 = ORIENTED_EDGE('',*,*,#9963,.F.);
#11372 = ORIENTED_EDGE('',*,*,#11373,.F.);
#11373 = EDGE_CURVE('',#11374,#9956,#11376,.T.);
#11374 = VERTEX_POINT('',#11375);
#11375 = CARTESIAN_POINT('',(4.9,4.94,0.8));
#11376 = LINE('',#11377,#11378);
#11377 = CARTESIAN_POINT('',(4.9,4.94,0.3));
#11378 = VECTOR('',#11379,1.);
#11379 = DIRECTION('',(0.,-1.7763568394E-15,1.));
#11380 = ORIENTED_EDGE('',*,*,#11381,.F.);
#11381 = EDGE_CURVE('',#11350,#11374,#11382,.T.);
#11382 = LINE('',#11383,#11384);
#11383 = CARTESIAN_POINT('',(3.391026395967E-16,4.94,0.8));
#11384 = VECTOR('',#11385,1.);
#11385 = DIRECTION('',(1.,0.,0.));
#11386 = ORIENTED_EDGE('',*,*,#11357,.F.);
#11387 = PLANE('',#11388);
#11388 = AXIS2_PLACEMENT_3D('',#11389,#11390,#11391);
#11389 = CARTESIAN_POINT('',(2.336354533154E-16,4.94,2.83754148699));
#11390 = DIRECTION('',(0.,1.,1.688231841347E-15));
#11391 = DIRECTION('',(0.,-1.688231841347E-15,1.));
#11392 = ADVANCED_FACE('',(#11393),#11429,.T.);
#11393 = FACE_BOUND('',#11394,.T.);
#11394 = EDGE_LOOP('',(#11395,#11405,#11412,#11413,#11414,#11415,#11423)
  );
#11395 = ORIENTED_EDGE('',*,*,#11396,.F.);
#11396 = EDGE_CURVE('',#11397,#11399,#11401,.T.);
#11397 = VERTEX_POINT('',#11398);
#11398 = CARTESIAN_POINT('',(4.9,4.94,0.3));
#11399 = VERTEX_POINT('',#11400);
#11400 = CARTESIAN_POINT('',(4.9,4.14,0.3));
#11401 = LINE('',#11402,#11403);
#11402 = CARTESIAN_POINT('',(4.9,5.44,0.3));
#11403 = VECTOR('',#11404,1.);
#11404 = DIRECTION('',(0.,-1.,0.));
#11405 = ORIENTED_EDGE('',*,*,#11406,.F.);
#11406 = EDGE_CURVE('',#11277,#11397,#11407,.T.);
#11407 = CIRCLE('',#11408,0.5);
#11408 = AXIS2_PLACEMENT_3D('',#11409,#11410,#11411);
#11409 = CARTESIAN_POINT('',(4.9,4.94,0.8));
#11410 = DIRECTION('',(-1.,0.,0.));
#11411 = DIRECTION('',(0.,0.,1.));
#11412 = ORIENTED_EDGE('',*,*,#11276,.T.);
#11413 = ORIENTED_EDGE('',*,*,#9955,.F.);
#11414 = ORIENTED_EDGE('',*,*,#11373,.F.);
#11415 = ORIENTED_EDGE('',*,*,#11416,.T.);
#11416 = EDGE_CURVE('',#11374,#11417,#11419,.T.);
#11417 = VERTEX_POINT('',#11418);
#11418 = CARTESIAN_POINT('',(4.9,4.14,0.8));
#11419 = LINE('',#11420,#11421);
#11420 = CARTESIAN_POINT('',(4.9,5.44,0.8));
#11421 = VECTOR('',#11422,1.);
#11422 = DIRECTION('',(0.,-1.,0.));
#11423 = ORIENTED_EDGE('',*,*,#11424,.F.);
#11424 = EDGE_CURVE('',#11399,#11417,#11425,.T.);
#11425 = LINE('',#11426,#11427);
#11426 = CARTESIAN_POINT('',(4.9,4.14,0.3));
#11427 = VECTOR('',#11428,1.);
#11428 = DIRECTION('',(0.,0.,1.));
#11429 = PLANE('',#11430);
#11430 = AXIS2_PLACEMENT_3D('',#11431,#11432,#11433);
#11431 = CARTESIAN_POINT('',(4.9,5.049922178988,1.960077821012));
#11432 = DIRECTION('',(1.,0.,0.));
#11433 = DIRECTION('',(0.,0.,1.));
#11434 = ADVANCED_FACE('',(#11435),#11441,.F.);
#11435 = FACE_BOUND('',#11436,.F.);
#11436 = EDGE_LOOP('',(#11437,#11438,#11439,#11440));
#11437 = ORIENTED_EDGE('',*,*,#9939,.F.);
#11438 = ORIENTED_EDGE('',*,*,#10315,.T.);
#11439 = ORIENTED_EDGE('',*,*,#10233,.F.);
#11440 = ORIENTED_EDGE('',*,*,#11308,.F.);
#11441 = PLANE('',#11442);
#11442 = AXIS2_PLACEMENT_3D('',#11443,#11444,#11445);
#11443 = CARTESIAN_POINT('',(3.87,5.85,4.14));
#11444 = DIRECTION('',(1.,0.,0.));
#11445 = DIRECTION('',(0.,-1.,0.));
#11446 = ADVANCED_FACE('',(#11447),#11458,.F.);
#11447 = FACE_BOUND('',#11448,.F.);
#11448 = EDGE_LOOP('',(#11449,#11450,#11456,#11457));
#11449 = ORIENTED_EDGE('',*,*,#9843,.F.);
#11450 = ORIENTED_EDGE('',*,*,#11451,.T.);
#11451 = EDGE_CURVE('',#9836,#10891,#11452,.T.);
#11452 = LINE('',#11453,#11454);
#11453 = CARTESIAN_POINT('',(3.87,-5.44,4.14));
#11454 = VECTOR('',#11455,1.);
#11455 = DIRECTION('',(0.,2.22044604925E-16,1.));
#11456 = ORIENTED_EDGE('',*,*,#10898,.T.);
#11457 = ORIENTED_EDGE('',*,*,#11051,.F.);
#11458 = PLANE('',#11459);
#11459 = AXIS2_PLACEMENT_3D('',#11460,#11461,#11462);
#11460 = CARTESIAN_POINT('',(3.87,-4.94,4.14));
#11461 = DIRECTION('',(1.,0.,0.));
#11462 = DIRECTION('',(0.,-1.,0.));
#11463 = ADVANCED_FACE('',(#11464),#11500,.T.);
#11464 = FACE_BOUND('',#11465,.T.);
#11465 = EDGE_LOOP('',(#11466,#11474,#11482,#11488,#11489,#11490,#11491,
    #11492,#11493,#11494,#11495,#11496,#11497,#11498,#11499));
#11466 = ORIENTED_EDGE('',*,*,#11467,.T.);
#11467 = EDGE_CURVE('',#9804,#11468,#11470,.T.);
#11468 = VERTEX_POINT('',#11469);
#11469 = CARTESIAN_POINT('',(1.58,-5.44,0.8));
#11470 = LINE('',#11471,#11472);
#11471 = CARTESIAN_POINT('',(1.58,-5.44,4.14));
#11472 = VECTOR('',#11473,1.);
#11473 = DIRECTION('',(5.782411586589E-17,-2.22044604925E-16,-1.));
#11474 = ORIENTED_EDGE('',*,*,#11475,.T.);
#11475 = EDGE_CURVE('',#11468,#11476,#11478,.T.);
#11476 = VERTEX_POINT('',#11477);
#11477 = CARTESIAN_POINT('',(4.9,-5.44,0.8));
#11478 = LINE('',#11479,#11480);
#11479 = CARTESIAN_POINT('',(1.58,-5.44,0.8));
#11480 = VECTOR('',#11481,1.);
#11481 = DIRECTION('',(1.,0.,0.));
#11482 = ORIENTED_EDGE('',*,*,#11483,.T.);
#11483 = EDGE_CURVE('',#11476,#9828,#11484,.T.);
#11484 = LINE('',#11485,#11486);
#11485 = CARTESIAN_POINT('',(4.9,-5.44,0.3));
#11486 = VECTOR('',#11487,1.);
#11487 = DIRECTION('',(0.,2.22044604925E-16,1.));
#11488 = ORIENTED_EDGE('',*,*,#9835,.T.);
#11489 = ORIENTED_EDGE('',*,*,#11451,.T.);
#11490 = ORIENTED_EDGE('',*,*,#10890,.F.);
#11491 = ORIENTED_EDGE('',*,*,#10920,.F.);
#11492 = ORIENTED_EDGE('',*,*,#10937,.T.);
#11493 = ORIENTED_EDGE('',*,*,#10961,.T.);
#11494 = ORIENTED_EDGE('',*,*,#10985,.T.);
#11495 = ORIENTED_EDGE('',*,*,#11009,.T.);
#11496 = ORIENTED_EDGE('',*,*,#11033,.T.);
#11497 = ORIENTED_EDGE('',*,*,#10755,.F.);
#11498 = ORIENTED_EDGE('',*,*,#10730,.F.);
#11499 = ORIENTED_EDGE('',*,*,#9803,.T.);
#11500 = PLANE('',#11501);
#11501 = AXIS2_PLACEMENT_3D('',#11502,#11503,#11504);
#11502 = CARTESIAN_POINT('',(3.24,-5.44,2.83754148699));
#11503 = DIRECTION('',(-0.,-1.,-0.));
#11504 = DIRECTION('',(0.,0.,-1.));
#11505 = ADVANCED_FACE('',(#11506),#11549,.T.);
#11506 = FACE_BOUND('',#11507,.T.);
#11507 = EDGE_LOOP('',(#11508,#11509,#11518,#11526,#11534,#11542,#11548)
  );
#11508 = ORIENTED_EDGE('',*,*,#11483,.F.);
#11509 = ORIENTED_EDGE('',*,*,#11510,.T.);
#11510 = EDGE_CURVE('',#11476,#11511,#11513,.T.);
#11511 = VERTEX_POINT('',#11512);
#11512 = CARTESIAN_POINT('',(4.9,-4.94,0.3));
#11513 = CIRCLE('',#11514,0.5);
#11514 = AXIS2_PLACEMENT_3D('',#11515,#11516,#11517);
#11515 = CARTESIAN_POINT('',(4.9,-4.94,0.8));
#11516 = DIRECTION('',(1.,0.,-0.));
#11517 = DIRECTION('',(0.,0.,1.));
#11518 = ORIENTED_EDGE('',*,*,#11519,.F.);
#11519 = EDGE_CURVE('',#11520,#11511,#11522,.T.);
#11520 = VERTEX_POINT('',#11521);
#11521 = CARTESIAN_POINT('',(4.9,-4.14,0.3));
#11522 = LINE('',#11523,#11524);
#11523 = CARTESIAN_POINT('',(4.9,-4.94,0.3));
#11524 = VECTOR('',#11525,1.);
#11525 = DIRECTION('',(0.,-1.,2.22044604925E-16));
#11526 = ORIENTED_EDGE('',*,*,#11527,.T.);
#11527 = EDGE_CURVE('',#11520,#11528,#11530,.T.);
#11528 = VERTEX_POINT('',#11529);
#11529 = CARTESIAN_POINT('',(4.9,-4.14,0.8));
#11530 = LINE('',#11531,#11532);
#11531 = CARTESIAN_POINT('',(4.9,-4.14,0.3));
#11532 = VECTOR('',#11533,1.);
#11533 = DIRECTION('',(0.,0.,1.));
#11534 = ORIENTED_EDGE('',*,*,#11535,.T.);
#11535 = EDGE_CURVE('',#11528,#11536,#11538,.T.);
#11536 = VERTEX_POINT('',#11537);
#11537 = CARTESIAN_POINT('',(4.9,-4.94,0.8));
#11538 = LINE('',#11539,#11540);
#11539 = CARTESIAN_POINT('',(4.9,-4.14,0.8));
#11540 = VECTOR('',#11541,1.);
#11541 = DIRECTION('',(0.,-1.,0.));
#11542 = ORIENTED_EDGE('',*,*,#11543,.T.);
#11543 = EDGE_CURVE('',#11536,#9820,#11544,.T.);
#11544 = LINE('',#11545,#11546);
#11545 = CARTESIAN_POINT('',(4.9,-4.94,0.3));
#11546 = VECTOR('',#11547,1.);
#11547 = DIRECTION('',(0.,2.22044604925E-16,1.));
#11548 = ORIENTED_EDGE('',*,*,#9827,.T.);
#11549 = PLANE('',#11550);
#11550 = AXIS2_PLACEMENT_3D('',#11551,#11552,#11553);
#11551 = CARTESIAN_POINT('',(4.9,-5.049922178988,1.960077821012));
#11552 = DIRECTION('',(1.,0.,0.));
#11553 = DIRECTION('',(0.,0.,1.));
#11554 = ADVANCED_FACE('',(#11555),#11573,.T.);
#11555 = FACE_BOUND('',#11556,.T.);
#11556 = EDGE_LOOP('',(#11557,#11565,#11566,#11567));
#11557 = ORIENTED_EDGE('',*,*,#11558,.F.);
#11558 = EDGE_CURVE('',#9812,#11559,#11561,.T.);
#11559 = VERTEX_POINT('',#11560);
#11560 = CARTESIAN_POINT('',(1.58,-4.94,0.8));
#11561 = LINE('',#11562,#11563);
#11562 = CARTESIAN_POINT('',(1.58,-4.94,4.14));
#11563 = VECTOR('',#11564,1.);
#11564 = DIRECTION('',(5.782411586589E-17,-2.22044604925E-16,-1.));
#11565 = ORIENTED_EDGE('',*,*,#9819,.F.);
#11566 = ORIENTED_EDGE('',*,*,#11543,.F.);
#11567 = ORIENTED_EDGE('',*,*,#11568,.F.);
#11568 = EDGE_CURVE('',#11559,#11536,#11569,.T.);
#11569 = LINE('',#11570,#11571);
#11570 = CARTESIAN_POINT('',(-2.902690691006E-17,-4.94,0.8));
#11571 = VECTOR('',#11572,1.);
#11572 = DIRECTION('',(1.,0.,0.));
#11573 = PLANE('',#11574);
#11574 = AXIS2_PLACEMENT_3D('',#11575,#11576,#11577);
#11575 = CARTESIAN_POINT('',(-5.026236396982E-16,-4.94,2.83754148699));
#11576 = DIRECTION('',(0.,1.,0.));
#11577 = DIRECTION('',(0.,0.,1.));
#11578 = ADVANCED_FACE('',(#11579),#11615,.T.);
#11579 = FACE_BOUND('',#11580,.T.);
#11580 = EDGE_LOOP('',(#11581,#11591,#11598,#11599,#11600,#11601,#11609)
  );
#11581 = ORIENTED_EDGE('',*,*,#11582,.F.);
#11582 = EDGE_CURVE('',#11583,#11585,#11587,.T.);
#11583 = VERTEX_POINT('',#11584);
#11584 = CARTESIAN_POINT('',(1.58,-4.94,0.3));
#11585 = VERTEX_POINT('',#11586);
#11586 = CARTESIAN_POINT('',(1.58,-4.14,0.3));
#11587 = LINE('',#11588,#11589);
#11588 = CARTESIAN_POINT('',(1.58,-5.44,0.3));
#11589 = VECTOR('',#11590,1.);
#11590 = DIRECTION('',(0.,1.,0.));
#11591 = ORIENTED_EDGE('',*,*,#11592,.F.);
#11592 = EDGE_CURVE('',#11468,#11583,#11593,.T.);
#11593 = CIRCLE('',#11594,0.5);
#11594 = AXIS2_PLACEMENT_3D('',#11595,#11596,#11597);
#11595 = CARTESIAN_POINT('',(1.58,-4.94,0.8));
#11596 = DIRECTION('',(1.,0.,-0.));
#11597 = DIRECTION('',(0.,0.,1.));
#11598 = ORIENTED_EDGE('',*,*,#11467,.F.);
#11599 = ORIENTED_EDGE('',*,*,#9811,.F.);
#11600 = ORIENTED_EDGE('',*,*,#11558,.T.);
#11601 = ORIENTED_EDGE('',*,*,#11602,.T.);
#11602 = EDGE_CURVE('',#11559,#11603,#11605,.T.);
#11603 = VERTEX_POINT('',#11604);
#11604 = CARTESIAN_POINT('',(1.58,-4.14,0.8));
#11605 = LINE('',#11606,#11607);
#11606 = CARTESIAN_POINT('',(1.58,-5.44,0.8));
#11607 = VECTOR('',#11608,1.);
#11608 = DIRECTION('',(0.,1.,0.));
#11609 = ORIENTED_EDGE('',*,*,#11610,.F.);
#11610 = EDGE_CURVE('',#11585,#11603,#11611,.T.);
#11611 = LINE('',#11612,#11613);
#11612 = CARTESIAN_POINT('',(1.58,-4.14,0.3));
#11613 = VECTOR('',#11614,1.);
#11614 = DIRECTION('',(0.,0.,1.));
#11615 = PLANE('',#11616);
#11616 = AXIS2_PLACEMENT_3D('',#11617,#11618,#11619);
#11617 = CARTESIAN_POINT('',(1.58,-5.049922178988,1.960077821012));
#11618 = DIRECTION('',(-1.,-0.,-0.));
#11619 = DIRECTION('',(0.,0.,-1.));
#11620 = ADVANCED_FACE('',(#11621),#11662,.T.);
#11621 = FACE_BOUND('',#11622,.T.);
#11622 = EDGE_LOOP('',(#11623,#11631,#11639,#11645,#11646,#11647,#11648,
    #11649,#11650,#11651,#11652,#11653,#11654,#11655,#11661));
#11623 = ORIENTED_EDGE('',*,*,#11624,.F.);
#11624 = EDGE_CURVE('',#11625,#9749,#11627,.T.);
#11625 = VERTEX_POINT('',#11626);
#11626 = CARTESIAN_POINT('',(-4.9,-5.44,0.8));
#11627 = LINE('',#11628,#11629);
#11628 = CARTESIAN_POINT('',(-4.9,-5.44,0.3));
#11629 = VECTOR('',#11630,1.);
#11630 = DIRECTION('',(0.,2.22044604925E-16,1.));
#11631 = ORIENTED_EDGE('',*,*,#11632,.F.);
#11632 = EDGE_CURVE('',#11633,#11625,#11635,.T.);
#11633 = VERTEX_POINT('',#11634);
#11634 = CARTESIAN_POINT('',(-1.58,-5.44,0.8));
#11635 = LINE('',#11636,#11637);
#11636 = CARTESIAN_POINT('',(-1.58,-5.44,0.8));
#11637 = VECTOR('',#11638,1.);
#11638 = DIRECTION('',(-1.,0.,0.));
#11639 = ORIENTED_EDGE('',*,*,#11640,.F.);
#11640 = EDGE_CURVE('',#9773,#11633,#11641,.T.);
#11641 = LINE('',#11642,#11643);
#11642 = CARTESIAN_POINT('',(-1.58,-5.44,4.14));
#11643 = VECTOR('',#11644,1.);
#11644 = DIRECTION('',(-5.782411586589E-17,-2.22044604925E-16,-1.));
#11645 = ORIENTED_EDGE('',*,*,#9780,.F.);
#11646 = ORIENTED_EDGE('',*,*,#10797,.F.);
#11647 = ORIENTED_EDGE('',*,*,#10522,.F.);
#11648 = ORIENTED_EDGE('',*,*,#10554,.F.);
#11649 = ORIENTED_EDGE('',*,*,#10578,.F.);
#11650 = ORIENTED_EDGE('',*,*,#10602,.F.);
#11651 = ORIENTED_EDGE('',*,*,#10626,.F.);
#11652 = ORIENTED_EDGE('',*,*,#10650,.F.);
#11653 = ORIENTED_EDGE('',*,*,#10667,.T.);
#11654 = ORIENTED_EDGE('',*,*,#10474,.T.);
#11655 = ORIENTED_EDGE('',*,*,#11656,.F.);
#11656 = EDGE_CURVE('',#9741,#10475,#11657,.T.);
#11657 = LINE('',#11658,#11659);
#11658 = CARTESIAN_POINT('',(-3.87,-5.44,4.14));
#11659 = VECTOR('',#11660,1.);
#11660 = DIRECTION('',(0.,2.22044604925E-16,1.));
#11661 = ORIENTED_EDGE('',*,*,#9748,.F.);
#11662 = PLANE('',#11663);
#11663 = AXIS2_PLACEMENT_3D('',#11664,#11665,#11666);
#11664 = CARTESIAN_POINT('',(-3.24,-5.44,2.83754148699));
#11665 = DIRECTION('',(-0.,-1.,-0.));
#11666 = DIRECTION('',(0.,0.,-1.));
#11667 = ADVANCED_FACE('',(#11668),#11711,.T.);
#11668 = FACE_BOUND('',#11669,.T.);
#11669 = EDGE_LOOP('',(#11670,#11671,#11680,#11688,#11696,#11704,#11710)
  );
#11670 = ORIENTED_EDGE('',*,*,#11640,.T.);
#11671 = ORIENTED_EDGE('',*,*,#11672,.T.);
#11672 = EDGE_CURVE('',#11633,#11673,#11675,.T.);
#11673 = VERTEX_POINT('',#11674);
#11674 = CARTESIAN_POINT('',(-1.58,-4.94,0.3));
#11675 = CIRCLE('',#11676,0.5);
#11676 = AXIS2_PLACEMENT_3D('',#11677,#11678,#11679);
#11677 = CARTESIAN_POINT('',(-1.58,-4.94,0.8));
#11678 = DIRECTION('',(1.,-0.,0.));
#11679 = DIRECTION('',(0.,0.,-1.));
#11680 = ORIENTED_EDGE('',*,*,#11681,.F.);
#11681 = EDGE_CURVE('',#11682,#11673,#11684,.T.);
#11682 = VERTEX_POINT('',#11683);
#11683 = CARTESIAN_POINT('',(-1.58,-4.14,0.3));
#11684 = LINE('',#11685,#11686);
#11685 = CARTESIAN_POINT('',(-1.58,-4.94,0.3));
#11686 = VECTOR('',#11687,1.);
#11687 = DIRECTION('',(0.,-1.,2.22044604925E-16));
#11688 = ORIENTED_EDGE('',*,*,#11689,.T.);
#11689 = EDGE_CURVE('',#11682,#11690,#11692,.T.);
#11690 = VERTEX_POINT('',#11691);
#11691 = CARTESIAN_POINT('',(-1.58,-4.14,0.8));
#11692 = LINE('',#11693,#11694);
#11693 = CARTESIAN_POINT('',(-1.58,-4.14,0.3));
#11694 = VECTOR('',#11695,1.);
#11695 = DIRECTION('',(0.,0.,1.));
#11696 = ORIENTED_EDGE('',*,*,#11697,.T.);
#11697 = EDGE_CURVE('',#11690,#11698,#11700,.T.);
#11698 = VERTEX_POINT('',#11699);
#11699 = CARTESIAN_POINT('',(-1.58,-4.94,0.8));
#11700 = LINE('',#11701,#11702);
#11701 = CARTESIAN_POINT('',(-1.58,-4.14,0.8));
#11702 = VECTOR('',#11703,1.);
#11703 = DIRECTION('',(0.,-1.,0.));
#11704 = ORIENTED_EDGE('',*,*,#11705,.F.);
#11705 = EDGE_CURVE('',#9765,#11698,#11706,.T.);
#11706 = LINE('',#11707,#11708);
#11707 = CARTESIAN_POINT('',(-1.58,-4.94,4.14));
#11708 = VECTOR('',#11709,1.);
#11709 = DIRECTION('',(-5.782411586589E-17,-2.22044604925E-16,-1.));
#11710 = ORIENTED_EDGE('',*,*,#9772,.T.);
#11711 = PLANE('',#11712);
#11712 = AXIS2_PLACEMENT_3D('',#11713,#11714,#11715);
#11713 = CARTESIAN_POINT('',(-1.58,-5.049922178988,1.960077821012));
#11714 = DIRECTION('',(1.,0.,0.));
#11715 = DIRECTION('',(0.,0.,1.));
#11716 = ADVANCED_FACE('',(#11717),#11735,.T.);
#11717 = FACE_BOUND('',#11718,.T.);
#11718 = EDGE_LOOP('',(#11719,#11727,#11728,#11729));
#11719 = ORIENTED_EDGE('',*,*,#11720,.T.);
#11720 = EDGE_CURVE('',#11721,#9757,#11723,.T.);
#11721 = VERTEX_POINT('',#11722);
#11722 = CARTESIAN_POINT('',(-4.9,-4.94,0.8));
#11723 = LINE('',#11724,#11725);
#11724 = CARTESIAN_POINT('',(-4.9,-4.94,0.3));
#11725 = VECTOR('',#11726,1.);
#11726 = DIRECTION('',(0.,2.22044604925E-16,1.));
#11727 = ORIENTED_EDGE('',*,*,#9764,.T.);
#11728 = ORIENTED_EDGE('',*,*,#11705,.T.);
#11729 = ORIENTED_EDGE('',*,*,#11730,.F.);
#11730 = EDGE_CURVE('',#11721,#11698,#11731,.T.);
#11731 = LINE('',#11732,#11733);
#11732 = CARTESIAN_POINT('',(-2.902690691006E-17,-4.94,0.8));
#11733 = VECTOR('',#11734,1.);
#11734 = DIRECTION('',(1.,0.,0.));
#11735 = PLANE('',#11736);
#11736 = AXIS2_PLACEMENT_3D('',#11737,#11738,#11739);
#11737 = CARTESIAN_POINT('',(-5.026236396982E-16,-4.94,2.83754148699));
#11738 = DIRECTION('',(0.,1.,0.));
#11739 = DIRECTION('',(0.,0.,1.));
#11740 = ADVANCED_FACE('',(#11741),#11777,.T.);
#11741 = FACE_BOUND('',#11742,.T.);
#11742 = EDGE_LOOP('',(#11743,#11753,#11760,#11761,#11762,#11763,#11771)
  );
#11743 = ORIENTED_EDGE('',*,*,#11744,.F.);
#11744 = EDGE_CURVE('',#11745,#11747,#11749,.T.);
#11745 = VERTEX_POINT('',#11746);
#11746 = CARTESIAN_POINT('',(-4.9,-4.94,0.3));
#11747 = VERTEX_POINT('',#11748);
#11748 = CARTESIAN_POINT('',(-4.9,-4.14,0.3));
#11749 = LINE('',#11750,#11751);
#11750 = CARTESIAN_POINT('',(-4.9,-5.44,0.3));
#11751 = VECTOR('',#11752,1.);
#11752 = DIRECTION('',(0.,1.,0.));
#11753 = ORIENTED_EDGE('',*,*,#11754,.F.);
#11754 = EDGE_CURVE('',#11625,#11745,#11755,.T.);
#11755 = CIRCLE('',#11756,0.5);
#11756 = AXIS2_PLACEMENT_3D('',#11757,#11758,#11759);
#11757 = CARTESIAN_POINT('',(-4.9,-4.94,0.8));
#11758 = DIRECTION('',(1.,-0.,0.));
#11759 = DIRECTION('',(0.,0.,-1.));
#11760 = ORIENTED_EDGE('',*,*,#11624,.T.);
#11761 = ORIENTED_EDGE('',*,*,#9756,.F.);
#11762 = ORIENTED_EDGE('',*,*,#11720,.F.);
#11763 = ORIENTED_EDGE('',*,*,#11764,.T.);
#11764 = EDGE_CURVE('',#11721,#11765,#11767,.T.);
#11765 = VERTEX_POINT('',#11766);
#11766 = CARTESIAN_POINT('',(-4.9,-4.14,0.8));
#11767 = LINE('',#11768,#11769);
#11768 = CARTESIAN_POINT('',(-4.9,-5.44,0.8));
#11769 = VECTOR('',#11770,1.);
#11770 = DIRECTION('',(0.,1.,0.));
#11771 = ORIENTED_EDGE('',*,*,#11772,.F.);
#11772 = EDGE_CURVE('',#11747,#11765,#11773,.T.);
#11773 = LINE('',#11774,#11775);
#11774 = CARTESIAN_POINT('',(-4.9,-4.14,0.3));
#11775 = VECTOR('',#11776,1.);
#11776 = DIRECTION('',(0.,0.,1.));
#11777 = PLANE('',#11778);
#11778 = AXIS2_PLACEMENT_3D('',#11779,#11780,#11781);
#11779 = CARTESIAN_POINT('',(-4.9,-5.049922178988,1.960077821012));
#11780 = DIRECTION('',(-1.,-0.,-0.));
#11781 = DIRECTION('',(0.,0.,-1.));
#11782 = ADVANCED_FACE('',(#11783),#11789,.T.);
#11783 = FACE_BOUND('',#11784,.T.);
#11784 = EDGE_LOOP('',(#11785,#11786,#11787,#11788));
#11785 = ORIENTED_EDGE('',*,*,#9740,.F.);
#11786 = ORIENTED_EDGE('',*,*,#11656,.T.);
#11787 = ORIENTED_EDGE('',*,*,#10482,.F.);
#11788 = ORIENTED_EDGE('',*,*,#10393,.F.);
#11789 = PLANE('',#11790);
#11790 = AXIS2_PLACEMENT_3D('',#11791,#11792,#11793);
#11791 = CARTESIAN_POINT('',(-3.87,-4.94,4.14));
#11792 = DIRECTION('',(1.,0.,0.));
#11793 = DIRECTION('',(0.,-1.,0.));
#11794 = ADVANCED_FACE('',(#11795),#11806,.T.);
#11795 = FACE_BOUND('',#11796,.T.);
#11796 = EDGE_LOOP('',(#11797,#11798,#11804,#11805));
#11797 = ORIENTED_EDGE('',*,*,#11244,.T.);
#11798 = ORIENTED_EDGE('',*,*,#11799,.T.);
#11799 = EDGE_CURVE('',#11235,#11163,#11800,.T.);
#11800 = LINE('',#11801,#11802);
#11801 = CARTESIAN_POINT('',(-1.58,4.94,0.3));
#11802 = VECTOR('',#11803,1.);
#11803 = DIRECTION('',(-1.,0.,0.));
#11804 = ORIENTED_EDGE('',*,*,#11162,.F.);
#11805 = ORIENTED_EDGE('',*,*,#11093,.F.);
#11806 = CYLINDRICAL_SURFACE('',#11807,0.5);
#11807 = AXIS2_PLACEMENT_3D('',#11808,#11809,#11810);
#11808 = CARTESIAN_POINT('',(-1.58,4.94,0.8));
#11809 = DIRECTION('',(-1.,0.,0.));
#11810 = DIRECTION('',(0.,1.,1.685862193738E-15));
#11811 = ADVANCED_FACE('',(#11812),#11823,.T.);
#11812 = FACE_BOUND('',#11813,.T.);
#11813 = EDGE_LOOP('',(#11814,#11815,#11821,#11822));
#11814 = ORIENTED_EDGE('',*,*,#11234,.T.);
#11815 = ORIENTED_EDGE('',*,*,#11816,.T.);
#11816 = EDGE_CURVE('',#11237,#11172,#11817,.T.);
#11817 = LINE('',#11818,#11819);
#11818 = CARTESIAN_POINT('',(-1.58,4.14,0.3));
#11819 = VECTOR('',#11820,1.);
#11820 = DIRECTION('',(-1.,0.,0.));
#11821 = ORIENTED_EDGE('',*,*,#11171,.T.);
#11822 = ORIENTED_EDGE('',*,*,#11799,.F.);
#11823 = PLANE('',#11824);
#11824 = AXIS2_PLACEMENT_3D('',#11825,#11826,#11827);
#11825 = CARTESIAN_POINT('',(-3.24,4.79,0.3));
#11826 = DIRECTION('',(-0.,-0.,-1.));
#11827 = DIRECTION('',(-1.,0.,0.));
#11828 = ADVANCED_FACE('',(#11829),#11840,.T.);
#11829 = FACE_BOUND('',#11830,.T.);
#11830 = EDGE_LOOP('',(#11831,#11832,#11838,#11839));
#11831 = ORIENTED_EDGE('',*,*,#11262,.T.);
#11832 = ORIENTED_EDGE('',*,*,#11833,.T.);
#11833 = EDGE_CURVE('',#11255,#11180,#11834,.T.);
#11834 = LINE('',#11835,#11836);
#11835 = CARTESIAN_POINT('',(-1.58,4.14,0.8));
#11836 = VECTOR('',#11837,1.);
#11837 = DIRECTION('',(-1.,0.,0.));
#11838 = ORIENTED_EDGE('',*,*,#11179,.F.);
#11839 = ORIENTED_EDGE('',*,*,#11816,.F.);
#11840 = PLANE('',#11841);
#11841 = AXIS2_PLACEMENT_3D('',#11842,#11843,#11844);
#11842 = CARTESIAN_POINT('',(-1.58,4.14,0.3));
#11843 = DIRECTION('',(-0.,-1.,-0.));
#11844 = DIRECTION('',(-1.,0.,0.));
#11845 = ADVANCED_FACE('',(#11846),#11852,.T.);
#11846 = FACE_BOUND('',#11847,.T.);
#11847 = EDGE_LOOP('',(#11848,#11849,#11850,#11851));
#11848 = ORIENTED_EDGE('',*,*,#11220,.F.);
#11849 = ORIENTED_EDGE('',*,*,#11187,.F.);
#11850 = ORIENTED_EDGE('',*,*,#11833,.F.);
#11851 = ORIENTED_EDGE('',*,*,#11254,.F.);
#11852 = PLANE('',#11853);
#11853 = AXIS2_PLACEMENT_3D('',#11854,#11855,#11856);
#11854 = CARTESIAN_POINT('',(4.44569825878E-16,-2.547264948274E-15,0.8)
  );
#11855 = DIRECTION('',(0.,0.,1.));
#11856 = DIRECTION('',(1.,0.,0.));
#11857 = ADVANCED_FACE('',(#11858),#11869,.T.);
#11858 = FACE_BOUND('',#11859,.F.);
#11859 = EDGE_LOOP('',(#11860,#11861,#11867,#11868));
#11860 = ORIENTED_EDGE('',*,*,#11324,.T.);
#11861 = ORIENTED_EDGE('',*,*,#11862,.T.);
#11862 = EDGE_CURVE('',#11325,#11397,#11863,.T.);
#11863 = LINE('',#11864,#11865);
#11864 = CARTESIAN_POINT('',(1.58,4.94,0.3));
#11865 = VECTOR('',#11866,1.);
#11866 = DIRECTION('',(1.,0.,0.));
#11867 = ORIENTED_EDGE('',*,*,#11406,.F.);
#11868 = ORIENTED_EDGE('',*,*,#11284,.F.);
#11869 = CYLINDRICAL_SURFACE('',#11870,0.5);
#11870 = AXIS2_PLACEMENT_3D('',#11871,#11872,#11873);
#11871 = CARTESIAN_POINT('',(1.58,4.94,0.8));
#11872 = DIRECTION('',(1.,0.,0.));
#11873 = DIRECTION('',(0.,1.,1.685862193738E-15));
#11874 = ADVANCED_FACE('',(#11875),#11886,.T.);
#11875 = FACE_BOUND('',#11876,.T.);
#11876 = EDGE_LOOP('',(#11877,#11878,#11879,#11880));
#11877 = ORIENTED_EDGE('',*,*,#11333,.T.);
#11878 = ORIENTED_EDGE('',*,*,#11862,.T.);
#11879 = ORIENTED_EDGE('',*,*,#11396,.T.);
#11880 = ORIENTED_EDGE('',*,*,#11881,.T.);
#11881 = EDGE_CURVE('',#11399,#11334,#11882,.T.);
#11882 = LINE('',#11883,#11884);
#11883 = CARTESIAN_POINT('',(4.9,4.14,0.3));
#11884 = VECTOR('',#11885,1.);
#11885 = DIRECTION('',(-1.,0.,0.));
#11886 = PLANE('',#11887);
#11887 = AXIS2_PLACEMENT_3D('',#11888,#11889,#11890);
#11888 = CARTESIAN_POINT('',(3.24,4.79,0.3));
#11889 = DIRECTION('',(-0.,-3.13424171939E-16,-1.));
#11890 = DIRECTION('',(0.,-1.,3.13424171939E-16));
#11891 = ADVANCED_FACE('',(#11892),#11903,.T.);
#11892 = FACE_BOUND('',#11893,.T.);
#11893 = EDGE_LOOP('',(#11894,#11895,#11901,#11902));
#11894 = ORIENTED_EDGE('',*,*,#11424,.T.);
#11895 = ORIENTED_EDGE('',*,*,#11896,.T.);
#11896 = EDGE_CURVE('',#11417,#11342,#11897,.T.);
#11897 = LINE('',#11898,#11899);
#11898 = CARTESIAN_POINT('',(4.9,4.14,0.8));
#11899 = VECTOR('',#11900,1.);
#11900 = DIRECTION('',(-1.,0.,0.));
#11901 = ORIENTED_EDGE('',*,*,#11341,.F.);
#11902 = ORIENTED_EDGE('',*,*,#11881,.F.);
#11903 = PLANE('',#11904);
#11904 = AXIS2_PLACEMENT_3D('',#11905,#11906,#11907);
#11905 = CARTESIAN_POINT('',(4.9,4.14,0.3));
#11906 = DIRECTION('',(-0.,-1.,-0.));
#11907 = DIRECTION('',(-1.,0.,0.));
#11908 = ADVANCED_FACE('',(#11909),#11915,.T.);
#11909 = FACE_BOUND('',#11910,.T.);
#11910 = EDGE_LOOP('',(#11911,#11912,#11913,#11914));
#11911 = ORIENTED_EDGE('',*,*,#11381,.F.);
#11912 = ORIENTED_EDGE('',*,*,#11349,.F.);
#11913 = ORIENTED_EDGE('',*,*,#11896,.F.);
#11914 = ORIENTED_EDGE('',*,*,#11416,.F.);
#11915 = PLANE('',#11916);
#11916 = AXIS2_PLACEMENT_3D('',#11917,#11918,#11919);
#11917 = CARTESIAN_POINT('',(4.44569825878E-16,-2.547264948274E-15,0.8)
  );
#11918 = DIRECTION('',(0.,0.,1.));
#11919 = DIRECTION('',(1.,0.,0.));
#11920 = ADVANCED_FACE('',(#11921),#11932,.T.);
#11921 = FACE_BOUND('',#11922,.T.);
#11922 = EDGE_LOOP('',(#11923,#11924,#11930,#11931));
#11923 = ORIENTED_EDGE('',*,*,#11592,.T.);
#11924 = ORIENTED_EDGE('',*,*,#11925,.T.);
#11925 = EDGE_CURVE('',#11583,#11511,#11926,.T.);
#11926 = LINE('',#11927,#11928);
#11927 = CARTESIAN_POINT('',(1.58,-4.94,0.3));
#11928 = VECTOR('',#11929,1.);
#11929 = DIRECTION('',(1.,0.,0.));
#11930 = ORIENTED_EDGE('',*,*,#11510,.F.);
#11931 = ORIENTED_EDGE('',*,*,#11475,.F.);
#11932 = CYLINDRICAL_SURFACE('',#11933,0.5);
#11933 = AXIS2_PLACEMENT_3D('',#11934,#11935,#11936);
#11934 = CARTESIAN_POINT('',(1.58,-4.94,0.8));
#11935 = DIRECTION('',(1.,0.,0.));
#11936 = DIRECTION('',(0.,-1.,0.));
#11937 = ADVANCED_FACE('',(#11938),#11949,.T.);
#11938 = FACE_BOUND('',#11939,.T.);
#11939 = EDGE_LOOP('',(#11940,#11941,#11947,#11948));
#11940 = ORIENTED_EDGE('',*,*,#11582,.T.);
#11941 = ORIENTED_EDGE('',*,*,#11942,.T.);
#11942 = EDGE_CURVE('',#11585,#11520,#11943,.T.);
#11943 = LINE('',#11944,#11945);
#11944 = CARTESIAN_POINT('',(1.58,-4.14,0.3));
#11945 = VECTOR('',#11946,1.);
#11946 = DIRECTION('',(1.,0.,0.));
#11947 = ORIENTED_EDGE('',*,*,#11519,.T.);
#11948 = ORIENTED_EDGE('',*,*,#11925,.F.);
#11949 = PLANE('',#11950);
#11950 = AXIS2_PLACEMENT_3D('',#11951,#11952,#11953);
#11951 = CARTESIAN_POINT('',(3.24,-4.79,0.3));
#11952 = DIRECTION('',(-0.,-7.915494161206E-16,-1.));
#11953 = DIRECTION('',(0.,-1.,7.915494161206E-16));
#11954 = ADVANCED_FACE('',(#11955),#11966,.T.);
#11955 = FACE_BOUND('',#11956,.T.);
#11956 = EDGE_LOOP('',(#11957,#11958,#11964,#11965));
#11957 = ORIENTED_EDGE('',*,*,#11610,.T.);
#11958 = ORIENTED_EDGE('',*,*,#11959,.T.);
#11959 = EDGE_CURVE('',#11603,#11528,#11960,.T.);
#11960 = LINE('',#11961,#11962);
#11961 = CARTESIAN_POINT('',(1.58,-4.14,0.8));
#11962 = VECTOR('',#11963,1.);
#11963 = DIRECTION('',(1.,0.,0.));
#11964 = ORIENTED_EDGE('',*,*,#11527,.F.);
#11965 = ORIENTED_EDGE('',*,*,#11942,.F.);
#11966 = PLANE('',#11967);
#11967 = AXIS2_PLACEMENT_3D('',#11968,#11969,#11970);
#11968 = CARTESIAN_POINT('',(1.58,-4.14,0.3));
#11969 = DIRECTION('',(0.,1.,0.));
#11970 = DIRECTION('',(1.,0.,0.));
#11971 = ADVANCED_FACE('',(#11972),#11978,.T.);
#11972 = FACE_BOUND('',#11973,.T.);
#11973 = EDGE_LOOP('',(#11974,#11975,#11976,#11977));
#11974 = ORIENTED_EDGE('',*,*,#11602,.F.);
#11975 = ORIENTED_EDGE('',*,*,#11568,.T.);
#11976 = ORIENTED_EDGE('',*,*,#11535,.F.);
#11977 = ORIENTED_EDGE('',*,*,#11959,.F.);
#11978 = PLANE('',#11979);
#11979 = AXIS2_PLACEMENT_3D('',#11980,#11981,#11982);
#11980 = CARTESIAN_POINT('',(4.44569825878E-16,-2.547264948274E-15,0.8)
  );
#11981 = DIRECTION('',(0.,0.,1.));
#11982 = DIRECTION('',(1.,0.,0.));
#11983 = ADVANCED_FACE('',(#11984),#11995,.T.);
#11984 = FACE_BOUND('',#11985,.F.);
#11985 = EDGE_LOOP('',(#11986,#11987,#11993,#11994));
#11986 = ORIENTED_EDGE('',*,*,#11672,.T.);
#11987 = ORIENTED_EDGE('',*,*,#11988,.T.);
#11988 = EDGE_CURVE('',#11673,#11745,#11989,.T.);
#11989 = LINE('',#11990,#11991);
#11990 = CARTESIAN_POINT('',(-1.58,-4.94,0.3));
#11991 = VECTOR('',#11992,1.);
#11992 = DIRECTION('',(-1.,0.,0.));
#11993 = ORIENTED_EDGE('',*,*,#11754,.F.);
#11994 = ORIENTED_EDGE('',*,*,#11632,.F.);
#11995 = CYLINDRICAL_SURFACE('',#11996,0.5);
#11996 = AXIS2_PLACEMENT_3D('',#11997,#11998,#11999);
#11997 = CARTESIAN_POINT('',(-1.58,-4.94,0.8));
#11998 = DIRECTION('',(-1.,0.,0.));
#11999 = DIRECTION('',(0.,-1.,0.));
#12000 = ADVANCED_FACE('',(#12001),#12012,.T.);
#12001 = FACE_BOUND('',#12002,.T.);
#12002 = EDGE_LOOP('',(#12003,#12004,#12005,#12006));
#12003 = ORIENTED_EDGE('',*,*,#11681,.T.);
#12004 = ORIENTED_EDGE('',*,*,#11988,.T.);
#12005 = ORIENTED_EDGE('',*,*,#11744,.T.);
#12006 = ORIENTED_EDGE('',*,*,#12007,.T.);
#12007 = EDGE_CURVE('',#11747,#11682,#12008,.T.);
#12008 = LINE('',#12009,#12010);
#12009 = CARTESIAN_POINT('',(-4.9,-4.14,0.3));
#12010 = VECTOR('',#12011,1.);
#12011 = DIRECTION('',(1.,0.,0.));
#12012 = PLANE('',#12013);
#12013 = AXIS2_PLACEMENT_3D('',#12014,#12015,#12016);
#12014 = CARTESIAN_POINT('',(-3.24,-4.79,0.3));
#12015 = DIRECTION('',(-0.,-9.108756710502E-16,-1.));
#12016 = DIRECTION('',(0.,-1.,9.108756710502E-16));
#12017 = ADVANCED_FACE('',(#12018),#12029,.T.);
#12018 = FACE_BOUND('',#12019,.T.);
#12019 = EDGE_LOOP('',(#12020,#12021,#12027,#12028));
#12020 = ORIENTED_EDGE('',*,*,#11772,.T.);
#12021 = ORIENTED_EDGE('',*,*,#12022,.T.);
#12022 = EDGE_CURVE('',#11765,#11690,#12023,.T.);
#12023 = LINE('',#12024,#12025);
#12024 = CARTESIAN_POINT('',(-4.9,-4.14,0.8));
#12025 = VECTOR('',#12026,1.);
#12026 = DIRECTION('',(1.,0.,0.));
#12027 = ORIENTED_EDGE('',*,*,#11689,.F.);
#12028 = ORIENTED_EDGE('',*,*,#12007,.F.);
#12029 = PLANE('',#12030);
#12030 = AXIS2_PLACEMENT_3D('',#12031,#12032,#12033);
#12031 = CARTESIAN_POINT('',(-4.9,-4.14,0.3));
#12032 = DIRECTION('',(0.,1.,0.));
#12033 = DIRECTION('',(1.,0.,0.));
#12034 = ADVANCED_FACE('',(#12035),#12041,.T.);
#12035 = FACE_BOUND('',#12036,.T.);
#12036 = EDGE_LOOP('',(#12037,#12038,#12039,#12040));
#12037 = ORIENTED_EDGE('',*,*,#11764,.F.);
#12038 = ORIENTED_EDGE('',*,*,#11730,.T.);
#12039 = ORIENTED_EDGE('',*,*,#11697,.F.);
#12040 = ORIENTED_EDGE('',*,*,#12022,.F.);
#12041 = PLANE('',#12042);
#12042 = AXIS2_PLACEMENT_3D('',#12043,#12044,#12045);
#12043 = CARTESIAN_POINT('',(4.44569825878E-16,-2.547264948274E-15,0.8)
  );
#12044 = DIRECTION('',(0.,0.,1.));
#12045 = DIRECTION('',(1.,0.,0.));
#12046 = MANIFOLD_SOLID_BREP('',#12047);
#12047 = CLOSED_SHELL('',(#12048,#12088,#12121,#12154,#12282,#12410,
    #12427,#12444,#12461,#12478,#12525,#12601,#12623,#12640,#12657,
    #12674,#12691,#12708,#12725,#12737,#12747,#12764));
#12048 = ADVANCED_FACE('',(#12049),#12083,.F.);
#12049 = FACE_BOUND('',#12050,.F.);
#12050 = EDGE_LOOP('',(#12051,#12061,#12069,#12077));
#12051 = ORIENTED_EDGE('',*,*,#12052,.T.);
#12052 = EDGE_CURVE('',#12053,#12055,#12057,.T.);
#12053 = VERTEX_POINT('',#12054);
#12054 = CARTESIAN_POINT('',(-1.25,-4.4,0.4));
#12055 = VERTEX_POINT('',#12056);
#12056 = CARTESIAN_POINT('',(1.25,-4.4,0.4));
#12057 = LINE('',#12058,#12059);
#12058 = CARTESIAN_POINT('',(-1.25,-4.4,0.4));
#12059 = VECTOR('',#12060,1.);
#12060 = DIRECTION('',(1.,0.,0.));
#12061 = ORIENTED_EDGE('',*,*,#12062,.T.);
#12062 = EDGE_CURVE('',#12055,#12063,#12065,.T.);
#12063 = VERTEX_POINT('',#12064);
#12064 = CARTESIAN_POINT('',(1.25,-4.1,0.4));
#12065 = LINE('',#12066,#12067);
#12066 = CARTESIAN_POINT('',(1.25,-4.4,0.4));
#12067 = VECTOR('',#12068,1.);
#12068 = DIRECTION('',(0.,1.,0.));
#12069 = ORIENTED_EDGE('',*,*,#12070,.F.);
#12070 = EDGE_CURVE('',#12071,#12063,#12073,.T.);
#12071 = VERTEX_POINT('',#12072);
#12072 = CARTESIAN_POINT('',(-1.25,-4.1,0.4));
#12073 = LINE('',#12074,#12075);
#12074 = CARTESIAN_POINT('',(-1.25,-4.1,0.4));
#12075 = VECTOR('',#12076,1.);
#12076 = DIRECTION('',(1.,0.,0.));
#12077 = ORIENTED_EDGE('',*,*,#12078,.F.);
#12078 = EDGE_CURVE('',#12053,#12071,#12079,.T.);
#12079 = LINE('',#12080,#12081);
#12080 = CARTESIAN_POINT('',(-1.25,-4.4,0.4));
#12081 = VECTOR('',#12082,1.);
#12082 = DIRECTION('',(0.,1.,0.));
#12083 = PLANE('',#12084);
#12084 = AXIS2_PLACEMENT_3D('',#12085,#12086,#12087);
#12085 = CARTESIAN_POINT('',(-1.25,-4.4,0.4));
#12086 = DIRECTION('',(0.,0.,1.));
#12087 = DIRECTION('',(0.,1.,0.));
#12088 = ADVANCED_FACE('',(#12089),#12116,.F.);
#12089 = FACE_BOUND('',#12090,.T.);
#12090 = EDGE_LOOP('',(#12091,#12092,#12101,#12109));
#12091 = ORIENTED_EDGE('',*,*,#12052,.T.);
#12092 = ORIENTED_EDGE('',*,*,#12093,.T.);
#12093 = EDGE_CURVE('',#12055,#12094,#12096,.T.);
#12094 = VERTEX_POINT('',#12095);
#12095 = CARTESIAN_POINT('',(1.25,-4.5,0.3));
#12096 = CIRCLE('',#12097,0.1);
#12097 = AXIS2_PLACEMENT_3D('',#12098,#12099,#12100);
#12098 = CARTESIAN_POINT('',(1.25,-4.4,0.3));
#12099 = DIRECTION('',(1.,0.,0.));
#12100 = DIRECTION('',(0.,1.,0.));
#12101 = ORIENTED_EDGE('',*,*,#12102,.F.);
#12102 = EDGE_CURVE('',#12103,#12094,#12105,.T.);
#12103 = VERTEX_POINT('',#12104);
#12104 = CARTESIAN_POINT('',(-1.25,-4.5,0.3));
#12105 = LINE('',#12106,#12107);
#12106 = CARTESIAN_POINT('',(-1.25,-4.5,0.3));
#12107 = VECTOR('',#12108,1.);
#12108 = DIRECTION('',(1.,0.,0.));
#12109 = ORIENTED_EDGE('',*,*,#12110,.F.);
#12110 = EDGE_CURVE('',#12053,#12103,#12111,.T.);
#12111 = CIRCLE('',#12112,0.1);
#12112 = AXIS2_PLACEMENT_3D('',#12113,#12114,#12115);
#12113 = CARTESIAN_POINT('',(-1.25,-4.4,0.3));
#12114 = DIRECTION('',(1.,0.,0.));
#12115 = DIRECTION('',(0.,1.,0.));
#12116 = CYLINDRICAL_SURFACE('',#12117,0.1);
#12117 = AXIS2_PLACEMENT_3D('',#12118,#12119,#12120);
#12118 = CARTESIAN_POINT('',(-1.25,-4.4,0.3));
#12119 = DIRECTION('',(-1.,-0.,-0.));
#12120 = DIRECTION('',(0.,1.,0.));
#12121 = ADVANCED_FACE('',(#12122),#12149,.T.);
#12122 = FACE_BOUND('',#12123,.F.);
#12123 = EDGE_LOOP('',(#12124,#12125,#12134,#12142));
#12124 = ORIENTED_EDGE('',*,*,#12070,.T.);
#12125 = ORIENTED_EDGE('',*,*,#12126,.T.);
#12126 = EDGE_CURVE('',#12063,#12127,#12129,.T.);
#12127 = VERTEX_POINT('',#12128);
#12128 = CARTESIAN_POINT('',(1.25,-3.7,0.8));
#12129 = CIRCLE('',#12130,0.4);
#12130 = AXIS2_PLACEMENT_3D('',#12131,#12132,#12133);
#12131 = CARTESIAN_POINT('',(1.25,-4.1,0.8));
#12132 = DIRECTION('',(1.,0.,0.));
#12133 = DIRECTION('',(0.,1.,0.));
#12134 = ORIENTED_EDGE('',*,*,#12135,.F.);
#12135 = EDGE_CURVE('',#12136,#12127,#12138,.T.);
#12136 = VERTEX_POINT('',#12137);
#12137 = CARTESIAN_POINT('',(-1.25,-3.7,0.8));
#12138 = LINE('',#12139,#12140);
#12139 = CARTESIAN_POINT('',(-1.25,-3.7,0.8));
#12140 = VECTOR('',#12141,1.);
#12141 = DIRECTION('',(1.,0.,0.));
#12142 = ORIENTED_EDGE('',*,*,#12143,.F.);
#12143 = EDGE_CURVE('',#12071,#12136,#12144,.T.);
#12144 = CIRCLE('',#12145,0.4);
#12145 = AXIS2_PLACEMENT_3D('',#12146,#12147,#12148);
#12146 = CARTESIAN_POINT('',(-1.25,-4.1,0.8));
#12147 = DIRECTION('',(1.,0.,0.));
#12148 = DIRECTION('',(0.,1.,0.));
#12149 = CYLINDRICAL_SURFACE('',#12150,0.4);
#12150 = AXIS2_PLACEMENT_3D('',#12151,#12152,#12153);
#12151 = CARTESIAN_POINT('',(-1.25,-4.1,0.8));
#12152 = DIRECTION('',(-1.,-0.,-0.));
#12153 = DIRECTION('',(0.,1.,0.));
#12154 = ADVANCED_FACE('',(#12155),#12277,.F.);
#12155 = FACE_BOUND('',#12156,.F.);
#12156 = EDGE_LOOP('',(#12157,#12158,#12159,#12160,#12168,#12176,#12184,
    #12193,#12201,#12210,#12218,#12227,#12236,#12244,#12253,#12262,
    #12271));
#12157 = ORIENTED_EDGE('',*,*,#12110,.F.);
#12158 = ORIENTED_EDGE('',*,*,#12078,.T.);
#12159 = ORIENTED_EDGE('',*,*,#12143,.T.);
#12160 = ORIENTED_EDGE('',*,*,#12161,.T.);
#12161 = EDGE_CURVE('',#12136,#12162,#12164,.T.);
#12162 = VERTEX_POINT('',#12163);
#12163 = CARTESIAN_POINT('',(-1.25,-3.7,1.18));
#12164 = LINE('',#12165,#12166);
#12165 = CARTESIAN_POINT('',(-1.25,-3.7,0.8));
#12166 = VECTOR('',#12167,1.);
#12167 = DIRECTION('',(0.,0.,1.));
#12168 = ORIENTED_EDGE('',*,*,#12169,.T.);
#12169 = EDGE_CURVE('',#12162,#12170,#12172,.T.);
#12170 = VERTEX_POINT('',#12171);
#12171 = CARTESIAN_POINT('',(-1.25,-4.,1.18));
#12172 = LINE('',#12173,#12174);
#12173 = CARTESIAN_POINT('',(-1.25,-3.7,1.18));
#12174 = VECTOR('',#12175,1.);
#12175 = DIRECTION('',(0.,-1.,0.));
#12176 = ORIENTED_EDGE('',*,*,#12177,.T.);
#12177 = EDGE_CURVE('',#12170,#12178,#12180,.T.);
#12178 = VERTEX_POINT('',#12179);
#12179 = CARTESIAN_POINT('',(-1.25,-4.,0.8));
#12180 = LINE('',#12181,#12182);
#12181 = CARTESIAN_POINT('',(-1.25,-4.,1.18));
#12182 = VECTOR('',#12183,1.);
#12183 = DIRECTION('',(0.,0.,-1.));
#12184 = ORIENTED_EDGE('',*,*,#12185,.F.);
#12185 = EDGE_CURVE('',#12186,#12178,#12188,.T.);
#12186 = VERTEX_POINT('',#12187);
#12187 = CARTESIAN_POINT('',(-1.25,-4.1,0.7));
#12188 = CIRCLE('',#12189,0.1);
#12189 = AXIS2_PLACEMENT_3D('',#12190,#12191,#12192);
#12190 = CARTESIAN_POINT('',(-1.25,-4.1,0.8));
#12191 = DIRECTION('',(1.,0.,0.));
#12192 = DIRECTION('',(0.,1.,0.));
#12193 = ORIENTED_EDGE('',*,*,#12194,.F.);
#12194 = EDGE_CURVE('',#12195,#12186,#12197,.T.);
#12195 = VERTEX_POINT('',#12196);
#12196 = CARTESIAN_POINT('',(-1.25,-4.4,0.7));
#12197 = LINE('',#12198,#12199);
#12198 = CARTESIAN_POINT('',(-1.25,-4.4,0.7));
#12199 = VECTOR('',#12200,1.);
#12200 = DIRECTION('',(0.,1.,0.));
#12201 = ORIENTED_EDGE('',*,*,#12202,.T.);
#12202 = EDGE_CURVE('',#12195,#12203,#12205,.T.);
#12203 = VERTEX_POINT('',#12204);
#12204 = CARTESIAN_POINT('',(-1.25,-4.8,0.3));
#12205 = CIRCLE('',#12206,0.4);
#12206 = AXIS2_PLACEMENT_3D('',#12207,#12208,#12209);
#12207 = CARTESIAN_POINT('',(-1.25,-4.4,0.3));
#12208 = DIRECTION('',(1.,0.,0.));
#12209 = DIRECTION('',(0.,1.,0.));
#12210 = ORIENTED_EDGE('',*,*,#12211,.T.);
#12211 = EDGE_CURVE('',#12203,#12212,#12214,.T.);
#12212 = VERTEX_POINT('',#12213);
#12213 = CARTESIAN_POINT('',(-1.25,-4.8,3.742994994237E-03));
#12214 = LINE('',#12215,#12216);
#12215 = CARTESIAN_POINT('',(-1.25,-4.8,0.3));
#12216 = VECTOR('',#12217,1.);
#12217 = DIRECTION('',(0.,0.,-1.));
#12218 = ORIENTED_EDGE('',*,*,#12219,.F.);
#12219 = EDGE_CURVE('',#12220,#12212,#12222,.T.);
#12220 = VERTEX_POINT('',#12221);
#12221 = CARTESIAN_POINT('',(-1.25,-4.977272727273,-0.27000509455));
#12222 = CIRCLE('',#12223,0.3);
#12223 = AXIS2_PLACEMENT_3D('',#12224,#12225,#12226);
#12224 = CARTESIAN_POINT('',(-1.25,-5.1,3.742994994237E-03));
#12225 = DIRECTION('',(1.,0.,0.));
#12226 = DIRECTION('',(0.,1.,0.));
#12227 = ORIENTED_EDGE('',*,*,#12228,.T.);
#12228 = EDGE_CURVE('',#12220,#12229,#12231,.T.);
#12229 = VERTEX_POINT('',#12230);
#12230 = CARTESIAN_POINT('',(-1.25,-4.977272727273,-1.72999490545));
#12231 = CIRCLE('',#12232,0.8);
#12232 = AXIS2_PLACEMENT_3D('',#12233,#12234,#12235);
#12233 = CARTESIAN_POINT('',(-1.25,-4.65,-1.));
#12234 = DIRECTION('',(1.,0.,0.));
#12235 = DIRECTION('',(0.,1.,0.));
#12236 = ORIENTED_EDGE('',*,*,#12237,.F.);
#12237 = EDGE_CURVE('',#12238,#12229,#12240,.T.);
#12238 = VERTEX_POINT('',#12239);
#12239 = CARTESIAN_POINT('',(-1.25,-4.566088037715,-1.72999490545));
#12240 = LINE('',#12241,#12242);
#12241 = CARTESIAN_POINT('',(-1.25,4.8,-1.72999490545));
#12242 = VECTOR('',#12243,1.);
#12243 = DIRECTION('',(0.,-1.,2.22044604925E-16));
#12244 = ORIENTED_EDGE('',*,*,#12245,.T.);
#12245 = EDGE_CURVE('',#12238,#12246,#12248,.T.);
#12246 = VERTEX_POINT('',#12247);
#12247 = CARTESIAN_POINT('',(-1.25,-4.854545454545,-1.456246815906));
#12248 = CIRCLE('',#12249,0.6);
#12249 = AXIS2_PLACEMENT_3D('',#12250,#12251,#12252);
#12250 = CARTESIAN_POINT('',(-1.25,-5.1,-2.003742994994));
#12251 = DIRECTION('',(1.,0.,0.));
#12252 = DIRECTION('',(0.,1.,0.));
#12253 = ORIENTED_EDGE('',*,*,#12254,.F.);
#12254 = EDGE_CURVE('',#12255,#12246,#12257,.T.);
#12255 = VERTEX_POINT('',#12256);
#12256 = CARTESIAN_POINT('',(-1.25,-4.854545454545,-0.543753184094));
#12257 = CIRCLE('',#12258,0.5);
#12258 = AXIS2_PLACEMENT_3D('',#12259,#12260,#12261);
#12259 = CARTESIAN_POINT('',(-1.25,-4.65,-1.));
#12260 = DIRECTION('',(1.,0.,0.));
#12261 = DIRECTION('',(0.,1.,0.));
#12262 = ORIENTED_EDGE('',*,*,#12263,.T.);
#12263 = EDGE_CURVE('',#12255,#12264,#12266,.T.);
#12264 = VERTEX_POINT('',#12265);
#12265 = CARTESIAN_POINT('',(-1.25,-4.5,3.742994994236E-03));
#12266 = CIRCLE('',#12267,0.6);
#12267 = AXIS2_PLACEMENT_3D('',#12268,#12269,#12270);
#12268 = CARTESIAN_POINT('',(-1.25,-5.1,3.742994994237E-03));
#12269 = DIRECTION('',(1.,0.,0.));
#12270 = DIRECTION('',(0.,1.,0.));
#12271 = ORIENTED_EDGE('',*,*,#12272,.T.);
#12272 = EDGE_CURVE('',#12264,#12103,#12273,.T.);
#12273 = LINE('',#12274,#12275);
#12274 = CARTESIAN_POINT('',(-1.25,-4.5,3.742994994236E-03));
#12275 = VECTOR('',#12276,1.);
#12276 = DIRECTION('',(0.,0.,1.));
#12277 = PLANE('',#12278);
#12278 = AXIS2_PLACEMENT_3D('',#12279,#12280,#12281);
#12279 = CARTESIAN_POINT('',(-1.25,1.394067449052E-15,-0.765722203839));
#12280 = DIRECTION('',(1.,0.,0.));
#12281 = DIRECTION('',(0.,0.,1.));
#12282 = ADVANCED_FACE('',(#12283),#12405,.T.);
#12283 = FACE_BOUND('',#12284,.T.);
#12284 = EDGE_LOOP('',(#12285,#12286,#12287,#12288,#12296,#12304,#12312,
    #12321,#12329,#12338,#12346,#12355,#12364,#12372,#12381,#12390,
    #12399));
#12285 = ORIENTED_EDGE('',*,*,#12093,.F.);
#12286 = ORIENTED_EDGE('',*,*,#12062,.T.);
#12287 = ORIENTED_EDGE('',*,*,#12126,.T.);
#12288 = ORIENTED_EDGE('',*,*,#12289,.T.);
#12289 = EDGE_CURVE('',#12127,#12290,#12292,.T.);
#12290 = VERTEX_POINT('',#12291);
#12291 = CARTESIAN_POINT('',(1.25,-3.7,1.18));
#12292 = LINE('',#12293,#12294);
#12293 = CARTESIAN_POINT('',(1.25,-3.7,0.8));
#12294 = VECTOR('',#12295,1.);
#12295 = DIRECTION('',(0.,0.,1.));
#12296 = ORIENTED_EDGE('',*,*,#12297,.T.);
#12297 = EDGE_CURVE('',#12290,#12298,#12300,.T.);
#12298 = VERTEX_POINT('',#12299);
#12299 = CARTESIAN_POINT('',(1.25,-4.,1.18));
#12300 = LINE('',#12301,#12302);
#12301 = CARTESIAN_POINT('',(1.25,-3.7,1.18));
#12302 = VECTOR('',#12303,1.);
#12303 = DIRECTION('',(0.,-1.,0.));
#12304 = ORIENTED_EDGE('',*,*,#12305,.T.);
#12305 = EDGE_CURVE('',#12298,#12306,#12308,.T.);
#12306 = VERTEX_POINT('',#12307);
#12307 = CARTESIAN_POINT('',(1.25,-4.,0.8));
#12308 = LINE('',#12309,#12310);
#12309 = CARTESIAN_POINT('',(1.25,-4.,1.18));
#12310 = VECTOR('',#12311,1.);
#12311 = DIRECTION('',(0.,0.,-1.));
#12312 = ORIENTED_EDGE('',*,*,#12313,.F.);
#12313 = EDGE_CURVE('',#12314,#12306,#12316,.T.);
#12314 = VERTEX_POINT('',#12315);
#12315 = CARTESIAN_POINT('',(1.25,-4.1,0.7));
#12316 = CIRCLE('',#12317,0.1);
#12317 = AXIS2_PLACEMENT_3D('',#12318,#12319,#12320);
#12318 = CARTESIAN_POINT('',(1.25,-4.1,0.8));
#12319 = DIRECTION('',(1.,0.,0.));
#12320 = DIRECTION('',(0.,1.,0.));
#12321 = ORIENTED_EDGE('',*,*,#12322,.F.);
#12322 = EDGE_CURVE('',#12323,#12314,#12325,.T.);
#12323 = VERTEX_POINT('',#12324);
#12324 = CARTESIAN_POINT('',(1.25,-4.4,0.7));
#12325 = LINE('',#12326,#12327);
#12326 = CARTESIAN_POINT('',(1.25,-4.4,0.7));
#12327 = VECTOR('',#12328,1.);
#12328 = DIRECTION('',(0.,1.,0.));
#12329 = ORIENTED_EDGE('',*,*,#12330,.T.);
#12330 = EDGE_CURVE('',#12323,#12331,#12333,.T.);
#12331 = VERTEX_POINT('',#12332);
#12332 = CARTESIAN_POINT('',(1.25,-4.8,0.3));
#12333 = CIRCLE('',#12334,0.4);
#12334 = AXIS2_PLACEMENT_3D('',#12335,#12336,#12337);
#12335 = CARTESIAN_POINT('',(1.25,-4.4,0.3));
#12336 = DIRECTION('',(1.,0.,0.));
#12337 = DIRECTION('',(0.,1.,0.));
#12338 = ORIENTED_EDGE('',*,*,#12339,.T.);
#12339 = EDGE_CURVE('',#12331,#12340,#12342,.T.);
#12340 = VERTEX_POINT('',#12341);
#12341 = CARTESIAN_POINT('',(1.25,-4.8,3.742994994237E-03));
#12342 = LINE('',#12343,#12344);
#12343 = CARTESIAN_POINT('',(1.25,-4.8,0.3));
#12344 = VECTOR('',#12345,1.);
#12345 = DIRECTION('',(0.,0.,-1.));
#12346 = ORIENTED_EDGE('',*,*,#12347,.F.);
#12347 = EDGE_CURVE('',#12348,#12340,#12350,.T.);
#12348 = VERTEX_POINT('',#12349);
#12349 = CARTESIAN_POINT('',(1.25,-4.977272727273,-0.27000509455));
#12350 = CIRCLE('',#12351,0.3);
#12351 = AXIS2_PLACEMENT_3D('',#12352,#12353,#12354);
#12352 = CARTESIAN_POINT('',(1.25,-5.1,3.742994994237E-03));
#12353 = DIRECTION('',(1.,0.,0.));
#12354 = DIRECTION('',(0.,1.,0.));
#12355 = ORIENTED_EDGE('',*,*,#12356,.T.);
#12356 = EDGE_CURVE('',#12348,#12357,#12359,.T.);
#12357 = VERTEX_POINT('',#12358);
#12358 = CARTESIAN_POINT('',(1.25,-4.977272727273,-1.72999490545));
#12359 = CIRCLE('',#12360,0.8);
#12360 = AXIS2_PLACEMENT_3D('',#12361,#12362,#12363);
#12361 = CARTESIAN_POINT('',(1.25,-4.65,-1.));
#12362 = DIRECTION('',(1.,0.,0.));
#12363 = DIRECTION('',(0.,1.,0.));
#12364 = ORIENTED_EDGE('',*,*,#12365,.F.);
#12365 = EDGE_CURVE('',#12366,#12357,#12368,.T.);
#12366 = VERTEX_POINT('',#12367);
#12367 = CARTESIAN_POINT('',(1.25,-4.566088037715,-1.72999490545));
#12368 = LINE('',#12369,#12370);
#12369 = CARTESIAN_POINT('',(1.25,4.8,-1.72999490545));
#12370 = VECTOR('',#12371,1.);
#12371 = DIRECTION('',(0.,-1.,2.22044604925E-16));
#12372 = ORIENTED_EDGE('',*,*,#12373,.T.);
#12373 = EDGE_CURVE('',#12366,#12374,#12376,.T.);
#12374 = VERTEX_POINT('',#12375);
#12375 = CARTESIAN_POINT('',(1.25,-4.854545454545,-1.456246815906));
#12376 = CIRCLE('',#12377,0.6);
#12377 = AXIS2_PLACEMENT_3D('',#12378,#12379,#12380);
#12378 = CARTESIAN_POINT('',(1.25,-5.1,-2.003742994994));
#12379 = DIRECTION('',(1.,0.,0.));
#12380 = DIRECTION('',(0.,1.,0.));
#12381 = ORIENTED_EDGE('',*,*,#12382,.F.);
#12382 = EDGE_CURVE('',#12383,#12374,#12385,.T.);
#12383 = VERTEX_POINT('',#12384);
#12384 = CARTESIAN_POINT('',(1.25,-4.854545454545,-0.543753184094));
#12385 = CIRCLE('',#12386,0.5);
#12386 = AXIS2_PLACEMENT_3D('',#12387,#12388,#12389);
#12387 = CARTESIAN_POINT('',(1.25,-4.65,-1.));
#12388 = DIRECTION('',(1.,0.,0.));
#12389 = DIRECTION('',(0.,1.,0.));
#12390 = ORIENTED_EDGE('',*,*,#12391,.T.);
#12391 = EDGE_CURVE('',#12383,#12392,#12394,.T.);
#12392 = VERTEX_POINT('',#12393);
#12393 = CARTESIAN_POINT('',(1.25,-4.5,3.742994994236E-03));
#12394 = CIRCLE('',#12395,0.6);
#12395 = AXIS2_PLACEMENT_3D('',#12396,#12397,#12398);
#12396 = CARTESIAN_POINT('',(1.25,-5.1,3.742994994237E-03));
#12397 = DIRECTION('',(1.,0.,0.));
#12398 = DIRECTION('',(0.,1.,0.));
#12399 = ORIENTED_EDGE('',*,*,#12400,.T.);
#12400 = EDGE_CURVE('',#12392,#12094,#12401,.T.);
#12401 = LINE('',#12402,#12403);
#12402 = CARTESIAN_POINT('',(1.25,-4.5,3.742994994236E-03));
#12403 = VECTOR('',#12404,1.);
#12404 = DIRECTION('',(0.,0.,1.));
#12405 = PLANE('',#12406);
#12406 = AXIS2_PLACEMENT_3D('',#12407,#12408,#12409);
#12407 = CARTESIAN_POINT('',(1.25,1.394067449052E-15,-0.765722203839));
#12408 = DIRECTION('',(1.,0.,0.));
#12409 = DIRECTION('',(0.,0.,1.));
#12410 = ADVANCED_FACE('',(#12411),#12422,.F.);
#12411 = FACE_BOUND('',#12412,.F.);
#12412 = EDGE_LOOP('',(#12413,#12419,#12420,#12421));
#12413 = ORIENTED_EDGE('',*,*,#12414,.T.);
#12414 = EDGE_CURVE('',#12264,#12392,#12415,.T.);
#12415 = LINE('',#12416,#12417);
#12416 = CARTESIAN_POINT('',(-1.25,-4.5,3.742994994236E-03));
#12417 = VECTOR('',#12418,1.);
#12418 = DIRECTION('',(1.,0.,0.));
#12419 = ORIENTED_EDGE('',*,*,#12400,.T.);
#12420 = ORIENTED_EDGE('',*,*,#12102,.F.);
#12421 = ORIENTED_EDGE('',*,*,#12272,.F.);
#12422 = PLANE('',#12423);
#12423 = AXIS2_PLACEMENT_3D('',#12424,#12425,#12426);
#12424 = CARTESIAN_POINT('',(-1.25,-4.5,3.742994994236E-03));
#12425 = DIRECTION('',(0.,-1.,0.));
#12426 = DIRECTION('',(0.,0.,1.));
#12427 = ADVANCED_FACE('',(#12428),#12439,.F.);
#12428 = FACE_BOUND('',#12429,.F.);
#12429 = EDGE_LOOP('',(#12430,#12431,#12432,#12438));
#12430 = ORIENTED_EDGE('',*,*,#12135,.T.);
#12431 = ORIENTED_EDGE('',*,*,#12289,.T.);
#12432 = ORIENTED_EDGE('',*,*,#12433,.F.);
#12433 = EDGE_CURVE('',#12162,#12290,#12434,.T.);
#12434 = LINE('',#12435,#12436);
#12435 = CARTESIAN_POINT('',(-1.25,-3.7,1.18));
#12436 = VECTOR('',#12437,1.);
#12437 = DIRECTION('',(1.,0.,0.));
#12438 = ORIENTED_EDGE('',*,*,#12161,.F.);
#12439 = PLANE('',#12440);
#12440 = AXIS2_PLACEMENT_3D('',#12441,#12442,#12443);
#12441 = CARTESIAN_POINT('',(-1.25,-3.7,0.8));
#12442 = DIRECTION('',(0.,-1.,0.));
#12443 = DIRECTION('',(0.,0.,1.));
#12444 = ADVANCED_FACE('',(#12445),#12456,.T.);
#12445 = FACE_BOUND('',#12446,.F.);
#12446 = EDGE_LOOP('',(#12447,#12453,#12454,#12455));
#12447 = ORIENTED_EDGE('',*,*,#12448,.T.);
#12448 = EDGE_CURVE('',#12255,#12383,#12449,.T.);
#12449 = LINE('',#12450,#12451);
#12450 = CARTESIAN_POINT('',(-1.25,-4.854545454545,-0.543753184094));
#12451 = VECTOR('',#12452,1.);
#12452 = DIRECTION('',(1.,0.,0.));
#12453 = ORIENTED_EDGE('',*,*,#12391,.T.);
#12454 = ORIENTED_EDGE('',*,*,#12414,.F.);
#12455 = ORIENTED_EDGE('',*,*,#12263,.F.);
#12456 = CYLINDRICAL_SURFACE('',#12457,0.6);
#12457 = AXIS2_PLACEMENT_3D('',#12458,#12459,#12460);
#12458 = CARTESIAN_POINT('',(-1.25,-5.1,3.742994994237E-03));
#12459 = DIRECTION('',(-1.,-0.,-0.));
#12460 = DIRECTION('',(0.,1.,0.));
#12461 = ADVANCED_FACE('',(#12462),#12473,.F.);
#12462 = FACE_BOUND('',#12463,.T.);
#12463 = EDGE_LOOP('',(#12464,#12465,#12466,#12472));
#12464 = ORIENTED_EDGE('',*,*,#12448,.T.);
#12465 = ORIENTED_EDGE('',*,*,#12382,.T.);
#12466 = ORIENTED_EDGE('',*,*,#12467,.F.);
#12467 = EDGE_CURVE('',#12246,#12374,#12468,.T.);
#12468 = LINE('',#12469,#12470);
#12469 = CARTESIAN_POINT('',(-1.25,-4.854545454545,-1.456246815906));
#12470 = VECTOR('',#12471,1.);
#12471 = DIRECTION('',(1.,0.,0.));
#12472 = ORIENTED_EDGE('',*,*,#12254,.F.);
#12473 = CYLINDRICAL_SURFACE('',#12474,0.5);
#12474 = AXIS2_PLACEMENT_3D('',#12475,#12476,#12477);
#12475 = CARTESIAN_POINT('',(-1.25,-4.65,-1.));
#12476 = DIRECTION('',(-1.,-0.,-0.));
#12477 = DIRECTION('',(0.,1.,0.));
#12478 = ADVANCED_FACE('',(#12479),#12520,.T.);
#12479 = FACE_BOUND('',#12480,.F.);
#12480 = EDGE_LOOP('',(#12481,#12496,#12504,#12517,#12518,#12519));
#12481 = ORIENTED_EDGE('',*,*,#12482,.F.);
#12482 = EDGE_CURVE('',#12483,#12238,#12485,.T.);
#12483 = VERTEX_POINT('',#12484);
#12484 = CARTESIAN_POINT('',(-1.21965655084,-4.5,-2.003742994994));
#12485 = B_SPLINE_CURVE_WITH_KNOTS('',5,(#12486,#12487,#12488,#12489,
    #12490,#12491,#12492,#12493,#12494,#12495),.UNSPECIFIED.,.F.,.F.,(6,
    4,6),(0.,0.303148038466,1.),.UNSPECIFIED.);
#12486 = CARTESIAN_POINT('',(-1.21965655084,-4.5,-2.003742994994));
#12487 = CARTESIAN_POINT('',(-1.223497195725,-4.5,-1.986631381886));
#12488 = CARTESIAN_POINT('',(-1.227031867996,-4.500609990021,
    -1.969478601523));
#12489 = CARTESIAN_POINT('',(-1.230254553436,-4.501835936193,
    -1.952320098652));
#12490 = CARTESIAN_POINT('',(-1.233163396707,-4.503679713882,
    -1.93519217934));
#12491 = CARTESIAN_POINT('',(-1.241731173205,-4.51179256139,
    -1.878915488733));
#12492 = CARTESIAN_POINT('',(-1.246053118784,-4.520696470173,
    -1.840073259636));
#12493 = CARTESIAN_POINT('',(-1.248760139313,-4.532820996149,
    -1.802029097146));
#12494 = CARTESIAN_POINT('',(-1.25,-4.5480328669,-1.765209329499));
#12495 = CARTESIAN_POINT('',(-1.25,-4.566087926708,-1.729995121957));
#12496 = ORIENTED_EDGE('',*,*,#12497,.T.);
#12497 = EDGE_CURVE('',#12483,#12498,#12500,.T.);
#12498 = VERTEX_POINT('',#12499);
#12499 = CARTESIAN_POINT('',(1.21965655084,-4.5,-2.003742994994));
#12500 = LINE('',#12501,#12502);
#12501 = CARTESIAN_POINT('',(-1.25,-4.5,-2.003742994994));
#12502 = VECTOR('',#12503,1.);
#12503 = DIRECTION('',(1.,0.,0.));
#12504 = ORIENTED_EDGE('',*,*,#12505,.F.);
#12505 = EDGE_CURVE('',#12366,#12498,#12506,.T.);
#12506 = B_SPLINE_CURVE_WITH_KNOTS('',5,(#12507,#12508,#12509,#12510,
    #12511,#12512,#12513,#12514,#12515,#12516),.UNSPECIFIED.,.F.,.F.,(6,
    4,6),(0.,0.697317656461,1.),.UNSPECIFIED.);
#12507 = CARTESIAN_POINT('',(1.25,-4.566088037715,-1.72999490545));
#12508 = CARTESIAN_POINT('',(1.250000006103,-4.54802058702,
    -1.76523324472));
#12509 = CARTESIAN_POINT('',(1.248758438693,-4.532800698578,
    -1.80207842376));
#12510 = CARTESIAN_POINT('',(1.246047712644,-4.520672430816,
    -1.84014890092));
#12511 = CARTESIAN_POINT('',(1.241719769521,-4.511768996687,
    -1.879018134188));
#12512 = CARTESIAN_POINT('',(1.233145633797,-4.503668466085,
    -1.935296745764));
#12513 = CARTESIAN_POINT('',(1.23023979529,-4.501830327205,
    -1.952398663629));
#12514 = CARTESIAN_POINT('',(1.227021077602,-4.50060812953,
    -1.969530960884));
#12515 = CARTESIAN_POINT('',(1.22349133393,-4.5,-1.986657498529));
#12516 = CARTESIAN_POINT('',(1.21965655084,-4.5,-2.003742994994));
#12517 = ORIENTED_EDGE('',*,*,#12373,.T.);
#12518 = ORIENTED_EDGE('',*,*,#12467,.F.);
#12519 = ORIENTED_EDGE('',*,*,#12245,.F.);
#12520 = CYLINDRICAL_SURFACE('',#12521,0.6);
#12521 = AXIS2_PLACEMENT_3D('',#12522,#12523,#12524);
#12522 = CARTESIAN_POINT('',(-1.25,-5.1,-2.003742994994));
#12523 = DIRECTION('',(-1.,-0.,-0.));
#12524 = DIRECTION('',(0.,1.,0.));
#12525 = ADVANCED_FACE('',(#12526),#12596,.T.);
#12526 = FACE_BOUND('',#12527,.T.);
#12527 = EDGE_LOOP('',(#12528,#12529,#12548,#12557,#12586,#12587,#12588,
    #12595));
#12528 = ORIENTED_EDGE('',*,*,#12365,.T.);
#12529 = ORIENTED_EDGE('',*,*,#12530,.F.);
#12530 = EDGE_CURVE('',#12531,#12357,#12533,.T.);
#12531 = VERTEX_POINT('',#12532);
#12532 = CARTESIAN_POINT('',(1.21965655084,-4.8,-2.003742994994));
#12533 = B_SPLINE_CURVE_WITH_KNOTS('',7,(#12534,#12535,#12536,#12537,
    #12538,#12539,#12540,#12541,#12542,#12543,#12544,#12545,#12546,
    #12547),.UNSPECIFIED.,.F.,.F.,(8,6,8),(0.,0.149552698926,1.),
  .UNSPECIFIED.);
#12534 = CARTESIAN_POINT('',(1.21965655084,-4.8,-2.003742994994));
#12535 = CARTESIAN_POINT('',(1.221313494731,-4.8,-1.996360645504));
#12536 = CARTESIAN_POINT('',(1.222916245992,-4.800211938654,
    -1.988975759662));
#12537 = CARTESIAN_POINT('',(1.224463358649,-4.800636082438,
    -1.981595916276));
#12538 = CARTESIAN_POINT('',(1.225953694059,-4.801272333145,
    -1.974228695074));
#12539 = CARTESIAN_POINT('',(1.227386420903,-4.802120227888,
    -1.966881676699));
#12540 = CARTESIAN_POINT('',(1.228761015195,-4.803178939098,
    -1.959562442712));
#12541 = CARTESIAN_POINT('',(1.237562227661,-4.811659798598,
    -1.910858091848));
#12542 = CARTESIAN_POINT('',(1.243141201271,-4.825632635327,
    -1.870685669078));
#12543 = CARTESIAN_POINT('',(1.246805818559,-4.846098963693,
    -1.8330582096));
#12544 = CARTESIAN_POINT('',(1.248834874558,-4.872488834289,
    -1.799211369866));
#12545 = CARTESIAN_POINT('',(1.249729805083,-4.903947496324,
    -1.770236901171));
#12546 = CARTESIAN_POINT('',(1.250000002946,-4.939330151827,
    -1.747005389903));
#12547 = CARTESIAN_POINT('',(1.25,-4.977272666907,-1.729994918982));
#12548 = ORIENTED_EDGE('',*,*,#12549,.T.);
#12549 = EDGE_CURVE('',#12531,#12550,#12552,.T.);
#12550 = VERTEX_POINT('',#12551);
#12551 = CARTESIAN_POINT('',(-1.21965655084,-4.8,-2.003742994994));
#12552 = CIRCLE('',#12553,1.25);
#12553 = AXIS2_PLACEMENT_3D('',#12554,#12555,#12556);
#12554 = CARTESIAN_POINT('',(0.,-4.8,-1.729995121957));
#12555 = DIRECTION('',(0.,1.,-2.22044604925E-16));
#12556 = DIRECTION('',(-1.,0.,0.));
#12557 = ORIENTED_EDGE('',*,*,#12558,.T.);
#12558 = EDGE_CURVE('',#12550,#12229,#12559,.T.);
#12559 = B_SPLINE_CURVE_WITH_KNOTS('',7,(#12560,#12561,#12562,#12563,
    #12564,#12565,#12566,#12567,#12568,#12569,#12570,#12571,#12572,
    #12573,#12574,#12575,#12576,#12577,#12578,#12579,#12580,#12581,
    #12582,#12583,#12584,#12585),.UNSPECIFIED.,.F.,.F.,(8,6,6,6,8),(0.,
    0.149718536343,0.568821337143,0.779054844934,1.),.UNSPECIFIED.);
#12560 = CARTESIAN_POINT('',(-1.21965655084,-4.8,-2.003742994994));
#12561 = CARTESIAN_POINT('',(-1.221313494731,-4.8,-1.996360645504));
#12562 = CARTESIAN_POINT('',(-1.222916245992,-4.800211938654,
    -1.988975759662));
#12563 = CARTESIAN_POINT('',(-1.224463358649,-4.800636082438,
    -1.981595916276));
#12564 = CARTESIAN_POINT('',(-1.225953694059,-4.801272333145,
    -1.974228695074));
#12565 = CARTESIAN_POINT('',(-1.227386420903,-4.802120227888,
    -1.966881676699));
#12566 = CARTESIAN_POINT('',(-1.228761015195,-4.803178939098,
    -1.959562442712));
#12567 = CARTESIAN_POINT('',(-1.233761787334,-4.807997689477,
    -1.931889055457));
#12568 = CARTESIAN_POINT('',(-1.236988317747,-4.813189754604,
    -1.911781579873));
#12569 = CARTESIAN_POINT('',(-1.239752597008,-4.819996804425,
    -1.892117050383));
#12570 = CARTESIAN_POINT('',(-1.242069241378,-4.828371063983,
    -1.873054753574));
#12571 = CARTESIAN_POINT('',(-1.243968058848,-4.838243906408,
    -1.854748362849));
#12572 = CARTESIAN_POINT('',(-1.245490370091,-4.849526110483,
    -1.837341940197));
#12573 = CARTESIAN_POINT('',(-1.247284753957,-4.868419599813,
    -1.812751284218));
#12574 = CARTESIAN_POINT('',(-1.247801783723,-4.875059234176,
    -1.804794572918));
#12575 = CARTESIAN_POINT('',(-1.24824277167,-4.88201384016,
    -1.797111725888));
#12576 = CARTESIAN_POINT('',(-1.248614222752,-4.889269482553,
    -1.789717653157));
#12577 = CARTESIAN_POINT('',(-1.248922793943,-4.896811472067,
    -1.78262625296));
#12578 = CARTESIAN_POINT('',(-1.249175294235,-4.904624365336,
    -1.775850411738));
#12579 = CARTESIAN_POINT('',(-1.249592438031,-4.921170618298,
    -1.762625042506));
#12580 = CARTESIAN_POINT('',(-1.249751808527,-4.929927454962,
    -1.756211950057));
#12581 = CARTESIAN_POINT('',(-1.249864803505,-4.938957614706,
    -1.750167259974));
#12582 = CARTESIAN_POINT('',(-1.24993890414,-4.94820976632,
    -1.744523162484));
#12583 = CARTESIAN_POINT('',(-1.249981719061,-4.957714514892,
    -1.739261789029));
#12584 = CARTESIAN_POINT('',(-1.25,-4.967395053757,-1.734423382007));
#12585 = CARTESIAN_POINT('',(-1.25,-4.977272666907,-1.729995027235));
#12586 = ORIENTED_EDGE('',*,*,#12237,.F.);
#12587 = ORIENTED_EDGE('',*,*,#12482,.F.);
#12588 = ORIENTED_EDGE('',*,*,#12589,.F.);
#12589 = EDGE_CURVE('',#12498,#12483,#12590,.T.);
#12590 = CIRCLE('',#12591,1.25);
#12591 = AXIS2_PLACEMENT_3D('',#12592,#12593,#12594);
#12592 = CARTESIAN_POINT('',(0.,-4.5,-1.729995121957));
#12593 = DIRECTION('',(0.,1.,-2.22044604925E-16));
#12594 = DIRECTION('',(-1.,0.,0.));
#12595 = ORIENTED_EDGE('',*,*,#12505,.F.);
#12596 = CYLINDRICAL_SURFACE('',#12597,1.25);
#12597 = AXIS2_PLACEMENT_3D('',#12598,#12599,#12600);
#12598 = CARTESIAN_POINT('',(0.,4.8,-1.729995121957));
#12599 = DIRECTION('',(0.,1.,-2.22044604925E-16));
#12600 = DIRECTION('',(-1.,0.,0.));
#12601 = ADVANCED_FACE('',(#12602),#12618,.T.);
#12602 = FACE_BOUND('',#12603,.F.);
#12603 = EDGE_LOOP('',(#12604,#12610,#12611,#12617));
#12604 = ORIENTED_EDGE('',*,*,#12605,.T.);
#12605 = EDGE_CURVE('',#12220,#12348,#12606,.T.);
#12606 = LINE('',#12607,#12608);
#12607 = CARTESIAN_POINT('',(-1.25,-4.977272727273,-0.27000509455));
#12608 = VECTOR('',#12609,1.);
#12609 = DIRECTION('',(1.,0.,0.));
#12610 = ORIENTED_EDGE('',*,*,#12356,.T.);
#12611 = ORIENTED_EDGE('',*,*,#12612,.F.);
#12612 = EDGE_CURVE('',#12229,#12357,#12613,.T.);
#12613 = LINE('',#12614,#12615);
#12614 = CARTESIAN_POINT('',(-1.25,-4.977272727273,-1.72999490545));
#12615 = VECTOR('',#12616,1.);
#12616 = DIRECTION('',(1.,0.,0.));
#12617 = ORIENTED_EDGE('',*,*,#12228,.F.);
#12618 = CYLINDRICAL_SURFACE('',#12619,0.8);
#12619 = AXIS2_PLACEMENT_3D('',#12620,#12621,#12622);
#12620 = CARTESIAN_POINT('',(-1.25,-4.65,-1.));
#12621 = DIRECTION('',(-1.,-0.,-0.));
#12622 = DIRECTION('',(0.,1.,0.));
#12623 = ADVANCED_FACE('',(#12624),#12635,.F.);
#12624 = FACE_BOUND('',#12625,.T.);
#12625 = EDGE_LOOP('',(#12626,#12627,#12628,#12634));
#12626 = ORIENTED_EDGE('',*,*,#12605,.T.);
#12627 = ORIENTED_EDGE('',*,*,#12347,.T.);
#12628 = ORIENTED_EDGE('',*,*,#12629,.F.);
#12629 = EDGE_CURVE('',#12212,#12340,#12630,.T.);
#12630 = LINE('',#12631,#12632);
#12631 = CARTESIAN_POINT('',(-1.25,-4.8,3.742994994237E-03));
#12632 = VECTOR('',#12633,1.);
#12633 = DIRECTION('',(1.,0.,0.));
#12634 = ORIENTED_EDGE('',*,*,#12219,.F.);
#12635 = CYLINDRICAL_SURFACE('',#12636,0.3);
#12636 = AXIS2_PLACEMENT_3D('',#12637,#12638,#12639);
#12637 = CARTESIAN_POINT('',(-1.25,-5.1,3.742994994237E-03));
#12638 = DIRECTION('',(-1.,-0.,-0.));
#12639 = DIRECTION('',(0.,1.,0.));
#12640 = ADVANCED_FACE('',(#12641),#12652,.F.);
#12641 = FACE_BOUND('',#12642,.F.);
#12642 = EDGE_LOOP('',(#12643,#12649,#12650,#12651));
#12643 = ORIENTED_EDGE('',*,*,#12644,.T.);
#12644 = EDGE_CURVE('',#12203,#12331,#12645,.T.);
#12645 = LINE('',#12646,#12647);
#12646 = CARTESIAN_POINT('',(-1.25,-4.8,0.3));
#12647 = VECTOR('',#12648,1.);
#12648 = DIRECTION('',(1.,0.,0.));
#12649 = ORIENTED_EDGE('',*,*,#12339,.T.);
#12650 = ORIENTED_EDGE('',*,*,#12629,.F.);
#12651 = ORIENTED_EDGE('',*,*,#12211,.F.);
#12652 = PLANE('',#12653);
#12653 = AXIS2_PLACEMENT_3D('',#12654,#12655,#12656);
#12654 = CARTESIAN_POINT('',(-1.25,-4.8,0.3));
#12655 = DIRECTION('',(0.,1.,0.));
#12656 = DIRECTION('',(0.,0.,-1.));
#12657 = ADVANCED_FACE('',(#12658),#12669,.T.);
#12658 = FACE_BOUND('',#12659,.F.);
#12659 = EDGE_LOOP('',(#12660,#12666,#12667,#12668));
#12660 = ORIENTED_EDGE('',*,*,#12661,.T.);
#12661 = EDGE_CURVE('',#12195,#12323,#12662,.T.);
#12662 = LINE('',#12663,#12664);
#12663 = CARTESIAN_POINT('',(-1.25,-4.4,0.7));
#12664 = VECTOR('',#12665,1.);
#12665 = DIRECTION('',(1.,0.,0.));
#12666 = ORIENTED_EDGE('',*,*,#12330,.T.);
#12667 = ORIENTED_EDGE('',*,*,#12644,.F.);
#12668 = ORIENTED_EDGE('',*,*,#12202,.F.);
#12669 = CYLINDRICAL_SURFACE('',#12670,0.4);
#12670 = AXIS2_PLACEMENT_3D('',#12671,#12672,#12673);
#12671 = CARTESIAN_POINT('',(-1.25,-4.4,0.3));
#12672 = DIRECTION('',(-1.,-0.,-0.));
#12673 = DIRECTION('',(0.,1.,0.));
#12674 = ADVANCED_FACE('',(#12675),#12686,.T.);
#12675 = FACE_BOUND('',#12676,.T.);
#12676 = EDGE_LOOP('',(#12677,#12678,#12679,#12685));
#12677 = ORIENTED_EDGE('',*,*,#12661,.T.);
#12678 = ORIENTED_EDGE('',*,*,#12322,.T.);
#12679 = ORIENTED_EDGE('',*,*,#12680,.F.);
#12680 = EDGE_CURVE('',#12186,#12314,#12681,.T.);
#12681 = LINE('',#12682,#12683);
#12682 = CARTESIAN_POINT('',(-1.25,-4.1,0.7));
#12683 = VECTOR('',#12684,1.);
#12684 = DIRECTION('',(1.,0.,0.));
#12685 = ORIENTED_EDGE('',*,*,#12194,.F.);
#12686 = PLANE('',#12687);
#12687 = AXIS2_PLACEMENT_3D('',#12688,#12689,#12690);
#12688 = CARTESIAN_POINT('',(-1.25,-4.4,0.7));
#12689 = DIRECTION('',(0.,0.,1.));
#12690 = DIRECTION('',(0.,1.,0.));
#12691 = ADVANCED_FACE('',(#12692),#12703,.F.);
#12692 = FACE_BOUND('',#12693,.T.);
#12693 = EDGE_LOOP('',(#12694,#12695,#12696,#12702));
#12694 = ORIENTED_EDGE('',*,*,#12680,.T.);
#12695 = ORIENTED_EDGE('',*,*,#12313,.T.);
#12696 = ORIENTED_EDGE('',*,*,#12697,.F.);
#12697 = EDGE_CURVE('',#12178,#12306,#12698,.T.);
#12698 = LINE('',#12699,#12700);
#12699 = CARTESIAN_POINT('',(-1.25,-4.,0.8));
#12700 = VECTOR('',#12701,1.);
#12701 = DIRECTION('',(1.,0.,0.));
#12702 = ORIENTED_EDGE('',*,*,#12185,.F.);
#12703 = CYLINDRICAL_SURFACE('',#12704,0.1);
#12704 = AXIS2_PLACEMENT_3D('',#12705,#12706,#12707);
#12705 = CARTESIAN_POINT('',(-1.25,-4.1,0.8));
#12706 = DIRECTION('',(-1.,-0.,-0.));
#12707 = DIRECTION('',(0.,1.,0.));
#12708 = ADVANCED_FACE('',(#12709),#12720,.F.);
#12709 = FACE_BOUND('',#12710,.F.);
#12710 = EDGE_LOOP('',(#12711,#12717,#12718,#12719));
#12711 = ORIENTED_EDGE('',*,*,#12712,.T.);
#12712 = EDGE_CURVE('',#12170,#12298,#12713,.T.);
#12713 = LINE('',#12714,#12715);
#12714 = CARTESIAN_POINT('',(-1.25,-4.,1.18));
#12715 = VECTOR('',#12716,1.);
#12716 = DIRECTION('',(1.,0.,0.));
#12717 = ORIENTED_EDGE('',*,*,#12305,.T.);
#12718 = ORIENTED_EDGE('',*,*,#12697,.F.);
#12719 = ORIENTED_EDGE('',*,*,#12177,.F.);
#12720 = PLANE('',#12721);
#12721 = AXIS2_PLACEMENT_3D('',#12722,#12723,#12724);
#12722 = CARTESIAN_POINT('',(-1.25,-4.,1.18));
#12723 = DIRECTION('',(0.,1.,0.));
#12724 = DIRECTION('',(0.,0.,-1.));
#12725 = ADVANCED_FACE('',(#12726),#12732,.F.);
#12726 = FACE_BOUND('',#12727,.F.);
#12727 = EDGE_LOOP('',(#12728,#12729,#12730,#12731));
#12728 = ORIENTED_EDGE('',*,*,#12433,.T.);
#12729 = ORIENTED_EDGE('',*,*,#12297,.T.);
#12730 = ORIENTED_EDGE('',*,*,#12712,.F.);
#12731 = ORIENTED_EDGE('',*,*,#12169,.F.);
#12732 = PLANE('',#12733);
#12733 = AXIS2_PLACEMENT_3D('',#12734,#12735,#12736);
#12734 = CARTESIAN_POINT('',(-1.25,-3.7,1.18));
#12735 = DIRECTION('',(0.,0.,-1.));
#12736 = DIRECTION('',(0.,-1.,0.));
#12737 = ADVANCED_FACE('',(#12738),#12742,.F.);
#12738 = FACE_BOUND('',#12739,.F.);
#12739 = EDGE_LOOP('',(#12740,#12741));
#12740 = ORIENTED_EDGE('',*,*,#12497,.F.);
#12741 = ORIENTED_EDGE('',*,*,#12589,.F.);
#12742 = PLANE('',#12743);
#12743 = AXIS2_PLACEMENT_3D('',#12744,#12745,#12746);
#12744 = CARTESIAN_POINT('',(-1.25,-4.5,-3.));
#12745 = DIRECTION('',(0.,-1.,0.));
#12746 = DIRECTION('',(0.,0.,1.));
#12747 = ADVANCED_FACE('',(#12748),#12759,.F.);
#12748 = FACE_BOUND('',#12749,.T.);
#12749 = EDGE_LOOP('',(#12750,#12751,#12757,#12758));
#12750 = ORIENTED_EDGE('',*,*,#12558,.F.);
#12751 = ORIENTED_EDGE('',*,*,#12752,.T.);
#12752 = EDGE_CURVE('',#12550,#12531,#12753,.T.);
#12753 = LINE('',#12754,#12755);
#12754 = CARTESIAN_POINT('',(-1.25,-4.8,-2.003742994994));
#12755 = VECTOR('',#12756,1.);
#12756 = DIRECTION('',(1.,0.,0.));
#12757 = ORIENTED_EDGE('',*,*,#12530,.T.);
#12758 = ORIENTED_EDGE('',*,*,#12612,.F.);
#12759 = CYLINDRICAL_SURFACE('',#12760,0.3);
#12760 = AXIS2_PLACEMENT_3D('',#12761,#12762,#12763);
#12761 = CARTESIAN_POINT('',(-1.25,-5.1,-2.003742994994));
#12762 = DIRECTION('',(-1.,-0.,-0.));
#12763 = DIRECTION('',(0.,1.,0.));
#12764 = ADVANCED_FACE('',(#12765),#12769,.F.);
#12765 = FACE_BOUND('',#12766,.F.);
#12766 = EDGE_LOOP('',(#12767,#12768));
#12767 = ORIENTED_EDGE('',*,*,#12549,.T.);
#12768 = ORIENTED_EDGE('',*,*,#12752,.T.);
#12769 = PLANE('',#12770);
#12770 = AXIS2_PLACEMENT_3D('',#12771,#12772,#12773);
#12771 = CARTESIAN_POINT('',(-1.25,-4.8,-2.003742994994));
#12772 = DIRECTION('',(0.,1.,0.));
#12773 = DIRECTION('',(0.,0.,-1.));
#12774 = MANIFOLD_SOLID_BREP('',#12775);
#12775 = CLOSED_SHELL('',(#12776,#12816,#12847,#12878,#13025,#13172,
    #13189,#13206,#13223,#13240,#13257,#13274,#13291,#13324,#13341,
    #13403,#13427,#13444,#13461,#13478,#13495,#13507,#13518,#13528));
#12776 = ADVANCED_FACE('',(#12777),#12811,.T.);
#12777 = FACE_BOUND('',#12778,.T.);
#12778 = EDGE_LOOP('',(#12779,#12789,#12797,#12805));
#12779 = ORIENTED_EDGE('',*,*,#12780,.T.);
#12780 = EDGE_CURVE('',#12781,#12783,#12785,.T.);
#12781 = VERTEX_POINT('',#12782);
#12782 = CARTESIAN_POINT('',(-1.25,3.7,1.18));
#12783 = VERTEX_POINT('',#12784);
#12784 = CARTESIAN_POINT('',(1.25,3.7,1.18));
#12785 = LINE('',#12786,#12787);
#12786 = CARTESIAN_POINT('',(-1.25,3.7,1.18));
#12787 = VECTOR('',#12788,1.);
#12788 = DIRECTION('',(1.,0.,0.));
#12789 = ORIENTED_EDGE('',*,*,#12790,.T.);
#12790 = EDGE_CURVE('',#12783,#12791,#12793,.T.);
#12791 = VERTEX_POINT('',#12792);
#12792 = CARTESIAN_POINT('',(1.25,4.,1.18));
#12793 = LINE('',#12794,#12795);
#12794 = CARTESIAN_POINT('',(1.25,3.7,1.18));
#12795 = VECTOR('',#12796,1.);
#12796 = DIRECTION('',(0.,1.,0.));
#12797 = ORIENTED_EDGE('',*,*,#12798,.F.);
#12798 = EDGE_CURVE('',#12799,#12791,#12801,.T.);
#12799 = VERTEX_POINT('',#12800);
#12800 = CARTESIAN_POINT('',(-1.25,4.,1.18));
#12801 = LINE('',#12802,#12803);
#12802 = CARTESIAN_POINT('',(-1.25,4.,1.18));
#12803 = VECTOR('',#12804,1.);
#12804 = DIRECTION('',(1.,0.,0.));
#12805 = ORIENTED_EDGE('',*,*,#12806,.F.);
#12806 = EDGE_CURVE('',#12781,#12799,#12807,.T.);
#12807 = LINE('',#12808,#12809);
#12808 = CARTESIAN_POINT('',(-1.25,3.7,1.18));
#12809 = VECTOR('',#12810,1.);
#12810 = DIRECTION('',(0.,1.,0.));
#12811 = PLANE('',#12812);
#12812 = AXIS2_PLACEMENT_3D('',#12813,#12814,#12815);
#12813 = CARTESIAN_POINT('',(-1.25,3.7,1.18));
#12814 = DIRECTION('',(0.,0.,1.));
#12815 = DIRECTION('',(0.,1.,0.));
#12816 = ADVANCED_FACE('',(#12817),#12842,.T.);
#12817 = FACE_BOUND('',#12818,.T.);
#12818 = EDGE_LOOP('',(#12819,#12829,#12835,#12836));
#12819 = ORIENTED_EDGE('',*,*,#12820,.T.);
#12820 = EDGE_CURVE('',#12821,#12823,#12825,.T.);
#12821 = VERTEX_POINT('',#12822);
#12822 = CARTESIAN_POINT('',(-1.25,3.7,0.8));
#12823 = VERTEX_POINT('',#12824);
#12824 = CARTESIAN_POINT('',(1.25,3.7,0.8));
#12825 = LINE('',#12826,#12827);
#12826 = CARTESIAN_POINT('',(-1.25,3.7,0.8));
#12827 = VECTOR('',#12828,1.);
#12828 = DIRECTION('',(1.,0.,0.));
#12829 = ORIENTED_EDGE('',*,*,#12830,.T.);
#12830 = EDGE_CURVE('',#12823,#12783,#12831,.T.);
#12831 = LINE('',#12832,#12833);
#12832 = CARTESIAN_POINT('',(1.25,3.7,0.8));
#12833 = VECTOR('',#12834,1.);
#12834 = DIRECTION('',(0.,0.,1.));
#12835 = ORIENTED_EDGE('',*,*,#12780,.F.);
#12836 = ORIENTED_EDGE('',*,*,#12837,.F.);
#12837 = EDGE_CURVE('',#12821,#12781,#12838,.T.);
#12838 = LINE('',#12839,#12840);
#12839 = CARTESIAN_POINT('',(-1.25,3.7,0.8));
#12840 = VECTOR('',#12841,1.);
#12841 = DIRECTION('',(0.,0.,1.));
#12842 = PLANE('',#12843);
#12843 = AXIS2_PLACEMENT_3D('',#12844,#12845,#12846);
#12844 = CARTESIAN_POINT('',(-1.25,3.7,0.8));
#12845 = DIRECTION('',(0.,-1.,0.));
#12846 = DIRECTION('',(0.,0.,1.));
#12847 = ADVANCED_FACE('',(#12848),#12873,.T.);
#12848 = FACE_BOUND('',#12849,.T.);
#12849 = EDGE_LOOP('',(#12850,#12851,#12859,#12867));
#12850 = ORIENTED_EDGE('',*,*,#12798,.T.);
#12851 = ORIENTED_EDGE('',*,*,#12852,.T.);
#12852 = EDGE_CURVE('',#12791,#12853,#12855,.T.);
#12853 = VERTEX_POINT('',#12854);
#12854 = CARTESIAN_POINT('',(1.25,4.,0.8));
#12855 = LINE('',#12856,#12857);
#12856 = CARTESIAN_POINT('',(1.25,4.,1.18));
#12857 = VECTOR('',#12858,1.);
#12858 = DIRECTION('',(0.,0.,-1.));
#12859 = ORIENTED_EDGE('',*,*,#12860,.F.);
#12860 = EDGE_CURVE('',#12861,#12853,#12863,.T.);
#12861 = VERTEX_POINT('',#12862);
#12862 = CARTESIAN_POINT('',(-1.25,4.,0.8));
#12863 = LINE('',#12864,#12865);
#12864 = CARTESIAN_POINT('',(-1.25,4.,0.8));
#12865 = VECTOR('',#12866,1.);
#12866 = DIRECTION('',(1.,0.,0.));
#12867 = ORIENTED_EDGE('',*,*,#12868,.F.);
#12868 = EDGE_CURVE('',#12799,#12861,#12869,.T.);
#12869 = LINE('',#12870,#12871);
#12870 = CARTESIAN_POINT('',(-1.25,4.,1.18));
#12871 = VECTOR('',#12872,1.);
#12872 = DIRECTION('',(0.,0.,-1.));
#12873 = PLANE('',#12874);
#12874 = AXIS2_PLACEMENT_3D('',#12875,#12876,#12877);
#12875 = CARTESIAN_POINT('',(-1.25,4.,1.18));
#12876 = DIRECTION('',(0.,1.,0.));
#12877 = DIRECTION('',(0.,0.,-1.));
#12878 = ADVANCED_FACE('',(#12879),#13020,.F.);
#12879 = FACE_BOUND('',#12880,.F.);
#12880 = EDGE_LOOP('',(#12881,#12882,#12883,#12892,#12900,#12909,#12917,
    #12926,#12935,#12944,#12952,#12960,#12969,#12978,#12987,#12995,
    #13004,#13012,#13019));
#12881 = ORIENTED_EDGE('',*,*,#12806,.F.);
#12882 = ORIENTED_EDGE('',*,*,#12837,.F.);
#12883 = ORIENTED_EDGE('',*,*,#12884,.T.);
#12884 = EDGE_CURVE('',#12821,#12885,#12887,.T.);
#12885 = VERTEX_POINT('',#12886);
#12886 = CARTESIAN_POINT('',(-1.25,4.1,0.4));
#12887 = CIRCLE('',#12888,0.4);
#12888 = AXIS2_PLACEMENT_3D('',#12889,#12890,#12891);
#12889 = CARTESIAN_POINT('',(-1.25,4.1,0.8));
#12890 = DIRECTION('',(1.,0.,0.));
#12891 = DIRECTION('',(0.,1.,0.));
#12892 = ORIENTED_EDGE('',*,*,#12893,.F.);
#12893 = EDGE_CURVE('',#12894,#12885,#12896,.T.);
#12894 = VERTEX_POINT('',#12895);
#12895 = CARTESIAN_POINT('',(-1.25,4.4,0.4));
#12896 = LINE('',#12897,#12898);
#12897 = CARTESIAN_POINT('',(-1.25,4.4,0.4));
#12898 = VECTOR('',#12899,1.);
#12899 = DIRECTION('',(0.,-1.,0.));
#12900 = ORIENTED_EDGE('',*,*,#12901,.F.);
#12901 = EDGE_CURVE('',#12902,#12894,#12904,.T.);
#12902 = VERTEX_POINT('',#12903);
#12903 = CARTESIAN_POINT('',(-1.25,4.5,0.3));
#12904 = CIRCLE('',#12905,0.1);
#12905 = AXIS2_PLACEMENT_3D('',#12906,#12907,#12908);
#12906 = CARTESIAN_POINT('',(-1.25,4.4,0.3));
#12907 = DIRECTION('',(1.,0.,0.));
#12908 = DIRECTION('',(0.,1.,0.));
#12909 = ORIENTED_EDGE('',*,*,#12910,.F.);
#12910 = EDGE_CURVE('',#12911,#12902,#12913,.T.);
#12911 = VERTEX_POINT('',#12912);
#12912 = CARTESIAN_POINT('',(-1.25,4.5,3.742994994237E-03));
#12913 = LINE('',#12914,#12915);
#12914 = CARTESIAN_POINT('',(-1.25,4.5,3.742994994237E-03));
#12915 = VECTOR('',#12916,1.);
#12916 = DIRECTION('',(0.,0.,1.));
#12917 = ORIENTED_EDGE('',*,*,#12918,.T.);
#12918 = EDGE_CURVE('',#12911,#12919,#12921,.T.);
#12919 = VERTEX_POINT('',#12920);
#12920 = CARTESIAN_POINT('',(-1.25,4.854545454545,-0.543753184094));
#12921 = CIRCLE('',#12922,0.6);
#12922 = AXIS2_PLACEMENT_3D('',#12923,#12924,#12925);
#12923 = CARTESIAN_POINT('',(-1.25,5.1,3.742994994236E-03));
#12924 = DIRECTION('',(1.,0.,0.));
#12925 = DIRECTION('',(0.,1.,0.));
#12926 = ORIENTED_EDGE('',*,*,#12927,.F.);
#12927 = EDGE_CURVE('',#12928,#12919,#12930,.T.);
#12928 = VERTEX_POINT('',#12929);
#12929 = CARTESIAN_POINT('',(-1.25,4.854545454545,-1.456246815906));
#12930 = CIRCLE('',#12931,0.5);
#12931 = AXIS2_PLACEMENT_3D('',#12932,#12933,#12934);
#12932 = CARTESIAN_POINT('',(-1.25,4.65,-1.));
#12933 = DIRECTION('',(1.,0.,0.));
#12934 = DIRECTION('',(0.,1.,0.));
#12935 = ORIENTED_EDGE('',*,*,#12936,.T.);
#12936 = EDGE_CURVE('',#12928,#12937,#12939,.T.);
#12937 = VERTEX_POINT('',#12938);
#12938 = CARTESIAN_POINT('',(-1.25,4.566088037715,-1.72999490545));
#12939 = CIRCLE('',#12940,0.6);
#12940 = AXIS2_PLACEMENT_3D('',#12941,#12942,#12943);
#12941 = CARTESIAN_POINT('',(-1.25,5.1,-2.003742994994));
#12942 = DIRECTION('',(1.,0.,0.));
#12943 = DIRECTION('',(0.,1.,0.));
#12944 = ORIENTED_EDGE('',*,*,#12945,.F.);
#12945 = EDGE_CURVE('',#12946,#12937,#12948,.T.);
#12946 = VERTEX_POINT('',#12947);
#12947 = CARTESIAN_POINT('',(-1.25,4.8,-1.72999490545));
#12948 = LINE('',#12949,#12950);
#12949 = CARTESIAN_POINT('',(-1.25,4.8,-1.72999490545));
#12950 = VECTOR('',#12951,1.);
#12951 = DIRECTION('',(0.,-1.,2.22044604925E-16));
#12952 = ORIENTED_EDGE('',*,*,#12953,.F.);
#12953 = EDGE_CURVE('',#12954,#12946,#12956,.T.);
#12954 = VERTEX_POINT('',#12955);
#12955 = CARTESIAN_POINT('',(-1.25,4.8,-2.003742994994));
#12956 = LINE('',#12957,#12958);
#12957 = CARTESIAN_POINT('',(-1.25,4.8,-1.812584318421));
#12958 = VECTOR('',#12959,1.);
#12959 = DIRECTION('',(0.,4.38518072564E-16,1.));
#12960 = ORIENTED_EDGE('',*,*,#12961,.F.);
#12961 = EDGE_CURVE('',#12962,#12954,#12964,.T.);
#12962 = VERTEX_POINT('',#12963);
#12963 = CARTESIAN_POINT('',(-1.25,4.977272727273,-1.72999490545));
#12964 = CIRCLE('',#12965,0.3);
#12965 = AXIS2_PLACEMENT_3D('',#12966,#12967,#12968);
#12966 = CARTESIAN_POINT('',(-1.25,5.1,-2.003742994994));
#12967 = DIRECTION('',(1.,0.,0.));
#12968 = DIRECTION('',(0.,1.,0.));
#12969 = ORIENTED_EDGE('',*,*,#12970,.T.);
#12970 = EDGE_CURVE('',#12962,#12971,#12973,.T.);
#12971 = VERTEX_POINT('',#12972);
#12972 = CARTESIAN_POINT('',(-1.25,4.977272727273,-0.27000509455));
#12973 = CIRCLE('',#12974,0.8);
#12974 = AXIS2_PLACEMENT_3D('',#12975,#12976,#12977);
#12975 = CARTESIAN_POINT('',(-1.25,4.65,-1.));
#12976 = DIRECTION('',(1.,0.,0.));
#12977 = DIRECTION('',(0.,1.,0.));
#12978 = ORIENTED_EDGE('',*,*,#12979,.F.);
#12979 = EDGE_CURVE('',#12980,#12971,#12982,.T.);
#12980 = VERTEX_POINT('',#12981);
#12981 = CARTESIAN_POINT('',(-1.25,4.8,3.742994994237E-03));
#12982 = CIRCLE('',#12983,0.3);
#12983 = AXIS2_PLACEMENT_3D('',#12984,#12985,#12986);
#12984 = CARTESIAN_POINT('',(-1.25,5.1,3.742994994237E-03));
#12985 = DIRECTION('',(1.,0.,0.));
#12986 = DIRECTION('',(0.,1.,0.));
#12987 = ORIENTED_EDGE('',*,*,#12988,.F.);
#12988 = EDGE_CURVE('',#12989,#12980,#12991,.T.);
#12989 = VERTEX_POINT('',#12990);
#12990 = CARTESIAN_POINT('',(-1.25,4.8,0.3));
#12991 = LINE('',#12992,#12993);
#12992 = CARTESIAN_POINT('',(-1.25,4.8,0.3));
#12993 = VECTOR('',#12994,1.);
#12994 = DIRECTION('',(0.,0.,-1.));
#12995 = ORIENTED_EDGE('',*,*,#12996,.T.);
#12996 = EDGE_CURVE('',#12989,#12997,#12999,.T.);
#12997 = VERTEX_POINT('',#12998);
#12998 = CARTESIAN_POINT('',(-1.25,4.4,0.7));
#12999 = CIRCLE('',#13000,0.4);
#13000 = AXIS2_PLACEMENT_3D('',#13001,#13002,#13003);
#13001 = CARTESIAN_POINT('',(-1.25,4.4,0.3));
#13002 = DIRECTION('',(1.,0.,0.));
#13003 = DIRECTION('',(0.,1.,0.));
#13004 = ORIENTED_EDGE('',*,*,#13005,.T.);
#13005 = EDGE_CURVE('',#12997,#13006,#13008,.T.);
#13006 = VERTEX_POINT('',#13007);
#13007 = CARTESIAN_POINT('',(-1.25,4.1,0.7));
#13008 = LINE('',#13009,#13010);
#13009 = CARTESIAN_POINT('',(-1.25,4.4,0.7));
#13010 = VECTOR('',#13011,1.);
#13011 = DIRECTION('',(0.,-1.,0.));
#13012 = ORIENTED_EDGE('',*,*,#13013,.F.);
#13013 = EDGE_CURVE('',#12861,#13006,#13014,.T.);
#13014 = CIRCLE('',#13015,0.1);
#13015 = AXIS2_PLACEMENT_3D('',#13016,#13017,#13018);
#13016 = CARTESIAN_POINT('',(-1.25,4.1,0.8));
#13017 = DIRECTION('',(1.,0.,0.));
#13018 = DIRECTION('',(0.,1.,0.));
#13019 = ORIENTED_EDGE('',*,*,#12868,.F.);
#13020 = PLANE('',#13021);
#13021 = AXIS2_PLACEMENT_3D('',#13022,#13023,#13024);
#13022 = CARTESIAN_POINT('',(-1.25,1.394067449052E-15,-0.765722203839));
#13023 = DIRECTION('',(1.,0.,0.));
#13024 = DIRECTION('',(0.,0.,1.));
#13025 = ADVANCED_FACE('',(#13026),#13167,.T.);
#13026 = FACE_BOUND('',#13027,.T.);
#13027 = EDGE_LOOP('',(#13028,#13029,#13030,#13039,#13047,#13056,#13064,
    #13073,#13082,#13091,#13099,#13107,#13116,#13125,#13134,#13142,
    #13151,#13159,#13166));
#13028 = ORIENTED_EDGE('',*,*,#12790,.F.);
#13029 = ORIENTED_EDGE('',*,*,#12830,.F.);
#13030 = ORIENTED_EDGE('',*,*,#13031,.T.);
#13031 = EDGE_CURVE('',#12823,#13032,#13034,.T.);
#13032 = VERTEX_POINT('',#13033);
#13033 = CARTESIAN_POINT('',(1.25,4.1,0.4));
#13034 = CIRCLE('',#13035,0.4);
#13035 = AXIS2_PLACEMENT_3D('',#13036,#13037,#13038);
#13036 = CARTESIAN_POINT('',(1.25,4.1,0.8));
#13037 = DIRECTION('',(1.,0.,0.));
#13038 = DIRECTION('',(0.,1.,0.));
#13039 = ORIENTED_EDGE('',*,*,#13040,.F.);
#13040 = EDGE_CURVE('',#13041,#13032,#13043,.T.);
#13041 = VERTEX_POINT('',#13042);
#13042 = CARTESIAN_POINT('',(1.25,4.4,0.4));
#13043 = LINE('',#13044,#13045);
#13044 = CARTESIAN_POINT('',(1.25,4.4,0.4));
#13045 = VECTOR('',#13046,1.);
#13046 = DIRECTION('',(0.,-1.,0.));
#13047 = ORIENTED_EDGE('',*,*,#13048,.F.);
#13048 = EDGE_CURVE('',#13049,#13041,#13051,.T.);
#13049 = VERTEX_POINT('',#13050);
#13050 = CARTESIAN_POINT('',(1.25,4.5,0.3));
#13051 = CIRCLE('',#13052,0.1);
#13052 = AXIS2_PLACEMENT_3D('',#13053,#13054,#13055);
#13053 = CARTESIAN_POINT('',(1.25,4.4,0.3));
#13054 = DIRECTION('',(1.,0.,0.));
#13055 = DIRECTION('',(0.,1.,0.));
#13056 = ORIENTED_EDGE('',*,*,#13057,.F.);
#13057 = EDGE_CURVE('',#13058,#13049,#13060,.T.);
#13058 = VERTEX_POINT('',#13059);
#13059 = CARTESIAN_POINT('',(1.25,4.5,3.742994994237E-03));
#13060 = LINE('',#13061,#13062);
#13061 = CARTESIAN_POINT('',(1.25,4.5,3.742994994237E-03));
#13062 = VECTOR('',#13063,1.);
#13063 = DIRECTION('',(0.,0.,1.));
#13064 = ORIENTED_EDGE('',*,*,#13065,.T.);
#13065 = EDGE_CURVE('',#13058,#13066,#13068,.T.);
#13066 = VERTEX_POINT('',#13067);
#13067 = CARTESIAN_POINT('',(1.25,4.854545454545,-0.543753184094));
#13068 = CIRCLE('',#13069,0.6);
#13069 = AXIS2_PLACEMENT_3D('',#13070,#13071,#13072);
#13070 = CARTESIAN_POINT('',(1.25,5.1,3.742994994236E-03));
#13071 = DIRECTION('',(1.,0.,0.));
#13072 = DIRECTION('',(0.,1.,0.));
#13073 = ORIENTED_EDGE('',*,*,#13074,.F.);
#13074 = EDGE_CURVE('',#13075,#13066,#13077,.T.);
#13075 = VERTEX_POINT('',#13076);
#13076 = CARTESIAN_POINT('',(1.25,4.854545454545,-1.456246815906));
#13077 = CIRCLE('',#13078,0.5);
#13078 = AXIS2_PLACEMENT_3D('',#13079,#13080,#13081);
#13079 = CARTESIAN_POINT('',(1.25,4.65,-1.));
#13080 = DIRECTION('',(1.,0.,0.));
#13081 = DIRECTION('',(0.,1.,0.));
#13082 = ORIENTED_EDGE('',*,*,#13083,.T.);
#13083 = EDGE_CURVE('',#13075,#13084,#13086,.T.);
#13084 = VERTEX_POINT('',#13085);
#13085 = CARTESIAN_POINT('',(1.25,4.566088037715,-1.72999490545));
#13086 = CIRCLE('',#13087,0.6);
#13087 = AXIS2_PLACEMENT_3D('',#13088,#13089,#13090);
#13088 = CARTESIAN_POINT('',(1.25,5.1,-2.003742994994));
#13089 = DIRECTION('',(1.,0.,0.));
#13090 = DIRECTION('',(0.,1.,0.));
#13091 = ORIENTED_EDGE('',*,*,#13092,.F.);
#13092 = EDGE_CURVE('',#13093,#13084,#13095,.T.);
#13093 = VERTEX_POINT('',#13094);
#13094 = CARTESIAN_POINT('',(1.25,4.8,-1.72999490545));
#13095 = LINE('',#13096,#13097);
#13096 = CARTESIAN_POINT('',(1.25,4.8,-1.72999490545));
#13097 = VECTOR('',#13098,1.);
#13098 = DIRECTION('',(0.,-1.,2.22044604925E-16));
#13099 = ORIENTED_EDGE('',*,*,#13100,.F.);
#13100 = EDGE_CURVE('',#13101,#13093,#13103,.T.);
#13101 = VERTEX_POINT('',#13102);
#13102 = CARTESIAN_POINT('',(1.25,4.8,-2.003742994994));
#13103 = LINE('',#13104,#13105);
#13104 = CARTESIAN_POINT('',(1.25,4.8,-1.812584318421));
#13105 = VECTOR('',#13106,1.);
#13106 = DIRECTION('',(0.,4.38518072564E-16,1.));
#13107 = ORIENTED_EDGE('',*,*,#13108,.F.);
#13108 = EDGE_CURVE('',#13109,#13101,#13111,.T.);
#13109 = VERTEX_POINT('',#13110);
#13110 = CARTESIAN_POINT('',(1.25,4.977272727273,-1.72999490545));
#13111 = CIRCLE('',#13112,0.3);
#13112 = AXIS2_PLACEMENT_3D('',#13113,#13114,#13115);
#13113 = CARTESIAN_POINT('',(1.25,5.1,-2.003742994994));
#13114 = DIRECTION('',(1.,0.,0.));
#13115 = DIRECTION('',(0.,1.,0.));
#13116 = ORIENTED_EDGE('',*,*,#13117,.T.);
#13117 = EDGE_CURVE('',#13109,#13118,#13120,.T.);
#13118 = VERTEX_POINT('',#13119);
#13119 = CARTESIAN_POINT('',(1.25,4.977272727273,-0.27000509455));
#13120 = CIRCLE('',#13121,0.8);
#13121 = AXIS2_PLACEMENT_3D('',#13122,#13123,#13124);
#13122 = CARTESIAN_POINT('',(1.25,4.65,-1.));
#13123 = DIRECTION('',(1.,0.,0.));
#13124 = DIRECTION('',(0.,1.,0.));
#13125 = ORIENTED_EDGE('',*,*,#13126,.F.);
#13126 = EDGE_CURVE('',#13127,#13118,#13129,.T.);
#13127 = VERTEX_POINT('',#13128);
#13128 = CARTESIAN_POINT('',(1.25,4.8,3.742994994237E-03));
#13129 = CIRCLE('',#13130,0.3);
#13130 = AXIS2_PLACEMENT_3D('',#13131,#13132,#13133);
#13131 = CARTESIAN_POINT('',(1.25,5.1,3.742994994237E-03));
#13132 = DIRECTION('',(1.,0.,0.));
#13133 = DIRECTION('',(0.,1.,0.));
#13134 = ORIENTED_EDGE('',*,*,#13135,.F.);
#13135 = EDGE_CURVE('',#13136,#13127,#13138,.T.);
#13136 = VERTEX_POINT('',#13137);
#13137 = CARTESIAN_POINT('',(1.25,4.8,0.3));
#13138 = LINE('',#13139,#13140);
#13139 = CARTESIAN_POINT('',(1.25,4.8,0.3));
#13140 = VECTOR('',#13141,1.);
#13141 = DIRECTION('',(0.,0.,-1.));
#13142 = ORIENTED_EDGE('',*,*,#13143,.T.);
#13143 = EDGE_CURVE('',#13136,#13144,#13146,.T.);
#13144 = VERTEX_POINT('',#13145);
#13145 = CARTESIAN_POINT('',(1.25,4.4,0.7));
#13146 = CIRCLE('',#13147,0.4);
#13147 = AXIS2_PLACEMENT_3D('',#13148,#13149,#13150);
#13148 = CARTESIAN_POINT('',(1.25,4.4,0.3));
#13149 = DIRECTION('',(1.,0.,0.));
#13150 = DIRECTION('',(0.,1.,0.));
#13151 = ORIENTED_EDGE('',*,*,#13152,.T.);
#13152 = EDGE_CURVE('',#13144,#13153,#13155,.T.);
#13153 = VERTEX_POINT('',#13154);
#13154 = CARTESIAN_POINT('',(1.25,4.1,0.7));
#13155 = LINE('',#13156,#13157);
#13156 = CARTESIAN_POINT('',(1.25,4.4,0.7));
#13157 = VECTOR('',#13158,1.);
#13158 = DIRECTION('',(0.,-1.,0.));
#13159 = ORIENTED_EDGE('',*,*,#13160,.F.);
#13160 = EDGE_CURVE('',#12853,#13153,#13161,.T.);
#13161 = CIRCLE('',#13162,0.1);
#13162 = AXIS2_PLACEMENT_3D('',#13163,#13164,#13165);
#13163 = CARTESIAN_POINT('',(1.25,4.1,0.8));
#13164 = DIRECTION('',(1.,0.,0.));
#13165 = DIRECTION('',(0.,1.,0.));
#13166 = ORIENTED_EDGE('',*,*,#12852,.F.);
#13167 = PLANE('',#13168);
#13168 = AXIS2_PLACEMENT_3D('',#13169,#13170,#13171);
#13169 = CARTESIAN_POINT('',(1.25,1.394067449052E-15,-0.765722203839));
#13170 = DIRECTION('',(1.,0.,0.));
#13171 = DIRECTION('',(0.,0.,1.));
#13172 = ADVANCED_FACE('',(#13173),#13184,.T.);
#13173 = FACE_BOUND('',#13174,.F.);
#13174 = EDGE_LOOP('',(#13175,#13176,#13177,#13183));
#13175 = ORIENTED_EDGE('',*,*,#12820,.T.);
#13176 = ORIENTED_EDGE('',*,*,#13031,.T.);
#13177 = ORIENTED_EDGE('',*,*,#13178,.F.);
#13178 = EDGE_CURVE('',#12885,#13032,#13179,.T.);
#13179 = LINE('',#13180,#13181);
#13180 = CARTESIAN_POINT('',(-1.25,4.1,0.4));
#13181 = VECTOR('',#13182,1.);
#13182 = DIRECTION('',(1.,0.,0.));
#13183 = ORIENTED_EDGE('',*,*,#12884,.F.);
#13184 = CYLINDRICAL_SURFACE('',#13185,0.4);
#13185 = AXIS2_PLACEMENT_3D('',#13186,#13187,#13188);
#13186 = CARTESIAN_POINT('',(-1.25,4.1,0.8));
#13187 = DIRECTION('',(-1.,-0.,-0.));
#13188 = DIRECTION('',(0.,1.,0.));
#13189 = ADVANCED_FACE('',(#13190),#13201,.F.);
#13190 = FACE_BOUND('',#13191,.T.);
#13191 = EDGE_LOOP('',(#13192,#13193,#13194,#13200));
#13192 = ORIENTED_EDGE('',*,*,#12860,.T.);
#13193 = ORIENTED_EDGE('',*,*,#13160,.T.);
#13194 = ORIENTED_EDGE('',*,*,#13195,.F.);
#13195 = EDGE_CURVE('',#13006,#13153,#13196,.T.);
#13196 = LINE('',#13197,#13198);
#13197 = CARTESIAN_POINT('',(-1.25,4.1,0.7));
#13198 = VECTOR('',#13199,1.);
#13199 = DIRECTION('',(1.,0.,0.));
#13200 = ORIENTED_EDGE('',*,*,#13013,.F.);
#13201 = CYLINDRICAL_SURFACE('',#13202,0.1);
#13202 = AXIS2_PLACEMENT_3D('',#13203,#13204,#13205);
#13203 = CARTESIAN_POINT('',(-1.25,4.1,0.8));
#13204 = DIRECTION('',(-1.,-0.,-0.));
#13205 = DIRECTION('',(0.,1.,0.));
#13206 = ADVANCED_FACE('',(#13207),#13218,.F.);
#13207 = FACE_BOUND('',#13208,.F.);
#13208 = EDGE_LOOP('',(#13209,#13215,#13216,#13217));
#13209 = ORIENTED_EDGE('',*,*,#13210,.T.);
#13210 = EDGE_CURVE('',#12997,#13144,#13211,.T.);
#13211 = LINE('',#13212,#13213);
#13212 = CARTESIAN_POINT('',(-1.25,4.4,0.7));
#13213 = VECTOR('',#13214,1.);
#13214 = DIRECTION('',(1.,0.,0.));
#13215 = ORIENTED_EDGE('',*,*,#13152,.T.);
#13216 = ORIENTED_EDGE('',*,*,#13195,.F.);
#13217 = ORIENTED_EDGE('',*,*,#13005,.F.);
#13218 = PLANE('',#13219);
#13219 = AXIS2_PLACEMENT_3D('',#13220,#13221,#13222);
#13220 = CARTESIAN_POINT('',(-1.25,4.4,0.7));
#13221 = DIRECTION('',(0.,0.,-1.));
#13222 = DIRECTION('',(0.,-1.,0.));
#13223 = ADVANCED_FACE('',(#13224),#13235,.T.);
#13224 = FACE_BOUND('',#13225,.F.);
#13225 = EDGE_LOOP('',(#13226,#13232,#13233,#13234));
#13226 = ORIENTED_EDGE('',*,*,#13227,.T.);
#13227 = EDGE_CURVE('',#12989,#13136,#13228,.T.);
#13228 = LINE('',#13229,#13230);
#13229 = CARTESIAN_POINT('',(-1.25,4.8,0.3));
#13230 = VECTOR('',#13231,1.);
#13231 = DIRECTION('',(1.,0.,0.));
#13232 = ORIENTED_EDGE('',*,*,#13143,.T.);
#13233 = ORIENTED_EDGE('',*,*,#13210,.F.);
#13234 = ORIENTED_EDGE('',*,*,#12996,.F.);
#13235 = CYLINDRICAL_SURFACE('',#13236,0.4);
#13236 = AXIS2_PLACEMENT_3D('',#13237,#13238,#13239);
#13237 = CARTESIAN_POINT('',(-1.25,4.4,0.3));
#13238 = DIRECTION('',(-1.,-0.,-0.));
#13239 = DIRECTION('',(0.,1.,0.));
#13240 = ADVANCED_FACE('',(#13241),#13252,.T.);
#13241 = FACE_BOUND('',#13242,.T.);
#13242 = EDGE_LOOP('',(#13243,#13244,#13245,#13251));
#13243 = ORIENTED_EDGE('',*,*,#13227,.T.);
#13244 = ORIENTED_EDGE('',*,*,#13135,.T.);
#13245 = ORIENTED_EDGE('',*,*,#13246,.F.);
#13246 = EDGE_CURVE('',#12980,#13127,#13247,.T.);
#13247 = LINE('',#13248,#13249);
#13248 = CARTESIAN_POINT('',(-1.25,4.8,3.742994994237E-03));
#13249 = VECTOR('',#13250,1.);
#13250 = DIRECTION('',(1.,0.,0.));
#13251 = ORIENTED_EDGE('',*,*,#12988,.F.);
#13252 = PLANE('',#13253);
#13253 = AXIS2_PLACEMENT_3D('',#13254,#13255,#13256);
#13254 = CARTESIAN_POINT('',(-1.25,4.8,0.3));
#13255 = DIRECTION('',(0.,1.,0.));
#13256 = DIRECTION('',(0.,0.,-1.));
#13257 = ADVANCED_FACE('',(#13258),#13269,.F.);
#13258 = FACE_BOUND('',#13259,.T.);
#13259 = EDGE_LOOP('',(#13260,#13261,#13262,#13268));
#13260 = ORIENTED_EDGE('',*,*,#13246,.T.);
#13261 = ORIENTED_EDGE('',*,*,#13126,.T.);
#13262 = ORIENTED_EDGE('',*,*,#13263,.F.);
#13263 = EDGE_CURVE('',#12971,#13118,#13264,.T.);
#13264 = LINE('',#13265,#13266);
#13265 = CARTESIAN_POINT('',(-1.25,4.977272727273,-0.27000509455));
#13266 = VECTOR('',#13267,1.);
#13267 = DIRECTION('',(1.,0.,0.));
#13268 = ORIENTED_EDGE('',*,*,#12979,.F.);
#13269 = CYLINDRICAL_SURFACE('',#13270,0.3);
#13270 = AXIS2_PLACEMENT_3D('',#13271,#13272,#13273);
#13271 = CARTESIAN_POINT('',(-1.25,5.1,3.742994994237E-03));
#13272 = DIRECTION('',(-1.,-0.,-0.));
#13273 = DIRECTION('',(0.,1.,0.));
#13274 = ADVANCED_FACE('',(#13275),#13286,.T.);
#13275 = FACE_BOUND('',#13276,.F.);
#13276 = EDGE_LOOP('',(#13277,#13283,#13284,#13285));
#13277 = ORIENTED_EDGE('',*,*,#13278,.T.);
#13278 = EDGE_CURVE('',#12962,#13109,#13279,.T.);
#13279 = LINE('',#13280,#13281);
#13280 = CARTESIAN_POINT('',(-1.25,4.977272727273,-1.72999490545));
#13281 = VECTOR('',#13282,1.);
#13282 = DIRECTION('',(1.,0.,0.));
#13283 = ORIENTED_EDGE('',*,*,#13117,.T.);
#13284 = ORIENTED_EDGE('',*,*,#13263,.F.);
#13285 = ORIENTED_EDGE('',*,*,#12970,.F.);
#13286 = CYLINDRICAL_SURFACE('',#13287,0.8);
#13287 = AXIS2_PLACEMENT_3D('',#13288,#13289,#13290);
#13288 = CARTESIAN_POINT('',(-1.25,4.65,-1.));
#13289 = DIRECTION('',(-1.,-0.,-0.));
#13290 = DIRECTION('',(0.,1.,0.));
#13291 = ADVANCED_FACE('',(#13292),#13319,.F.);
#13292 = FACE_BOUND('',#13293,.T.);
#13293 = EDGE_LOOP('',(#13294,#13295,#13296,#13304,#13312,#13318));
#13294 = ORIENTED_EDGE('',*,*,#13278,.T.);
#13295 = ORIENTED_EDGE('',*,*,#13108,.T.);
#13296 = ORIENTED_EDGE('',*,*,#13297,.F.);
#13297 = EDGE_CURVE('',#13298,#13101,#13300,.T.);
#13298 = VERTEX_POINT('',#13299);
#13299 = CARTESIAN_POINT('',(1.21965655084,4.8,-2.003742994994));
#13300 = LINE('',#13301,#13302);
#13301 = CARTESIAN_POINT('',(-1.25,4.8,-2.003742994994));
#13302 = VECTOR('',#13303,1.);
#13303 = DIRECTION('',(1.,0.,0.));
#13304 = ORIENTED_EDGE('',*,*,#13305,.F.);
#13305 = EDGE_CURVE('',#13306,#13298,#13308,.T.);
#13306 = VERTEX_POINT('',#13307);
#13307 = CARTESIAN_POINT('',(-1.21965655084,4.8,-2.003742994994));
#13308 = LINE('',#13309,#13310);
#13309 = CARTESIAN_POINT('',(-1.25,4.8,-2.003742994994));
#13310 = VECTOR('',#13311,1.);
#13311 = DIRECTION('',(1.,0.,0.));
#13312 = ORIENTED_EDGE('',*,*,#13313,.F.);
#13313 = EDGE_CURVE('',#12954,#13306,#13314,.T.);
#13314 = LINE('',#13315,#13316);
#13315 = CARTESIAN_POINT('',(-1.25,4.8,-2.003742994994));
#13316 = VECTOR('',#13317,1.);
#13317 = DIRECTION('',(1.,0.,0.));
#13318 = ORIENTED_EDGE('',*,*,#12961,.F.);
#13319 = CYLINDRICAL_SURFACE('',#13320,0.3);
#13320 = AXIS2_PLACEMENT_3D('',#13321,#13322,#13323);
#13321 = CARTESIAN_POINT('',(-1.25,5.1,-2.003742994994));
#13322 = DIRECTION('',(-1.,-0.,-0.));
#13323 = DIRECTION('',(0.,1.,0.));
#13324 = ADVANCED_FACE('',(#13325),#13336,.F.);
#13325 = FACE_BOUND('',#13326,.F.);
#13326 = EDGE_LOOP('',(#13327,#13334,#13335));
#13327 = ORIENTED_EDGE('',*,*,#13328,.F.);
#13328 = EDGE_CURVE('',#13306,#12946,#13329,.T.);
#13329 = CIRCLE('',#13330,1.25);
#13330 = AXIS2_PLACEMENT_3D('',#13331,#13332,#13333);
#13331 = CARTESIAN_POINT('',(0.,4.8,-1.729995121957));
#13332 = DIRECTION('',(0.,1.,-2.22044604925E-16));
#13333 = DIRECTION('',(-1.,0.,0.));
#13334 = ORIENTED_EDGE('',*,*,#13313,.F.);
#13335 = ORIENTED_EDGE('',*,*,#12953,.T.);
#13336 = PLANE('',#13337);
#13337 = AXIS2_PLACEMENT_3D('',#13338,#13339,#13340);
#13338 = CARTESIAN_POINT('',(7.894919023059E-17,4.8,-2.859446433003));
#13339 = DIRECTION('',(0.,1.,-4.38518072564E-16));
#13340 = DIRECTION('',(0.,4.38518072564E-16,1.));
#13341 = ADVANCED_FACE('',(#13342),#13398,.T.);
#13342 = FACE_BOUND('',#13343,.T.);
#13343 = EDGE_LOOP('',(#13344,#13351,#13352,#13367,#13376,#13389,#13390,
    #13391));
#13344 = ORIENTED_EDGE('',*,*,#13345,.F.);
#13345 = EDGE_CURVE('',#13093,#13298,#13346,.T.);
#13346 = CIRCLE('',#13347,1.25);
#13347 = AXIS2_PLACEMENT_3D('',#13348,#13349,#13350);
#13348 = CARTESIAN_POINT('',(0.,4.8,-1.729995121957));
#13349 = DIRECTION('',(0.,1.,-2.22044604925E-16));
#13350 = DIRECTION('',(-1.,0.,0.));
#13351 = ORIENTED_EDGE('',*,*,#13092,.T.);
#13352 = ORIENTED_EDGE('',*,*,#13353,.T.);
#13353 = EDGE_CURVE('',#13084,#13354,#13356,.T.);
#13354 = VERTEX_POINT('',#13355);
#13355 = CARTESIAN_POINT('',(1.21965655084,4.5,-2.003742994994));
#13356 = B_SPLINE_CURVE_WITH_KNOTS('',5,(#13357,#13358,#13359,#13360,
    #13361,#13362,#13363,#13364,#13365,#13366),.UNSPECIFIED.,.F.,.F.,(6,
    4,6),(0.,0.699063849912,1.),.UNSPECIFIED.);
#13357 = CARTESIAN_POINT('',(1.25,4.566088037715,-1.72999490545));
#13358 = CARTESIAN_POINT('',(1.250000006119,4.547975519881,
    -1.765321142629));
#13359 = CARTESIAN_POINT('',(1.248752248724,4.532724395413,
    -1.802263009792));
#13360 = CARTESIAN_POINT('',(1.246027274748,4.520581086413,
    -1.840435693075));
#13361 = CARTESIAN_POINT('',(1.241676198309,4.511679718453,
    -1.879408699905));
#13362 = CARTESIAN_POINT('',(1.233078425179,4.503626115155,
    -1.935691928345));
#13363 = CARTESIAN_POINT('',(1.230183977777,4.501809207872,
    -1.952695598483));
#13364 = CARTESIAN_POINT('',(1.226980280624,4.500601123847,
    -1.969728863744));
#13365 = CARTESIAN_POINT('',(1.223469179856,4.5,-1.986756203813));
#13366 = CARTESIAN_POINT('',(1.21965655084,4.5,-2.003742994994));
#13367 = ORIENTED_EDGE('',*,*,#13368,.T.);
#13368 = EDGE_CURVE('',#13354,#13369,#13371,.T.);
#13369 = VERTEX_POINT('',#13370);
#13370 = CARTESIAN_POINT('',(-1.21965655084,4.5,-2.003742994994));
#13371 = CIRCLE('',#13372,1.25);
#13372 = AXIS2_PLACEMENT_3D('',#13373,#13374,#13375);
#13373 = CARTESIAN_POINT('',(0.,4.5,-1.729995121957));
#13374 = DIRECTION('',(0.,1.,-2.22044604925E-16));
#13375 = DIRECTION('',(-1.,0.,0.));
#13376 = ORIENTED_EDGE('',*,*,#13377,.T.);
#13377 = EDGE_CURVE('',#13369,#12937,#13378,.T.);
#13378 = B_SPLINE_CURVE_WITH_KNOTS('',5,(#13379,#13380,#13381,#13382,
    #13383,#13384,#13385,#13386,#13387,#13388),.UNSPECIFIED.,.F.,.F.,(6,
    4,6),(0.,0.302732906042,1.),.UNSPECIFIED.);
#13379 = CARTESIAN_POINT('',(-1.21965655084,4.5,-2.003742994994));
#13380 = CARTESIAN_POINT('',(-1.223491943728,4.5,-1.986654781636));
#13381 = CARTESIAN_POINT('',(-1.227022201008,4.50060832268,
    -1.969525509646));
#13382 = CARTESIAN_POINT('',(-1.230241331902,4.501830910289,
    -1.952390484312));
#13383 = CARTESIAN_POINT('',(-1.23314748274,4.503669635932,
    -1.935285863526));
#13384 = CARTESIAN_POINT('',(-1.241720895702,4.511771390313,
    -1.879007852773));
#13385 = CARTESIAN_POINT('',(-1.24604825952,4.520674827563,
    -1.840141288678));
#13386 = CARTESIAN_POINT('',(-1.248758635485,4.532802794104,
    -1.802073245078));
#13387 = CARTESIAN_POINT('',(-1.25,4.548021954759,-1.765230612309));
#13388 = CARTESIAN_POINT('',(-1.25,4.566087926708,-1.729995121957));
#13389 = ORIENTED_EDGE('',*,*,#12945,.F.);
#13390 = ORIENTED_EDGE('',*,*,#13328,.F.);
#13391 = ORIENTED_EDGE('',*,*,#13392,.F.);
#13392 = EDGE_CURVE('',#13298,#13306,#13393,.T.);
#13393 = CIRCLE('',#13394,1.25);
#13394 = AXIS2_PLACEMENT_3D('',#13395,#13396,#13397);
#13395 = CARTESIAN_POINT('',(0.,4.8,-1.729995121957));
#13396 = DIRECTION('',(0.,1.,-2.22044604925E-16));
#13397 = DIRECTION('',(-1.,0.,0.));
#13398 = CYLINDRICAL_SURFACE('',#13399,1.25);
#13399 = AXIS2_PLACEMENT_3D('',#13400,#13401,#13402);
#13400 = CARTESIAN_POINT('',(0.,4.8,-1.729995121957));
#13401 = DIRECTION('',(0.,1.,-2.22044604925E-16));
#13402 = DIRECTION('',(-1.,0.,0.));
#13403 = ADVANCED_FACE('',(#13404),#13422,.T.);
#13404 = FACE_BOUND('',#13405,.F.);
#13405 = EDGE_LOOP('',(#13406,#13407,#13413,#13414,#13415,#13421));
#13406 = ORIENTED_EDGE('',*,*,#12936,.F.);
#13407 = ORIENTED_EDGE('',*,*,#13408,.T.);
#13408 = EDGE_CURVE('',#12928,#13075,#13409,.T.);
#13409 = LINE('',#13410,#13411);
#13410 = CARTESIAN_POINT('',(-1.25,4.854545454545,-1.456246815906));
#13411 = VECTOR('',#13412,1.);
#13412 = DIRECTION('',(1.,0.,0.));
#13413 = ORIENTED_EDGE('',*,*,#13083,.T.);
#13414 = ORIENTED_EDGE('',*,*,#13353,.T.);
#13415 = ORIENTED_EDGE('',*,*,#13416,.F.);
#13416 = EDGE_CURVE('',#13369,#13354,#13417,.T.);
#13417 = LINE('',#13418,#13419);
#13418 = CARTESIAN_POINT('',(-1.25,4.5,-2.003742994994));
#13419 = VECTOR('',#13420,1.);
#13420 = DIRECTION('',(1.,0.,0.));
#13421 = ORIENTED_EDGE('',*,*,#13377,.T.);
#13422 = CYLINDRICAL_SURFACE('',#13423,0.6);
#13423 = AXIS2_PLACEMENT_3D('',#13424,#13425,#13426);
#13424 = CARTESIAN_POINT('',(-1.25,5.1,-2.003742994994));
#13425 = DIRECTION('',(-1.,-0.,-0.));
#13426 = DIRECTION('',(0.,1.,0.));
#13427 = ADVANCED_FACE('',(#13428),#13439,.F.);
#13428 = FACE_BOUND('',#13429,.T.);
#13429 = EDGE_LOOP('',(#13430,#13431,#13432,#13438));
#13430 = ORIENTED_EDGE('',*,*,#13408,.T.);
#13431 = ORIENTED_EDGE('',*,*,#13074,.T.);
#13432 = ORIENTED_EDGE('',*,*,#13433,.F.);
#13433 = EDGE_CURVE('',#12919,#13066,#13434,.T.);
#13434 = LINE('',#13435,#13436);
#13435 = CARTESIAN_POINT('',(-1.25,4.854545454545,-0.543753184094));
#13436 = VECTOR('',#13437,1.);
#13437 = DIRECTION('',(1.,0.,0.));
#13438 = ORIENTED_EDGE('',*,*,#12927,.F.);
#13439 = CYLINDRICAL_SURFACE('',#13440,0.5);
#13440 = AXIS2_PLACEMENT_3D('',#13441,#13442,#13443);
#13441 = CARTESIAN_POINT('',(-1.25,4.65,-1.));
#13442 = DIRECTION('',(-1.,-0.,-0.));
#13443 = DIRECTION('',(0.,1.,0.));
#13444 = ADVANCED_FACE('',(#13445),#13456,.T.);
#13445 = FACE_BOUND('',#13446,.F.);
#13446 = EDGE_LOOP('',(#13447,#13453,#13454,#13455));
#13447 = ORIENTED_EDGE('',*,*,#13448,.T.);
#13448 = EDGE_CURVE('',#12911,#13058,#13449,.T.);
#13449 = LINE('',#13450,#13451);
#13450 = CARTESIAN_POINT('',(-1.25,4.5,3.742994994237E-03));
#13451 = VECTOR('',#13452,1.);
#13452 = DIRECTION('',(1.,0.,0.));
#13453 = ORIENTED_EDGE('',*,*,#13065,.T.);
#13454 = ORIENTED_EDGE('',*,*,#13433,.F.);
#13455 = ORIENTED_EDGE('',*,*,#12918,.F.);
#13456 = CYLINDRICAL_SURFACE('',#13457,0.6);
#13457 = AXIS2_PLACEMENT_3D('',#13458,#13459,#13460);
#13458 = CARTESIAN_POINT('',(-1.25,5.1,3.742994994236E-03));
#13459 = DIRECTION('',(-1.,-0.,-0.));
#13460 = DIRECTION('',(0.,1.,0.));
#13461 = ADVANCED_FACE('',(#13462),#13473,.T.);
#13462 = FACE_BOUND('',#13463,.T.);
#13463 = EDGE_LOOP('',(#13464,#13465,#13466,#13472));
#13464 = ORIENTED_EDGE('',*,*,#13448,.T.);
#13465 = ORIENTED_EDGE('',*,*,#13057,.T.);
#13466 = ORIENTED_EDGE('',*,*,#13467,.F.);
#13467 = EDGE_CURVE('',#12902,#13049,#13468,.T.);
#13468 = LINE('',#13469,#13470);
#13469 = CARTESIAN_POINT('',(-1.25,4.5,0.3));
#13470 = VECTOR('',#13471,1.);
#13471 = DIRECTION('',(1.,0.,0.));
#13472 = ORIENTED_EDGE('',*,*,#12910,.F.);
#13473 = PLANE('',#13474);
#13474 = AXIS2_PLACEMENT_3D('',#13475,#13476,#13477);
#13475 = CARTESIAN_POINT('',(-1.25,4.5,3.742994994237E-03));
#13476 = DIRECTION('',(0.,-1.,0.));
#13477 = DIRECTION('',(0.,0.,1.));
#13478 = ADVANCED_FACE('',(#13479),#13490,.F.);
#13479 = FACE_BOUND('',#13480,.T.);
#13480 = EDGE_LOOP('',(#13481,#13482,#13483,#13489));
#13481 = ORIENTED_EDGE('',*,*,#13467,.T.);
#13482 = ORIENTED_EDGE('',*,*,#13048,.T.);
#13483 = ORIENTED_EDGE('',*,*,#13484,.F.);
#13484 = EDGE_CURVE('',#12894,#13041,#13485,.T.);
#13485 = LINE('',#13486,#13487);
#13486 = CARTESIAN_POINT('',(-1.25,4.4,0.4));
#13487 = VECTOR('',#13488,1.);
#13488 = DIRECTION('',(1.,0.,0.));
#13489 = ORIENTED_EDGE('',*,*,#12901,.F.);
#13490 = CYLINDRICAL_SURFACE('',#13491,0.1);
#13491 = AXIS2_PLACEMENT_3D('',#13492,#13493,#13494);
#13492 = CARTESIAN_POINT('',(-1.25,4.4,0.3));
#13493 = DIRECTION('',(-1.,-0.,-0.));
#13494 = DIRECTION('',(0.,1.,0.));
#13495 = ADVANCED_FACE('',(#13496),#13502,.T.);
#13496 = FACE_BOUND('',#13497,.T.);
#13497 = EDGE_LOOP('',(#13498,#13499,#13500,#13501));
#13498 = ORIENTED_EDGE('',*,*,#13484,.T.);
#13499 = ORIENTED_EDGE('',*,*,#13040,.T.);
#13500 = ORIENTED_EDGE('',*,*,#13178,.F.);
#13501 = ORIENTED_EDGE('',*,*,#12893,.F.);
#13502 = PLANE('',#13503);
#13503 = AXIS2_PLACEMENT_3D('',#13504,#13505,#13506);
#13504 = CARTESIAN_POINT('',(-1.25,4.4,0.4));
#13505 = DIRECTION('',(0.,0.,-1.));
#13506 = DIRECTION('',(0.,-1.,0.));
#13507 = ADVANCED_FACE('',(#13508),#13513,.F.);
#13508 = FACE_BOUND('',#13509,.F.);
#13509 = EDGE_LOOP('',(#13510,#13511,#13512));
#13510 = ORIENTED_EDGE('',*,*,#13345,.F.);
#13511 = ORIENTED_EDGE('',*,*,#13100,.F.);
#13512 = ORIENTED_EDGE('',*,*,#13297,.F.);
#13513 = PLANE('',#13514);
#13514 = AXIS2_PLACEMENT_3D('',#13515,#13516,#13517);
#13515 = CARTESIAN_POINT('',(7.894919023059E-17,4.8,-2.859446433003));
#13516 = DIRECTION('',(0.,1.,-4.38518072564E-16));
#13517 = DIRECTION('',(0.,4.38518072564E-16,1.));
#13518 = ADVANCED_FACE('',(#13519),#13523,.T.);
#13519 = FACE_BOUND('',#13520,.T.);
#13520 = EDGE_LOOP('',(#13521,#13522));
#13521 = ORIENTED_EDGE('',*,*,#13392,.T.);
#13522 = ORIENTED_EDGE('',*,*,#13305,.T.);
#13523 = PLANE('',#13524);
#13524 = AXIS2_PLACEMENT_3D('',#13525,#13526,#13527);
#13525 = CARTESIAN_POINT('',(-1.25,4.8,-2.003742994994));
#13526 = DIRECTION('',(0.,1.,0.));
#13527 = DIRECTION('',(0.,0.,-1.));
#13528 = ADVANCED_FACE('',(#13529),#13533,.T.);
#13529 = FACE_BOUND('',#13530,.T.);
#13530 = EDGE_LOOP('',(#13531,#13532));
#13531 = ORIENTED_EDGE('',*,*,#13416,.F.);
#13532 = ORIENTED_EDGE('',*,*,#13368,.F.);
#13533 = PLANE('',#13534);
#13534 = AXIS2_PLACEMENT_3D('',#13535,#13536,#13537);
#13535 = CARTESIAN_POINT('',(-1.25,4.5,-3.));
#13536 = DIRECTION('',(0.,-1.,0.));
#13537 = DIRECTION('',(0.,0.,1.));
#13538 = MANIFOLD_SOLID_BREP('',#13539);
#13539 = CLOSED_SHELL('',(#13540,#13582,#13646,#13670,#13727,#13776,
    #13830,#13847,#13864,#13876,#13893,#13910,#13927,#13944));
#13540 = ADVANCED_FACE('',(#13541),#13577,.F.);
#13541 = FACE_BOUND('',#13542,.T.);
#13542 = EDGE_LOOP('',(#13543,#13554,#13562,#13571));
#13543 = ORIENTED_EDGE('',*,*,#13544,.T.);
#13544 = EDGE_CURVE('',#13545,#13547,#13549,.T.);
#13545 = VERTEX_POINT('',#13546);
#13546 = CARTESIAN_POINT('',(6.6,3.283,2.625));
#13547 = VERTEX_POINT('',#13548);
#13548 = CARTESIAN_POINT('',(7.3,3.283,1.925));
#13549 = CIRCLE('',#13550,0.7);
#13550 = AXIS2_PLACEMENT_3D('',#13551,#13552,#13553);
#13551 = CARTESIAN_POINT('',(6.6,3.283,1.925));
#13552 = DIRECTION('',(0.,1.,-2.22044604925E-16));
#13553 = DIRECTION('',(1.,0.,0.));
#13554 = ORIENTED_EDGE('',*,*,#13555,.T.);
#13555 = EDGE_CURVE('',#13547,#13556,#13558,.T.);
#13556 = VERTEX_POINT('',#13557);
#13557 = CARTESIAN_POINT('',(7.3,1.717,1.925));
#13558 = LINE('',#13559,#13560);
#13559 = CARTESIAN_POINT('',(7.3,3.487,1.925));
#13560 = VECTOR('',#13561,1.);
#13561 = DIRECTION('',(0.,-1.,2.22044604925E-16));
#13562 = ORIENTED_EDGE('',*,*,#13563,.F.);
#13563 = EDGE_CURVE('',#13564,#13556,#13566,.T.);
#13564 = VERTEX_POINT('',#13565);
#13565 = CARTESIAN_POINT('',(6.6,1.717,2.625));
#13566 = CIRCLE('',#13567,0.7);
#13567 = AXIS2_PLACEMENT_3D('',#13568,#13569,#13570);
#13568 = CARTESIAN_POINT('',(6.6,1.717,1.925));
#13569 = DIRECTION('',(0.,1.,-2.22044604925E-16));
#13570 = DIRECTION('',(1.,0.,0.));
#13571 = ORIENTED_EDGE('',*,*,#13572,.F.);
#13572 = EDGE_CURVE('',#13545,#13564,#13573,.T.);
#13573 = LINE('',#13574,#13575);
#13574 = CARTESIAN_POINT('',(6.6,3.487,2.625));
#13575 = VECTOR('',#13576,1.);
#13576 = DIRECTION('',(0.,-1.,2.22044604925E-16));
#13577 = CYLINDRICAL_SURFACE('',#13578,0.7);
#13578 = AXIS2_PLACEMENT_3D('',#13579,#13580,#13581);
#13579 = CARTESIAN_POINT('',(6.6,3.487,1.925));
#13580 = DIRECTION('',(0.,1.,-2.22044604925E-16));
#13581 = DIRECTION('',(1.,0.,0.));
#13582 = ADVANCED_FACE('',(#13583),#13641,.T.);
#13583 = FACE_BOUND('',#13584,.T.);
#13584 = EDGE_LOOP('',(#13585,#13595,#13603,#13609,#13610,#13618,#13626,
    #13634));
#13585 = ORIENTED_EDGE('',*,*,#13586,.F.);
#13586 = EDGE_CURVE('',#13587,#13589,#13591,.T.);
#13587 = VERTEX_POINT('',#13588);
#13588 = CARTESIAN_POINT('',(7.6,3.283,1.433));
#13589 = VERTEX_POINT('',#13590);
#13590 = CARTESIAN_POINT('',(7.6,3.283,1.925));
#13591 = LINE('',#13592,#13593);
#13592 = CARTESIAN_POINT('',(7.6,3.283,1.433));
#13593 = VECTOR('',#13594,1.);
#13594 = DIRECTION('',(0.,0.,1.));
#13595 = ORIENTED_EDGE('',*,*,#13596,.T.);
#13596 = EDGE_CURVE('',#13587,#13597,#13599,.T.);
#13597 = VERTEX_POINT('',#13598);
#13598 = CARTESIAN_POINT('',(7.3,3.283,1.433));
#13599 = LINE('',#13600,#13601);
#13600 = CARTESIAN_POINT('',(7.6,3.283,1.433));
#13601 = VECTOR('',#13602,1.);
#13602 = DIRECTION('',(-1.,-0.,-0.));
#13603 = ORIENTED_EDGE('',*,*,#13604,.T.);
#13604 = EDGE_CURVE('',#13597,#13547,#13605,.T.);
#13605 = LINE('',#13606,#13607);
#13606 = CARTESIAN_POINT('',(7.3,3.283,1.679));
#13607 = VECTOR('',#13608,1.);
#13608 = DIRECTION('',(0.,0.,1.));
#13609 = ORIENTED_EDGE('',*,*,#13544,.F.);
#13610 = ORIENTED_EDGE('',*,*,#13611,.F.);
#13611 = EDGE_CURVE('',#13612,#13545,#13614,.T.);
#13612 = VERTEX_POINT('',#13613);
#13613 = CARTESIAN_POINT('',(4.9,3.283,2.625));
#13614 = LINE('',#13615,#13616);
#13615 = CARTESIAN_POINT('',(7.1,3.283,2.625));
#13616 = VECTOR('',#13617,1.);
#13617 = DIRECTION('',(1.,0.,0.));
#13618 = ORIENTED_EDGE('',*,*,#13619,.F.);
#13619 = EDGE_CURVE('',#13620,#13612,#13622,.T.);
#13620 = VERTEX_POINT('',#13621);
#13621 = CARTESIAN_POINT('',(4.9,3.283,2.925));
#13622 = LINE('',#13623,#13624);
#13623 = CARTESIAN_POINT('',(4.9,3.283,2.029));
#13624 = VECTOR('',#13625,1.);
#13625 = DIRECTION('',(0.,0.,-1.));
#13626 = ORIENTED_EDGE('',*,*,#13627,.F.);
#13627 = EDGE_CURVE('',#13628,#13620,#13630,.T.);
#13628 = VERTEX_POINT('',#13629);
#13629 = CARTESIAN_POINT('',(6.6,3.283,2.925));
#13630 = LINE('',#13631,#13632);
#13631 = CARTESIAN_POINT('',(7.6,3.283,2.925));
#13632 = VECTOR('',#13633,1.);
#13633 = DIRECTION('',(-1.,-0.,-0.));
#13634 = ORIENTED_EDGE('',*,*,#13635,.T.);
#13635 = EDGE_CURVE('',#13628,#13589,#13636,.T.);
#13636 = CIRCLE('',#13637,1.);
#13637 = AXIS2_PLACEMENT_3D('',#13638,#13639,#13640);
#13638 = CARTESIAN_POINT('',(6.6,3.283,1.925));
#13639 = DIRECTION('',(0.,1.,-2.22044604925E-16));
#13640 = DIRECTION('',(1.,0.,0.));
#13641 = PLANE('',#13642);
#13642 = AXIS2_PLACEMENT_3D('',#13643,#13644,#13645);
#13643 = CARTESIAN_POINT('',(7.6,3.283,1.433));
#13644 = DIRECTION('',(0.,1.,0.));
#13645 = DIRECTION('',(0.,0.,1.));
#13646 = ADVANCED_FACE('',(#13647),#13665,.T.);
#13647 = FACE_BOUND('',#13648,.T.);
#13648 = EDGE_LOOP('',(#13649,#13650,#13651,#13659));
#13649 = ORIENTED_EDGE('',*,*,#13611,.T.);
#13650 = ORIENTED_EDGE('',*,*,#13572,.T.);
#13651 = ORIENTED_EDGE('',*,*,#13652,.T.);
#13652 = EDGE_CURVE('',#13564,#13653,#13655,.T.);
#13653 = VERTEX_POINT('',#13654);
#13654 = CARTESIAN_POINT('',(4.9,1.717,2.625));
#13655 = LINE('',#13656,#13657);
#13656 = CARTESIAN_POINT('',(7.1,1.717,2.625));
#13657 = VECTOR('',#13658,1.);
#13658 = DIRECTION('',(-1.,0.,0.));
#13659 = ORIENTED_EDGE('',*,*,#13660,.F.);
#13660 = EDGE_CURVE('',#13612,#13653,#13661,.T.);
#13661 = LINE('',#13662,#13663);
#13662 = CARTESIAN_POINT('',(4.9,3.487,2.625));
#13663 = VECTOR('',#13664,1.);
#13664 = DIRECTION('',(0.,-1.,2.22044604925E-16));
#13665 = PLANE('',#13666);
#13666 = AXIS2_PLACEMENT_3D('',#13667,#13668,#13669);
#13667 = CARTESIAN_POINT('',(6.6,3.487,2.625));
#13668 = DIRECTION('',(-0.,-2.22044604925E-16,-1.));
#13669 = DIRECTION('',(-1.,0.,0.));
#13670 = ADVANCED_FACE('',(#13671),#13722,.T.);
#13671 = FACE_BOUND('',#13672,.T.);
#13672 = EDGE_LOOP('',(#13673,#13684,#13692,#13698,#13699,#13700,#13708,
    #13716));
#13673 = ORIENTED_EDGE('',*,*,#13674,.F.);
#13674 = EDGE_CURVE('',#13675,#13677,#13679,.T.);
#13675 = VERTEX_POINT('',#13676);
#13676 = CARTESIAN_POINT('',(6.6,1.717,2.925));
#13677 = VERTEX_POINT('',#13678);
#13678 = CARTESIAN_POINT('',(7.6,1.717,1.925));
#13679 = CIRCLE('',#13680,1.);
#13680 = AXIS2_PLACEMENT_3D('',#13681,#13682,#13683);
#13681 = CARTESIAN_POINT('',(6.6,1.717,1.925));
#13682 = DIRECTION('',(0.,1.,-2.22044604925E-16));
#13683 = DIRECTION('',(1.,0.,0.));
#13684 = ORIENTED_EDGE('',*,*,#13685,.T.);
#13685 = EDGE_CURVE('',#13675,#13686,#13688,.T.);
#13686 = VERTEX_POINT('',#13687);
#13687 = CARTESIAN_POINT('',(4.9,1.717,2.925));
#13688 = LINE('',#13689,#13690);
#13689 = CARTESIAN_POINT('',(7.6,1.717,2.925));
#13690 = VECTOR('',#13691,1.);
#13691 = DIRECTION('',(-1.,-0.,-0.));
#13692 = ORIENTED_EDGE('',*,*,#13693,.F.);
#13693 = EDGE_CURVE('',#13653,#13686,#13694,.T.);
#13694 = LINE('',#13695,#13696);
#13695 = CARTESIAN_POINT('',(4.9,1.717,2.775));
#13696 = VECTOR('',#13697,1.);
#13697 = DIRECTION('',(0.,0.,1.));
#13698 = ORIENTED_EDGE('',*,*,#13652,.F.);
#13699 = ORIENTED_EDGE('',*,*,#13563,.T.);
#13700 = ORIENTED_EDGE('',*,*,#13701,.T.);
#13701 = EDGE_CURVE('',#13556,#13702,#13704,.T.);
#13702 = VERTEX_POINT('',#13703);
#13703 = CARTESIAN_POINT('',(7.3,1.717,1.433));
#13704 = LINE('',#13705,#13706);
#13705 = CARTESIAN_POINT('',(7.3,1.717,2.425));
#13706 = VECTOR('',#13707,1.);
#13707 = DIRECTION('',(0.,0.,-1.));
#13708 = ORIENTED_EDGE('',*,*,#13709,.F.);
#13709 = EDGE_CURVE('',#13710,#13702,#13712,.T.);
#13710 = VERTEX_POINT('',#13711);
#13711 = CARTESIAN_POINT('',(7.6,1.717,1.433));
#13712 = LINE('',#13713,#13714);
#13713 = CARTESIAN_POINT('',(7.6,1.717,1.433));
#13714 = VECTOR('',#13715,1.);
#13715 = DIRECTION('',(-1.,-0.,-0.));
#13716 = ORIENTED_EDGE('',*,*,#13717,.F.);
#13717 = EDGE_CURVE('',#13677,#13710,#13718,.T.);
#13718 = LINE('',#13719,#13720);
#13719 = CARTESIAN_POINT('',(7.6,1.717,2.925));
#13720 = VECTOR('',#13721,1.);
#13721 = DIRECTION('',(0.,0.,-1.));
#13722 = PLANE('',#13723);
#13723 = AXIS2_PLACEMENT_3D('',#13724,#13725,#13726);
#13724 = CARTESIAN_POINT('',(7.6,1.717,2.925));
#13725 = DIRECTION('',(0.,-1.,0.));
#13726 = DIRECTION('',(0.,0.,-1.));
#13727 = ADVANCED_FACE('',(#13728),#13771,.F.);
#13728 = FACE_BOUND('',#13729,.F.);
#13729 = EDGE_LOOP('',(#13730,#13731,#13732,#13733,#13741,#13749,#13757,
    #13765));
#13730 = ORIENTED_EDGE('',*,*,#13604,.T.);
#13731 = ORIENTED_EDGE('',*,*,#13555,.T.);
#13732 = ORIENTED_EDGE('',*,*,#13701,.T.);
#13733 = ORIENTED_EDGE('',*,*,#13734,.T.);
#13734 = EDGE_CURVE('',#13702,#13735,#13737,.T.);
#13735 = VERTEX_POINT('',#13736);
#13736 = CARTESIAN_POINT('',(7.3,2.15,1.));
#13737 = LINE('',#13738,#13739);
#13738 = CARTESIAN_POINT('',(7.3,2.0365,1.1135));
#13739 = VECTOR('',#13740,1.);
#13740 = DIRECTION('',(0.,0.707106781187,-0.707106781187));
#13741 = ORIENTED_EDGE('',*,*,#13742,.T.);
#13742 = EDGE_CURVE('',#13735,#13743,#13745,.T.);
#13743 = VERTEX_POINT('',#13744);
#13744 = CARTESIAN_POINT('',(7.3,2.15,-4.4));
#13745 = LINE('',#13746,#13747);
#13746 = CARTESIAN_POINT('',(7.3,2.15,1.4625));
#13747 = VECTOR('',#13748,1.);
#13748 = DIRECTION('',(0.,0.,-1.));
#13749 = ORIENTED_EDGE('',*,*,#13750,.F.);
#13750 = EDGE_CURVE('',#13751,#13743,#13753,.T.);
#13751 = VERTEX_POINT('',#13752);
#13752 = CARTESIAN_POINT('',(7.3,2.85,-4.4));
#13753 = LINE('',#13754,#13755);
#13754 = CARTESIAN_POINT('',(7.3,3.487,-4.4));
#13755 = VECTOR('',#13756,1.);
#13756 = DIRECTION('',(0.,-1.,2.22044604925E-16));
#13757 = ORIENTED_EDGE('',*,*,#13758,.T.);
#13758 = EDGE_CURVE('',#13751,#13759,#13761,.T.);
#13759 = VERTEX_POINT('',#13760);
#13760 = CARTESIAN_POINT('',(7.3,2.85,1.));
#13761 = LINE('',#13762,#13763);
#13762 = CARTESIAN_POINT('',(7.3,2.85,-1.2375));
#13763 = VECTOR('',#13764,1.);
#13764 = DIRECTION('',(0.,0.,1.));
#13765 = ORIENTED_EDGE('',*,*,#13766,.T.);
#13766 = EDGE_CURVE('',#13759,#13597,#13767,.T.);
#13767 = LINE('',#13768,#13769);
#13768 = CARTESIAN_POINT('',(7.3,3.2405,1.3905));
#13769 = VECTOR('',#13770,1.);
#13770 = DIRECTION('',(0.,0.707106781187,0.707106781187));
#13771 = PLANE('',#13772);
#13772 = AXIS2_PLACEMENT_3D('',#13773,#13774,#13775);
#13773 = CARTESIAN_POINT('',(7.3,3.487,1.925));
#13774 = DIRECTION('',(1.,0.,0.));
#13775 = DIRECTION('',(0.,-2.22044604925E-16,-1.));
#13776 = ADVANCED_FACE('',(#13777),#13825,.T.);
#13777 = FACE_BOUND('',#13778,.T.);
#13778 = EDGE_LOOP('',(#13779,#13780,#13786,#13787,#13795,#13803,#13811,
    #13819));
#13779 = ORIENTED_EDGE('',*,*,#13586,.T.);
#13780 = ORIENTED_EDGE('',*,*,#13781,.T.);
#13781 = EDGE_CURVE('',#13589,#13677,#13782,.T.);
#13782 = LINE('',#13783,#13784);
#13783 = CARTESIAN_POINT('',(7.6,3.487,1.925));
#13784 = VECTOR('',#13785,1.);
#13785 = DIRECTION('',(0.,-1.,2.22044604925E-16));
#13786 = ORIENTED_EDGE('',*,*,#13717,.T.);
#13787 = ORIENTED_EDGE('',*,*,#13788,.T.);
#13788 = EDGE_CURVE('',#13710,#13789,#13791,.T.);
#13789 = VERTEX_POINT('',#13790);
#13790 = CARTESIAN_POINT('',(7.6,2.15,1.));
#13791 = LINE('',#13792,#13793);
#13792 = CARTESIAN_POINT('',(7.6,1.717,1.433));
#13793 = VECTOR('',#13794,1.);
#13794 = DIRECTION('',(0.,0.707106781187,-0.707106781187));
#13795 = ORIENTED_EDGE('',*,*,#13796,.T.);
#13796 = EDGE_CURVE('',#13789,#13797,#13799,.T.);
#13797 = VERTEX_POINT('',#13798);
#13798 = CARTESIAN_POINT('',(7.6,2.15,-4.4));
#13799 = LINE('',#13800,#13801);
#13800 = CARTESIAN_POINT('',(7.6,2.15,1.));
#13801 = VECTOR('',#13802,1.);
#13802 = DIRECTION('',(0.,0.,-1.));
#13803 = ORIENTED_EDGE('',*,*,#13804,.F.);
#13804 = EDGE_CURVE('',#13805,#13797,#13807,.T.);
#13805 = VERTEX_POINT('',#13806);
#13806 = CARTESIAN_POINT('',(7.6,2.85,-4.4));
#13807 = LINE('',#13808,#13809);
#13808 = CARTESIAN_POINT('',(7.6,3.487,-4.4));
#13809 = VECTOR('',#13810,1.);
#13810 = DIRECTION('',(0.,-1.,2.22044604925E-16));
#13811 = ORIENTED_EDGE('',*,*,#13812,.T.);
#13812 = EDGE_CURVE('',#13805,#13813,#13815,.T.);
#13813 = VERTEX_POINT('',#13814);
#13814 = CARTESIAN_POINT('',(7.6,2.85,1.));
#13815 = LINE('',#13816,#13817);
#13816 = CARTESIAN_POINT('',(7.6,2.85,-4.4));
#13817 = VECTOR('',#13818,1.);
#13818 = DIRECTION('',(0.,0.,1.));
#13819 = ORIENTED_EDGE('',*,*,#13820,.T.);
#13820 = EDGE_CURVE('',#13813,#13587,#13821,.T.);
#13821 = LINE('',#13822,#13823);
#13822 = CARTESIAN_POINT('',(7.6,2.85,1.));
#13823 = VECTOR('',#13824,1.);
#13824 = DIRECTION('',(0.,0.707106781187,0.707106781187));
#13825 = PLANE('',#13826);
#13826 = AXIS2_PLACEMENT_3D('',#13827,#13828,#13829);
#13827 = CARTESIAN_POINT('',(7.6,3.487,1.925));
#13828 = DIRECTION('',(1.,0.,0.));
#13829 = DIRECTION('',(0.,-2.22044604925E-16,-1.));
#13830 = ADVANCED_FACE('',(#13831),#13842,.T.);
#13831 = FACE_BOUND('',#13832,.F.);
#13832 = EDGE_LOOP('',(#13833,#13834,#13835,#13836));
#13833 = ORIENTED_EDGE('',*,*,#13635,.T.);
#13834 = ORIENTED_EDGE('',*,*,#13781,.T.);
#13835 = ORIENTED_EDGE('',*,*,#13674,.F.);
#13836 = ORIENTED_EDGE('',*,*,#13837,.F.);
#13837 = EDGE_CURVE('',#13628,#13675,#13838,.T.);
#13838 = LINE('',#13839,#13840);
#13839 = CARTESIAN_POINT('',(6.6,3.487,2.925));
#13840 = VECTOR('',#13841,1.);
#13841 = DIRECTION('',(0.,-1.,2.22044604925E-16));
#13842 = CYLINDRICAL_SURFACE('',#13843,1.);
#13843 = AXIS2_PLACEMENT_3D('',#13844,#13845,#13846);
#13844 = CARTESIAN_POINT('',(6.6,3.487,1.925));
#13845 = DIRECTION('',(0.,1.,-2.22044604925E-16));
#13846 = DIRECTION('',(1.,0.,0.));
#13847 = ADVANCED_FACE('',(#13848),#13859,.T.);
#13848 = FACE_BOUND('',#13849,.T.);
#13849 = EDGE_LOOP('',(#13850,#13851,#13857,#13858));
#13850 = ORIENTED_EDGE('',*,*,#13627,.T.);
#13851 = ORIENTED_EDGE('',*,*,#13852,.T.);
#13852 = EDGE_CURVE('',#13620,#13686,#13853,.T.);
#13853 = LINE('',#13854,#13855);
#13854 = CARTESIAN_POINT('',(4.9,3.487,2.925));
#13855 = VECTOR('',#13856,1.);
#13856 = DIRECTION('',(0.,-1.,2.22044604925E-16));
#13857 = ORIENTED_EDGE('',*,*,#13685,.F.);
#13858 = ORIENTED_EDGE('',*,*,#13837,.F.);
#13859 = PLANE('',#13860);
#13860 = AXIS2_PLACEMENT_3D('',#13861,#13862,#13863);
#13861 = CARTESIAN_POINT('',(4.9,3.487,2.925));
#13862 = DIRECTION('',(0.,2.22044604925E-16,1.));
#13863 = DIRECTION('',(1.,0.,0.));
#13864 = ADVANCED_FACE('',(#13865),#13871,.T.);
#13865 = FACE_BOUND('',#13866,.T.);
#13866 = EDGE_LOOP('',(#13867,#13868,#13869,#13870));
#13867 = ORIENTED_EDGE('',*,*,#13619,.T.);
#13868 = ORIENTED_EDGE('',*,*,#13660,.T.);
#13869 = ORIENTED_EDGE('',*,*,#13693,.T.);
#13870 = ORIENTED_EDGE('',*,*,#13852,.F.);
#13871 = PLANE('',#13872);
#13872 = AXIS2_PLACEMENT_3D('',#13873,#13874,#13875);
#13873 = CARTESIAN_POINT('',(4.9,3.487,2.625));
#13874 = DIRECTION('',(-1.,0.,0.));
#13875 = DIRECTION('',(0.,2.22044604925E-16,1.));
#13876 = ADVANCED_FACE('',(#13877),#13888,.T.);
#13877 = FACE_BOUND('',#13878,.T.);
#13878 = EDGE_LOOP('',(#13879,#13880,#13886,#13887));
#13879 = ORIENTED_EDGE('',*,*,#13820,.F.);
#13880 = ORIENTED_EDGE('',*,*,#13881,.T.);
#13881 = EDGE_CURVE('',#13813,#13759,#13882,.T.);
#13882 = LINE('',#13883,#13884);
#13883 = CARTESIAN_POINT('',(7.6,2.85,1.));
#13884 = VECTOR('',#13885,1.);
#13885 = DIRECTION('',(-1.,-0.,-0.));
#13886 = ORIENTED_EDGE('',*,*,#13766,.T.);
#13887 = ORIENTED_EDGE('',*,*,#13596,.F.);
#13888 = PLANE('',#13889);
#13889 = AXIS2_PLACEMENT_3D('',#13890,#13891,#13892);
#13890 = CARTESIAN_POINT('',(7.6,2.85,1.));
#13891 = DIRECTION('',(0.,0.707106781187,-0.707106781187));
#13892 = DIRECTION('',(0.,0.707106781187,0.707106781187));
#13893 = ADVANCED_FACE('',(#13894),#13905,.T.);
#13894 = FACE_BOUND('',#13895,.T.);
#13895 = EDGE_LOOP('',(#13896,#13897,#13898,#13899));
#13896 = ORIENTED_EDGE('',*,*,#13788,.F.);
#13897 = ORIENTED_EDGE('',*,*,#13709,.T.);
#13898 = ORIENTED_EDGE('',*,*,#13734,.T.);
#13899 = ORIENTED_EDGE('',*,*,#13900,.F.);
#13900 = EDGE_CURVE('',#13789,#13735,#13901,.T.);
#13901 = LINE('',#13902,#13903);
#13902 = CARTESIAN_POINT('',(7.6,2.15,1.));
#13903 = VECTOR('',#13904,1.);
#13904 = DIRECTION('',(-1.,-0.,-0.));
#13905 = PLANE('',#13906);
#13906 = AXIS2_PLACEMENT_3D('',#13907,#13908,#13909);
#13907 = CARTESIAN_POINT('',(7.6,1.717,1.433));
#13908 = DIRECTION('',(0.,-0.707106781187,-0.707106781187));
#13909 = DIRECTION('',(0.,0.707106781187,-0.707106781187));
#13910 = ADVANCED_FACE('',(#13911),#13922,.T.);
#13911 = FACE_BOUND('',#13912,.T.);
#13912 = EDGE_LOOP('',(#13913,#13914,#13920,#13921));
#13913 = ORIENTED_EDGE('',*,*,#13812,.F.);
#13914 = ORIENTED_EDGE('',*,*,#13915,.T.);
#13915 = EDGE_CURVE('',#13805,#13751,#13916,.T.);
#13916 = LINE('',#13917,#13918);
#13917 = CARTESIAN_POINT('',(7.6,2.85,-4.4));
#13918 = VECTOR('',#13919,1.);
#13919 = DIRECTION('',(-1.,-0.,-0.));
#13920 = ORIENTED_EDGE('',*,*,#13758,.T.);
#13921 = ORIENTED_EDGE('',*,*,#13881,.F.);
#13922 = PLANE('',#13923);
#13923 = AXIS2_PLACEMENT_3D('',#13924,#13925,#13926);
#13924 = CARTESIAN_POINT('',(7.6,2.85,-4.4));
#13925 = DIRECTION('',(0.,1.,0.));
#13926 = DIRECTION('',(0.,0.,1.));
#13927 = ADVANCED_FACE('',(#13928),#13939,.F.);
#13928 = FACE_BOUND('',#13929,.F.);
#13929 = EDGE_LOOP('',(#13930,#13931,#13932,#13938));
#13930 = ORIENTED_EDGE('',*,*,#13915,.T.);
#13931 = ORIENTED_EDGE('',*,*,#13750,.T.);
#13932 = ORIENTED_EDGE('',*,*,#13933,.F.);
#13933 = EDGE_CURVE('',#13797,#13743,#13934,.T.);
#13934 = LINE('',#13935,#13936);
#13935 = CARTESIAN_POINT('',(7.6,2.15,-4.4));
#13936 = VECTOR('',#13937,1.);
#13937 = DIRECTION('',(-1.,-0.,-0.));
#13938 = ORIENTED_EDGE('',*,*,#13804,.F.);
#13939 = PLANE('',#13940);
#13940 = AXIS2_PLACEMENT_3D('',#13941,#13942,#13943);
#13941 = CARTESIAN_POINT('',(7.3,3.487,-4.4));
#13942 = DIRECTION('',(0.,2.22044604925E-16,1.));
#13943 = DIRECTION('',(1.,0.,0.));
#13944 = ADVANCED_FACE('',(#13945),#13951,.T.);
#13945 = FACE_BOUND('',#13946,.T.);
#13946 = EDGE_LOOP('',(#13947,#13948,#13949,#13950));
#13947 = ORIENTED_EDGE('',*,*,#13796,.F.);
#13948 = ORIENTED_EDGE('',*,*,#13900,.T.);
#13949 = ORIENTED_EDGE('',*,*,#13742,.T.);
#13950 = ORIENTED_EDGE('',*,*,#13933,.F.);
#13951 = PLANE('',#13952);
#13952 = AXIS2_PLACEMENT_3D('',#13953,#13954,#13955);
#13953 = CARTESIAN_POINT('',(7.6,2.15,1.));
#13954 = DIRECTION('',(0.,-1.,0.));
#13955 = DIRECTION('',(0.,0.,-1.));
#13956 = MANIFOLD_SOLID_BREP('',#13957);
#13957 = CLOSED_SHELL('',(#13958,#14000,#14064,#14088,#14145,#14194,
    #14248,#14265,#14282,#14294,#14311,#14328,#14345,#14362));
#13958 = ADVANCED_FACE('',(#13959),#13995,.F.);
#13959 = FACE_BOUND('',#13960,.T.);
#13960 = EDGE_LOOP('',(#13961,#13972,#13980,#13989));
#13961 = ORIENTED_EDGE('',*,*,#13962,.T.);
#13962 = EDGE_CURVE('',#13963,#13965,#13967,.T.);
#13963 = VERTEX_POINT('',#13964);
#13964 = CARTESIAN_POINT('',(6.6,0.783,2.625));
#13965 = VERTEX_POINT('',#13966);
#13966 = CARTESIAN_POINT('',(7.3,0.783,1.925));
#13967 = CIRCLE('',#13968,0.7);
#13968 = AXIS2_PLACEMENT_3D('',#13969,#13970,#13971);
#13969 = CARTESIAN_POINT('',(6.6,0.783,1.925));
#13970 = DIRECTION('',(0.,1.,-2.22044604925E-16));
#13971 = DIRECTION('',(1.,0.,0.));
#13972 = ORIENTED_EDGE('',*,*,#13973,.T.);
#13973 = EDGE_CURVE('',#13965,#13974,#13976,.T.);
#13974 = VERTEX_POINT('',#13975);
#13975 = CARTESIAN_POINT('',(7.3,-0.783,1.925));
#13976 = LINE('',#13977,#13978);
#13977 = CARTESIAN_POINT('',(7.3,3.487,1.925));
#13978 = VECTOR('',#13979,1.);
#13979 = DIRECTION('',(0.,-1.,2.22044604925E-16));
#13980 = ORIENTED_EDGE('',*,*,#13981,.F.);
#13981 = EDGE_CURVE('',#13982,#13974,#13984,.T.);
#13982 = VERTEX_POINT('',#13983);
#13983 = CARTESIAN_POINT('',(6.6,-0.783,2.625));
#13984 = CIRCLE('',#13985,0.7);
#13985 = AXIS2_PLACEMENT_3D('',#13986,#13987,#13988);
#13986 = CARTESIAN_POINT('',(6.6,-0.783,1.925));
#13987 = DIRECTION('',(0.,1.,-2.22044604925E-16));
#13988 = DIRECTION('',(1.,0.,0.));
#13989 = ORIENTED_EDGE('',*,*,#13990,.F.);
#13990 = EDGE_CURVE('',#13963,#13982,#13991,.T.);
#13991 = LINE('',#13992,#13993);
#13992 = CARTESIAN_POINT('',(6.6,3.487,2.625));
#13993 = VECTOR('',#13994,1.);
#13994 = DIRECTION('',(0.,-1.,2.22044604925E-16));
#13995 = CYLINDRICAL_SURFACE('',#13996,0.7);
#13996 = AXIS2_PLACEMENT_3D('',#13997,#13998,#13999);
#13997 = CARTESIAN_POINT('',(6.6,3.487,1.925));
#13998 = DIRECTION('',(0.,1.,-2.22044604925E-16));
#13999 = DIRECTION('',(1.,0.,0.));
#14000 = ADVANCED_FACE('',(#14001),#14059,.T.);
#14001 = FACE_BOUND('',#14002,.T.);
#14002 = EDGE_LOOP('',(#14003,#14013,#14021,#14027,#14028,#14036,#14044,
    #14052));
#14003 = ORIENTED_EDGE('',*,*,#14004,.F.);
#14004 = EDGE_CURVE('',#14005,#14007,#14009,.T.);
#14005 = VERTEX_POINT('',#14006);
#14006 = CARTESIAN_POINT('',(7.6,0.783,1.433));
#14007 = VERTEX_POINT('',#14008);
#14008 = CARTESIAN_POINT('',(7.6,0.783,1.925));
#14009 = LINE('',#14010,#14011);
#14010 = CARTESIAN_POINT('',(7.6,0.783,1.433));
#14011 = VECTOR('',#14012,1.);
#14012 = DIRECTION('',(0.,0.,1.));
#14013 = ORIENTED_EDGE('',*,*,#14014,.T.);
#14014 = EDGE_CURVE('',#14005,#14015,#14017,.T.);
#14015 = VERTEX_POINT('',#14016);
#14016 = CARTESIAN_POINT('',(7.3,0.783,1.433));
#14017 = LINE('',#14018,#14019);
#14018 = CARTESIAN_POINT('',(7.6,0.783,1.433));
#14019 = VECTOR('',#14020,1.);
#14020 = DIRECTION('',(-1.,-0.,-0.));
#14021 = ORIENTED_EDGE('',*,*,#14022,.T.);
#14022 = EDGE_CURVE('',#14015,#13965,#14023,.T.);
#14023 = LINE('',#14024,#14025);
#14024 = CARTESIAN_POINT('',(7.3,0.783,1.679));
#14025 = VECTOR('',#14026,1.);
#14026 = DIRECTION('',(0.,0.,1.));
#14027 = ORIENTED_EDGE('',*,*,#13962,.F.);
#14028 = ORIENTED_EDGE('',*,*,#14029,.F.);
#14029 = EDGE_CURVE('',#14030,#13963,#14032,.T.);
#14030 = VERTEX_POINT('',#14031);
#14031 = CARTESIAN_POINT('',(4.9,0.783,2.625));
#14032 = LINE('',#14033,#14034);
#14033 = CARTESIAN_POINT('',(7.1,0.783,2.625));
#14034 = VECTOR('',#14035,1.);
#14035 = DIRECTION('',(1.,0.,0.));
#14036 = ORIENTED_EDGE('',*,*,#14037,.F.);
#14037 = EDGE_CURVE('',#14038,#14030,#14040,.T.);
#14038 = VERTEX_POINT('',#14039);
#14039 = CARTESIAN_POINT('',(4.9,0.783,2.925));
#14040 = LINE('',#14041,#14042);
#14041 = CARTESIAN_POINT('',(4.9,0.783,2.029));
#14042 = VECTOR('',#14043,1.);
#14043 = DIRECTION('',(0.,0.,-1.));
#14044 = ORIENTED_EDGE('',*,*,#14045,.F.);
#14045 = EDGE_CURVE('',#14046,#14038,#14048,.T.);
#14046 = VERTEX_POINT('',#14047);
#14047 = CARTESIAN_POINT('',(6.6,0.783,2.925));
#14048 = LINE('',#14049,#14050);
#14049 = CARTESIAN_POINT('',(7.6,0.783,2.925));
#14050 = VECTOR('',#14051,1.);
#14051 = DIRECTION('',(-1.,-0.,-0.));
#14052 = ORIENTED_EDGE('',*,*,#14053,.T.);
#14053 = EDGE_CURVE('',#14046,#14007,#14054,.T.);
#14054 = CIRCLE('',#14055,1.);
#14055 = AXIS2_PLACEMENT_3D('',#14056,#14057,#14058);
#14056 = CARTESIAN_POINT('',(6.6,0.783,1.925));
#14057 = DIRECTION('',(0.,1.,-2.22044604925E-16));
#14058 = DIRECTION('',(1.,0.,0.));
#14059 = PLANE('',#14060);
#14060 = AXIS2_PLACEMENT_3D('',#14061,#14062,#14063);
#14061 = CARTESIAN_POINT('',(7.6,0.783,1.433));
#14062 = DIRECTION('',(0.,1.,0.));
#14063 = DIRECTION('',(0.,0.,1.));
#14064 = ADVANCED_FACE('',(#14065),#14083,.T.);
#14065 = FACE_BOUND('',#14066,.T.);
#14066 = EDGE_LOOP('',(#14067,#14068,#14069,#14077));
#14067 = ORIENTED_EDGE('',*,*,#14029,.T.);
#14068 = ORIENTED_EDGE('',*,*,#13990,.T.);
#14069 = ORIENTED_EDGE('',*,*,#14070,.T.);
#14070 = EDGE_CURVE('',#13982,#14071,#14073,.T.);
#14071 = VERTEX_POINT('',#14072);
#14072 = CARTESIAN_POINT('',(4.9,-0.783,2.625));
#14073 = LINE('',#14074,#14075);
#14074 = CARTESIAN_POINT('',(7.1,-0.783,2.625));
#14075 = VECTOR('',#14076,1.);
#14076 = DIRECTION('',(-1.,0.,0.));
#14077 = ORIENTED_EDGE('',*,*,#14078,.F.);
#14078 = EDGE_CURVE('',#14030,#14071,#14079,.T.);
#14079 = LINE('',#14080,#14081);
#14080 = CARTESIAN_POINT('',(4.9,3.487,2.625));
#14081 = VECTOR('',#14082,1.);
#14082 = DIRECTION('',(0.,-1.,2.22044604925E-16));
#14083 = PLANE('',#14084);
#14084 = AXIS2_PLACEMENT_3D('',#14085,#14086,#14087);
#14085 = CARTESIAN_POINT('',(6.6,3.487,2.625));
#14086 = DIRECTION('',(-0.,-2.22044604925E-16,-1.));
#14087 = DIRECTION('',(-1.,0.,0.));
#14088 = ADVANCED_FACE('',(#14089),#14140,.T.);
#14089 = FACE_BOUND('',#14090,.T.);
#14090 = EDGE_LOOP('',(#14091,#14102,#14110,#14116,#14117,#14118,#14126,
    #14134));
#14091 = ORIENTED_EDGE('',*,*,#14092,.F.);
#14092 = EDGE_CURVE('',#14093,#14095,#14097,.T.);
#14093 = VERTEX_POINT('',#14094);
#14094 = CARTESIAN_POINT('',(6.6,-0.783,2.925));
#14095 = VERTEX_POINT('',#14096);
#14096 = CARTESIAN_POINT('',(7.6,-0.783,1.925));
#14097 = CIRCLE('',#14098,1.);
#14098 = AXIS2_PLACEMENT_3D('',#14099,#14100,#14101);
#14099 = CARTESIAN_POINT('',(6.6,-0.783,1.925));
#14100 = DIRECTION('',(0.,1.,-2.22044604925E-16));
#14101 = DIRECTION('',(1.,0.,0.));
#14102 = ORIENTED_EDGE('',*,*,#14103,.T.);
#14103 = EDGE_CURVE('',#14093,#14104,#14106,.T.);
#14104 = VERTEX_POINT('',#14105);
#14105 = CARTESIAN_POINT('',(4.9,-0.783,2.925));
#14106 = LINE('',#14107,#14108);
#14107 = CARTESIAN_POINT('',(7.6,-0.783,2.925));
#14108 = VECTOR('',#14109,1.);
#14109 = DIRECTION('',(-1.,-0.,-0.));
#14110 = ORIENTED_EDGE('',*,*,#14111,.F.);
#14111 = EDGE_CURVE('',#14071,#14104,#14112,.T.);
#14112 = LINE('',#14113,#14114);
#14113 = CARTESIAN_POINT('',(4.9,-0.783,2.775));
#14114 = VECTOR('',#14115,1.);
#14115 = DIRECTION('',(0.,0.,1.));
#14116 = ORIENTED_EDGE('',*,*,#14070,.F.);
#14117 = ORIENTED_EDGE('',*,*,#13981,.T.);
#14118 = ORIENTED_EDGE('',*,*,#14119,.T.);
#14119 = EDGE_CURVE('',#13974,#14120,#14122,.T.);
#14120 = VERTEX_POINT('',#14121);
#14121 = CARTESIAN_POINT('',(7.3,-0.783,1.433));
#14122 = LINE('',#14123,#14124);
#14123 = CARTESIAN_POINT('',(7.3,-0.783,2.425));
#14124 = VECTOR('',#14125,1.);
#14125 = DIRECTION('',(0.,0.,-1.));
#14126 = ORIENTED_EDGE('',*,*,#14127,.F.);
#14127 = EDGE_CURVE('',#14128,#14120,#14130,.T.);
#14128 = VERTEX_POINT('',#14129);
#14129 = CARTESIAN_POINT('',(7.6,-0.783,1.433));
#14130 = LINE('',#14131,#14132);
#14131 = CARTESIAN_POINT('',(7.6,-0.783,1.433));
#14132 = VECTOR('',#14133,1.);
#14133 = DIRECTION('',(-1.,-0.,-0.));
#14134 = ORIENTED_EDGE('',*,*,#14135,.F.);
#14135 = EDGE_CURVE('',#14095,#14128,#14136,.T.);
#14136 = LINE('',#14137,#14138);
#14137 = CARTESIAN_POINT('',(7.6,-0.783,2.925));
#14138 = VECTOR('',#14139,1.);
#14139 = DIRECTION('',(0.,0.,-1.));
#14140 = PLANE('',#14141);
#14141 = AXIS2_PLACEMENT_3D('',#14142,#14143,#14144);
#14142 = CARTESIAN_POINT('',(7.6,-0.783,2.925));
#14143 = DIRECTION('',(0.,-1.,0.));
#14144 = DIRECTION('',(0.,0.,-1.));
#14145 = ADVANCED_FACE('',(#14146),#14189,.F.);
#14146 = FACE_BOUND('',#14147,.F.);
#14147 = EDGE_LOOP('',(#14148,#14149,#14150,#14151,#14159,#14167,#14175,
    #14183));
#14148 = ORIENTED_EDGE('',*,*,#14022,.T.);
#14149 = ORIENTED_EDGE('',*,*,#13973,.T.);
#14150 = ORIENTED_EDGE('',*,*,#14119,.T.);
#14151 = ORIENTED_EDGE('',*,*,#14152,.T.);
#14152 = EDGE_CURVE('',#14120,#14153,#14155,.T.);
#14153 = VERTEX_POINT('',#14154);
#14154 = CARTESIAN_POINT('',(7.3,-0.35,1.));
#14155 = LINE('',#14156,#14157);
#14156 = CARTESIAN_POINT('',(7.3,0.1615,0.4885));
#14157 = VECTOR('',#14158,1.);
#14158 = DIRECTION('',(0.,0.707106781187,-0.707106781187));
#14159 = ORIENTED_EDGE('',*,*,#14160,.T.);
#14160 = EDGE_CURVE('',#14153,#14161,#14163,.T.);
#14161 = VERTEX_POINT('',#14162);
#14162 = CARTESIAN_POINT('',(7.3,-0.35,-4.4));
#14163 = LINE('',#14164,#14165);
#14164 = CARTESIAN_POINT('',(7.3,-0.35,1.4625));
#14165 = VECTOR('',#14166,1.);
#14166 = DIRECTION('',(0.,0.,-1.));
#14167 = ORIENTED_EDGE('',*,*,#14168,.F.);
#14168 = EDGE_CURVE('',#14169,#14161,#14171,.T.);
#14169 = VERTEX_POINT('',#14170);
#14170 = CARTESIAN_POINT('',(7.3,0.35,-4.4));
#14171 = LINE('',#14172,#14173);
#14172 = CARTESIAN_POINT('',(7.3,3.487,-4.4));
#14173 = VECTOR('',#14174,1.);
#14174 = DIRECTION('',(0.,-1.,2.22044604925E-16));
#14175 = ORIENTED_EDGE('',*,*,#14176,.T.);
#14176 = EDGE_CURVE('',#14169,#14177,#14179,.T.);
#14177 = VERTEX_POINT('',#14178);
#14178 = CARTESIAN_POINT('',(7.3,0.35,1.));
#14179 = LINE('',#14180,#14181);
#14180 = CARTESIAN_POINT('',(7.3,0.35,-1.2375));
#14181 = VECTOR('',#14182,1.);
#14182 = DIRECTION('',(0.,0.,1.));
#14183 = ORIENTED_EDGE('',*,*,#14184,.T.);
#14184 = EDGE_CURVE('',#14177,#14015,#14185,.T.);
#14185 = LINE('',#14186,#14187);
#14186 = CARTESIAN_POINT('',(7.3,1.3655,2.0155));
#14187 = VECTOR('',#14188,1.);
#14188 = DIRECTION('',(0.,0.707106781187,0.707106781187));
#14189 = PLANE('',#14190);
#14190 = AXIS2_PLACEMENT_3D('',#14191,#14192,#14193);
#14191 = CARTESIAN_POINT('',(7.3,3.487,1.925));
#14192 = DIRECTION('',(1.,0.,0.));
#14193 = DIRECTION('',(0.,-2.22044604925E-16,-1.));
#14194 = ADVANCED_FACE('',(#14195),#14243,.T.);
#14195 = FACE_BOUND('',#14196,.T.);
#14196 = EDGE_LOOP('',(#14197,#14198,#14204,#14205,#14213,#14221,#14229,
    #14237));
#14197 = ORIENTED_EDGE('',*,*,#14004,.T.);
#14198 = ORIENTED_EDGE('',*,*,#14199,.T.);
#14199 = EDGE_CURVE('',#14007,#14095,#14200,.T.);
#14200 = LINE('',#14201,#14202);
#14201 = CARTESIAN_POINT('',(7.6,3.487,1.925));
#14202 = VECTOR('',#14203,1.);
#14203 = DIRECTION('',(0.,-1.,2.22044604925E-16));
#14204 = ORIENTED_EDGE('',*,*,#14135,.T.);
#14205 = ORIENTED_EDGE('',*,*,#14206,.T.);
#14206 = EDGE_CURVE('',#14128,#14207,#14209,.T.);
#14207 = VERTEX_POINT('',#14208);
#14208 = CARTESIAN_POINT('',(7.6,-0.35,1.));
#14209 = LINE('',#14210,#14211);
#14210 = CARTESIAN_POINT('',(7.6,-0.783,1.433));
#14211 = VECTOR('',#14212,1.);
#14212 = DIRECTION('',(0.,0.707106781187,-0.707106781187));
#14213 = ORIENTED_EDGE('',*,*,#14214,.T.);
#14214 = EDGE_CURVE('',#14207,#14215,#14217,.T.);
#14215 = VERTEX_POINT('',#14216);
#14216 = CARTESIAN_POINT('',(7.6,-0.35,-4.4));
#14217 = LINE('',#14218,#14219);
#14218 = CARTESIAN_POINT('',(7.6,-0.35,1.));
#14219 = VECTOR('',#14220,1.);
#14220 = DIRECTION('',(0.,0.,-1.));
#14221 = ORIENTED_EDGE('',*,*,#14222,.F.);
#14222 = EDGE_CURVE('',#14223,#14215,#14225,.T.);
#14223 = VERTEX_POINT('',#14224);
#14224 = CARTESIAN_POINT('',(7.6,0.35,-4.4));
#14225 = LINE('',#14226,#14227);
#14226 = CARTESIAN_POINT('',(7.6,3.487,-4.4));
#14227 = VECTOR('',#14228,1.);
#14228 = DIRECTION('',(0.,-1.,2.22044604925E-16));
#14229 = ORIENTED_EDGE('',*,*,#14230,.T.);
#14230 = EDGE_CURVE('',#14223,#14231,#14233,.T.);
#14231 = VERTEX_POINT('',#14232);
#14232 = CARTESIAN_POINT('',(7.6,0.35,1.));
#14233 = LINE('',#14234,#14235);
#14234 = CARTESIAN_POINT('',(7.6,0.35,-4.4));
#14235 = VECTOR('',#14236,1.);
#14236 = DIRECTION('',(0.,0.,1.));
#14237 = ORIENTED_EDGE('',*,*,#14238,.T.);
#14238 = EDGE_CURVE('',#14231,#14005,#14239,.T.);
#14239 = LINE('',#14240,#14241);
#14240 = CARTESIAN_POINT('',(7.6,0.35,1.));
#14241 = VECTOR('',#14242,1.);
#14242 = DIRECTION('',(0.,0.707106781187,0.707106781187));
#14243 = PLANE('',#14244);
#14244 = AXIS2_PLACEMENT_3D('',#14245,#14246,#14247);
#14245 = CARTESIAN_POINT('',(7.6,3.487,1.925));
#14246 = DIRECTION('',(1.,0.,0.));
#14247 = DIRECTION('',(0.,-2.22044604925E-16,-1.));
#14248 = ADVANCED_FACE('',(#14249),#14260,.T.);
#14249 = FACE_BOUND('',#14250,.F.);
#14250 = EDGE_LOOP('',(#14251,#14252,#14253,#14254));
#14251 = ORIENTED_EDGE('',*,*,#14053,.T.);
#14252 = ORIENTED_EDGE('',*,*,#14199,.T.);
#14253 = ORIENTED_EDGE('',*,*,#14092,.F.);
#14254 = ORIENTED_EDGE('',*,*,#14255,.F.);
#14255 = EDGE_CURVE('',#14046,#14093,#14256,.T.);
#14256 = LINE('',#14257,#14258);
#14257 = CARTESIAN_POINT('',(6.6,3.487,2.925));
#14258 = VECTOR('',#14259,1.);
#14259 = DIRECTION('',(0.,-1.,2.22044604925E-16));
#14260 = CYLINDRICAL_SURFACE('',#14261,1.);
#14261 = AXIS2_PLACEMENT_3D('',#14262,#14263,#14264);
#14262 = CARTESIAN_POINT('',(6.6,3.487,1.925));
#14263 = DIRECTION('',(0.,1.,-2.22044604925E-16));
#14264 = DIRECTION('',(1.,0.,0.));
#14265 = ADVANCED_FACE('',(#14266),#14277,.T.);
#14266 = FACE_BOUND('',#14267,.T.);
#14267 = EDGE_LOOP('',(#14268,#14269,#14275,#14276));
#14268 = ORIENTED_EDGE('',*,*,#14045,.T.);
#14269 = ORIENTED_EDGE('',*,*,#14270,.T.);
#14270 = EDGE_CURVE('',#14038,#14104,#14271,.T.);
#14271 = LINE('',#14272,#14273);
#14272 = CARTESIAN_POINT('',(4.9,3.487,2.925));
#14273 = VECTOR('',#14274,1.);
#14274 = DIRECTION('',(0.,-1.,2.22044604925E-16));
#14275 = ORIENTED_EDGE('',*,*,#14103,.F.);
#14276 = ORIENTED_EDGE('',*,*,#14255,.F.);
#14277 = PLANE('',#14278);
#14278 = AXIS2_PLACEMENT_3D('',#14279,#14280,#14281);
#14279 = CARTESIAN_POINT('',(4.9,3.487,2.925));
#14280 = DIRECTION('',(0.,2.22044604925E-16,1.));
#14281 = DIRECTION('',(1.,0.,0.));
#14282 = ADVANCED_FACE('',(#14283),#14289,.T.);
#14283 = FACE_BOUND('',#14284,.T.);
#14284 = EDGE_LOOP('',(#14285,#14286,#14287,#14288));
#14285 = ORIENTED_EDGE('',*,*,#14037,.T.);
#14286 = ORIENTED_EDGE('',*,*,#14078,.T.);
#14287 = ORIENTED_EDGE('',*,*,#14111,.T.);
#14288 = ORIENTED_EDGE('',*,*,#14270,.F.);
#14289 = PLANE('',#14290);
#14290 = AXIS2_PLACEMENT_3D('',#14291,#14292,#14293);
#14291 = CARTESIAN_POINT('',(4.9,3.487,2.625));
#14292 = DIRECTION('',(-1.,0.,0.));
#14293 = DIRECTION('',(0.,2.22044604925E-16,1.));
#14294 = ADVANCED_FACE('',(#14295),#14306,.T.);
#14295 = FACE_BOUND('',#14296,.T.);
#14296 = EDGE_LOOP('',(#14297,#14298,#14304,#14305));
#14297 = ORIENTED_EDGE('',*,*,#14238,.F.);
#14298 = ORIENTED_EDGE('',*,*,#14299,.T.);
#14299 = EDGE_CURVE('',#14231,#14177,#14300,.T.);
#14300 = LINE('',#14301,#14302);
#14301 = CARTESIAN_POINT('',(7.6,0.35,1.));
#14302 = VECTOR('',#14303,1.);
#14303 = DIRECTION('',(-1.,-0.,-0.));
#14304 = ORIENTED_EDGE('',*,*,#14184,.T.);
#14305 = ORIENTED_EDGE('',*,*,#14014,.F.);
#14306 = PLANE('',#14307);
#14307 = AXIS2_PLACEMENT_3D('',#14308,#14309,#14310);
#14308 = CARTESIAN_POINT('',(7.6,0.35,1.));
#14309 = DIRECTION('',(0.,0.707106781187,-0.707106781187));
#14310 = DIRECTION('',(0.,0.707106781187,0.707106781187));
#14311 = ADVANCED_FACE('',(#14312),#14323,.T.);
#14312 = FACE_BOUND('',#14313,.T.);
#14313 = EDGE_LOOP('',(#14314,#14315,#14316,#14317));
#14314 = ORIENTED_EDGE('',*,*,#14206,.F.);
#14315 = ORIENTED_EDGE('',*,*,#14127,.T.);
#14316 = ORIENTED_EDGE('',*,*,#14152,.T.);
#14317 = ORIENTED_EDGE('',*,*,#14318,.F.);
#14318 = EDGE_CURVE('',#14207,#14153,#14319,.T.);
#14319 = LINE('',#14320,#14321);
#14320 = CARTESIAN_POINT('',(7.6,-0.35,1.));
#14321 = VECTOR('',#14322,1.);
#14322 = DIRECTION('',(-1.,-0.,-0.));
#14323 = PLANE('',#14324);
#14324 = AXIS2_PLACEMENT_3D('',#14325,#14326,#14327);
#14325 = CARTESIAN_POINT('',(7.6,-0.783,1.433));
#14326 = DIRECTION('',(0.,-0.707106781187,-0.707106781187));
#14327 = DIRECTION('',(0.,0.707106781187,-0.707106781187));
#14328 = ADVANCED_FACE('',(#14329),#14340,.T.);
#14329 = FACE_BOUND('',#14330,.T.);
#14330 = EDGE_LOOP('',(#14331,#14332,#14338,#14339));
#14331 = ORIENTED_EDGE('',*,*,#14230,.F.);
#14332 = ORIENTED_EDGE('',*,*,#14333,.T.);
#14333 = EDGE_CURVE('',#14223,#14169,#14334,.T.);
#14334 = LINE('',#14335,#14336);
#14335 = CARTESIAN_POINT('',(7.6,0.35,-4.4));
#14336 = VECTOR('',#14337,1.);
#14337 = DIRECTION('',(-1.,-0.,-0.));
#14338 = ORIENTED_EDGE('',*,*,#14176,.T.);
#14339 = ORIENTED_EDGE('',*,*,#14299,.F.);
#14340 = PLANE('',#14341);
#14341 = AXIS2_PLACEMENT_3D('',#14342,#14343,#14344);
#14342 = CARTESIAN_POINT('',(7.6,0.35,-4.4));
#14343 = DIRECTION('',(0.,1.,0.));
#14344 = DIRECTION('',(0.,0.,1.));
#14345 = ADVANCED_FACE('',(#14346),#14357,.F.);
#14346 = FACE_BOUND('',#14347,.F.);
#14347 = EDGE_LOOP('',(#14348,#14349,#14350,#14356));
#14348 = ORIENTED_EDGE('',*,*,#14333,.T.);
#14349 = ORIENTED_EDGE('',*,*,#14168,.T.);
#14350 = ORIENTED_EDGE('',*,*,#14351,.F.);
#14351 = EDGE_CURVE('',#14215,#14161,#14352,.T.);
#14352 = LINE('',#14353,#14354);
#14353 = CARTESIAN_POINT('',(7.6,-0.35,-4.4));
#14354 = VECTOR('',#14355,1.);
#14355 = DIRECTION('',(-1.,-0.,-0.));
#14356 = ORIENTED_EDGE('',*,*,#14222,.F.);
#14357 = PLANE('',#14358);
#14358 = AXIS2_PLACEMENT_3D('',#14359,#14360,#14361);
#14359 = CARTESIAN_POINT('',(7.3,3.487,-4.4));
#14360 = DIRECTION('',(0.,2.22044604925E-16,1.));
#14361 = DIRECTION('',(1.,0.,0.));
#14362 = ADVANCED_FACE('',(#14363),#14369,.T.);
#14363 = FACE_BOUND('',#14364,.T.);
#14364 = EDGE_LOOP('',(#14365,#14366,#14367,#14368));
#14365 = ORIENTED_EDGE('',*,*,#14214,.F.);
#14366 = ORIENTED_EDGE('',*,*,#14318,.T.);
#14367 = ORIENTED_EDGE('',*,*,#14160,.T.);
#14368 = ORIENTED_EDGE('',*,*,#14351,.F.);
#14369 = PLANE('',#14370);
#14370 = AXIS2_PLACEMENT_3D('',#14371,#14372,#14373);
#14371 = CARTESIAN_POINT('',(7.6,-0.35,1.));
#14372 = DIRECTION('',(0.,-1.,0.));
#14373 = DIRECTION('',(0.,0.,-1.));
#14374 = MANIFOLD_SOLID_BREP('',#14375);
#14375 = CLOSED_SHELL('',(#14376,#14418,#14482,#14506,#14563,#14612,
    #14666,#14683,#14700,#14712,#14729,#14746,#14763,#14780));
#14376 = ADVANCED_FACE('',(#14377),#14413,.F.);
#14377 = FACE_BOUND('',#14378,.T.);
#14378 = EDGE_LOOP('',(#14379,#14390,#14398,#14407));
#14379 = ORIENTED_EDGE('',*,*,#14380,.T.);
#14380 = EDGE_CURVE('',#14381,#14383,#14385,.T.);
#14381 = VERTEX_POINT('',#14382);
#14382 = CARTESIAN_POINT('',(6.6,-1.717,2.625));
#14383 = VERTEX_POINT('',#14384);
#14384 = CARTESIAN_POINT('',(7.3,-1.717,1.925));
#14385 = CIRCLE('',#14386,0.7);
#14386 = AXIS2_PLACEMENT_3D('',#14387,#14388,#14389);
#14387 = CARTESIAN_POINT('',(6.6,-1.717,1.925));
#14388 = DIRECTION('',(0.,1.,-2.22044604925E-16));
#14389 = DIRECTION('',(1.,0.,0.));
#14390 = ORIENTED_EDGE('',*,*,#14391,.T.);
#14391 = EDGE_CURVE('',#14383,#14392,#14394,.T.);
#14392 = VERTEX_POINT('',#14393);
#14393 = CARTESIAN_POINT('',(7.3,-3.283,1.925));
#14394 = LINE('',#14395,#14396);
#14395 = CARTESIAN_POINT('',(7.3,3.487,1.925));
#14396 = VECTOR('',#14397,1.);
#14397 = DIRECTION('',(0.,-1.,2.22044604925E-16));
#14398 = ORIENTED_EDGE('',*,*,#14399,.F.);
#14399 = EDGE_CURVE('',#14400,#14392,#14402,.T.);
#14400 = VERTEX_POINT('',#14401);
#14401 = CARTESIAN_POINT('',(6.6,-3.283,2.625));
#14402 = CIRCLE('',#14403,0.7);
#14403 = AXIS2_PLACEMENT_3D('',#14404,#14405,#14406);
#14404 = CARTESIAN_POINT('',(6.6,-3.283,1.925));
#14405 = DIRECTION('',(0.,1.,-2.22044604925E-16));
#14406 = DIRECTION('',(1.,0.,0.));
#14407 = ORIENTED_EDGE('',*,*,#14408,.F.);
#14408 = EDGE_CURVE('',#14381,#14400,#14409,.T.);
#14409 = LINE('',#14410,#14411);
#14410 = CARTESIAN_POINT('',(6.6,3.487,2.625));
#14411 = VECTOR('',#14412,1.);
#14412 = DIRECTION('',(0.,-1.,2.22044604925E-16));
#14413 = CYLINDRICAL_SURFACE('',#14414,0.7);
#14414 = AXIS2_PLACEMENT_3D('',#14415,#14416,#14417);
#14415 = CARTESIAN_POINT('',(6.6,3.487,1.925));
#14416 = DIRECTION('',(0.,1.,-2.22044604925E-16));
#14417 = DIRECTION('',(1.,0.,0.));
#14418 = ADVANCED_FACE('',(#14419),#14477,.T.);
#14419 = FACE_BOUND('',#14420,.T.);
#14420 = EDGE_LOOP('',(#14421,#14431,#14439,#14445,#14446,#14454,#14462,
    #14470));
#14421 = ORIENTED_EDGE('',*,*,#14422,.F.);
#14422 = EDGE_CURVE('',#14423,#14425,#14427,.T.);
#14423 = VERTEX_POINT('',#14424);
#14424 = CARTESIAN_POINT('',(7.6,-1.717,1.433));
#14425 = VERTEX_POINT('',#14426);
#14426 = CARTESIAN_POINT('',(7.6,-1.717,1.925));
#14427 = LINE('',#14428,#14429);
#14428 = CARTESIAN_POINT('',(7.6,-1.717,1.433));
#14429 = VECTOR('',#14430,1.);
#14430 = DIRECTION('',(0.,0.,1.));
#14431 = ORIENTED_EDGE('',*,*,#14432,.T.);
#14432 = EDGE_CURVE('',#14423,#14433,#14435,.T.);
#14433 = VERTEX_POINT('',#14434);
#14434 = CARTESIAN_POINT('',(7.3,-1.717,1.433));
#14435 = LINE('',#14436,#14437);
#14436 = CARTESIAN_POINT('',(7.6,-1.717,1.433));
#14437 = VECTOR('',#14438,1.);
#14438 = DIRECTION('',(-1.,-0.,-0.));
#14439 = ORIENTED_EDGE('',*,*,#14440,.T.);
#14440 = EDGE_CURVE('',#14433,#14383,#14441,.T.);
#14441 = LINE('',#14442,#14443);
#14442 = CARTESIAN_POINT('',(7.3,-1.717,1.679));
#14443 = VECTOR('',#14444,1.);
#14444 = DIRECTION('',(0.,0.,1.));
#14445 = ORIENTED_EDGE('',*,*,#14380,.F.);
#14446 = ORIENTED_EDGE('',*,*,#14447,.F.);
#14447 = EDGE_CURVE('',#14448,#14381,#14450,.T.);
#14448 = VERTEX_POINT('',#14449);
#14449 = CARTESIAN_POINT('',(4.9,-1.717,2.625));
#14450 = LINE('',#14451,#14452);
#14451 = CARTESIAN_POINT('',(7.1,-1.717,2.625));
#14452 = VECTOR('',#14453,1.);
#14453 = DIRECTION('',(1.,0.,0.));
#14454 = ORIENTED_EDGE('',*,*,#14455,.F.);
#14455 = EDGE_CURVE('',#14456,#14448,#14458,.T.);
#14456 = VERTEX_POINT('',#14457);
#14457 = CARTESIAN_POINT('',(4.9,-1.717,2.925));
#14458 = LINE('',#14459,#14460);
#14459 = CARTESIAN_POINT('',(4.9,-1.717,2.029));
#14460 = VECTOR('',#14461,1.);
#14461 = DIRECTION('',(0.,0.,-1.));
#14462 = ORIENTED_EDGE('',*,*,#14463,.F.);
#14463 = EDGE_CURVE('',#14464,#14456,#14466,.T.);
#14464 = VERTEX_POINT('',#14465);
#14465 = CARTESIAN_POINT('',(6.6,-1.717,2.925));
#14466 = LINE('',#14467,#14468);
#14467 = CARTESIAN_POINT('',(7.6,-1.717,2.925));
#14468 = VECTOR('',#14469,1.);
#14469 = DIRECTION('',(-1.,-0.,-0.));
#14470 = ORIENTED_EDGE('',*,*,#14471,.T.);
#14471 = EDGE_CURVE('',#14464,#14425,#14472,.T.);
#14472 = CIRCLE('',#14473,1.);
#14473 = AXIS2_PLACEMENT_3D('',#14474,#14475,#14476);
#14474 = CARTESIAN_POINT('',(6.6,-1.717,1.925));
#14475 = DIRECTION('',(0.,1.,-2.22044604925E-16));
#14476 = DIRECTION('',(1.,0.,0.));
#14477 = PLANE('',#14478);
#14478 = AXIS2_PLACEMENT_3D('',#14479,#14480,#14481);
#14479 = CARTESIAN_POINT('',(7.6,-1.717,1.433));
#14480 = DIRECTION('',(0.,1.,0.));
#14481 = DIRECTION('',(0.,0.,1.));
#14482 = ADVANCED_FACE('',(#14483),#14501,.T.);
#14483 = FACE_BOUND('',#14484,.T.);
#14484 = EDGE_LOOP('',(#14485,#14486,#14487,#14495));
#14485 = ORIENTED_EDGE('',*,*,#14447,.T.);
#14486 = ORIENTED_EDGE('',*,*,#14408,.T.);
#14487 = ORIENTED_EDGE('',*,*,#14488,.T.);
#14488 = EDGE_CURVE('',#14400,#14489,#14491,.T.);
#14489 = VERTEX_POINT('',#14490);
#14490 = CARTESIAN_POINT('',(4.9,-3.283,2.625));
#14491 = LINE('',#14492,#14493);
#14492 = CARTESIAN_POINT('',(7.1,-3.283,2.625));
#14493 = VECTOR('',#14494,1.);
#14494 = DIRECTION('',(-1.,0.,0.));
#14495 = ORIENTED_EDGE('',*,*,#14496,.F.);
#14496 = EDGE_CURVE('',#14448,#14489,#14497,.T.);
#14497 = LINE('',#14498,#14499);
#14498 = CARTESIAN_POINT('',(4.9,3.487,2.625));
#14499 = VECTOR('',#14500,1.);
#14500 = DIRECTION('',(0.,-1.,2.22044604925E-16));
#14501 = PLANE('',#14502);
#14502 = AXIS2_PLACEMENT_3D('',#14503,#14504,#14505);
#14503 = CARTESIAN_POINT('',(6.6,3.487,2.625));
#14504 = DIRECTION('',(-0.,-2.22044604925E-16,-1.));
#14505 = DIRECTION('',(-1.,0.,0.));
#14506 = ADVANCED_FACE('',(#14507),#14558,.T.);
#14507 = FACE_BOUND('',#14508,.T.);
#14508 = EDGE_LOOP('',(#14509,#14520,#14528,#14534,#14535,#14536,#14544,
    #14552));
#14509 = ORIENTED_EDGE('',*,*,#14510,.F.);
#14510 = EDGE_CURVE('',#14511,#14513,#14515,.T.);
#14511 = VERTEX_POINT('',#14512);
#14512 = CARTESIAN_POINT('',(6.6,-3.283,2.925));
#14513 = VERTEX_POINT('',#14514);
#14514 = CARTESIAN_POINT('',(7.6,-3.283,1.925));
#14515 = CIRCLE('',#14516,1.);
#14516 = AXIS2_PLACEMENT_3D('',#14517,#14518,#14519);
#14517 = CARTESIAN_POINT('',(6.6,-3.283,1.925));
#14518 = DIRECTION('',(0.,1.,-2.22044604925E-16));
#14519 = DIRECTION('',(1.,0.,0.));
#14520 = ORIENTED_EDGE('',*,*,#14521,.T.);
#14521 = EDGE_CURVE('',#14511,#14522,#14524,.T.);
#14522 = VERTEX_POINT('',#14523);
#14523 = CARTESIAN_POINT('',(4.9,-3.283,2.925));
#14524 = LINE('',#14525,#14526);
#14525 = CARTESIAN_POINT('',(7.6,-3.283,2.925));
#14526 = VECTOR('',#14527,1.);
#14527 = DIRECTION('',(-1.,-0.,-0.));
#14528 = ORIENTED_EDGE('',*,*,#14529,.F.);
#14529 = EDGE_CURVE('',#14489,#14522,#14530,.T.);
#14530 = LINE('',#14531,#14532);
#14531 = CARTESIAN_POINT('',(4.9,-3.283,2.775));
#14532 = VECTOR('',#14533,1.);
#14533 = DIRECTION('',(0.,0.,1.));
#14534 = ORIENTED_EDGE('',*,*,#14488,.F.);
#14535 = ORIENTED_EDGE('',*,*,#14399,.T.);
#14536 = ORIENTED_EDGE('',*,*,#14537,.T.);
#14537 = EDGE_CURVE('',#14392,#14538,#14540,.T.);
#14538 = VERTEX_POINT('',#14539);
#14539 = CARTESIAN_POINT('',(7.3,-3.283,1.433));
#14540 = LINE('',#14541,#14542);
#14541 = CARTESIAN_POINT('',(7.3,-3.283,2.425));
#14542 = VECTOR('',#14543,1.);
#14543 = DIRECTION('',(0.,0.,-1.));
#14544 = ORIENTED_EDGE('',*,*,#14545,.F.);
#14545 = EDGE_CURVE('',#14546,#14538,#14548,.T.);
#14546 = VERTEX_POINT('',#14547);
#14547 = CARTESIAN_POINT('',(7.6,-3.283,1.433));
#14548 = LINE('',#14549,#14550);
#14549 = CARTESIAN_POINT('',(7.6,-3.283,1.433));
#14550 = VECTOR('',#14551,1.);
#14551 = DIRECTION('',(-1.,-0.,-0.));
#14552 = ORIENTED_EDGE('',*,*,#14553,.F.);
#14553 = EDGE_CURVE('',#14513,#14546,#14554,.T.);
#14554 = LINE('',#14555,#14556);
#14555 = CARTESIAN_POINT('',(7.6,-3.283,2.925));
#14556 = VECTOR('',#14557,1.);
#14557 = DIRECTION('',(0.,0.,-1.));
#14558 = PLANE('',#14559);
#14559 = AXIS2_PLACEMENT_3D('',#14560,#14561,#14562);
#14560 = CARTESIAN_POINT('',(7.6,-3.283,2.925));
#14561 = DIRECTION('',(0.,-1.,0.));
#14562 = DIRECTION('',(0.,0.,-1.));
#14563 = ADVANCED_FACE('',(#14564),#14607,.F.);
#14564 = FACE_BOUND('',#14565,.F.);
#14565 = EDGE_LOOP('',(#14566,#14567,#14568,#14569,#14577,#14585,#14593,
    #14601));
#14566 = ORIENTED_EDGE('',*,*,#14440,.T.);
#14567 = ORIENTED_EDGE('',*,*,#14391,.T.);
#14568 = ORIENTED_EDGE('',*,*,#14537,.T.);
#14569 = ORIENTED_EDGE('',*,*,#14570,.T.);
#14570 = EDGE_CURVE('',#14538,#14571,#14573,.T.);
#14571 = VERTEX_POINT('',#14572);
#14572 = CARTESIAN_POINT('',(7.3,-2.85,1.));
#14573 = LINE('',#14574,#14575);
#14574 = CARTESIAN_POINT('',(7.3,-1.7135,-0.1365));
#14575 = VECTOR('',#14576,1.);
#14576 = DIRECTION('',(0.,0.707106781187,-0.707106781187));
#14577 = ORIENTED_EDGE('',*,*,#14578,.T.);
#14578 = EDGE_CURVE('',#14571,#14579,#14581,.T.);
#14579 = VERTEX_POINT('',#14580);
#14580 = CARTESIAN_POINT('',(7.3,-2.85,-4.4));
#14581 = LINE('',#14582,#14583);
#14582 = CARTESIAN_POINT('',(7.3,-2.85,1.4625));
#14583 = VECTOR('',#14584,1.);
#14584 = DIRECTION('',(0.,0.,-1.));
#14585 = ORIENTED_EDGE('',*,*,#14586,.F.);
#14586 = EDGE_CURVE('',#14587,#14579,#14589,.T.);
#14587 = VERTEX_POINT('',#14588);
#14588 = CARTESIAN_POINT('',(7.3,-2.15,-4.4));
#14589 = LINE('',#14590,#14591);
#14590 = CARTESIAN_POINT('',(7.3,3.487,-4.4));
#14591 = VECTOR('',#14592,1.);
#14592 = DIRECTION('',(0.,-1.,2.22044604925E-16));
#14593 = ORIENTED_EDGE('',*,*,#14594,.T.);
#14594 = EDGE_CURVE('',#14587,#14595,#14597,.T.);
#14595 = VERTEX_POINT('',#14596);
#14596 = CARTESIAN_POINT('',(7.3,-2.15,1.));
#14597 = LINE('',#14598,#14599);
#14598 = CARTESIAN_POINT('',(7.3,-2.15,-1.2375));
#14599 = VECTOR('',#14600,1.);
#14600 = DIRECTION('',(0.,0.,1.));
#14601 = ORIENTED_EDGE('',*,*,#14602,.T.);
#14602 = EDGE_CURVE('',#14595,#14433,#14603,.T.);
#14603 = LINE('',#14604,#14605);
#14604 = CARTESIAN_POINT('',(7.3,-0.5095,2.6405));
#14605 = VECTOR('',#14606,1.);
#14606 = DIRECTION('',(0.,0.707106781187,0.707106781187));
#14607 = PLANE('',#14608);
#14608 = AXIS2_PLACEMENT_3D('',#14609,#14610,#14611);
#14609 = CARTESIAN_POINT('',(7.3,3.487,1.925));
#14610 = DIRECTION('',(1.,0.,0.));
#14611 = DIRECTION('',(0.,-2.22044604925E-16,-1.));
#14612 = ADVANCED_FACE('',(#14613),#14661,.T.);
#14613 = FACE_BOUND('',#14614,.T.);
#14614 = EDGE_LOOP('',(#14615,#14616,#14622,#14623,#14631,#14639,#14647,
    #14655));
#14615 = ORIENTED_EDGE('',*,*,#14422,.T.);
#14616 = ORIENTED_EDGE('',*,*,#14617,.T.);
#14617 = EDGE_CURVE('',#14425,#14513,#14618,.T.);
#14618 = LINE('',#14619,#14620);
#14619 = CARTESIAN_POINT('',(7.6,3.487,1.925));
#14620 = VECTOR('',#14621,1.);
#14621 = DIRECTION('',(0.,-1.,2.22044604925E-16));
#14622 = ORIENTED_EDGE('',*,*,#14553,.T.);
#14623 = ORIENTED_EDGE('',*,*,#14624,.T.);
#14624 = EDGE_CURVE('',#14546,#14625,#14627,.T.);
#14625 = VERTEX_POINT('',#14626);
#14626 = CARTESIAN_POINT('',(7.6,-2.85,1.));
#14627 = LINE('',#14628,#14629);
#14628 = CARTESIAN_POINT('',(7.6,-3.283,1.433));
#14629 = VECTOR('',#14630,1.);
#14630 = DIRECTION('',(0.,0.707106781187,-0.707106781187));
#14631 = ORIENTED_EDGE('',*,*,#14632,.T.);
#14632 = EDGE_CURVE('',#14625,#14633,#14635,.T.);
#14633 = VERTEX_POINT('',#14634);
#14634 = CARTESIAN_POINT('',(7.6,-2.85,-4.4));
#14635 = LINE('',#14636,#14637);
#14636 = CARTESIAN_POINT('',(7.6,-2.85,1.));
#14637 = VECTOR('',#14638,1.);
#14638 = DIRECTION('',(0.,0.,-1.));
#14639 = ORIENTED_EDGE('',*,*,#14640,.F.);
#14640 = EDGE_CURVE('',#14641,#14633,#14643,.T.);
#14641 = VERTEX_POINT('',#14642);
#14642 = CARTESIAN_POINT('',(7.6,-2.15,-4.4));
#14643 = LINE('',#14644,#14645);
#14644 = CARTESIAN_POINT('',(7.6,3.487,-4.4));
#14645 = VECTOR('',#14646,1.);
#14646 = DIRECTION('',(0.,-1.,2.22044604925E-16));
#14647 = ORIENTED_EDGE('',*,*,#14648,.T.);
#14648 = EDGE_CURVE('',#14641,#14649,#14651,.T.);
#14649 = VERTEX_POINT('',#14650);
#14650 = CARTESIAN_POINT('',(7.6,-2.15,1.));
#14651 = LINE('',#14652,#14653);
#14652 = CARTESIAN_POINT('',(7.6,-2.15,-4.4));
#14653 = VECTOR('',#14654,1.);
#14654 = DIRECTION('',(0.,0.,1.));
#14655 = ORIENTED_EDGE('',*,*,#14656,.T.);
#14656 = EDGE_CURVE('',#14649,#14423,#14657,.T.);
#14657 = LINE('',#14658,#14659);
#14658 = CARTESIAN_POINT('',(7.6,-2.15,1.));
#14659 = VECTOR('',#14660,1.);
#14660 = DIRECTION('',(0.,0.707106781187,0.707106781187));
#14661 = PLANE('',#14662);
#14662 = AXIS2_PLACEMENT_3D('',#14663,#14664,#14665);
#14663 = CARTESIAN_POINT('',(7.6,3.487,1.925));
#14664 = DIRECTION('',(1.,0.,0.));
#14665 = DIRECTION('',(0.,-2.22044604925E-16,-1.));
#14666 = ADVANCED_FACE('',(#14667),#14678,.T.);
#14667 = FACE_BOUND('',#14668,.F.);
#14668 = EDGE_LOOP('',(#14669,#14670,#14671,#14672));
#14669 = ORIENTED_EDGE('',*,*,#14471,.T.);
#14670 = ORIENTED_EDGE('',*,*,#14617,.T.);
#14671 = ORIENTED_EDGE('',*,*,#14510,.F.);
#14672 = ORIENTED_EDGE('',*,*,#14673,.F.);
#14673 = EDGE_CURVE('',#14464,#14511,#14674,.T.);
#14674 = LINE('',#14675,#14676);
#14675 = CARTESIAN_POINT('',(6.6,3.487,2.925));
#14676 = VECTOR('',#14677,1.);
#14677 = DIRECTION('',(0.,-1.,2.22044604925E-16));
#14678 = CYLINDRICAL_SURFACE('',#14679,1.);
#14679 = AXIS2_PLACEMENT_3D('',#14680,#14681,#14682);
#14680 = CARTESIAN_POINT('',(6.6,3.487,1.925));
#14681 = DIRECTION('',(0.,1.,-2.22044604925E-16));
#14682 = DIRECTION('',(1.,0.,0.));
#14683 = ADVANCED_FACE('',(#14684),#14695,.T.);
#14684 = FACE_BOUND('',#14685,.T.);
#14685 = EDGE_LOOP('',(#14686,#14687,#14693,#14694));
#14686 = ORIENTED_EDGE('',*,*,#14463,.T.);
#14687 = ORIENTED_EDGE('',*,*,#14688,.T.);
#14688 = EDGE_CURVE('',#14456,#14522,#14689,.T.);
#14689 = LINE('',#14690,#14691);
#14690 = CARTESIAN_POINT('',(4.9,3.487,2.925));
#14691 = VECTOR('',#14692,1.);
#14692 = DIRECTION('',(0.,-1.,2.22044604925E-16));
#14693 = ORIENTED_EDGE('',*,*,#14521,.F.);
#14694 = ORIENTED_EDGE('',*,*,#14673,.F.);
#14695 = PLANE('',#14696);
#14696 = AXIS2_PLACEMENT_3D('',#14697,#14698,#14699);
#14697 = CARTESIAN_POINT('',(4.9,3.487,2.925));
#14698 = DIRECTION('',(0.,2.22044604925E-16,1.));
#14699 = DIRECTION('',(1.,0.,0.));
#14700 = ADVANCED_FACE('',(#14701),#14707,.T.);
#14701 = FACE_BOUND('',#14702,.T.);
#14702 = EDGE_LOOP('',(#14703,#14704,#14705,#14706));
#14703 = ORIENTED_EDGE('',*,*,#14455,.T.);
#14704 = ORIENTED_EDGE('',*,*,#14496,.T.);
#14705 = ORIENTED_EDGE('',*,*,#14529,.T.);
#14706 = ORIENTED_EDGE('',*,*,#14688,.F.);
#14707 = PLANE('',#14708);
#14708 = AXIS2_PLACEMENT_3D('',#14709,#14710,#14711);
#14709 = CARTESIAN_POINT('',(4.9,3.487,2.625));
#14710 = DIRECTION('',(-1.,0.,0.));
#14711 = DIRECTION('',(0.,2.22044604925E-16,1.));
#14712 = ADVANCED_FACE('',(#14713),#14724,.T.);
#14713 = FACE_BOUND('',#14714,.T.);
#14714 = EDGE_LOOP('',(#14715,#14716,#14722,#14723));
#14715 = ORIENTED_EDGE('',*,*,#14656,.F.);
#14716 = ORIENTED_EDGE('',*,*,#14717,.T.);
#14717 = EDGE_CURVE('',#14649,#14595,#14718,.T.);
#14718 = LINE('',#14719,#14720);
#14719 = CARTESIAN_POINT('',(7.6,-2.15,1.));
#14720 = VECTOR('',#14721,1.);
#14721 = DIRECTION('',(-1.,-0.,-0.));
#14722 = ORIENTED_EDGE('',*,*,#14602,.T.);
#14723 = ORIENTED_EDGE('',*,*,#14432,.F.);
#14724 = PLANE('',#14725);
#14725 = AXIS2_PLACEMENT_3D('',#14726,#14727,#14728);
#14726 = CARTESIAN_POINT('',(7.6,-2.15,1.));
#14727 = DIRECTION('',(0.,0.707106781187,-0.707106781187));
#14728 = DIRECTION('',(0.,0.707106781187,0.707106781187));
#14729 = ADVANCED_FACE('',(#14730),#14741,.T.);
#14730 = FACE_BOUND('',#14731,.T.);
#14731 = EDGE_LOOP('',(#14732,#14733,#14734,#14735));
#14732 = ORIENTED_EDGE('',*,*,#14624,.F.);
#14733 = ORIENTED_EDGE('',*,*,#14545,.T.);
#14734 = ORIENTED_EDGE('',*,*,#14570,.T.);
#14735 = ORIENTED_EDGE('',*,*,#14736,.F.);
#14736 = EDGE_CURVE('',#14625,#14571,#14737,.T.);
#14737 = LINE('',#14738,#14739);
#14738 = CARTESIAN_POINT('',(7.6,-2.85,1.));
#14739 = VECTOR('',#14740,1.);
#14740 = DIRECTION('',(-1.,-0.,-0.));
#14741 = PLANE('',#14742);
#14742 = AXIS2_PLACEMENT_3D('',#14743,#14744,#14745);
#14743 = CARTESIAN_POINT('',(7.6,-3.283,1.433));
#14744 = DIRECTION('',(0.,-0.707106781187,-0.707106781187));
#14745 = DIRECTION('',(0.,0.707106781187,-0.707106781187));
#14746 = ADVANCED_FACE('',(#14747),#14758,.T.);
#14747 = FACE_BOUND('',#14748,.T.);
#14748 = EDGE_LOOP('',(#14749,#14750,#14756,#14757));
#14749 = ORIENTED_EDGE('',*,*,#14648,.F.);
#14750 = ORIENTED_EDGE('',*,*,#14751,.T.);
#14751 = EDGE_CURVE('',#14641,#14587,#14752,.T.);
#14752 = LINE('',#14753,#14754);
#14753 = CARTESIAN_POINT('',(7.6,-2.15,-4.4));
#14754 = VECTOR('',#14755,1.);
#14755 = DIRECTION('',(-1.,-0.,-0.));
#14756 = ORIENTED_EDGE('',*,*,#14594,.T.);
#14757 = ORIENTED_EDGE('',*,*,#14717,.F.);
#14758 = PLANE('',#14759);
#14759 = AXIS2_PLACEMENT_3D('',#14760,#14761,#14762);
#14760 = CARTESIAN_POINT('',(7.6,-2.15,-4.4));
#14761 = DIRECTION('',(0.,1.,0.));
#14762 = DIRECTION('',(0.,0.,1.));
#14763 = ADVANCED_FACE('',(#14764),#14775,.F.);
#14764 = FACE_BOUND('',#14765,.F.);
#14765 = EDGE_LOOP('',(#14766,#14767,#14768,#14774));
#14766 = ORIENTED_EDGE('',*,*,#14751,.T.);
#14767 = ORIENTED_EDGE('',*,*,#14586,.T.);
#14768 = ORIENTED_EDGE('',*,*,#14769,.F.);
#14769 = EDGE_CURVE('',#14633,#14579,#14770,.T.);
#14770 = LINE('',#14771,#14772);
#14771 = CARTESIAN_POINT('',(7.6,-2.85,-4.4));
#14772 = VECTOR('',#14773,1.);
#14773 = DIRECTION('',(-1.,-0.,-0.));
#14774 = ORIENTED_EDGE('',*,*,#14640,.F.);
#14775 = PLANE('',#14776);
#14776 = AXIS2_PLACEMENT_3D('',#14777,#14778,#14779);
#14777 = CARTESIAN_POINT('',(7.3,3.487,-4.4));
#14778 = DIRECTION('',(0.,2.22044604925E-16,1.));
#14779 = DIRECTION('',(1.,0.,0.));
#14780 = ADVANCED_FACE('',(#14781),#14787,.T.);
#14781 = FACE_BOUND('',#14782,.T.);
#14782 = EDGE_LOOP('',(#14783,#14784,#14785,#14786));
#14783 = ORIENTED_EDGE('',*,*,#14632,.F.);
#14784 = ORIENTED_EDGE('',*,*,#14736,.T.);
#14785 = ORIENTED_EDGE('',*,*,#14578,.T.);
#14786 = ORIENTED_EDGE('',*,*,#14769,.F.);
#14787 = PLANE('',#14788);
#14788 = AXIS2_PLACEMENT_3D('',#14789,#14790,#14791);
#14789 = CARTESIAN_POINT('',(7.6,-2.85,1.));
#14790 = DIRECTION('',(0.,-1.,0.));
#14791 = DIRECTION('',(0.,0.,-1.));
#14792 = ( GEOMETRIC_REPRESENTATION_CONTEXT(3) 
GLOBAL_UNCERTAINTY_ASSIGNED_CONTEXT((#14796)) 
GLOBAL_UNIT_ASSIGNED_CONTEXT((#14793,#14794,#14795)) 
REPRESENTATION_CONTEXT('Context #1',
  '3D Context with UNIT and UNCERTAINTY') );
#14793 = ( LENGTH_UNIT() NAMED_UNIT(*) SI_UNIT(.MILLI.,.METRE.) );
#14794 = ( NAMED_UNIT(*) PLANE_ANGLE_UNIT() SI_UNIT($,.RADIAN.) );
#14795 = ( NAMED_UNIT(*) SI_UNIT($,.STERADIAN.) SOLID_ANGLE_UNIT() );
#14796 = UNCERTAINTY_MEASURE_WITH_UNIT(LENGTH_MEASURE(2.E-06),#14793,
  'distance_accuracy_value','confusion accuracy');
#14797 = CONTEXT_DEPENDENT_SHAPE_REPRESENTATION(#14798,#14800);
#14798 = ( REPRESENTATION_RELATIONSHIP('','',#2619,#10) 
REPRESENTATION_RELATIONSHIP_WITH_TRANSFORMATION(#14799) 
SHAPE_REPRESENTATION_RELATIONSHIP() );
#14799 = ITEM_DEFINED_TRANSFORMATION('','',#11,#23);
#14800 = PRODUCT_DEFINITION_SHAPE('Placement','Placement of an item',
  #14801);
#14801 = NEXT_ASSEMBLY_USAGE_OCCURRENCE('12','bodyTop','',#5,#2614,$);
#14802 = PRODUCT_RELATED_PRODUCT_CATEGORY('part',$,(#2616));
#14803 = MECHANICAL_DESIGN_GEOMETRIC_PRESENTATION_REPRESENTATION('',(
    #14804),#2601);
#14804 = STYLED_ITEM('color',(#14805),#1519);
#14805 = PRESENTATION_STYLE_ASSIGNMENT((#14806,#14812));
#14806 = SURFACE_STYLE_USAGE(.BOTH.,#14807);
#14807 = SURFACE_SIDE_STYLE('',(#14808));
#14808 = SURFACE_STYLE_FILL_AREA(#14809);
#14809 = FILL_AREA_STYLE('',(#14810));
#14810 = FILL_AREA_STYLE_COLOUR('',#14811);
#14811 = COLOUR_RGB('',0.,0.690196106937,0.505882386539);
#14812 = CURVE_STYLE('',#14813,POSITIVE_LENGTH_MEASURE(0.1),#14814);
#14813 = DRAUGHTING_PRE_DEFINED_CURVE_FONT('continuous');
#14814 = COLOUR_RGB('',9.803921802644E-02,9.803921802644E-02,
  9.803921802644E-02);
#14815 = MECHANICAL_DESIGN_GEOMETRIC_PRESENTATION_REPRESENTATION('',(
    #14816,#14826,#14835,#14844,#14853,#14862),#14792);
#14816 = STYLED_ITEM('color',(#14817),#2620);
#14817 = PRESENTATION_STYLE_ASSIGNMENT((#14818,#14824));
#14818 = SURFACE_STYLE_USAGE(.BOTH.,#14819);
#14819 = SURFACE_SIDE_STYLE('',(#14820));
#14820 = SURFACE_STYLE_FILL_AREA(#14821);
#14821 = FILL_AREA_STYLE('',(#14822));
#14822 = FILL_AREA_STYLE_COLOUR('',#14823);
#14823 = COLOUR_RGB('',0.905882345718,0.913725491704,1.);
#14824 = CURVE_STYLE('',#14825,POSITIVE_LENGTH_MEASURE(0.1),#14814);
#14825 = DRAUGHTING_PRE_DEFINED_CURVE_FONT('continuous');
#14826 = STYLED_ITEM('color',(#14827),#12046);
#14827 = PRESENTATION_STYLE_ASSIGNMENT((#14828,#14833));
#14828 = SURFACE_STYLE_USAGE(.BOTH.,#14829);
#14829 = SURFACE_SIDE_STYLE('',(#14830));
#14830 = SURFACE_STYLE_FILL_AREA(#14831);
#14831 = FILL_AREA_STYLE('',(#14832));
#14832 = FILL_AREA_STYLE_COLOUR('',#14823);
#14833 = CURVE_STYLE('',#14834,POSITIVE_LENGTH_MEASURE(0.1),#14814);
#14834 = DRAUGHTING_PRE_DEFINED_CURVE_FONT('continuous');
#14835 = STYLED_ITEM('color',(#14836),#12774);
#14836 = PRESENTATION_STYLE_ASSIGNMENT((#14837,#14842));
#14837 = SURFACE_STYLE_USAGE(.BOTH.,#14838);
#14838 = SURFACE_SIDE_STYLE('',(#14839));
#14839 = SURFACE_STYLE_FILL_AREA(#14840);
#14840 = FILL_AREA_STYLE('',(#14841));
#14841 = FILL_AREA_STYLE_COLOUR('',#14823);
#14842 = CURVE_STYLE('',#14843,POSITIVE_LENGTH_MEASURE(0.1),#14814);
#14843 = DRAUGHTING_PRE_DEFINED_CURVE_FONT('continuous');
#14844 = STYLED_ITEM('color',(#14845),#13538);
#14845 = PRESENTATION_STYLE_ASSIGNMENT((#14846,#14851));
#14846 = SURFACE_STYLE_USAGE(.BOTH.,#14847);
#14847 = SURFACE_SIDE_STYLE('',(#14848));
#14848 = SURFACE_STYLE_FILL_AREA(#14849);
#14849 = FILL_AREA_STYLE('',(#14850));
#14850 = FILL_AREA_STYLE_COLOUR('',#14823);
#14851 = CURVE_STYLE('',#14852,POSITIVE_LENGTH_MEASURE(0.1),#14814);
#14852 = DRAUGHTING_PRE_DEFINED_CURVE_FONT('continuous');
#14853 = STYLED_ITEM('color',(#14854),#13956);
#14854 = PRESENTATION_STYLE_ASSIGNMENT((#14855,#14860));
#14855 = SURFACE_STYLE_USAGE(.BOTH.,#14856);
#14856 = SURFACE_SIDE_STYLE('',(#14857));
#14857 = SURFACE_STYLE_FILL_AREA(#14858);
#14858 = FILL_AREA_STYLE('',(#14859));
#14859 = FILL_AREA_STYLE_COLOUR('',#14823);
#14860 = CURVE_STYLE('',#14861,POSITIVE_LENGTH_MEASURE(0.1),#14814);
#14861 = DRAUGHTING_PRE_DEFINED_CURVE_FONT('continuous');
#14862 = STYLED_ITEM('color',(#14863),#14374);
#14863 = PRESENTATION_STYLE_ASSIGNMENT((#14864,#14869));
#14864 = SURFACE_STYLE_USAGE(.BOTH.,#14865);
#14865 = SURFACE_SIDE_STYLE('',(#14866));
#14866 = SURFACE_STYLE_FILL_AREA(#14867);
#14867 = FILL_AREA_STYLE('',(#14868));
#14868 = FILL_AREA_STYLE_COLOUR('',#14823);
#14869 = CURVE_STYLE('',#14870,POSITIVE_LENGTH_MEASURE(0.1),#14814);
#14870 = DRAUGHTING_PRE_DEFINED_CURVE_FONT('continuous');
#14871 = MECHANICAL_DESIGN_GEOMETRIC_PRESENTATION_REPRESENTATION('',(
    #14872),#1500);
#14872 = STYLED_ITEM('color',(#14873),#41);
#14873 = PRESENTATION_STYLE_ASSIGNMENT((#14874,#14880));
#14874 = SURFACE_STYLE_USAGE(.BOTH.,#14875);
#14875 = SURFACE_SIDE_STYLE('',(#14876));
#14876 = SURFACE_STYLE_FILL_AREA(#14877);
#14877 = FILL_AREA_STYLE('',(#14878));
#14878 = FILL_AREA_STYLE_COLOUR('',#14879);
#14879 = DRAUGHTING_PRE_DEFINED_COLOUR('black');
#14880 = CURVE_STYLE('',#14881,POSITIVE_LENGTH_MEASURE(0.1),#14814);
#14881 = DRAUGHTING_PRE_DEFINED_CURVE_FONT('continuous');
ENDSEC;
END-ISO-10303-21;
