ISO-10303-21;
HEADER;
FILE_DESCRIPTION (( 'STEP AP214' ),
    '1' );
FILE_NAME ('XFL3012.STEP',
    '2018-04-12T16:39:30',
    ( '' ),
    ( '' ),
    'SwSTEP 2.0',
    'SolidWorks 2017',
    '' );
FILE_SCHEMA (( 'AUTOMOTIVE_DESIGN' ));
ENDSEC;

DATA;
#1 =( LENGTH_UNIT ( ) NAMED_UNIT ( * ) SI_UNIT ( .MILLI., .METRE. ) );
#2 = CARTESIAN_POINT ( 'NONE',  ( 1.079574179478380400, 1.249999999999999600, -0.4548815015134373100 ) ) ;
#3 = B_SPLINE_CURVE_WITH_KNOTS ( 'NONE', 3,
 ( #1215, #984, #1704, #241 ),
 .UNSPECIFIED., .F., .F.,
 ( 4, 4 ),
 ( 0.09090909090909091200, 0.1818181818181818200 ),
 .UNSPECIFIED. ) ;
#4 = STYLED_ITEM ( 'NONE', ( #1304 ), #2368 ) ;
#5 = CARTESIAN_POINT ( 'NONE',  ( 0.5065181409775072500, 1.249000000000000100, -0.3339012696539069800 ) ) ;
#6 = EDGE_CURVE ( 'NONE', #2123, #1136, #2097, .T. ) ;
#7 = CARTESIAN_POINT ( 'NONE',  ( 0.4103642948236609900, 1.250000000000000000, 0.3391756534230161400 ) ) ;
#8 = UNCERTAINTY_MEASURE_WITH_UNIT (LENGTH_MEASURE( 1.000000000000000100E-005 ), #746, 'distance_accuracy_value', 'NONE');
#9 = DIRECTION ( 'NONE',  ( -0.0000000000000000000, 1.000000000000000000, -0.0000000000000000000 ) ) ;
#10 = ORIENTED_EDGE ( 'NONE', *, *, #1962, .T. ) ;
#11 = DIRECTION ( 'NONE',  ( -0.0000000000000000000, 1.000000000000000000, -0.0000000000000000000 ) ) ;
#12 = SURFACE_STYLE_USAGE ( .BOTH. , #2544 ) ;
#13 = SURFACE_STYLE_FILL_AREA ( #759 ) ;
#14 = VERTEX_POINT ( 'NONE', #1070 ) ;
#15 = CARTESIAN_POINT ( 'NONE',  ( 1.150748910208276400, 1.250000000000000000, 0.03148334573070834400 ) ) ;
#16 = CARTESIAN_POINT ( 'NONE',  ( 0.7579917206876328800, 1.250000000000000000, 0.6015272057152162300 ) ) ;
#17 = VERTEX_POINT ( 'NONE', #2092 ) ;
#18 = SURFACE_STYLE_USAGE ( .BOTH. , #1486 ) ;
#19 = CARTESIAN_POINT ( 'NONE',  ( 1.053721479530609400, 1.250000000000000400, -0.4588269534207002300 ) ) ;
#20 = VERTEX_POINT ( 'NONE', #1875 ) ;
#21 = CARTESIAN_POINT ( 'NONE',  ( -1.171628600463835900, 1.249000000000000100, -0.1527685039370064400 ) ) ;
#22 = VERTEX_POINT ( 'NONE', #1351 ) ;
#23 =( LENGTH_UNIT ( ) NAMED_UNIT ( * ) SI_UNIT ( .MILLI., .METRE. ) );
#24 = SURFACE_SIDE_STYLE ('',( #1796 ) ) ;
#25 = VERTEX_POINT ( 'NONE', #2490 ) ;
#26 = DIRECTION ( 'NONE',  ( -0.0000000000000000000, 1.000000000000000000, -0.0000000000000000000 ) ) ;
#27 = PLANE ( 'NONE',  #1132 ) ;
#28 = CARTESIAN_POINT ( 'NONE',  ( 0.4881888140544302600, 1.249999999999999600, -0.8146705004231378200 ) ) ;
#29 = EDGE_CURVE ( 'NONE', #22, #2839, #369, .T. ) ;
#30 = COLOUR_RGB ( '',1.000000000000000000, 1.000000000000000000, 1.000000000000000000 ) ;
#31 = STYLED_ITEM ( 'NONE', ( #1598 ), #1429 ) ;
#32 = CARTESIAN_POINT ( 'NONE',  ( 1.150748910208276400, 1.249000000000000100, 0.6084064226537854200 ) ) ;
#33 = ORIENTED_EDGE ( 'NONE', *, *, #1022, .T. ) ;
#34 = DIRECTION ( 'NONE',  ( -0.0000000000000000000, 1.000000000000000000, -0.0000000000000000000 ) ) ;
#35 = CARTESIAN_POINT ( 'NONE',  ( 0.8163727917268461800, 1.249999999999999800, 0.5318851360592423700 ) ) ;
#36 =( GEOMETRIC_REPRESENTATION_CONTEXT ( 3 ) GLOBAL_UNCERTAINTY_ASSIGNED_CONTEXT ( ( #2820 ) ) GLOBAL_UNIT_ASSIGNED_CONTEXT ( ( #2822, #1412, #3086 ) ) REPRESENTATION_CONTEXT ( 'NONE', 'WORKASPACE' ) );
#37 = CARTESIAN_POINT ( 'NONE',  ( 0.5065181409775072500, 1.250000000000000000, -0.1415935773462147500 ) ) ;
#38 = SURFACE_STYLE_FILL_AREA ( #278 ) ;
#39 = CARTESIAN_POINT ( 'NONE',  ( -0.8593986792039916000, 1.249000000000000100, 0.4306881889763788400 ) ) ;
#40 = CARTESIAN_POINT ( 'NONE',  ( 0.6307990869808662900, 1.249000000000000300, -0.7137917857426274700 ) ) ;
#41 = CARTESIAN_POINT ( 'NONE',  ( 1.044923278175577700, 1.249999999999999800, -0.5568147572708803700 ) ) ;
#42 = STYLED_ITEM ( 'NONE', ( #2658 ), #1655 ) ;
#43 = ORIENTED_EDGE ( 'NONE', *, *, #78, .F. ) ;
#44 = CARTESIAN_POINT ( 'NONE',  ( 1.104338211421708400, 1.249000000000000800, -0.4520880921992900800 ) ) ;
#45 = VECTOR ( 'NONE', #2657, 1000.000000000000000 ) ;
#46 =( NAMED_UNIT ( * ) PLANE_ANGLE_UNIT ( ) SI_UNIT ( $, .RADIAN. ) );
#47 = CARTESIAN_POINT ( 'NONE',  ( 0.7003410413480780600, 1.249999999999999800, 0.4786376222869273000 ) ) ;
#48 = ORIENTED_EDGE ( 'NONE', *, *, #1119, .F. ) ;
#49 = UNCERTAINTY_MEASURE_WITH_UNIT (LENGTH_MEASURE( 1.000000000000000100E-005 ), #2529, 'distance_accuracy_value', 'NONE');
#50 = CARTESIAN_POINT ( 'NONE',  ( 0.4881888140544302600, 1.250000000000000000, -0.8146705004231378200 ) ) ;
#51 = COLOUR_RGB ( '',0.1921568627450980200, 0.2039215686274509800, 0.2039215686274509800 ) ;
#52 = STYLED_ITEM ( 'NONE', ( #2502 ), #2105 ) ;
#53 = VERTEX_POINT ( 'NONE', #118 ) ;
#54 = STYLED_ITEM ( 'NONE', ( #2569 ), #949 ) ;
#55 = CARTESIAN_POINT ( 'NONE',  ( 0.9249521812137629900, 1.249999999999999800, -0.5850404347844818700 ) ) ;
#56 = DIRECTION ( 'NONE',  ( -0.0000000000000000000, 1.000000000000000000, -0.0000000000000000000 ) ) ;
#57 =( LENGTH_UNIT ( ) NAMED_UNIT ( * ) SI_UNIT ( .MILLI., .METRE. ) );
#58 = VECTOR ( 'NONE', #3128, 1000.000000000000000 ) ;
#59 = CARTESIAN_POINT ( 'NONE',  ( 0.6193875387883387400, 1.249000000000000300, -0.6315589584601165600 ) ) ;
#60 = EDGE_LOOP ( 'NONE', ( #43, #744, #1619, #912 ) ) ;
#61 =( NAMED_UNIT ( * ) SI_UNIT ( $, .STERADIAN. ) SOLID_ANGLE_UNIT ( ) );
#62 = SURFACE_STYLE_USAGE ( .BOTH. , #24 ) ;
#63 = ORIENTED_EDGE ( 'NONE', *, *, #2866, .F. ) ;
#64 =( NAMED_UNIT ( * ) SI_UNIT ( $, .STERADIAN. ) SOLID_ANGLE_UNIT ( ) );
#65 = FILL_AREA_STYLE_COLOUR ( '', #503 ) ;
#66 = CARTESIAN_POINT ( 'NONE',  ( 0.4103642948236609900, 1.249000000000000100, -0.2377474235000608700 ) ) ;
#67 = PRESENTATION_LAYER_ASSIGNMENT (  '', '', ( #2860 ) ) ;
#68 =( LENGTH_UNIT ( ) NAMED_UNIT ( * ) SI_UNIT ( .MILLI., .METRE. ) );
#69 = CARTESIAN_POINT ( 'NONE',  ( 1.079574179478380900, 1.249000000000000100, 0.1220415754096393600 ) ) ;
#70 = CARTESIAN_POINT ( 'NONE',  ( 0.5774073733921441000, 1.248999999999999900, -0.1702485250113947900 ) ) ;
#71 = EDGE_CURVE ( 'NONE', #25, #2178, #1669, .T. ) ;
#72 = CARTESIAN_POINT ( 'NONE',  ( 1.132651793339804100, 1.249000000000000100, -0.5468663643449274100 ) ) ;
#73 = EDGE_CURVE ( 'NONE', #2929, #1318, #2241, .T. ) ;
#74 = VECTOR ( 'NONE', #1574, 1000.000000000000000 ) ;
#75 = APPLICATION_CONTEXT ( 'automotive_design' ) ;
#76 = PRESENTATION_STYLE_ASSIGNMENT (( #2849 ) ) ;
#77 = STYLED_ITEM ( 'NONE', ( #483 ), #655 ) ;
#78 = EDGE_CURVE ( 'NONE', #1955, #17, #2855, .T. ) ;
#79 = CARTESIAN_POINT ( 'NONE',  ( 0.5065181409775072500, 1.250000000000000000, -0.7185166542692915700 ) ) ;
#80 = EDGE_CURVE ( 'NONE', #3089, #1476, #2782, .T. ) ;
#81 = VECTOR ( 'NONE', #2777, 1000.000000000000000 ) ;
#82 = VECTOR ( 'NONE', #606, 1000.000000000000000 ) ;
#83 = CARTESIAN_POINT ( 'NONE',  ( -1.600000000000000300, 1.250000000000000000, 1.556349038135314900 ) ) ;
#84 = EDGE_LOOP ( 'NONE', ( #2372, #358, #1511, #928 ) ) ;
#85 = STYLED_ITEM ( 'NONE', ( #222 ), #1954 ) ;
#86 = LINE ( 'NONE', #2553, #731 ) ;
#87 = EDGE_CURVE ( 'NONE', #1174, #320, #991, .T. ) ;
#88 = FILL_AREA_STYLE ('',( #1630 ) ) ;
#89 = CARTESIAN_POINT ( 'NONE',  ( 1.104338211421707700, 1.248999999999999900, 0.1248349847237869600 ) ) ;
#90 = MECHANICAL_DESIGN_GEOMETRIC_PRESENTATION_REPRESENTATION (  '', ( #2734 ), #243 ) ;
#91 = EDGE_CURVE ( 'NONE', #893, #1756, #293, .T. ) ;
#92 = ORIENTED_EDGE ( 'NONE', *, *, #1597, .F. ) ;
#93 = CARTESIAN_POINT ( 'NONE',  ( -0.6079136398339157800, 1.249000000000000100, -0.4408503937007870500 ) ) ;
#94 = LINE ( 'NONE', #1007, #1392 ) ;
#95 = ORIENTED_EDGE ( 'NONE', *, *, #658, .T. ) ;
#96 = DIRECTION ( 'NONE',  ( 0.0000000000000000000, 0.0000000000000000000, -1.000000000000000000 ) ) ;
#97 = CARTESIAN_POINT ( 'NONE',  ( 1.150748910208276400, 1.249000000000000100, 0.1276371918845545000 ) ) ;
#98 = ORIENTED_EDGE ( 'NONE', *, *, #2874, .F. ) ;
#99 =( NAMED_UNIT ( * ) SI_UNIT ( $, .STERADIAN. ) SOLID_ANGLE_UNIT ( ) );
#100 = EDGE_CURVE ( 'NONE', #788, #1832, #1524, .T. ) ;
#101 = CARTESIAN_POINT ( 'NONE',  ( -0.3651435610937574500, 1.249000000000000100, -4.336808689942017700E-016 ) ) ;
#102 = ORIENTED_EDGE ( 'NONE', *, *, #162, .F. ) ;
#103 = DIRECTION ( 'NONE',  ( -4.317160510610247800E-015, 0.0000000000000000000, -1.000000000000000000 ) ) ;
#104 =( LENGTH_UNIT ( ) NAMED_UNIT ( * ) SI_UNIT ( .MILLI., .METRE. ) );
#105 = LINE ( 'NONE', #2906, #1958 ) ;
#106 = MECHANICAL_DESIGN_GEOMETRIC_PRESENTATION_REPRESENTATION (  '', ( #2749 ), #262 ) ;
#107 = UNCERTAINTY_MEASURE_WITH_UNIT (LENGTH_MEASURE( 1.000000000000000100E-005 ), #1779, 'distance_accuracy_value', 'NONE');
#108 = SURFACE_SIDE_STYLE ('',( #2809 ) ) ;
#109 = CARTESIAN_POINT ( 'NONE',  ( -0.6230963169992662600, 1.250000000000000000, 0.3571622047244089000 ) ) ;
#110 = DIRECTION ( 'NONE',  ( -1.000000000000000000, 0.0000000000000000000, 4.317160510610247800E-015 ) ) ;
#111 =( NAMED_UNIT ( * ) PLANE_ANGLE_UNIT ( ) SI_UNIT ( $, .RADIAN. ) );
#112 = ORIENTED_EDGE ( 'NONE', *, *, #402, .F. ) ;
#113 = EDGE_LOOP ( 'NONE', ( #664, #891, #2203, #125 ) ) ;
#114 = PRESENTATION_LAYER_ASSIGNMENT (  '', '', ( #2909 ) ) ;
#115 = CARTESIAN_POINT ( 'NONE',  ( -1.399999999999999700, -0.05000000000000000300, -1.345000000000000000 ) ) ;
#116 = PRESENTATION_STYLE_ASSIGNMENT (( #580 ) ) ;
#117 = DIRECTION ( 'NONE',  ( 0.0000000000000000000, 0.9993908270190956500, 0.03489949670250104600 ) ) ;
#118 = CARTESIAN_POINT ( 'NONE',  ( 1.150748910208276400, 1.250000000000000000, 0.7045602688076315600 ) ) ;
#119 = EDGE_CURVE ( 'NONE', #1583, #657, #2085, .T. ) ;
#120 = SURFACE_STYLE_USAGE ( .BOTH. , #1578 ) ;
#121 = FILL_AREA_STYLE_COLOUR ( '', #605 ) ;
#122 = ORIENTED_EDGE ( 'NONE', *, *, #246, .T. ) ;
#123 = CARTESIAN_POINT ( 'NONE',  ( 0.6193875387883388500, 1.248999999999999700, -0.05463588153703961100 ) ) ;
#124 = FACE_BOUND ( 'NONE', #680, .T. ) ;
#125 = ORIENTED_EDGE ( 'NONE', *, *, #557, .T. ) ;
#126 = CARTESIAN_POINT ( 'NONE',  ( 1.097069108946715700, 1.250000000000000200, -0.5496714209504166600 ) ) ;
#127 = CARTESIAN_POINT ( 'NONE',  ( -1.600000000000000300, 0.0000000000000000000, 1.599999999999999600 ) ) ;
#128 = LINE ( 'NONE', #464, #58 ) ;
#129 = ORIENTED_EDGE ( 'NONE', *, *, #995, .T. ) ;
#130 = STYLED_ITEM ( 'NONE', ( #1659 ), #424 ) ;
#131 = AXIS2_PLACEMENT_3D ( 'NONE', #220, #232, #245 ) ;
#132 = CARTESIAN_POINT ( 'NONE',  ( 0.9985640440302052700, 1.249999999999998400, 0.1071051207276817300 ) ) ;
#133 = ORIENTED_EDGE ( 'NONE', *, *, #2315, .T. ) ;
#134 = SURFACE_STYLE_USAGE ( .BOTH. , #1599 ) ;
#135 = AXIS2_PLACEMENT_3D ( 'NONE', #2209, #757, #2446 ) ;
#136 = PLANE ( 'NONE',  #131 ) ;
#137 =( NAMED_UNIT ( * ) SI_UNIT ( $, .STERADIAN. ) SOLID_ANGLE_UNIT ( ) );
#138 = ADVANCED_FACE ( 'NONE', ( #2638 ), #641, .T. ) ;
#139 = UNCERTAINTY_MEASURE_WITH_UNIT (LENGTH_MEASURE( 1.000000000000000100E-005 ), #923, 'distance_accuracy_value', 'NONE');
#140 = STYLED_ITEM ( 'NONE', ( #3053 ), #149 ) ;
#141 = VECTOR ( 'NONE', #2225, 1000.000000000000000 ) ;
#142 = CARTESIAN_POINT ( 'NONE',  ( 1.079574179478380200, 1.249999999999999600, 0.6989646523327158700 ) ) ;
#143 = VECTOR ( 'NONE', #2483, 1000.000000000000100 ) ;
#144 = CARTESIAN_POINT ( 'NONE',  ( 0.4103642948236609900, 1.250000000000000000, -0.8146705004231378200 ) ) ;
#145 =( GEOMETRIC_REPRESENTATION_CONTEXT ( 3 ) GLOBAL_UNCERTAINTY_ASSIGNED_CONTEXT ( ( #1705 ) ) GLOBAL_UNIT_ASSIGNED_CONTEXT ( ( #366, #314, #831 ) ) REPRESENTATION_CONTEXT ( 'NONE', 'WORKASPACE' ) );
#146 = ORIENTED_EDGE ( 'NONE', *, *, #826, .T. ) ;
#147 = CARTESIAN_POINT ( 'NONE',  ( 0.8776666429982875600, 1.250000000000000000, -0.5031900161608660000 ) ) ;
#148 = DIRECTION ( 'NONE',  ( -0.0000000000000000000, 0.0000000000000000000, 1.000000000000000000 ) ) ;
#149 = ADVANCED_FACE ( 'NONE', ( #568 ), #2794, .F. ) ;
#150 = CARTESIAN_POINT ( 'NONE',  ( 0.8173135571388275800, 1.249000000000000300, 0.6278465714322789500 ) ) ;
#151 = SURFACE_SIDE_STYLE ('',( #1606 ) ) ;
#152 = DIRECTION ( 'NONE',  ( -0.0000000000000000000, -0.0000000000000000000, -1.000000000000000000 ) ) ;
#153 = COLOUR_RGB ( '',1.000000000000000000, 1.000000000000000000, 1.000000000000000000 ) ;
#154 = FILL_AREA_STYLE ('',( #121 ) ) ;
#155 = FACE_OUTER_BOUND ( 'NONE', #2515, .T. ) ;
#156 = FACE_OUTER_BOUND ( 'NONE', #2457, .T. ) ;
#157 = CARTESIAN_POINT ( 'NONE',  ( 0.8173135571388275800, 1.249000000000000300, -0.5259995824138750100 ) ) ;
#158 = FACE_OUTER_BOUND ( 'NONE', #1819, .T. ) ;
#159 = CARTESIAN_POINT ( 'NONE',  ( 0.5083407561152232200, 1.250000000000000000, -0.2205150761205364500 ) ) ;
#160 = UNCERTAINTY_MEASURE_WITH_UNIT (LENGTH_MEASURE( 1.000000000000000100E-005 ), #2243, 'distance_accuracy_value', 'NONE');
#161 = VERTEX_POINT ( 'NONE', #1378 ) ;
#162 = EDGE_CURVE ( 'NONE', #161, #941, #2198, .T. ) ;
#163 = ORIENTED_EDGE ( 'NONE', *, *, #2721, .T. ) ;
#164 = CARTESIAN_POINT ( 'NONE',  ( 0.5945848048040395200, 1.249999999999999800, 0.5054646449273956200 ) ) ;
#165 = DIRECTION ( 'NONE',  ( 1.000000000000000000, 0.0000000000000000000, 0.0000000000000000000 ) ) ;
#166 = SURFACE_SIDE_STYLE ('',( #1256 ) ) ;
#167 = ORIENTED_EDGE ( 'NONE', *, *, #162, .T. ) ;
#168 = ADVANCED_FACE ( 'NONE', ( #254 ), #1888, .F. ) ;
#169 = FILL_AREA_STYLE_COLOUR ( '', #1797 ) ;
#170 = CARTESIAN_POINT ( 'NONE',  ( -1.399999999999999700, -0.05000000000000000300, -1.345000000000000000 ) ) ;
#171 = SURFACE_SIDE_STYLE ('',( #2672 ) ) ;
#172 = B_SPLINE_CURVE_WITH_KNOTS ( 'NONE', 3,
 ( #1094, #830, #1558, #1582 ),
 .UNSPECIFIED., .F., .F.,
 ( 4, 4 ),
 ( 0.2727272727272727100, 0.3636363636363636500 ),
 .UNSPECIFIED. ) ;
#173 = SURFACE_STYLE_USAGE ( .BOTH. , #166 ) ;
#174 = ORIENTED_EDGE ( 'NONE', *, *, #231, .T. ) ;
#175 = COLOUR_RGB ( '',1.000000000000000000, 1.000000000000000000, 1.000000000000000000 ) ;
#176 = EDGE_LOOP ( 'NONE', ( #1061, #838, #276, #2840 ) ) ;
#177 = FACE_OUTER_BOUND ( 'NONE', #1608, .T. ) ;
#178 = ADVANCED_FACE ( 'NONE', ( #1683 ), #2930, .T. ) ;
#179 = SURFACE_STYLE_FILL_AREA ( #327 ) ;
#180 = CARTESIAN_POINT ( 'NONE',  ( -0.7906191516449381200, 1.250000000000000000, -0.2624551181102359700 ) ) ;
#181 = CARTESIAN_POINT ( 'NONE',  ( -1.399999999999999700, -0.05000000000000000300, -1.345000000000000000 ) ) ;
#182 = CARTESIAN_POINT ( 'NONE',  ( 0.9249521812137629900, 1.249000000000000300, 0.5688057190616719900 ) ) ;
#183 = SURFACE_STYLE_FILL_AREA ( #1026 ) ;
#184 = EDGE_CURVE ( 'NONE', #244, #1993, #2650, .T. ) ;
#185 = AXIS2_PLACEMENT_3D ( 'NONE', #3061, #1150, #1161 ) ;
#186 = CARTESIAN_POINT ( 'NONE',  ( 0.8173135571388275800, 1.250000000000000200, -0.5259995824138750100 ) ) ;
#187 = CARTESIAN_POINT ( 'NONE',  ( 0.8776666429982876700, 1.248999999999999900, 0.6506561376852879600 ) ) ;
#188 = VERTEX_POINT ( 'NONE', #2810 ) ;
#189 = VECTOR ( 'NONE', #1279, 1000.000000000000000 ) ;
#190 = STYLED_ITEM ( 'NONE', ( #1723 ), #2834 ) ;
#191 =( LENGTH_UNIT ( ) NAMED_UNIT ( * ) SI_UNIT ( .MILLI., .METRE. ) );
#192 = CARTESIAN_POINT ( 'NONE',  ( 0.7098050945909284400, 1.250000000000000200, -0.5772070018830165500 ) ) ;
#193 = B_SPLINE_CURVE_WITH_KNOTS ( 'NONE', 3,
 ( #425, #2138, #2380, #2401, #2415, #2601, #2624, #2635, #2652, #2772, #2818, #2854, #2864, #3017, #3092 ),
 .UNSPECIFIED., .F., .F.,
 ( 4, 1, 1, 1, 1, 1, 1, 1, 1, 1, 1, 1, 4 ),
 ( 0.0000000000000000000, 0.05027287497458354800, 0.1027903700748776000, 0.1576131012369289300, 0.2146311133156755800, 0.2740612127265389400, 0.3356974550538851000, 0.4000702787165528200, 0.4668267493853401300, 0.6020780869193701500, 0.7357515335047493100, 0.8682046170340285100, 1.000000000000000000 ),
 .UNSPECIFIED. ) ;
#194 =( LENGTH_UNIT ( ) NAMED_UNIT ( * ) SI_UNIT ( .MILLI., .METRE. ) );
#195 = ORIENTED_EDGE ( 'NONE', *, *, #1983, .F. ) ;
#196 = AXIS2_PLACEMENT_3D ( 'NONE', #2294, #1915, #847 ) ;
#197 = ADVANCED_FACE ( 'NONE', ( #2101 ), #1899, .F. ) ;
#198 = DIRECTION ( 'NONE',  ( -0.0000000000000000000, 1.000000000000000000, -0.0000000000000000000 ) ) ;
#199 = CARTESIAN_POINT ( 'NONE',  ( 1.399999999999999700, -0.05000000000000000300, -1.345000000000000400 ) ) ;
#200 = CARTESIAN_POINT ( 'NONE',  ( 0.7579917206876326500, 1.248999999999999900, -0.5523189481309375100 ) ) ;
#201 = LINE ( 'NONE', #2631, #783 ) ;
#202 = VERTEX_POINT ( 'NONE', #2803 ) ;
#203 = CARTESIAN_POINT ( 'NONE',  ( 0.9949105226086875100, 1.249999999999999800, 0.5877921128131611300 ) ) ;
#204 = ORIENTED_EDGE ( 'NONE', *, *, #2257, .F. ) ;
#205 = CARTESIAN_POINT ( 'NONE',  ( 1.143283040082379700, 1.248999999999999900, -0.4495165157309847200 ) ) ;
#206 = CARTESIAN_POINT ( 'NONE',  ( -1.600000000000001000, 0.0000000000000000000, -1.600000000000000500 ) ) ;
#207 =( NAMED_UNIT ( * ) PLANE_ANGLE_UNIT ( ) SI_UNIT ( $, .RADIAN. ) );
#208 = VERTEX_POINT ( 'NONE', #529 ) ;
#209 = SURFACE_STYLE_FILL_AREA ( #1038 ) ;
#210 = AXIS2_PLACEMENT_3D ( 'NONE', #2229, #2238, #2290 ) ;
#211 = VECTOR ( 'NONE', #637, 1000.000000000000000 ) ;
#212 =( NAMED_UNIT ( * ) SI_UNIT ( $, .STERADIAN. ) SOLID_ANGLE_UNIT ( ) );
#213 = CARTESIAN_POINT ( 'NONE',  ( 1.150748910208276400, 1.250000000000000000, -0.5454397311923685500 ) ) ;
#214 = EDGE_LOOP ( 'NONE', ( #2363, #1019, #579, #2445 ) ) ;
#215 = CARTESIAN_POINT ( 'NONE',  ( 0.9985640440302052700, 1.249000000000000600, -0.4698179561953952900 ) ) ;
#216 = VECTOR ( 'NONE', #2690, 1000.000000000000000 ) ;
#217 = CARTESIAN_POINT ( 'NONE',  ( -0.3651435610937574500, 1.250000000000000000, -4.336808689942017700E-016 ) ) ;
#218 = PRODUCT ( 'XFL3012', 'XFL3012', '', ( #1307 ) ) ;
#219 = MECHANICAL_DESIGN_GEOMETRIC_PRESENTATION_REPRESENTATION (  '', ( #2860 ), #382 ) ;
#220 = CARTESIAN_POINT ( 'NONE',  ( 0.4103642948236609900, 1.249000000000000100, 0.2430218072691698600 ) ) ;
#221 = DIRECTION ( 'NONE',  ( 0.03487826274237469000, -0.9987827659587182900, -0.03487826274237469700 ) ) ;
#222 = PRESENTATION_STYLE_ASSIGNMENT (( #2010 ) ) ;
#223 = EDGE_CURVE ( 'NONE', #20, #391, #582, .T. ) ;
#224 = EDGE_CURVE ( 'NONE', #202, #2302, #1162, .T. ) ;
#225 = CARTESIAN_POINT ( 'NONE',  ( 1.150748910208276400, 1.250000000000000000, 0.1276371918845545000 ) ) ;
#226 = FILL_AREA_STYLE_COLOUR ( '', #1568 ) ;
#227 = ORIENTED_EDGE ( 'NONE', *, *, #253, .T. ) ;
#228 = FILL_AREA_STYLE ('',( #455 ) ) ;
#229 = AXIS2_PLACEMENT_3D ( 'NONE', #1391, #1295, #1046 ) ;
#230 = EDGE_CURVE ( 'NONE', #941, #20, #2815, .T. ) ;
#231 = EDGE_CURVE ( 'NONE', #2547, #3083, #500, .T. ) ;
#232 = DIRECTION ( 'NONE',  ( 1.000000000000000000, 0.0000000000000000000, 0.0000000000000000000 ) ) ;
#233 = CARTESIAN_POINT ( 'NONE',  ( -0.3651435610937574500, 1.249000000000000100, -4.336808689942017700E-016 ) ) ;
#234 = CARTESIAN_POINT ( 'NONE',  ( -0.6299999999999996700, -0.05000000000000000300, 1.345000000000000000 ) ) ;
#235 = PRESENTATION_LAYER_ASSIGNMENT (  '', '', ( #85 ) ) ;
#236 = EDGE_CURVE ( 'NONE', #985, #2162, #897, .T. ) ;
#237 = SURFACE_STYLE_FILL_AREA ( #1635 ) ;
#238 =( NAMED_UNIT ( * ) SI_UNIT ( $, .STERADIAN. ) SOLID_ANGLE_UNIT ( ) );
#239 = B_SPLINE_CURVE_WITH_KNOTS ( 'NONE', 3,
 ( #1914, #2171, #713, #2405 ),
 .UNSPECIFIED., .F., .F.,
 ( 4, 4 ),
 ( 0.3636363636363636500, 0.4545454545454545900 ),
 .UNSPECIFIED. ) ;
#240 = VERTEX_POINT ( 'NONE', #3116 ) ;
#241 = CARTESIAN_POINT ( 'NONE',  ( -0.2164160020386388700, 1.249000000000000100, -0.01149606299212686800 ) ) ;
#242 = ORIENTED_EDGE ( 'NONE', *, *, #29, .F. ) ;
#243 =( GEOMETRIC_REPRESENTATION_CONTEXT ( 3 ) GLOBAL_UNCERTAINTY_ASSIGNED_CONTEXT ( ( #1926 ) ) GLOBAL_UNIT_ASSIGNED_CONTEXT ( ( #2056, #613, #1815 ) ) REPRESENTATION_CONTEXT ( 'NONE', 'WORKASPACE' ) );
#244 = VERTEX_POINT ( 'NONE', #1444 ) ;
#245 = DIRECTION ( 'NONE',  ( 0.0000000000000000000, 0.0000000000000000000, -1.000000000000000000 ) ) ;
#246 = EDGE_CURVE ( 'NONE', #1342, #1905, #1713, .T. ) ;
#247 = CARTESIAN_POINT ( 'NONE',  ( 0.7523609121438871200, 1.250000000000000000, -0.6491600027661639200 ) ) ;
#248 = FILL_AREA_STYLE_COLOUR ( '', #1335 ) ;
#249 = SURFACE_STYLE_USAGE ( .BOTH. , #171 ) ;
#250 = SURFACE_STYLE_FILL_AREA ( #1566 ) ;
#251 = CARTESIAN_POINT ( 'NONE',  ( -0.9727230886528125400, 1.249000000000000100, -0.2374330708661406600 ) ) ;
#252 = STYLED_ITEM ( 'NONE', ( #2283 ), #1380 ) ;
#253 = EDGE_CURVE ( 'NONE', #1016, #2613, #2987, .T. ) ;
#254 = FACE_OUTER_BOUND ( 'NONE', #2255, .T. ) ;
#255 = COLOUR_RGB ( '',1.000000000000000000, 1.000000000000000000, 1.000000000000000000 ) ;
#256 = ORIENTED_EDGE ( 'NONE', *, *, #2804, .F. ) ;
#257 = CARTESIAN_POINT ( 'NONE',  ( 0.6724336686852935300, 1.250000000000000200, 0.5551279563273842100 ) ) ;
#258 =( NAMED_UNIT ( * ) PLANE_ANGLE_UNIT ( ) SI_UNIT ( $, .RADIAN. ) );
#259 = UNCERTAINTY_MEASURE_WITH_UNIT (LENGTH_MEASURE( 1.000000000000000100E-005 ), #1714, 'distance_accuracy_value', 'NONE');
#260 = CARTESIAN_POINT ( 'NONE',  ( 0.4881888140544302600, 1.249000000000000100, -0.8146705004231378200 ) ) ;
#261 = LINE ( 'NONE', #83, #2679 ) ;
#262 =( GEOMETRIC_REPRESENTATION_CONTEXT ( 3 ) GLOBAL_UNCERTAINTY_ASSIGNED_CONTEXT ( ( #2100 ) ) GLOBAL_UNIT_ASSIGNED_CONTEXT ( ( #68, #1761, #307 ) ) REPRESENTATION_CONTEXT ( 'NONE', 'WORKASPACE' ) );
#263 = COLOUR_RGB ( '',1.000000000000000000, 1.000000000000000000, 1.000000000000000000 ) ;
#264 = CARTESIAN_POINT ( 'NONE',  ( 0.4881888140544302600, 1.249000000000000100, -0.8146705004231378200 ) ) ;
#265 = PLANE ( 'NONE',  #1205 ) ;
#266 = PLANE ( 'NONE',  #290 ) ;
#267 = PRESENTATION_STYLE_ASSIGNMENT (( #2645 ) ) ;
#268 = MECHANICAL_DESIGN_GEOMETRIC_PRESENTATION_REPRESENTATION (  '', ( #2909 ), #436 ) ;
#269 = SURFACE_SIDE_STYLE ('',( #2582 ) ) ;
#270 = ORIENTED_EDGE ( 'NONE', *, *, #739, .T. ) ;
#271 = VECTOR ( 'NONE', #1317, 1000.000000000000000 ) ;
#272 = CARTESIAN_POINT ( 'NONE',  ( 0.4948076209625805200, 1.249999999999999300, -0.8090106201230076200 ) ) ;
#273 = DIRECTION ( 'NONE',  ( -0.0000000000000000000, 1.000000000000000000, -0.0000000000000000000 ) ) ;
#274 = CARTESIAN_POINT ( 'NONE',  ( 0.4103642948236609900, 1.250000000000000000, 0.2430218072691698600 ) ) ;
#275 = VECTOR ( 'NONE', #2478, 1000.000000000000000 ) ;
#276 = ORIENTED_EDGE ( 'NONE', *, *, #1119, .T. ) ;
#277 = ORIENTED_EDGE ( 'NONE', *, *, #2865, .F. ) ;
#278 = FILL_AREA_STYLE ('',( #2933 ) ) ;
#279 = ORIENTED_EDGE ( 'NONE', *, *, #682, .T. ) ;
#280 = CARTESIAN_POINT ( 'NONE',  ( 0.6597522047426001000, 1.249000000000000100, -0.6971528130781180500 ) ) ;
#281 = CARTESIAN_POINT ( 'NONE',  ( 0.5065181409775072500, 1.249000000000000100, 0.4353294995768622900 ) ) ;
#282 = CARTESIAN_POINT ( 'NONE',  ( 1.053721479530609400, 1.249000000000000600, -0.4588269534207002300 ) ) ;
#283 = ORIENTED_EDGE ( 'NONE', *, *, #557, .F. ) ;
#284 = CARTESIAN_POINT ( 'NONE',  ( 1.150748910208276400, 1.250000000000000000, 0.6084064226537854200 ) ) ;
#285 = SURFACE_STYLE_FILL_AREA ( #775 ) ;
#286 = DIRECTION ( 'NONE',  ( -0.0000000000000000000, 0.0000000000000000000, -1.000000000000000000 ) ) ;
#287 = CARTESIAN_POINT ( 'NONE',  ( 1.150748910208276400, 1.249000000000000100, -0.4492858850385224000 ) ) ;
#288 = CARTESIAN_POINT ( 'NONE',  ( 0.5708565154479092700, 1.249999999999999800, -0.6653612480651260900 ) ) ;
#289 = ORIENTED_EDGE ( 'NONE', *, *, #2296, .F. ) ;
#290 = AXIS2_PLACEMENT_3D ( 'NONE', #1261, #2919, #1499 ) ;
#291 = CARTESIAN_POINT ( 'NONE',  ( 0.9468727082851994300, 1.249999999999999600, -0.5786428561923686600 ) ) ;
#292 = FILL_AREA_STYLE ('',( #341 ) ) ;
#293 = LINE ( 'NONE', #1156, #216 ) ;
#294 = PRESENTATION_LAYER_ASSIGNMENT (  '', '', ( #3114 ) ) ;
#295 = CARTESIAN_POINT ( 'NONE',  ( 0.5708565154479092700, 1.248999999999999900, -0.6653612480651260900 ) ) ;
#296 = DIRECTION ( 'NONE',  ( 0.0000000000000000000, 0.0000000000000000000, 1.000000000000000000 ) ) ;
#297 = COLOUR_RGB ( '',1.000000000000000000, 1.000000000000000000, 1.000000000000000000 ) ;
#298 = PRESENTATION_LAYER_ASSIGNMENT (  '', '', ( #3117 ) ) ;
#299 = PRESENTATION_STYLE_ASSIGNMENT (( #120 ) ) ;
#300 = CARTESIAN_POINT ( 'NONE',  ( 0.5065181409775072500, 1.249000000000000100, -0.1415935773462147500 ) ) ;
#301 = LINE ( 'NONE', #3000, #1602 ) ;
#302 = CARTESIAN_POINT ( 'NONE',  ( 0.5065181409775072500, 1.249000000000000100, -0.7185166542692915700 ) ) ;
#303 = DIRECTION ( 'NONE',  ( 1.000000000000000000, 0.0000000000000000000, 0.0000000000000000000 ) ) ;
#304 = SURFACE_SIDE_STYLE ('',( #3055 ) ) ;
#305 = CIRCLE ( 'NONE', #2725, 0.1497070972545076200 ) ;
#306 = ORIENTED_EDGE ( 'NONE', *, *, #3067, .T. ) ;
#307 =( NAMED_UNIT ( * ) SI_UNIT ( $, .STERADIAN. ) SOLID_ANGLE_UNIT ( ) );
#308 =( NAMED_UNIT ( * ) SI_UNIT ( $, .STERADIAN. ) SOLID_ANGLE_UNIT ( ) );
#309 = AXIS2_PLACEMENT_3D ( 'NONE', #1849, #148, #1618 ) ;
#310 = FACE_OUTER_BOUND ( 'NONE', #214, .T. ) ;
#311 = CARTESIAN_POINT ( 'NONE',  ( 0.6307990869808661700, 1.249000000000000600, -0.1368687088195505200 ) ) ;
#312 = CARTESIAN_POINT ( 'NONE',  ( 1.044923278175578000, 1.250000000000000400, 0.02010831965219657100 ) ) ;
#313 = SURFACE_SIDE_STYLE ('',( #879 ) ) ;
#314 =( NAMED_UNIT ( * ) PLANE_ANGLE_UNIT ( ) SI_UNIT ( $, .RADIAN. ) );
#315 = PRESENTATION_LAYER_ASSIGNMENT (  '', '', ( #480 ) ) ;
#316 = SURFACE_SIDE_STYLE ('',( #1281 ) ) ;
#317 = CARTESIAN_POINT ( 'NONE',  ( 0.5065181409775072500, 1.249000000000000100, 0.2430218072691698600 ) ) ;
#318 = COLOUR_RGB ( '',1.000000000000000000, 1.000000000000000000, 1.000000000000000000 ) ;
#319 = DIRECTION ( 'NONE',  ( 1.000000000000000000, -0.0000000000000000000, -0.0000000000000000000 ) ) ;
#320 = VERTEX_POINT ( 'NONE', #213 ) ;
#321 = DIRECTION ( 'NONE',  ( 0.0000000000000000000, 0.0000000000000000000, -1.000000000000000000 ) ) ;
#322 = ORIENTED_EDGE ( 'NONE', *, *, #889, .F. ) ;
#323 = CARTESIAN_POINT ( 'NONE',  ( -0.6079136398339157800, 1.249000000000000100, -0.4408503937007870500 ) ) ;
#324 = PRESENTATION_LAYER_ASSIGNMENT (  '', '', ( #4 ) ) ;
#325 = CARTESIAN_POINT ( 'NONE',  ( -1.107524663455962300, 1.249000000000000100, -0.3665999999999977600 ) ) ;
#326 = CARTESIAN_POINT ( 'NONE',  ( 1.127929917847680900, 1.249000000000000100, 0.1269322827553207600 ) ) ;
#327 = FILL_AREA_STYLE ('',( #569 ) ) ;
#328 = EDGE_CURVE ( 'NONE', #3083, #2123, #1793, .T. ) ;
#329 = PRESENTATION_STYLE_ASSIGNMENT (( #1805 ) ) ;
#330 =( NAMED_UNIT ( * ) SI_UNIT ( $, .STERADIAN. ) SOLID_ANGLE_UNIT ( ) );
#331 = ORIENTED_EDGE ( 'NONE', *, *, #2420, .F. ) ;
#332 = UNCERTAINTY_MEASURE_WITH_UNIT (LENGTH_MEASURE( 1.000000000000000100E-005 ), #2512, 'distance_accuracy_value', 'NONE');
#333 = CARTESIAN_POINT ( 'NONE',  ( 0.5065181409775072500, 1.249000000000000100, -0.1415935773462147500 ) ) ;
#334 = FILL_AREA_STYLE_COLOUR ( '', #2868 ) ;
#335 = CARTESIAN_POINT ( 'NONE',  ( -1.318067970542576000, 1.250000000000000000, -0.1926125984251939300 ) ) ;
#336 = CARTESIAN_POINT ( 'NONE',  ( -0.8612537973142278000, 1.249000000000000100, 0.2603779527559065300 ) ) ;
#337 = FILL_AREA_STYLE ('',( #2763 ) ) ;
#338 =( NAMED_UNIT ( * ) PLANE_ANGLE_UNIT ( ) SI_UNIT ( $, .RADIAN. ) );
#339 = CARTESIAN_POINT ( 'NONE',  ( 1.150748910208276400, 1.249000000000000100, 0.03148334573070834400 ) ) ;
#340 = FACE_OUTER_BOUND ( 'NONE', #1569, .T. ) ;
#341 = FILL_AREA_STYLE_COLOUR ( '', #153 ) ;
#342 = VECTOR ( 'NONE', #1212, 1000.000000000000000 ) ;
#343 = ORIENTED_EDGE ( 'NONE', *, *, #1220, .T. ) ;
#344 = CARTESIAN_POINT ( 'NONE',  ( -0.8612537973142278000, 1.250000000000000000, 0.2603779527559065300 ) ) ;
#345 = CARTESIAN_POINT ( 'NONE',  ( 0.6452790501254728200, 1.249000000000000300, -0.03795602798526487300 ) ) ;
#346 = DIRECTION ( 'NONE',  ( 0.0000000000000000000, 0.0000000000000000000, -1.000000000000000000 ) ) ;
#347 = VECTOR ( 'NONE', #2425, 1000.000000000000000 ) ;
#348 = CARTESIAN_POINT ( 'NONE',  ( -0.2206191516449379500, 1.250000000000000000, -0.1424393700787413600 ) ) ;
#349 = EDGE_CURVE ( 'NONE', #788, #1286, #2291, .T. ) ;
#350 = PRESENTATION_LAYER_ASSIGNMENT (  '', '', ( #31 ) ) ;
#351 = SURFACE_STYLE_USAGE ( .BOTH. , #2733 ) ;
#352 = ORIENTED_EDGE ( 'NONE', *, *, #572, .T. ) ;
#353 = ORIENTED_EDGE ( 'NONE', *, *, #1000, .F. ) ;
#354 =( NAMED_UNIT ( * ) PLANE_ANGLE_UNIT ( ) SI_UNIT ( $, .RADIAN. ) );
#355 = ORIENTED_EDGE ( 'NONE', *, *, #2602, .T. ) ;
#356 = DIRECTION ( 'NONE',  ( -1.000000000000000000, 0.0000000000000000000, -2.816109538923387900E-016 ) ) ;
#357 = DIRECTION ( 'NONE',  ( -0.0000000000000000000, 1.000000000000000000, -0.0000000000000000000 ) ) ;
#358 = ORIENTED_EDGE ( 'NONE', *, *, #1911, .F. ) ;
#359 = DIRECTION ( 'NONE',  ( -0.0000000000000000000, 1.000000000000000000, -0.0000000000000000000 ) ) ;
#360 = LINE ( 'NONE', #284, #1660 ) ;
#361 = PRESENTATION_LAYER_ASSIGNMENT (  '', '', ( #42 ) ) ;
#362 = CARTESIAN_POINT ( 'NONE',  ( -1.171628600463835900, 1.250000000000000000, -0.1527685039370064400 ) ) ;
#363 = CARTESIAN_POINT ( 'NONE',  ( 0.8776666429982876700, 1.249999999999998700, 0.07373306076221082500 ) ) ;
#364 = CARTESIAN_POINT ( 'NONE',  ( 1.132651793339804100, 1.250000000000000000, -0.5468663643449274100 ) ) ;
#365 = ORIENTED_EDGE ( 'NONE', *, *, #1062, .F. ) ;
#366 =( LENGTH_UNIT ( ) NAMED_UNIT ( * ) SI_UNIT ( .MILLI., .METRE. ) );
#367 = PLANE ( 'NONE',  #1306 ) ;
#368 = CARTESIAN_POINT ( 'NONE',  ( 0.9627039328275779400, 1.248999999999999900, 0.002428959850446600400 ) ) ;
#369 = LINE ( 'NONE', #2003, #1595 ) ;
#370 = FILL_AREA_STYLE_COLOUR ( '', #1575 ) ;
#371 = PRESENTATION_LAYER_ASSIGNMENT (  '', '', ( #52 ) ) ;
#372 = PRESENTATION_LAYER_ASSIGNMENT (  '', '', ( #54 ) ) ;
#373 = UNCERTAINTY_MEASURE_WITH_UNIT (LENGTH_MEASURE( 1.000000000000000100E-005 ), #599, 'distance_accuracy_value', 'NONE');
#374 = CARTESIAN_POINT ( 'NONE',  ( 0.9692890168182910500, 1.249999999999999100, 0.09996791868175637600 ) ) ;
#375 = DIRECTION ( 'NONE',  ( 0.0000000000000000000, 0.0000000000000000000, 1.000000000000000000 ) ) ;
#376 =( NAMED_UNIT ( * ) PLANE_ANGLE_UNIT ( ) SI_UNIT ( $, .RADIAN. ) );
#377 = SURFACE_SIDE_STYLE ('',( #910 ) ) ;
#378 = ORIENTED_EDGE ( 'NONE', *, *, #396, .F. ) ;
#379 = CARTESIAN_POINT ( 'NONE',  ( 0.8173135571388275800, 1.250000000000000200, 0.05092349450920194400 ) ) ;
#380 = CIRCLE ( 'NONE', #595, 0.1497070972545076200 ) ;
#381 = ORIENTED_EDGE ( 'NONE', *, *, #729, .F. ) ;
#382 =( GEOMETRIC_REPRESENTATION_CONTEXT ( 3 ) GLOBAL_UNCERTAINTY_ASSIGNED_CONTEXT ( ( #49 ) ) GLOBAL_UNIT_ASSIGNED_CONTEXT ( ( #2529, #338, #2284 ) ) REPRESENTATION_CONTEXT ( 'NONE', 'WORKASPACE' ) );
#383 = SURFACE_STYLE_FILL_AREA ( #2756 ) ;
#384 = CARTESIAN_POINT ( 'NONE',  ( 0.4948076209625807400, 1.250000000000000000, -0.2320875431999308600 ) ) ;
#385 = PRESENTATION_STYLE_ASSIGNMENT (( #429 ) ) ;
#386 = EDGE_CURVE ( 'NONE', #2044, #954, #1006, .T. ) ;
#387 = CARTESIAN_POINT ( 'NONE',  ( 1.053721479530609100, 1.250000000000000400, 0.6950192004254538400 ) ) ;
#388 = FILL_AREA_STYLE ('',( #2338 ) ) ;
#389 = SURFACE_SIDE_STYLE ('',( #2968 ) ) ;
#390 = PRESENTATION_STYLE_ASSIGNMENT (( #18 ) ) ;
#391 = VERTEX_POINT ( 'NONE', #475 ) ;
#392 = ADVANCED_FACE ( 'NONE', ( #926 ), #2418, .F. ) ;
#393 = VERTEX_POINT ( 'NONE', #1701 ) ;
#394 = PRESENTATION_LAYER_ASSIGNMENT (  '', '', ( #77 ) ) ;
#395 = EDGE_CURVE ( 'NONE', #1042, #1136, #1354, .T. ) ;
#396 = EDGE_CURVE ( 'NONE', #549, #657, #1978, .T. ) ;
#397 = UNCERTAINTY_MEASURE_WITH_UNIT (LENGTH_MEASURE( 1.000000000000000100E-005 ), #399, 'distance_accuracy_value', 'NONE');
#398 = CARTESIAN_POINT ( 'NONE',  ( 0.7579917206876328800, 1.249000000000000100, 0.6015272057152162300 ) ) ;
#399 =( LENGTH_UNIT ( ) NAMED_UNIT ( * ) SI_UNIT ( .MILLI., .METRE. ) );
#400 = MECHANICAL_DESIGN_GEOMETRIC_PRESENTATION_REPRESENTATION (  '', ( #85 ), #571 ) ;
#401 = CARTESIAN_POINT ( 'NONE',  ( -0.3636411988890333500, 1.250000000000000000, -0.1087102362204734500 ) ) ;
#402 = EDGE_CURVE ( 'NONE', #53, #208, #487, .T. ) ;
#403 = CARTESIAN_POINT ( 'NONE',  ( 0.7579917206876326500, 1.249999999999999800, -0.5523189481309375100 ) ) ;
#404 = STYLED_ITEM ( 'NONE', ( #267 ), #392 ) ;
#405 = EDGE_CURVE ( 'NONE', #2231, #17, #105, .T. ) ;
#406 = DIRECTION ( 'NONE',  ( 0.0000000000000000000, 0.0000000000000000000, -1.000000000000000000 ) ) ;
#407 = ADVANCED_FACE ( 'NONE', ( #2824 ), #266, .T. ) ;
#408 = ORIENTED_EDGE ( 'NONE', *, *, #2361, .T. ) ;
#409 = CARTESIAN_POINT ( 'NONE',  ( 0.5708565154479093900, 1.250000000000000400, 0.4884849057810280400 ) ) ;
#410 = PRESENTATION_STYLE_ASSIGNMENT (( #3051 ) ) ;
#411 = PLANE ( 'NONE',  #1571 ) ;
#412 = CARTESIAN_POINT ( 'NONE',  ( 0.5774073733921441000, 1.249000000000000300, 0.4066745519116822800 ) ) ;
#413 = FACE_BOUND ( 'NONE', #2719, .T. ) ;
#414 = AXIS2_PLACEMENT_3D ( 'NONE', #2901, #2576, #2587 ) ;
#415 = EDGE_CURVE ( 'NONE', #860, #188, #1106, .T. ) ;
#416 = CARTESIAN_POINT ( 'NONE',  ( 0.5484227859363810500, 1.249000000000000100, -0.1059180026305135600 ) ) ;
#417 =( NAMED_UNIT ( * ) PLANE_ANGLE_UNIT ( ) SI_UNIT ( $, .RADIAN. ) );
#418 = DIRECTION ( 'NONE',  ( -0.0000000000000000000, 0.0000000000000000000, -1.000000000000000000 ) ) ;
#419 = FILL_AREA_STYLE ('',( #807 ) ) ;
#420 = B_SPLINE_CURVE_WITH_KNOTS ( 'NONE', 3,
 ( #1421, #496, #1652, #2604, #2167, #1231, #1188, #2155, #942, #2141, #247, #2897, #1003, #3105, #719 ),
 .UNSPECIFIED., .F., .F.,
 ( 4, 1, 1, 1, 1, 1, 1, 1, 1, 1, 1, 1, 4 ),
 ( 0.0000000000000000000, 0.05027287497458354800, 0.1027903700748776000, 0.1576131012369289300, 0.2146311133156755800, 0.2740612127265389400, 0.3356974550538851000, 0.4000702787165528200, 0.4668267493853401300, 0.6020780869193701500, 0.7357515335047493100, 0.8682046170340285100, 1.000000000000000000 ),
 .UNSPECIFIED. ) ;
#421 = VECTOR ( 'NONE', #461, 1000.000000000000000 ) ;
#422 = DIRECTION ( 'NONE',  ( 1.000000000000000000, 0.0000000000000000000, 0.0000000000000000000 ) ) ;
#423 = VERTEX_POINT ( 'NONE', #7 ) ;
#424 = ADVANCED_FACE ( 'NONE', ( #1736 ), #1976, .T. ) ;
#425 = CARTESIAN_POINT ( 'NONE',  ( 0.4881888140544302600, 1.249000000000000100, -0.8146705004231378200 ) ) ;
#426 = STYLED_ITEM ( 'NONE', ( #2542 ), #2596 ) ;
#427 = CARTESIAN_POINT ( 'NONE',  ( 0.7098050945909284400, 1.249000000000000300, -0.5772070018830165500 ) ) ;
#428 = VECTOR ( 'NONE', #359, 1000.000000000000000 ) ;
#429 = SURFACE_STYLE_USAGE ( .BOTH. , #2131 ) ;
#430 = CARTESIAN_POINT ( 'NONE',  ( -0.8861860807787974600, 1.250000000000000000, -0.3594992125984237700 ) ) ;
#431 = PLANE ( 'NONE',  #2580 ) ;
#432 = UNCERTAINTY_MEASURE_WITH_UNIT (LENGTH_MEASURE( 1.000000000000000100E-005 ), #1072, 'distance_accuracy_value', 'NONE');
#433 = COLOUR_RGB ( '',0.8274509803921568100, 0.8392156862745098200, 0.8274509803921568100 ) ;
#434 = EDGE_LOOP ( 'NONE', ( #2472, #1522, #2800, #2988, #2918, #3063, #598, #819 ) ) ;
#435 = VERTEX_POINT ( 'NONE', #50 ) ;
#436 =( GEOMETRIC_REPRESENTATION_CONTEXT ( 3 ) GLOBAL_UNCERTAINTY_ASSIGNED_CONTEXT ( ( #711 ) ) GLOBAL_UNIT_ASSIGNED_CONTEXT ( ( #2491, #417, #1058 ) ) REPRESENTATION_CONTEXT ( 'NONE', 'WORKASPACE' ) );
#437 = EDGE_LOOP ( 'NONE', ( #1794, #2267, #1968, #1275, #2861, #947, #2697, #1432 ) ) ;
#438 = CARTESIAN_POINT ( 'NONE',  ( 0.7098050945909284400, 1.250000000000000200, -0.5772070018830165500 ) ) ;
#439 = ORIENTED_EDGE ( 'NONE', *, *, #1563, .F. ) ;
#440 = SURFACE_STYLE_FILL_AREA ( #523 ) ;
#441 = CARTESIAN_POINT ( 'NONE',  ( 0.7579917206876328800, 1.249000000000000100, 0.6015272057152162300 ) ) ;
#442 = ADVANCED_FACE ( 'NONE', ( #2311 ), #2474, .T. ) ;
#443 =( NAMED_UNIT ( * ) SI_UNIT ( $, .STERADIAN. ) SOLID_ANGLE_UNIT ( ) );
#444 = SURFACE_SIDE_STYLE ('',( #818 ) ) ;
#445 = CARTESIAN_POINT ( 'NONE',  ( -1.227598197486963600, 1.250000000000000000, 1.304946864401787000 ) ) ;
#446 = DIRECTION ( 'NONE',  ( -1.000000000000000000, 0.0000000000000000000, 0.0000000000000000000 ) ) ;
#447 = ORIENTED_EDGE ( 'NONE', *, *, #1088, .F. ) ;
#448 = CARTESIAN_POINT ( 'NONE',  ( -0.4787041910150179900, 1.250000000000000000, -0.3115338582677174600 ) ) ;
#449 = DIRECTION ( 'NONE',  ( 1.000000000000000000, 0.0000000000000000000, 0.0000000000000000000 ) ) ;
#450 = ORIENTED_EDGE ( 'NONE', *, *, #1280, .T. ) ;
#451 = CARTESIAN_POINT ( 'NONE',  ( 0.6724336686852933100, 1.249000000000000100, -0.5987181975187696500 ) ) ;
#452 = CARTESIAN_POINT ( 'NONE',  ( 0.9627039328275779400, 1.249999999999999800, 0.5793520367735234300 ) ) ;
#453 = CARTESIAN_POINT ( 'NONE',  ( -0.3636411988890333500, 1.249000000000000100, -0.1087102362204734500 ) ) ;
#454 =( NAMED_UNIT ( * ) SI_UNIT ( $, .STERADIAN. ) SOLID_ANGLE_UNIT ( ) );
#455 = FILL_AREA_STYLE_COLOUR ( '', #2654 ) ;
#456 = ORIENTED_EDGE ( 'NONE', *, *, #2257, .T. ) ;
#457 = PRESENTATION_LAYER_ASSIGNMENT (  '', '', ( #130 ) ) ;
#458 = LINE ( 'NONE', #2081, #1123 ) ;
#459 = FILL_AREA_STYLE ('',( #370 ) ) ;
#460 = MECHANICAL_DESIGN_GEOMETRIC_PRESENTATION_REPRESENTATION (  '', ( #3114 ), #631 ) ;
#461 = DIRECTION ( 'NONE',  ( -1.000000000000000000, 0.0000000000000000000, 0.0000000000000000000 ) ) ;
#462 = EDGE_LOOP ( 'NONE', ( #1285, #1812, #1457, #1682 ) ) ;
#463 = MECHANICAL_DESIGN_GEOMETRIC_PRESENTATION_REPRESENTATION (  '', ( #3117 ), #636 ) ;
#464 = CARTESIAN_POINT ( 'NONE',  ( 0.9468727082851994300, 1.249000000000000100, -0.5786428561923686600 ) ) ;
#465 = FILL_AREA_STYLE ('',( #1827 ) ) ;
#466 = FILL_AREA_STYLE ('',( #2195 ) ) ;
#467 = FACE_OUTER_BOUND ( 'NONE', #60, .T. ) ;
#468 = SURFACE_SIDE_STYLE ('',( #237 ) ) ;
#469 = ORIENTED_EDGE ( 'NONE', *, *, #1226, .F. ) ;
#470 = PRESENTATION_LAYER_ASSIGNMENT (  '', '', ( #140 ) ) ;
#471 = ORIENTED_EDGE ( 'NONE', *, *, #1711, .T. ) ;
#472 = SURFACE_SIDE_STYLE ('',( #1012 ) ) ;
#473 = EDGE_LOOP ( 'NONE', ( #1134, #1869, #2110, #1632 ) ) ;
#474 = ORIENTED_EDGE ( 'NONE', *, *, #2412, .F. ) ;
#475 = CARTESIAN_POINT ( 'NONE',  ( 0.5065181409775072500, 1.249000000000000100, 0.8199448841922469800 ) ) ;
#476 = UNCERTAINTY_MEASURE_WITH_UNIT (LENGTH_MEASURE( 1.000000000000000100E-005 ), #1221, 'distance_accuracy_value', 'NONE');
#477 =( LENGTH_UNIT ( ) NAMED_UNIT ( * ) SI_UNIT ( .MILLI., .METRE. ) );
#478 = PRESENTATION_STYLE_ASSIGNMENT (( #1868 ) ) ;
#479 = CARTESIAN_POINT ( 'NONE',  ( 0.9468727082851994300, 1.250000000000000000, -0.001719779269291688600 ) ) ;
#480 = STYLED_ITEM ( 'NONE', ( #3012 ), #1175 ) ;
#481 = CARTESIAN_POINT ( 'NONE',  ( -0.6079136398339157800, 1.250000000000000000, -0.4408503937007870500 ) ) ;
#482 = SURFACE_STYLE_USAGE ( .BOTH. , #472 ) ;
#483 = PRESENTATION_STYLE_ASSIGNMENT (( #2339 ) ) ;
#484 = DIRECTION ( 'NONE',  ( 0.0000000000000000000, 0.0000000000000000000, 1.000000000000000000 ) ) ;
#485 = CARTESIAN_POINT ( 'NONE',  ( -0.2678010414087176300, 1.249000000000000100, -0.2189637795275595800 ) ) ;
#486 = SURFACE_STYLE_USAGE ( .BOTH. , #2125 ) ;
#487 = B_SPLINE_CURVE_WITH_KNOTS ( 'NONE', 3,
 ( #1475, #989, #1944, #497, #2197, #743, #2432, #997, #2666, #1240, #2898, #1485, #16, #1712, #257, #1956, #504, #2207, #755, #2444, #1004, #2671, #1254 ),
 .UNSPECIFIED., .F., .F.,
 ( 4, 1, 1, 1, 1, 1, 1, 1, 1, 1, 1, 1, 1, 1, 1, 1, 1, 1, 1, 1, 4 ),
 ( 0.0000000000000000000, 0.03151551312998467800, 0.06480979674365734700, 0.09991169883527571700, 0.1366755286001709300, 0.1751432978746824700, 0.2157650117082458600, 0.2581569125231217800, 0.3022930440652046300, 0.3927408518774002100, 0.4832984694610617000, 0.5744114847371660800, 0.6664774093514972400, 0.7120107481430554300, 0.7563744975915032100, 0.7998154803065211600, 0.8419616993485904400, 0.8828431755911850800, 0.9229180315891946100, 0.9619666184423850700, 1.000000000000000000 ),
 .UNSPECIFIED. ) ;
#488 = CARTESIAN_POINT ( 'NONE',  ( -1.123078994164623500, 1.250000000000000000, -0.2597606299212574800 ) ) ;
#489 = CARTESIAN_POINT ( 'NONE',  ( 0.4103642948236609900, 1.249000000000000100, 0.2430218072691698600 ) ) ;
#490 = PRESENTATION_STYLE_ASSIGNMENT (( #498 ) ) ;
#491 = ORIENTED_EDGE ( 'NONE', *, *, #1181, .T. ) ;
#492 = MECHANICAL_DESIGN_GEOMETRIC_PRESENTATION_REPRESENTATION (  '', ( #4 ), #656 ) ;
#493 = CARTESIAN_POINT ( 'NONE',  ( -0.3651435610937574500, 1.250000000000000000, -4.336808689942017700E-016 ) ) ;
#494 = VECTOR ( 'NONE', #2796, 1000.000000000000000 ) ;
#495 = EDGE_CURVE ( 'NONE', #2383, #611, #3126, .T. ) ;
#496 = CARTESIAN_POINT ( 'NONE',  ( 0.4948076209625805200, 1.249999999999999800, -0.8090106201230076200 ) ) ;
#497 = CARTESIAN_POINT ( 'NONE',  ( 1.104338211421708200, 1.250000000000000400, 0.7017580616468643800 ) ) ;
#498 = SURFACE_STYLE_USAGE ( .BOTH. , #304 ) ;
#499 = CARTESIAN_POINT ( 'NONE',  ( 0.4103642948236609900, 1.249000000000000100, 0.8199448841922469800 ) ) ;
#500 = LINE ( 'NONE', #1775, #2360 ) ;
#501 = FILL_AREA_STYLE_COLOUR ( '', #2119 ) ;
#502 = ORIENTED_EDGE ( 'NONE', *, *, #2259, .F. ) ;
#503 = COLOUR_RGB ( '',0.7921568627450980000, 0.8196078431372548800, 0.9333333333333333500 ) ;
#504 = CARTESIAN_POINT ( 'NONE',  ( 0.6193875387883388500, 1.250000000000000200, 0.5222871953860375200 ) ) ;
#505 = VECTOR ( 'NONE', #1639, 1000.000000000000000 ) ;
#506 = LINE ( 'NONE', #1717, #2443 ) ;
#507 = FILL_AREA_STYLE_COLOUR ( '', #3080 ) ;
#508 = DIRECTION ( 'NONE',  ( -1.000000000000000000, 0.0000000000000000000, 0.0000000000000000000 ) ) ;
#509 = CARTESIAN_POINT ( 'NONE',  ( -0.2857104902276152400, 1.249000000000000100, -0.2906818897637792300 ) ) ;
#510 = ORIENTED_EDGE ( 'NONE', *, *, #2078, .T. ) ;
#511 = CARTESIAN_POINT ( 'NONE',  ( -1.318067970542576000, 1.249000000000000100, -0.1926125984251939300 ) ) ;
#512 = CARTESIAN_POINT ( 'NONE',  ( 0.8776666429982876700, 1.250000000000000000, 0.07373306076221082500 ) ) ;
#513 = ORIENTED_EDGE ( 'NONE', *, *, #2450, .T. ) ;
#514 = SURFACE_SIDE_STYLE ('',( #2594 ) ) ;
#515 = ORIENTED_EDGE ( 'NONE', *, *, #2315, .F. ) ;
#516 =( LENGTH_UNIT ( ) NAMED_UNIT ( * ) SI_UNIT ( .MILLI., .METRE. ) );
#517 =( NAMED_UNIT ( * ) PLANE_ANGLE_UNIT ( ) SI_UNIT ( $, .RADIAN. ) );
#518 = CARTESIAN_POINT ( 'NONE',  ( 0.5083407561152231100, 1.249999999999999600, -0.7974381530436134300 ) ) ;
#519 = EDGE_CURVE ( 'NONE', #320, #1557, #1843, .T. ) ;
#520 = MECHANICAL_DESIGN_GEOMETRIC_PRESENTATION_REPRESENTATION (  '', ( #31 ), #683 ) ;
#521 = CARTESIAN_POINT ( 'NONE',  ( 0.6299999999999996700, -0.05000000000000000300, -1.345000000000000200 ) ) ;
#522 = PRESENTATION_LAYER_ASSIGNMENT (  '', '', ( #190 ) ) ;
#523 = FILL_AREA_STYLE ('',( #1737 ) ) ;
#524 = ORIENTED_EDGE ( 'NONE', *, *, #682, .F. ) ;
#525 = COLOUR_RGB ( '',0.1921568627450980200, 0.2039215686274509800, 0.2039215686274509800 ) ;
#526 = FACE_OUTER_BOUND ( 'NONE', #2653, .T. ) ;
#527 = SURFACE_SIDE_STYLE ('',( #919 ) ) ;
#528 = CARTESIAN_POINT ( 'NONE',  ( 0.7003410413480782900, 1.249000000000000100, -0.6752085315592265500 ) ) ;
#529 = CARTESIAN_POINT ( 'NONE',  ( 0.5065181409775072500, 1.250000000000000000, 0.4353294995768622900 ) ) ;
#530 = MECHANICAL_DESIGN_GEOMETRIC_PRESENTATION_REPRESENTATION (  '', ( #42 ), #696 ) ;
#531 = COLOUR_RGB ( '',1.000000000000000000, 1.000000000000000000, 1.000000000000000000 ) ;
#532 = CARTESIAN_POINT ( 'NONE',  ( 0.9985640440302052700, 1.249000000000000600, -0.4698179561953952900 ) ) ;
#533 = DIRECTION ( 'NONE',  ( 0.0000000000000000000, 0.0000000000000000000, 1.000000000000000000 ) ) ;
#534 = CARTESIAN_POINT ( 'NONE',  ( 0.4103642948236609900, 1.250000000000000000, -0.2377474235000608700 ) ) ;
#535 = SURFACE_STYLE_FILL_AREA ( #1374 ) ;
#536 = EDGE_LOOP ( 'NONE', ( #2374, #1355, #2942, #2517 ) ) ;
#537 = FILL_AREA_STYLE_COLOUR ( '', #2073 ) ;
#538 = MECHANICAL_DESIGN_GEOMETRIC_PRESENTATION_REPRESENTATION (  '', ( #52 ), #706 ) ;
#539 = MECHANICAL_DESIGN_GEOMETRIC_PRESENTATION_REPRESENTATION (  '', ( #54 ), #709 ) ;
#540 = ORIENTED_EDGE ( 'NONE', *, *, #1863, .F. ) ;
#541 = CARTESIAN_POINT ( 'NONE',  ( 1.150748910208276400, 1.249000000000000100, 0.03148334573070834400 ) ) ;
#542 = CARTESIAN_POINT ( 'NONE',  ( 0.5268333586189883900, 1.248999999999999900, -0.7003063980618183800 ) ) ;
#543 = CARTESIAN_POINT ( 'NONE',  ( 0.4103642948236609900, 1.250000000000000000, 0.8199448841922469800 ) ) ;
#544 = CARTESIAN_POINT ( 'NONE',  ( 0.9949105226086875100, 1.248999999999999900, 0.01086903589008416300 ) ) ;
#545 = EDGE_LOOP ( 'NONE', ( #2799, #2748, #2064, #1509 ) ) ;
#546 = ORIENTED_EDGE ( 'NONE', *, *, #91, .T. ) ;
#547 = DIRECTION ( 'NONE',  ( 0.0000000000000000000, 0.0000000000000000000, 1.000000000000000000 ) ) ;
#548 = ORIENTED_EDGE ( 'NONE', *, *, #224, .T. ) ;
#549 = VERTEX_POINT ( 'NONE', #5 ) ;
#550 = CARTESIAN_POINT ( 'NONE',  ( 1.150748910208276400, 1.249000000000000100, 0.03148334573070834400 ) ) ;
#551 = CARTESIAN_POINT ( 'NONE',  ( 0.9468727082851994300, 1.249000000000000100, -0.001719779269291688600 ) ) ;
#552 = STYLED_ITEM ( 'NONE', ( #116 ), #2325 ) ;
#553 = CARTESIAN_POINT ( 'NONE',  ( -1.107524663455962300, 1.250000000000000000, -0.3665999999999977600 ) ) ;
#554 = CARTESIAN_POINT ( 'NONE',  ( 1.399999999999999700, -0.05000000000000000300, 1.345000000000000400 ) ) ;
#555 = CARTESIAN_POINT ( 'NONE',  ( 1.127929917847680500, 1.248999999999999900, -0.4499907941677560600 ) ) ;
#556 = CARTESIAN_POINT ( 'NONE',  ( 0.7003410413480779500, 1.248999999999999700, -0.09828545463614962700 ) ) ;
#557 = EDGE_CURVE ( 'NONE', #692, #435, #3042, .T. ) ;
#558 = CARTESIAN_POINT ( 'NONE',  ( 1.044923278175577700, 1.248999999999999900, -0.5568147572708803700 ) ) ;
#559 = FACE_OUTER_BOUND ( 'NONE', #462, .T. ) ;
#560 =( LENGTH_UNIT ( ) NAMED_UNIT ( * ) SI_UNIT ( .MILLI., .METRE. ) );
#561 = CARTESIAN_POINT ( 'NONE',  ( 0.5528474973748627200, 1.250000000000000200, -0.1868990168699054300 ) ) ;
#562 = MECHANICAL_DESIGN_GEOMETRIC_PRESENTATION_REPRESENTATION (  '', ( #77 ), #728 ) ;
#563 = EDGE_CURVE ( 'NONE', #604, #1862, #693, .T. ) ;
#564 =( LENGTH_UNIT ( ) NAMED_UNIT ( * ) SI_UNIT ( .MILLI., .METRE. ) );
#565 = CARTESIAN_POINT ( 'NONE',  ( -0.4070034036134425600, 1.249000000000000100, -0.4408503937007879300 ) ) ;
#566 = EDGE_CURVE ( 'NONE', #1832, #1766, #2487, .T. ) ;
#567 = CARTESIAN_POINT ( 'NONE',  ( 1.026727637459864600, 1.249999999999999300, -0.4638419537726281000 ) ) ;
#568 = FACE_OUTER_BOUND ( 'NONE', #1757, .T. ) ;
#569 = FILL_AREA_STYLE_COLOUR ( '', #767 ) ;
#570 = FACE_OUTER_BOUND ( 'NONE', #1513, .T. ) ;
#571 =( GEOMETRIC_REPRESENTATION_CONTEXT ( 3 ) GLOBAL_UNCERTAINTY_ASSIGNED_CONTEXT ( ( #1316 ) ) GLOBAL_UNIT_ASSIGNED_CONTEXT ( ( #560, #2268, #806 ) ) REPRESENTATION_CONTEXT ( 'NONE', 'WORKASPACE' ) );
#572 = EDGE_CURVE ( 'NONE', #2709, #2674, #1881, .T. ) ;
#573 = VECTOR ( 'NONE', #152, 1000.000000000000000 ) ;
#574 =( NAMED_UNIT ( * ) SI_UNIT ( $, .STERADIAN. ) SOLID_ANGLE_UNIT ( ) );
#575 = UNCERTAINTY_MEASURE_WITH_UNIT (LENGTH_MEASURE( 1.000000000000000100E-005 ), #2991, 'distance_accuracy_value', 'NONE');
#576 = CARTESIAN_POINT ( 'NONE',  ( 0.5774073733921441000, 1.249999999999999800, -0.1702485250113947900 ) ) ;
#577 = FILL_AREA_STYLE ('',( #1545 ) ) ;
#578 = EDGE_CURVE ( 'NONE', #2230, #1416, #639, .T. ) ;
#579 = ORIENTED_EDGE ( 'NONE', *, *, #1454, .F. ) ;
#580 = SURFACE_STYLE_USAGE ( .BOTH. , #2026 ) ;
#581 = LINE ( 'NONE', #2545, #1859 ) ;
#582 = LINE ( 'NONE', #281, #3066 ) ;
#583 = ORIENTED_EDGE ( 'NONE', *, *, #1922, .T. ) ;
#584 = CARTESIAN_POINT ( 'NONE',  ( -0.2164160020386388700, 1.250000000000000000, -0.01149606299212686800 ) ) ;
#585 = VECTOR ( 'NONE', #1230, 1000.000000000000000 ) ;
#586 = SURFACE_STYLE_FILL_AREA ( #1330 ) ;
#587 = PRESENTATION_LAYER_ASSIGNMENT (  '', '', ( #252 ) ) ;
#588 = SURFACE_STYLE_USAGE ( .BOTH. , #377 ) ;
#589 = CARTESIAN_POINT ( 'NONE',  ( -1.318067970542576000, 1.249000000000000100, -0.1926125984251939300 ) ) ;
#590 = CARTESIAN_POINT ( 'NONE',  ( -0.3651435610937574500, 1.249000000000000100, -4.336808689942017700E-016 ) ) ;
#591 = LINE ( 'NONE', #2789, #2367 ) ;
#592 = EDGE_CURVE ( 'NONE', #1015, #976, #3100, .T. ) ;
#593 = VECTOR ( 'NONE', #2193, 1000.000000000000000 ) ;
#594 = SURFACE_STYLE_USAGE ( .BOTH. , #2037 ) ;
#595 = AXIS2_PLACEMENT_3D ( 'NONE', #886, #2564, #1142 ) ;
#596 = CARTESIAN_POINT ( 'NONE',  ( -1.292915214637066400, 1.249000000000000100, -0.2800440944881856200 ) ) ;
#597 = CARTESIAN_POINT ( 'NONE',  ( 0.7579917206876328800, 1.250000000000000200, 0.02460412879213914900 ) ) ;
#598 = ORIENTED_EDGE ( 'NONE', *, *, #184, .F. ) ;
#599 =( LENGTH_UNIT ( ) NAMED_UNIT ( * ) SI_UNIT ( .MILLI., .METRE. ) );
#600 = VERTEX_POINT ( 'NONE', #2762 ) ;
#601 = CARTESIAN_POINT ( 'NONE',  ( 0.5298965353608653400, 1.250000000000000000, -0.2037494561333616000 ) ) ;
#602 = DIRECTION ( 'NONE',  ( 0.0000000000000000000, 0.0000000000000000000, 1.000000000000000000 ) ) ;
#603 = CARTESIAN_POINT ( 'NONE',  ( 1.079574179478380400, 1.248999999999999700, -0.4548815015134373100 ) ) ;
#604 = VERTEX_POINT ( 'NONE', #2681 ) ;
#605 = COLOUR_RGB ( '',1.000000000000000000, 1.000000000000000000, 1.000000000000000000 ) ;
#606 = DIRECTION ( 'NONE',  ( -0.0000000000000000000, 1.000000000000000000, -0.0000000000000000000 ) ) ;
#607 = CARTESIAN_POINT ( 'NONE',  ( -1.171628600463835900, 1.249000000000000100, -0.1527685039370064400 ) ) ;
#608 = CARTESIAN_POINT ( 'NONE',  ( 0.7098050945909277800, 1.249999999999999800, -0.0002839249599394409400 ) ) ;
#609 = DIRECTION ( 'NONE',  ( -0.0000000000000000000, 0.0000000000000000000, 1.000000000000000000 ) ) ;
#610 =( NAMED_UNIT ( * ) PLANE_ANGLE_UNIT ( ) SI_UNIT ( $, .RADIAN. ) );
#611 = VERTEX_POINT ( 'NONE', #445 ) ;
#612 = SURFACE_STYLE_FILL_AREA ( #419 ) ;
#613 =( NAMED_UNIT ( * ) PLANE_ANGLE_UNIT ( ) SI_UNIT ( $, .RADIAN. ) );
#614 = SURFACE_STYLE_FILL_AREA ( #465 ) ;
#615 = CARTESIAN_POINT ( 'NONE',  ( -1.171628600463835900, 1.249000000000000100, -0.1527685039370064400 ) ) ;
#616 = PRESENTATION_STYLE_ASSIGNMENT (( #2476 ) ) ;
#617 = FILL_AREA_STYLE_COLOUR ( '', #1050 ) ;
#618 = UNCERTAINTY_MEASURE_WITH_UNIT (LENGTH_MEASURE( 1.000000000000000100E-005 ), #1816, 'distance_accuracy_value', 'NONE');
#619 = SURFACE_SIDE_STYLE ('',( #612 ) ) ;
#620 = CARTESIAN_POINT ( 'NONE',  ( 0.8776666429982876700, 1.249000000000000100, 0.07373306076221082500 ) ) ;
#621 = ORIENTED_EDGE ( 'NONE', *, *, #2036, .F. ) ;
#622 = ORIENTED_EDGE ( 'NONE', *, *, #2975, .T. ) ;
#623 = CARTESIAN_POINT ( 'NONE',  ( 1.150748910208276400, 1.250000000000000000, -0.5454397311923685500 ) ) ;
#624 = FILL_AREA_STYLE_COLOUR ( '', #1080 ) ;
#625 = CARTESIAN_POINT ( 'NONE',  ( 0.6724336686852935300, 1.250000000000000000, -0.02179512059569282300 ) ) ;
#626 =( LENGTH_UNIT ( ) NAMED_UNIT ( * ) SI_UNIT ( .MILLI., .METRE. ) );
#627 = COLOUR_RGB ( '',1.000000000000000000, 1.000000000000000000, 1.000000000000000000 ) ;
#628 = EDGE_LOOP ( 'NONE', ( #524, #1897, #167, #2335 ) ) ;
#629 = MECHANICAL_DESIGN_GEOMETRIC_PRESENTATION_REPRESENTATION (  '', ( #130 ), #791 ) ;
#630 = DIRECTION ( 'NONE',  ( -0.0000000000000000000, 1.000000000000000000, -0.0000000000000000000 ) ) ;
#631 =( GEOMETRIC_REPRESENTATION_CONTEXT ( 3 ) GLOBAL_UNCERTAINTY_ASSIGNED_CONTEXT ( ( #2899 ) ) GLOBAL_UNIT_ASSIGNED_CONTEXT ( ( #817, #827, #836 ) ) REPRESENTATION_CONTEXT ( 'NONE', 'WORKASPACE' ) );
#632 = FACE_OUTER_BOUND ( 'NONE', #865, .T. ) ;
#633 = EDGE_LOOP ( 'NONE', ( #195, #2768, #1105, #2322 ) ) ;
#634 = EDGE_LOOP ( 'NONE', ( #2475, #1910, #1255, #2095 ) ) ;
#635 = DIRECTION ( 'NONE',  ( 0.0000000000000000000, 0.0000000000000000000, 1.000000000000000000 ) ) ;
#636 =( GEOMETRIC_REPRESENTATION_CONTEXT ( 3 ) GLOBAL_UNCERTAINTY_ASSIGNED_CONTEXT ( ( #3070 ) ) GLOBAL_UNIT_ASSIGNED_CONTEXT ( ( #516, #2223, #770 ) ) REPRESENTATION_CONTEXT ( 'NONE', 'WORKASPACE' ) );
#637 = DIRECTION ( 'NONE',  ( -0.0000000000000000000, 1.000000000000000000, -0.0000000000000000000 ) ) ;
#638 = CARTESIAN_POINT ( 'NONE',  ( 0.6452790501254728200, 1.250000000000000200, -0.03795602798526487300 ) ) ;
#639 = LINE ( 'NONE', #1631, #1140 ) ;
#640 = MECHANICAL_DESIGN_GEOMETRIC_PRESENTATION_REPRESENTATION (  '', ( #140 ), #801 ) ;
#641 = PLANE ( 'NONE',  #309 ) ;
#642 = ADVANCED_FACE ( 'NONE', ( #559 ), #2894, .F. ) ;
#643 = CARTESIAN_POINT ( 'NONE',  ( 1.026727637459865100, 1.250000000000000400, 0.6900042000735258100 ) ) ;
#644 = CARTESIAN_POINT ( 'NONE',  ( 0.4103642948236609900, 1.249000000000000100, 0.3391756534230161400 ) ) ;
#645 = CARTESIAN_POINT ( 'NONE',  ( 0.5065181409775072500, 1.250000000000000000, -0.1415935773462147500 ) ) ;
#646 = LINE ( 'NONE', #1478, #3133 ) ;
#647 = AXIS2_PLACEMENT_3D ( 'NONE', #3121, #1337, #1817 ) ;
#648 = COLOUR_RGB ( '',1.000000000000000000, 1.000000000000000000, 1.000000000000000000 ) ;
#649 = LINE ( 'NONE', #679, #1855 ) ;
#650 = CARTESIAN_POINT ( 'NONE',  ( 1.104338211421708400, 1.250000000000000700, -0.4520880921992900800 ) ) ;
#651 = CARTESIAN_POINT ( 'NONE',  ( 0.7098050945909277800, 1.248999999999999700, 0.5766391519631374200 ) ) ;
#652 =( NAMED_UNIT ( * ) SI_UNIT ( $, .STERADIAN. ) SOLID_ANGLE_UNIT ( ) );
#653 = DIRECTION ( 'NONE',  ( -0.0000000000000000000, 1.000000000000000000, -0.0000000000000000000 ) ) ;
#654 = CARTESIAN_POINT ( 'NONE',  ( 0.8810017367214070200, 1.249000000000000100, 0.5559786359408218600 ) ) ;
#655 = ADVANCED_FACE ( 'NONE', ( #1144 ), #367, .F. ) ;
#656 =( GEOMETRIC_REPRESENTATION_CONTEXT ( 3 ) GLOBAL_UNCERTAINTY_ASSIGNED_CONTEXT ( ( #1567 ) ) GLOBAL_UNIT_ASSIGNED_CONTEXT ( ( #1837, #376, #2079 ) ) REPRESENTATION_CONTEXT ( 'NONE', 'WORKASPACE' ) );
#657 = VERTEX_POINT ( 'NONE', #803 ) ;
#658 = EDGE_CURVE ( 'NONE', #779, #2408, #2746, .T. ) ;
#659 = CARTESIAN_POINT ( 'NONE',  ( 0.5484227859363809400, 1.250000000000000200, 0.4710050742925633300 ) ) ;
#660 = FILL_AREA_STYLE_COLOUR ( '', #1386 ) ;
#661 = CARTESIAN_POINT ( 'NONE',  ( 0.4103642948236609900, 1.249000000000000100, 0.8199448841922469800 ) ) ;
#662 = LINE ( 'NONE', #1694, #1323 ) ;
#663 = ORIENTED_EDGE ( 'NONE', *, *, #1552, .T. ) ;
#664 = ORIENTED_EDGE ( 'NONE', *, *, #730, .F. ) ;
#665 = FILL_AREA_STYLE ('',( #2583 ) ) ;
#666 = ORIENTED_EDGE ( 'NONE', *, *, #3035, .T. ) ;
#667 = CARTESIAN_POINT ( 'NONE',  ( 1.143283040082379700, 1.249999999999999800, -0.4495165157309847200 ) ) ;
#668 = ADVANCED_FACE ( 'NONE', ( #829 ), #2204, .F. ) ;
#669 = CARTESIAN_POINT ( 'NONE',  ( -0.6299999999999996700, -0.05000000000000000300, 1.345000000000000000 ) ) ;
#670 = PLANE ( 'NONE',  #1405 ) ;
#671 = UNCERTAINTY_MEASURE_WITH_UNIT (LENGTH_MEASURE( 1.000000000000000100E-005 ), #2695, 'distance_accuracy_value', 'NONE');
#672 = B_SPLINE_CURVE_WITH_KNOTS ( 'NONE', 3,
 ( #2636, #368, #544, #2526, #2217, #1999, #1745 ),
 .UNSPECIFIED., .F., .F.,
 ( 4, 1, 1, 1, 4 ),
 ( 0.0000000000000000000, 0.2372165186042107800, 0.4825864912431359600, 0.7368469271779308800, 0.9999999999999998900 ),
 .UNSPECIFIED. ) ;
#673 = ORIENTED_EDGE ( 'NONE', *, *, #328, .F. ) ;
#674 = PRESENTATION_STYLE_ASSIGNMENT (( #2221 ) ) ;
#675 =( NAMED_UNIT ( * ) PLANE_ANGLE_UNIT ( ) SI_UNIT ( $, .RADIAN. ) );
#676 = CARTESIAN_POINT ( 'NONE',  ( 1.104338211421708200, 1.249000000000000600, 0.7017580616468643800 ) ) ;
#677 = SURFACE_STYLE_FILL_AREA ( #2348 ) ;
#678 = CARTESIAN_POINT ( 'NONE',  ( -1.005841198889033200, 1.250000000000000000, -0.3864629921259831200 ) ) ;
#679 = CARTESIAN_POINT ( 'NONE',  ( 0.4103642948236609900, 1.249000000000000100, 0.2430218072691698600 ) ) ;
#680 = EDGE_LOOP ( 'NONE', ( #1977, #1693 ) ) ;
#681 = ADVANCED_FACE ( 'NONE', ( #2518 ), #136, .T. ) ;
#682 = EDGE_CURVE ( 'NONE', #2162, #53, #360, .T. ) ;
#683 =( GEOMETRIC_REPRESENTATION_CONTEXT ( 3 ) GLOBAL_UNCERTAINTY_ASSIGNED_CONTEXT ( ( #809 ) ) GLOBAL_UNIT_ASSIGNED_CONTEXT ( ( #1308, #1332, #1350 ) ) REPRESENTATION_CONTEXT ( 'NONE', 'WORKASPACE' ) );
#684 =( NAMED_UNIT ( * ) SI_UNIT ( $, .STERADIAN. ) SOLID_ANGLE_UNIT ( ) );
#685 = CARTESIAN_POINT ( 'NONE',  ( 0.6724336686852933100, 1.250000000000000000, -0.5987181975187696500 ) ) ;
#686 = VECTOR ( 'NONE', #1994, 1000.000000000000000 ) ;
#687 = CARTESIAN_POINT ( 'NONE',  ( 0.6724336686852935300, 1.249000000000000300, 0.5551279563273842100 ) ) ;
#688 = MECHANICAL_DESIGN_GEOMETRIC_PRESENTATION_REPRESENTATION (  '', ( #190 ), #858 ) ;
#689 = PRESENTATION_STYLE_ASSIGNMENT (( #822 ) ) ;
#690 = CARTESIAN_POINT ( 'NONE',  ( 1.399999999999999700, -0.05000000000000000300, 1.345000000000000400 ) ) ;
#691 = CARTESIAN_POINT ( 'NONE',  ( 0.5945848048040398600, 1.250000000000000000, -0.6483815089187579000 ) ) ;
#692 = VERTEX_POINT ( 'NONE', #264 ) ;
#693 = B_SPLINE_CURVE_WITH_KNOTS ( 'NONE', 3,
 ( #1081, #1218, #1662, #1237 ),
 .UNSPECIFIED., .F., .F.,
 ( 4, 4 ),
 ( 0.3636363636363636500, 0.4545454545454545900 ),
 .UNSPECIFIED. ) ;
#694 = CARTESIAN_POINT ( 'NONE',  ( 0.5065181409775072500, 1.250000000000000000, 0.4353294995768622900 ) ) ;
#695 = ORIENTED_EDGE ( 'NONE', *, *, #2450, .F. ) ;
#696 =( GEOMETRIC_REPRESENTATION_CONTEXT ( 3 ) GLOBAL_UNCERTAINTY_ASSIGNED_CONTEXT ( ( #2177 ) ) GLOBAL_UNIT_ASSIGNED_CONTEXT ( ( #1143, #2422, #3005 ) ) REPRESENTATION_CONTEXT ( 'NONE', 'WORKASPACE' ) );
#697 = CARTESIAN_POINT ( 'NONE',  ( 1.150748910208276400, 1.249000000000000100, -0.5454397311923685500 ) ) ;
#698 = CARTESIAN_POINT ( 'NONE',  ( 0.9468727082851994300, 1.249000000000000100, -0.5786428561923686600 ) ) ;
#699 = CARTESIAN_POINT ( 'NONE',  ( 0.9985640440302052700, 1.250000000000000400, -0.4698179561953952900 ) ) ;
#700 = FACE_BOUND ( 'NONE', #2398, .T. ) ;
#701 = ORIENTED_EDGE ( 'NONE', *, *, #224, .F. ) ;
#702 = DIRECTION ( 'NONE',  ( -1.000000000000000000, -0.0000000000000000000, -0.0000000000000000000 ) ) ;
#703 = CARTESIAN_POINT ( 'NONE',  ( 0.4103642948236609900, 1.249000000000000100, 0.3391756534230161400 ) ) ;
#704 = SURFACE_STYLE_FILL_AREA ( #1222 ) ;
#705 = ORIENTED_EDGE ( 'NONE', *, *, #3067, .F. ) ;
#706 =( GEOMETRIC_REPRESENTATION_CONTEXT ( 3 ) GLOBAL_UNCERTAINTY_ASSIGNED_CONTEXT ( ( #1517 ) ) GLOBAL_UNIT_ASSIGNED_CONTEXT ( ( #2461, #1964, #1735 ) ) REPRESENTATION_CONTEXT ( 'NONE', 'WORKASPACE' ) );
#707 = EDGE_LOOP ( 'NONE', ( #1100, #2080 ) ) ;
#708 = CARTESIAN_POINT ( 'NONE',  ( 1.127929917847680500, 1.249999999999999800, -0.4499907941677560600 ) ) ;
#709 =( GEOMETRIC_REPRESENTATION_CONTEXT ( 3 ) GLOBAL_UNCERTAINTY_ASSIGNED_CONTEXT ( ( #1011 ) ) GLOBAL_UNIT_ASSIGNED_CONTEXT ( ( #2289, #2301, #2314 ) ) REPRESENTATION_CONTEXT ( 'NONE', 'WORKASPACE' ) );
#710 = PLANE ( 'NONE',  #1126 ) ;
#711 = UNCERTAINTY_MEASURE_WITH_UNIT (LENGTH_MEASURE( 1.000000000000000100E-005 ), #2491, 'distance_accuracy_value', 'NONE');
#712 = CARTESIAN_POINT ( 'NONE',  ( 1.104338211421708400, 1.249000000000000800, -0.4520880921992900800 ) ) ;
#713 = CARTESIAN_POINT ( 'NONE',  ( -1.005841198889033200, 1.249000000000000100, -0.3864629921259831200 ) ) ;
#714 = CARTESIAN_POINT ( 'NONE',  ( 1.399999999999999700, -0.05000000000000000300, -1.345000000000000400 ) ) ;
#715 = DIRECTION ( 'NONE',  ( 0.0000000000000000000, 0.0000000000000000000, 1.000000000000000000 ) ) ;
#716 =( LENGTH_UNIT ( ) NAMED_UNIT ( * ) SI_UNIT ( .MILLI., .METRE. ) );
#717 = CARTESIAN_POINT ( 'NONE',  ( 0.4881888140544302600, 1.249999999999999300, -0.2377474235000608700 ) ) ;
#718 = EDGE_CURVE ( 'NONE', #1733, #1828, #1027, .T. ) ;
#719 = CARTESIAN_POINT ( 'NONE',  ( 0.9468727082851994300, 1.250000000000000000, -0.5786428561923686600 ) ) ;
#720 = LINE ( 'NONE', #1703, #2427 ) ;
#721 = LINE ( 'NONE', #2623, #2642 ) ;
#722 = FACE_OUTER_BOUND ( 'NONE', #3115, .T. ) ;
#723 = DIRECTION ( 'NONE',  ( 0.6128916609699321900, -0.0000000000000000000, -0.7901669519244131100 ) ) ;
#724 =( NAMED_UNIT ( * ) PLANE_ANGLE_UNIT ( ) SI_UNIT ( $, .RADIAN. ) );
#725 = CARTESIAN_POINT ( 'NONE',  ( -1.171628600463835900, 1.250000000000000000, -0.1527685039370064400 ) ) ;
#726 = COLOUR_RGB ( '',1.000000000000000000, 1.000000000000000000, 1.000000000000000000 ) ;
#727 = ORIENTED_EDGE ( 'NONE', *, *, #913, .T. ) ;
#728 =( GEOMETRIC_REPRESENTATION_CONTEXT ( 3 ) GLOBAL_UNCERTAINTY_ASSIGNED_CONTEXT ( ( #906 ) ) GLOBAL_UNIT_ASSIGNED_CONTEXT ( ( #2460, #1548, #1163 ) ) REPRESENTATION_CONTEXT ( 'NONE', 'WORKASPACE' ) );
#729 = EDGE_CURVE ( 'NONE', #393, #2030, #2846, .T. ) ;
#730 = EDGE_CURVE ( 'NONE', #1756, #435, #2235, .T. ) ;
#731 = VECTOR ( 'NONE', #165, 1000.000000000000000 ) ;
#732 = DIRECTION ( 'NONE',  ( -0.0000000000000000000, 1.000000000000000000, -0.0000000000000000000 ) ) ;
#733 = DIRECTION ( 'NONE',  ( 0.0000000000000000000, -0.0000000000000000000, 1.000000000000000000 ) ) ;
#734 = ORIENTED_EDGE ( 'NONE', *, *, #2189, .T. ) ;
#735 = CARTESIAN_POINT ( 'NONE',  ( -1.123078994164623500, 1.249000000000000100, -0.2597606299212574800 ) ) ;
#736 = PRESENTATION_LAYER_ASSIGNMENT (  '', '', ( #404 ) ) ;
#737 = CARTESIAN_POINT ( 'NONE',  ( -1.600000000000001000, 0.0000000000000000000, -1.600000000000000500 ) ) ;
#738 = FILL_AREA_STYLE ('',( #65 ) ) ;
#739 = EDGE_CURVE ( 'NONE', #1416, #2955, #1414, .T. ) ;
#740 = FACE_OUTER_BOUND ( 'NONE', #628, .T. ) ;
#741 = ORIENTED_EDGE ( 'NONE', *, *, #349, .F. ) ;
#742 = PRODUCT_DEFINITION_CONTEXT ( 'detailed design', #2970, 'design' ) ;
#743 = CARTESIAN_POINT ( 'NONE',  ( 1.053721479530609100, 1.250000000000000200, 0.6950192004254538400 ) ) ;
#744 = ORIENTED_EDGE ( 'NONE', *, *, #1280, .F. ) ;
#745 = CARTESIAN_POINT ( 'NONE',  ( 1.399999999999999700, -0.05000000000000000300, 1.345000000000000400 ) ) ;
#746 =( LENGTH_UNIT ( ) NAMED_UNIT ( * ) SI_UNIT ( .MILLI., .METRE. ) );
#747 = ORIENTED_EDGE ( 'NONE', *, *, #3037, .F. ) ;
#748 = CARTESIAN_POINT ( 'NONE',  ( -0.8612537973142278000, 1.249000000000000100, 0.2603779527559065300 ) ) ;
#749 = MECHANICAL_DESIGN_GEOMETRIC_PRESENTATION_REPRESENTATION (  '', ( #252 ), #911 ) ;
#750 = EDGE_CURVE ( 'NONE', #2148, #423, #1588, .T. ) ;
#751 = DIRECTION ( 'NONE',  ( 0.0000000000000000000, 8.195870038086952000E-013, -1.000000000000000000 ) ) ;
#752 = CARTESIAN_POINT ( 'NONE',  ( 0.6193875387883388500, 1.249999999999999600, -0.05463588153703961100 ) ) ;
#753 = VECTOR ( 'NONE', #2191, 1000.000000000000000 ) ;
#754 = AXIS2_PLACEMENT_3D ( 'NONE', #2981, #1551, #96 ) ;
#755 = CARTESIAN_POINT ( 'NONE',  ( 0.5708565154479093900, 1.250000000000000200, 0.4884849057810280400 ) ) ;
#756 = DIRECTION ( 'NONE',  ( 1.000000000000000000, 0.0000000000000000000, 0.0000000000000000000 ) ) ;
#757 = DIRECTION ( 'NONE',  ( 0.0000000000000000000, 1.000000000000000000, 0.0000000000000000000 ) ) ;
#758 = SURFACE_STYLE_USAGE ( .BOTH. , #771 ) ;
#759 = FILL_AREA_STYLE ('',( #507 ) ) ;
#760 = PRESENTATION_LAYER_ASSIGNMENT (  '', '', ( #1023 ) ) ;
#761 = ORIENTED_EDGE ( 'NONE', *, *, #2413, .T. ) ;
#762 = PRESENTATION_LAYER_ASSIGNMENT (  '', '', ( #426 ) ) ;
#763 = CARTESIAN_POINT ( 'NONE',  ( -0.4070034036134425600, 1.249000000000000100, -0.4408503937007879300 ) ) ;
#764 = ORIENTED_EDGE ( 'NONE', *, *, #826, .F. ) ;
#765 = FILL_AREA_STYLE_COLOUR ( '', #866 ) ;
#766 = CARTESIAN_POINT ( 'NONE',  ( 0.6597522047426003200, 1.250000000000000000, 0.4566933407680357500 ) ) ;
#767 = COLOUR_RGB ( '',0.8274509803921568100, 0.8392156862745098200, 0.8274509803921568100 ) ;
#768 =( LENGTH_UNIT ( ) NAMED_UNIT ( * ) SI_UNIT ( .MILLI., .METRE. ) );
#769 = STYLED_ITEM ( 'NONE', ( #2020 ), #1883 ) ;
#770 =( NAMED_UNIT ( * ) SI_UNIT ( $, .STERADIAN. ) SOLID_ANGLE_UNIT ( ) );
#771 = SURFACE_SIDE_STYLE ('',( #2896 ) ) ;
#772 = CARTESIAN_POINT ( 'NONE',  ( 0.5298965353608653400, 1.249999999999999600, -0.7806725330564384700 ) ) ;
#773 = CARTESIAN_POINT ( 'NONE',  ( 1.399999999999999700, -0.05000000000000000300, -1.345000000000000400 ) ) ;
#774 = CARTESIAN_POINT ( 'NONE',  ( 0.4948076209625807400, 1.249000000000000100, -0.2320875431999308600 ) ) ;
#775 = FILL_AREA_STYLE ('',( #765 ) ) ;
#776 = CARTESIAN_POINT ( 'NONE',  ( 0.9287008160760932300, 1.250000000000000000, 0.08941296079105255600 ) ) ;
#777 = ORIENTED_EDGE ( 'NONE', *, *, #230, .F. ) ;
#778 = FACE_BOUND ( 'NONE', #437, .T. ) ;
#779 = VERTEX_POINT ( 'NONE', #607 ) ;
#780 =( LENGTH_UNIT ( ) NAMED_UNIT ( * ) SI_UNIT ( .MILLI., .METRE. ) );
#781 = FILL_AREA_STYLE ('',( #624 ) ) ;
#782 = CARTESIAN_POINT ( 'NONE',  ( 0.7523609121438871200, 1.249000000000000100, -0.6491600027661639200 ) ) ;
#783 = VECTOR ( 'NONE', #2857, 1000.000000000000000 ) ;
#784 = CARTESIAN_POINT ( 'NONE',  ( 0.9287008160760934500, 1.249000000000000300, -0.4875101161320244400 ) ) ;
#785 = ORIENTED_EDGE ( 'NONE', *, *, #3094, .F. ) ;
#786 = SURFACE_SIDE_STYLE ('',( #285 ) ) ;
#787 = CARTESIAN_POINT ( 'NONE',  ( 0.5945848048040396300, 1.250000000000000000, -0.07145843199568108200 ) ) ;
#788 = VERTEX_POINT ( 'NONE', #521 ) ;
#789 = SURFACE_SIDE_STYLE ('',( #38 ) ) ;
#790 = FACE_OUTER_BOUND ( 'NONE', #2905, .T. ) ;
#791 =( GEOMETRIC_REPRESENTATION_CONTEXT ( 3 ) GLOBAL_UNCERTAINTY_ASSIGNED_CONTEXT ( ( #671 ) ) GLOBAL_UNIT_ASSIGNED_CONTEXT ( ( #2695, #1271, #2931 ) ) REPRESENTATION_CONTEXT ( 'NONE', 'WORKASPACE' ) );
#792 = CARTESIAN_POINT ( 'NONE',  ( -0.6299999999999996700, -0.05000000000000000300, 1.345000000000000000 ) ) ;
#793 = CARTESIAN_POINT ( 'NONE',  ( 0.5945848048040396300, 1.249999999999998700, -0.07145843199568108200 ) ) ;
#794 = CARTESIAN_POINT ( 'NONE',  ( 0.5065181409775072500, 1.249000000000000100, -0.7185166542692915700 ) ) ;
#795 = SURFACE_STYLE_USAGE ( .BOTH. , #786 ) ;
#796 = CARTESIAN_POINT ( 'NONE',  ( 0.5708565154479093900, 1.250000000000000000, -0.08843817114204918800 ) ) ;
#797 = SURFACE_STYLE_FILL_AREA ( #665 ) ;
#798 = LINE ( 'NONE', #2424, #143 ) ;
#799 = CARTESIAN_POINT ( 'NONE',  ( -1.209201828810294800, 1.250000000000000000, -0.3467385826771644000 ) ) ;
#800 = DIRECTION ( 'NONE',  ( 0.03487826274237470400, -0.9987827659587182900, 0.03487826274237469700 ) ) ;
#801 =( GEOMETRIC_REPRESENTATION_CONTEXT ( 3 ) GLOBAL_UNCERTAINTY_ASSIGNED_CONTEXT ( ( #2274 ) ) GLOBAL_UNIT_ASSIGNED_CONTEXT ( ( #3084, #1642, #2819 ) ) REPRESENTATION_CONTEXT ( 'NONE', 'WORKASPACE' ) );
#802 = CARTESIAN_POINT ( 'NONE',  ( 0.8163727917268464000, 1.248999999999999900, -0.04503794086383463400 ) ) ;
#803 = CARTESIAN_POINT ( 'NONE',  ( 0.5065181409775072500, 1.250000000000000000, -0.3339012696539069800 ) ) ;
#804 = ORIENTED_EDGE ( 'NONE', *, *, #3037, .T. ) ;
#805 = ORIENTED_EDGE ( 'NONE', *, *, #2567, .F. ) ;
#806 =( NAMED_UNIT ( * ) SI_UNIT ( $, .STERADIAN. ) SOLID_ANGLE_UNIT ( ) );
#807 = FILL_AREA_STYLE_COLOUR ( '', #525 ) ;
#808 = MECHANICAL_DESIGN_GEOMETRIC_PRESENTATION_REPRESENTATION (  '', ( #480 ), #986 ) ;
#809 = UNCERTAINTY_MEASURE_WITH_UNIT (LENGTH_MEASURE( 1.000000000000000100E-005 ), #1308, 'distance_accuracy_value', 'NONE');
#810 = CARTESIAN_POINT ( 'NONE',  ( 0.9468727082851994300, 1.250000000000000000, -0.001719779269291688600 ) ) ;
#811 =( NAMED_UNIT ( * ) SI_UNIT ( $, .STERADIAN. ) SOLID_ANGLE_UNIT ( ) );
#812 = CARTESIAN_POINT ( 'NONE',  ( 0.6724336686852935300, 1.249000000000000100, -0.02179512059569282300 ) ) ;
#813 = VECTOR ( 'NONE', #406, 1000.000000000000000 ) ;
#814 = CARTESIAN_POINT ( 'NONE',  ( -0.6230963169992662600, 1.249000000000000100, 0.3571622047244089000 ) ) ;
#815 = SURFACE_STYLE_FILL_AREA ( #228 ) ;
#816 = COLOUR_RGB ( '',1.000000000000000000, 1.000000000000000000, 1.000000000000000000 ) ;
#817 =( LENGTH_UNIT ( ) NAMED_UNIT ( * ) SI_UNIT ( .MILLI., .METRE. ) );
#818 = SURFACE_STYLE_FILL_AREA ( #1773 ) ;
#819 = ORIENTED_EDGE ( 'NONE', *, *, #1614, .F. ) ;
#820 = ORIENTED_EDGE ( 'NONE', *, *, #1443, .T. ) ;
#821 = STYLED_ITEM ( 'NONE', ( #2735 ), #2384 ) ;
#822 = SURFACE_STYLE_USAGE ( .BOTH. , #2277 ) ;
#823 = CARTESIAN_POINT ( 'NONE',  ( -1.171628600463835900, 1.249000000000000100, -0.1527685039370064400 ) ) ;
#824 = ORIENTED_EDGE ( 'NONE', *, *, #1911, .T. ) ;
#825 =( NAMED_UNIT ( * ) PLANE_ANGLE_UNIT ( ) SI_UNIT ( $, .RADIAN. ) );
#826 = EDGE_CURVE ( 'NONE', #2549, #2148, #1516, .T. ) ;
#827 =( NAMED_UNIT ( * ) PLANE_ANGLE_UNIT ( ) SI_UNIT ( $, .RADIAN. ) );
#828 = CARTESIAN_POINT ( 'NONE',  ( 1.143283040082379700, 1.250000000000000000, 0.1274065611920921200 ) ) ;
#829 = FACE_OUTER_BOUND ( 'NONE', #1326, .T. ) ;
#830 = CARTESIAN_POINT ( 'NONE',  ( -1.209201828810294800, 1.250000000000000000, -0.3467385826771644000 ) ) ;
#831 =( NAMED_UNIT ( * ) SI_UNIT ( $, .STERADIAN. ) SOLID_ANGLE_UNIT ( ) );
#832 = FILL_AREA_STYLE_COLOUR ( '', #2252 ) ;
#833 = CARTESIAN_POINT ( 'NONE',  ( -0.3636411988890333500, 1.249000000000000100, -0.1087102362204734500 ) ) ;
#834 =( NAMED_UNIT ( * ) PLANE_ANGLE_UNIT ( ) SI_UNIT ( $, .RADIAN. ) );
#835 = UNCERTAINTY_MEASURE_WITH_UNIT (LENGTH_MEASURE( 1.000000000000000100E-005 ), #191, 'distance_accuracy_value', 'NONE');
#836 =( NAMED_UNIT ( * ) SI_UNIT ( $, .STERADIAN. ) SOLID_ANGLE_UNIT ( ) );
#837 = CARTESIAN_POINT ( 'NONE',  ( 0.5484227859363810500, 1.250000000000000000, -0.1059180026305135600 ) ) ;
#838 = ORIENTED_EDGE ( 'NONE', *, *, #1806, .F. ) ;
#839 = FACE_OUTER_BOUND ( 'NONE', #1966, .T. ) ;
#840 = ORIENTED_EDGE ( 'NONE', *, *, #1249, .F. ) ;
#841 = SURFACE_STYLE_FILL_AREA ( #2923 ) ;
#842 = CARTESIAN_POINT ( 'NONE',  ( -0.2206191516449379500, 1.249000000000000100, -0.1424393700787413600 ) ) ;
#843 = FACE_OUTER_BOUND ( 'NONE', #1075, .T. ) ;
#844 = CARTESIAN_POINT ( 'NONE',  ( 0.6597522047426003200, 1.250000000000000200, -0.1202297361550413600 ) ) ;
#845 = DIRECTION ( 'NONE',  ( -1.000000000000000000, 0.0000000000000000000, 0.0000000000000000000 ) ) ;
#846 = VECTOR ( 'NONE', #934, 1000.000000000000000 ) ;
#847 = DIRECTION ( 'NONE',  ( 1.000000000000000000, 0.0000000000000000000, 0.0000000000000000000 ) ) ;
#848 = CARTESIAN_POINT ( 'NONE',  ( 0.4881888140544302600, 1.249000000000000100, -0.8146705004231378200 ) ) ;
#849 = VERTEX_POINT ( 'NONE', #697 ) ;
#850 = EDGE_LOOP ( 'NONE', ( #277, #1488, #1497, #824 ) ) ;
#851 = CARTESIAN_POINT ( 'NONE',  ( 0.4881888140544302600, 1.250000000000000000, -0.2377474235000608700 ) ) ;
#852 = LINE ( 'NONE', #1369, #189 ) ;
#853 = EDGE_CURVE ( 'NONE', #208, #2570, #2074, .T. ) ;
#854 = CARTESIAN_POINT ( 'NONE',  ( 0.9287008160760932300, 1.249999999999998700, 0.08941296079105255600 ) ) ;
#855 = ORIENTED_EDGE ( 'NONE', *, *, #563, .F. ) ;
#856 = CARTESIAN_POINT ( 'NONE',  ( 0.9627039328275779400, 1.248999999999999900, -0.5744941170726302100 ) ) ;
#857 = CARTESIAN_POINT ( 'NONE',  ( 0.5132301600453067500, 1.250000000000000000, -0.7125001011094328500 ) ) ;
#858 =( GEOMETRIC_REPRESENTATION_CONTEXT ( 3 ) GLOBAL_UNCERTAINTY_ASSIGNED_CONTEXT ( ( #835 ) ) GLOBAL_UNIT_ASSIGNED_CONTEXT ( ( #191, #1889, #443 ) ) REPRESENTATION_CONTEXT ( 'NONE', 'WORKASPACE' ) );
#859 = LINE ( 'NONE', #1434, #1507 ) ;
#860 = VERTEX_POINT ( 'NONE', #645 ) ;
#861 = CARTESIAN_POINT ( 'NONE',  ( 0.4948076209625807400, 1.249000000000000100, -0.2320875431999308600 ) ) ;
#862 = ORIENTED_EDGE ( 'NONE', *, *, #184, .T. ) ;
#863 = CARTESIAN_POINT ( 'NONE',  ( 0.8173135571388275800, 1.249000000000000300, 0.05092349450920194400 ) ) ;
#864 = ORIENTED_EDGE ( 'NONE', *, *, #1079, .T. ) ;
#865 = EDGE_LOOP ( 'NONE', ( #864, #2013, #1725, #2778, #2466, #2136, #666, #1912, #352, #1262, #761 ) ) ;
#866 = COLOUR_RGB ( '',0.8274509803921568100, 0.8392156862745098200, 0.8274509803921568100 ) ;
#867 = B_SPLINE_SURFACE_WITH_KNOTS ( 'NONE', 3, 1, ( 
 ( #1001, #1122 ),
 ( #1133, #1153 ),
 ( #1173, #1180 ),
 ( #1182, #1195 ),
 ( #1199, #1204 ),
 ( #1208, #1214 ),
 ( #1227, #1269 ) ),
 .UNSPECIFIED., .F., .F., .F.,
 ( 4, 1, 1, 1, 4 ),
 ( 2, 2 ),
 ( 0.0000000000000000000, 0.2372165186042107800, 0.4825864912431359600, 0.7368469271779308800, 0.9999999999999998900 ),
 ( 0.0000000000000000000, 1.000000000000000000 ),
 .UNSPECIFIED. ) ;
#868 = CARTESIAN_POINT ( 'NONE',  ( -1.399999999999999700, -0.05000000000000000300, 1.345000000000000000 ) ) ;
#869 = CARTESIAN_POINT ( 'NONE',  ( 0.5528474973748627200, 1.249000000000000300, -0.1868990168699054300 ) ) ;
#870 = STYLED_ITEM ( 'NONE', ( #76 ), #1128 ) ;
#871 = ORIENTED_EDGE ( 'NONE', *, *, #2413, .F. ) ;
#872 = VECTOR ( 'NONE', #1750, 1000.000000000000000 ) ;
#873 = B_SPLINE_SURFACE_WITH_KNOTS ( 'NONE', 3, 1, ( 
 ( #2364, #180 ),
 ( #1879, #430 ),
 ( #2133, #678 ),
 ( #2375, #932 ) ),
 .UNSPECIFIED., .F., .F., .F.,
 ( 4, 4 ),
 ( 2, 2 ),
 ( 0.3636363636363636500, 0.4545454545454545900 ),
 ( 0.0000000000000000000, 1.000000000000000000 ),
 .UNSPECIFIED. ) ;
#874 = CARTESIAN_POINT ( 'NONE',  ( 1.143283040082379700, 1.248999999999999900, 0.7043296381151690200 ) ) ;
#875 = DIRECTION ( 'NONE',  ( 0.0000000000000000000, 0.0000000000000000000, 1.000000000000000000 ) ) ;
#876 = CARTESIAN_POINT ( 'NONE',  ( 1.127929917847680900, 1.249000000000000100, 0.1269322827553207600 ) ) ;
#877 = B_SPLINE_CURVE_WITH_KNOTS ( 'NONE', 3,
 ( #748, #2668, #1487, #21 ),
 .UNSPECIFIED., .F., .F.,
 ( 4, 4 ),
 ( 0.6363636363636364600, 0.7272727272727274000 ),
 .UNSPECIFIED. ) ;
#878 = DIRECTION ( 'NONE',  ( 0.0000000000000000000, 0.0000000000000000000, -1.000000000000000000 ) ) ;
#879 = SURFACE_STYLE_FILL_AREA ( #1772 ) ;
#880 = ADVANCED_FACE ( 'NONE', ( #790 ), #710, .F. ) ;
#881 = PRESENTATION_LAYER_ASSIGNMENT (  '', '', ( #552 ) ) ;
#882 = EDGE_LOOP ( 'NONE', ( #408, #1807, #1784, #1534 ) ) ;
#883 = SURFACE_STYLE_USAGE ( .BOTH. , #1139 ) ;
#884 = EDGE_CURVE ( 'NONE', #976, #161, #2607, .T. ) ;
#885 = CARTESIAN_POINT ( 'NONE',  ( 0.9985640440302050400, 1.249999999999999800, 0.6840281976507586200 ) ) ;
#886 = CARTESIAN_POINT ( 'NONE',  ( -1.227598197486963600, 1.249000000000000100, 1.155239767147279200 ) ) ;
#887 = DIRECTION ( 'NONE',  ( -1.000000000000000000, 0.0000000000000000000, -0.0000000000000000000 ) ) ;
#888 = ORIENTED_EDGE ( 'NONE', *, *, #853, .F. ) ;
#889 = EDGE_CURVE ( 'NONE', #1947, #600, #1495, .T. ) ;
#890 = CARTESIAN_POINT ( 'NONE',  ( 0.6452790501254728200, 1.249000000000000100, 0.5389670489378121100 ) ) ;
#891 = ORIENTED_EDGE ( 'NONE', *, *, #1506, .F. ) ;
#892 = ADVANCED_FACE ( 'NONE', ( #2682 ), #867, .T. ) ;
#893 = VERTEX_POINT ( 'NONE', #993 ) ;
#894 = CARTESIAN_POINT ( 'NONE',  ( 0.6724336686852935300, 1.249000000000000300, 0.5551279563273842100 ) ) ;
#895 = CARTESIAN_POINT ( 'NONE',  ( -1.318067970542576000, 1.250000000000000000, -0.1926125984251939300 ) ) ;
#896 = B_SPLINE_SURFACE_WITH_KNOTS ( 'NONE', 3, 1, ( 
 ( #551, #1109 ),
 ( #1117, #2134 ),
 ( #2082, #2076 ),
 ( #2048, #2055 ),
 ( #2069, #2011 ),
 ( #2022, #2032 ),
 ( #1103, #3129 ) ),
 .UNSPECIFIED., .F., .F., .F.,
 ( 4, 1, 1, 1, 4 ),
 ( 2, 2 ),
 ( 0.0000000000000000000, 0.2372165186042107800, 0.4825864912431359600, 0.7368469271779308800, 0.9999999999999998900 ),
 ( 0.0000000000000000000, 1.000000000000000000 ),
 .UNSPECIFIED. ) ;
#897 = B_SPLINE_CURVE_WITH_KNOTS ( 'NONE', 3,
 ( #2392, #452, #203, #953, #2629, #1201, #2856 ),
 .UNSPECIFIED., .F., .F.,
 ( 4, 1, 1, 1, 4 ),
 ( 0.0000000000000000000, 0.2372165186042107800, 0.4825864912431359600, 0.7368469271779308800, 0.9999999999999998900 ),
 .UNSPECIFIED. ) ;
#898 = CARTESIAN_POINT ( 'NONE',  ( 0.4948076209625806300, 1.249000000000000100, 0.3448355337231462900 ) ) ;
#899 = MECHANICAL_DESIGN_GEOMETRIC_PRESENTATION_REPRESENTATION (  '', ( #404 ), #1078 ) ;
#900 = EDGE_CURVE ( 'NONE', #1947, #2891, #1196, .T. ) ;
#901 = CARTESIAN_POINT ( 'NONE',  ( 0.8810017367214072500, 1.250000000000000200, -0.02094444098225526500 ) ) ;
#902 = PRESENTATION_STYLE_ASSIGNMENT (( #12 ) ) ;
#903 = CARTESIAN_POINT ( 'NONE',  ( 1.150748910208276400, 1.250000000000000000, -0.4492858850385224000 ) ) ;
#904 = CARTESIAN_POINT ( 'NONE',  ( 0.5268333586189883900, 1.250000000000000000, 0.4535397557843356400 ) ) ;
#905 = FILL_AREA_STYLE ('',( #660 ) ) ;
#906 = UNCERTAINTY_MEASURE_WITH_UNIT (LENGTH_MEASURE( 1.000000000000000100E-005 ), #2460, 'distance_accuracy_value', 'NONE');
#907 = CARTESIAN_POINT ( 'NONE',  ( 0.9627039328275779400, 1.248999999999999900, 0.5793520367735234300 ) ) ;
#908 = VECTOR ( 'NONE', #602, 1000.000000000000000 ) ;
#909 = ADVANCED_FACE ( 'NONE', ( #1826 ), #1368, .F. ) ;
#910 = SURFACE_STYLE_FILL_AREA ( #388 ) ;
#911 =( GEOMETRIC_REPRESENTATION_CONTEXT ( 3 ) GLOBAL_UNCERTAINTY_ASSIGNED_CONTEXT ( ( #8 ) ) GLOBAL_UNIT_ASSIGNED_CONTEXT ( ( #746, #724, #454 ) ) REPRESENTATION_CONTEXT ( 'NONE', 'WORKASPACE' ) );
#912 = ORIENTED_EDGE ( 'NONE', *, *, #405, .T. ) ;
#913 = EDGE_CURVE ( 'NONE', #611, #2383, #305, .T. ) ;
#914 = CARTESIAN_POINT ( 'NONE',  ( 0.5132301600453067500, 1.249999999999998700, -0.1355770241863558700 ) ) ;
#915 = STYLED_ITEM ( 'NONE', ( #2791 ), #2792 ) ;
#916 = VECTOR ( 'NONE', #1539, 1000.000000000000000 ) ;
#917 = FILL_AREA_STYLE ('',( #2606 ) ) ;
#918 = DIRECTION ( 'NONE',  ( 1.000000000000000000, 0.0000000000000000000, 0.0000000000000000000 ) ) ;
#919 = SURFACE_STYLE_FILL_AREA ( #1979 ) ;
#920 = B_SPLINE_CURVE_WITH_KNOTS ( 'NONE', 3,
 ( #225, #828, #994, #1013, #1092, #2953, #3027, #2050, #2442, #776, #512, #379, #597, #608, #625, #638, #752, #787, #796, #837, #1002, #1037, #1047 ),
 .UNSPECIFIED., .F., .F.,
 ( 4, 1, 1, 1, 1, 1, 1, 1, 1, 1, 1, 1, 1, 1, 1, 1, 1, 1, 1, 1, 4 ),
 ( 0.0000000000000000000, 0.03151551312998467800, 0.06480979674365734700, 0.09991169883527570300, 0.1366755286001708800, 0.1751432978746824400, 0.2157650117082458300, 0.2581569125231217300, 0.3022930440652045700, 0.3927408518774001000, 0.4832984694610615900, 0.5744114847371660800, 0.6664774093514972400, 0.7120107481430554300, 0.7563744975915032100, 0.7998154803065211600, 0.8419616993485903300, 0.8828431755911850800, 0.9229180315891946100, 0.9619666184423850700, 1.000000000000000000 ),
 .UNSPECIFIED. ) ;
#921 = CARTESIAN_POINT ( 'NONE',  ( 0.9468727082851994300, 1.249000000000000100, 0.5752032976537853100 ) ) ;
#922 = MECHANICAL_DESIGN_GEOMETRIC_PRESENTATION_REPRESENTATION (  '', ( #1023 ), #1095 ) ;
#923 =( LENGTH_UNIT ( ) NAMED_UNIT ( * ) SI_UNIT ( .MILLI., .METRE. ) );
#924 = MECHANICAL_DESIGN_GEOMETRIC_PRESENTATION_REPRESENTATION (  '', ( #426 ), #1097 ) ;
#925 = B_SPLINE_SURFACE_WITH_KNOTS ( 'NONE', 3, 1, ( 
 ( #3085, #903 ),
 ( #205, #667 ),
 ( #555, #708 ),
 ( #712, #650 ),
 ( #603, #2724 ),
 ( #2035, #2533 ),
 ( #2309, #567 ),
 ( #215, #699 ),
 ( #2626, #940 ),
 ( #3104, #2139 ),
 ( #2391, #147 ),
 ( #157, #186 ),
 ( #200, #403 ),
 ( #427, #438 ),
 ( #451, #685 ),
 ( #952, #1137 ),
 ( #1187, #1649 ),
 ( #1664, #1857 ),
 ( #1885, #1896 ),
 ( #2113, #2343 ),
 ( #2381, #2612 ),
 ( #3093, #3044 ),
 ( #2153, #2830 ) ),
 .UNSPECIFIED., .F., .F., .F.,
 ( 4, 1, 1, 1, 1, 1, 1, 1, 1, 1, 1, 1, 1, 1, 1, 1, 1, 1, 1, 1, 4 ),
 ( 2, 2 ),
 ( 0.0000000000000000000, 0.03151551312998467800, 0.06480979674365734700, 0.09991169883527571700, 0.1366755286001709000, 0.1751432978746824700, 0.2157650117082458000, 0.2581569125231217800, 0.3022930440652045700, 0.3927408518774001000, 0.4832984694610615900, 0.5744114847371660800, 0.6664774093514972400, 0.7120107481430553200, 0.7563744975915032100, 0.7998154803065209400, 0.8419616993485903300, 0.8828431755911850800, 0.9229180315891946100, 0.9619666184423850700, 1.000000000000000000 ),
 ( 0.0000000000000000000, 1.000000000000000000 ),
 .UNSPECIFIED. ) ;
#926 = FACE_OUTER_BOUND ( 'NONE', #2997, .T. ) ;
#927 = CARTESIAN_POINT ( 'NONE',  ( 1.127929917847680500, 1.248999999999999900, 0.7038553596783978500 ) ) ;
#928 = ORIENTED_EDGE ( 'NONE', *, *, #2045, .T. ) ;
#929 = LINE ( 'NONE', #534, #271 ) ;
#930 = LINE ( 'NONE', #2912, #2220 ) ;
#931 = ADVANCED_FACE ( 'NONE', ( #2787 ), #2961, .T. ) ;
#932 = CARTESIAN_POINT ( 'NONE',  ( -1.107524663455962300, 1.250000000000000000, -0.3665999999999977600 ) ) ;
#933 = DIRECTION ( 'NONE',  ( 0.0000000000000000000, 0.0000000000000000000, -1.000000000000000000 ) ) ;
#934 = DIRECTION ( 'NONE',  ( 2.032879073410321100E-016, -0.0000000000000000000, 1.000000000000000000 ) ) ;
#935 = AXIS2_PLACEMENT_3D ( 'NONE', #541, #508, #375 ) ;
#936 = FACE_OUTER_BOUND ( 'NONE', #1051, .T. ) ;
#937 = VERTEX_POINT ( 'NONE', #1278 ) ;
#938 = CARTESIAN_POINT ( 'NONE',  ( -1.556349038135316200, 1.250000000000000000, -1.600000000000000500 ) ) ;
#939 = CARTESIAN_POINT ( 'NONE',  ( 0.5065181409775072500, 1.249000000000000100, -0.1415935773462147500 ) ) ;
#940 = CARTESIAN_POINT ( 'NONE',  ( 0.9692890168182910500, 1.250000000000000200, -0.4769551582413205100 ) ) ;
#941 = VERTEX_POINT ( 'NONE', #2179 ) ;
#942 = CARTESIAN_POINT ( 'NONE',  ( 0.6597522047426001000, 1.250000000000000000, -0.6971528130781180500 ) ) ;
#943 = CARTESIAN_POINT ( 'NONE',  ( 0.6193875387883388500, 1.249000000000000300, 0.5222871953860375200 ) ) ;
#944 = ORIENTED_EDGE ( 'NONE', *, *, #1822, .T. ) ;
#945 = DIRECTION ( 'NONE',  ( 0.0000000000000000000, -0.0000000000000000000, -1.000000000000000000 ) ) ;
#946 = CARTESIAN_POINT ( 'NONE',  ( 0.9949105226086875100, 1.248999999999999900, 0.5877921128131611300 ) ) ;
#947 = ORIENTED_EDGE ( 'NONE', *, *, #6, .T. ) ;
#948 = VECTOR ( 'NONE', #357, 1000.000000000000000 ) ;
#949 = ADVANCED_FACE ( 'NONE', ( #1935 ), #2967, .F. ) ;
#950 = CARTESIAN_POINT ( 'NONE',  ( 1.044923278175578000, 1.249000000000000600, 0.5970313965752736000 ) ) ;
#951 = SURFACE_STYLE_USAGE ( .BOTH. , #1685 ) ;
#952 = CARTESIAN_POINT ( 'NONE',  ( 0.6452790501254729300, 1.248999999999999900, -0.6148791049083417400 ) ) ;
#953 = CARTESIAN_POINT ( 'NONE',  ( 1.044923278175578000, 1.250000000000000400, 0.5970313965752736000 ) ) ;
#954 = VERTEX_POINT ( 'NONE', #2216 ) ;
#955 = UNCERTAINTY_MEASURE_WITH_UNIT (LENGTH_MEASURE( 1.000000000000000100E-005 ), #2454, 'distance_accuracy_value', 'NONE');
#956 = VECTOR ( 'NONE', #800, 1000.000000000000000 ) ;
#957 = CARTESIAN_POINT ( 'NONE',  ( 1.150748910208276400, 1.249000000000000100, 0.1276371918845545000 ) ) ;
#958 = B_SPLINE_SURFACE_WITH_KNOTS ( 'NONE', 3, 1, ( 
 ( #1367, #2327 ),
 ( #874, #2552 ),
 ( #1130, #2786 ),
 ( #1372, #3039 ),
 ( #1609, #142 ),
 ( #1844, #387 ),
 ( #2093, #643 ),
 ( #2337, #885 ),
 ( #2562, #1141 ),
 ( #2795, #1381 ),
 ( #3049, #1622 ),
 ( #150, #1852 ),
 ( #398, #2106 ),
 ( #651, #2347 ),
 ( #894, #2574 ),
 ( #1148, #2806 ),
 ( #1389, #3059 ),
 ( #1628, #164 ),
 ( #1858, #409 ),
 ( #2116, #659 ),
 ( #2353, #904 ),
 ( #2585, #1159 ),
 ( #2812, #1400 ) ),
 .UNSPECIFIED., .F., .F., .F.,
 ( 4, 1, 1, 1, 1, 1, 1, 1, 1, 1, 1, 1, 1, 1, 1, 1, 1, 1, 1, 1, 4 ),
 ( 2, 2 ),
 ( 0.0000000000000000000, 0.03151551312998467800, 0.06480979674365734700, 0.09991169883527571700, 0.1366755286001709300, 0.1751432978746824700, 0.2157650117082458600, 0.2581569125231217800, 0.3022930440652046300, 0.3927408518774002100, 0.4832984694610617000, 0.5744114847371660800, 0.6664774093514972400, 0.7120107481430554300, 0.7563744975915032100, 0.7998154803065211600, 0.8419616993485904400, 0.8828431755911850800, 0.9229180315891946100, 0.9619666184423850700, 1.000000000000000000 ),
 ( 0.0000000000000000000, 1.000000000000000000 ),
 .UNSPECIFIED. ) ;
#959 = CARTESIAN_POINT ( 'NONE',  ( 1.097069108946715300, 1.248999999999999900, 0.6041747328957370900 ) ) ;
#960 = SURFACE_STYLE_FILL_AREA ( #2172 ) ;
#961 = FACE_OUTER_BOUND ( 'NONE', #2591, .T. ) ;
#962 = CARTESIAN_POINT ( 'NONE',  ( 1.132651793339804100, 1.248999999999999900, 0.6069797895012264400 ) ) ;
#963 = CARTESIAN_POINT ( 'NONE',  ( 0.5528474973748627200, 1.249999999999999600, -0.1868990168699054300 ) ) ;
#964 = FACE_OUTER_BOUND ( 'NONE', #1009, .T. ) ;
#965 = STYLED_ITEM ( 'NONE', ( #1423 ), #892 ) ;
#966 = CARTESIAN_POINT ( 'NONE',  ( 0.4881888140544302600, 1.249000000000000100, -0.2377474235000608700 ) ) ;
#967 = SURFACE_STYLE_FILL_AREA ( #1646 ) ;
#968 = ORIENTED_EDGE ( 'NONE', *, *, #2205, .T. ) ;
#969 = STYLED_ITEM ( 'NONE', ( #1562 ), #3091 ) ;
#970 = VECTOR ( 'NONE', #2094, 1000.000000000000000 ) ;
#971 = CARTESIAN_POINT ( 'NONE',  ( 1.399999999999999700, 0.0000000000000000000, -1.345000000000000400 ) ) ;
#972 =( NAMED_UNIT ( * ) SI_UNIT ( $, .STERADIAN. ) SOLID_ANGLE_UNIT ( ) );
#973 = B_SPLINE_CURVE_WITH_KNOTS ( 'NONE', 3,
 ( #1435, #1446, #1503, #1525 ),
 .UNSPECIFIED., .F., .F.,
 ( 4, 4 ),
 ( 0.1818181818181818200, 0.2727272727272727100 ),
 .UNSPECIFIED. ) ;
#974 = CARTESIAN_POINT ( 'NONE',  ( 1.150748910208276400, 1.249000000000000100, 0.6084064226537854200 ) ) ;
#975 =( NAMED_UNIT ( * ) SI_UNIT ( $, .STERADIAN. ) SOLID_ANGLE_UNIT ( ) );
#976 = VERTEX_POINT ( 'NONE', #2414 ) ;
#977 = CARTESIAN_POINT ( 'NONE',  ( 0.5774073733921441000, 1.248999999999999900, -0.1702485250113947900 ) ) ;
#978 = CARTESIAN_POINT ( 'NONE',  ( 1.132651793339804100, 1.249999999999999800, 0.03005671257814949300 ) ) ;
#979 = SURFACE_SIDE_STYLE ('',( #2902 ) ) ;
#980 = FILL_AREA_STYLE_COLOUR ( '', #1284 ) ;
#981 = VECTOR ( 'NONE', #998, 1000.000000000000000 ) ;
#982 = UNCERTAINTY_MEASURE_WITH_UNIT (LENGTH_MEASURE( 1.000000000000000100E-005 ), #2503, 'distance_accuracy_value', 'NONE');
#983 = ORIENTED_EDGE ( 'NONE', *, *, #995, .F. ) ;
#984 = CARTESIAN_POINT ( 'NONE',  ( -0.4509057658181646600, 1.249000000000000100, 0.5421889763779529400 ) ) ;
#985 = VERTEX_POINT ( 'NONE', #2431 ) ;
#986 =( GEOMETRIC_REPRESENTATION_CONTEXT ( 3 ) GLOBAL_UNCERTAINTY_ASSIGNED_CONTEXT ( ( #1151 ) ) GLOBAL_UNIT_ASSIGNED_CONTEXT ( ( #2747, #1594, #574 ) ) REPRESENTATION_CONTEXT ( 'NONE', 'WORKASPACE' ) );
#987 = FILL_AREA_STYLE_COLOUR ( '', #2053 ) ;
#988 = CARTESIAN_POINT ( 'NONE',  ( 0.5774073733921441000, 1.249999999999999100, -0.1702485250113947900 ) ) ;
#989 = CARTESIAN_POINT ( 'NONE',  ( 1.143283040082379700, 1.249999999999999800, 0.7043296381151690200 ) ) ;
#990 = CARTESIAN_POINT ( 'NONE',  ( -0.3651435610937574500, 1.250000000000000000, -4.336808689942017700E-016 ) ) ;
#991 = B_SPLINE_CURVE_WITH_KNOTS ( 'NONE', 3,
 ( #1741, #2382, #1044, #41, #1505, #2925, #1267 ),
 .UNSPECIFIED., .F., .F.,
 ( 4, 1, 1, 1, 4 ),
 ( 0.0000000000000000000, 0.2372165186042107800, 0.4825864912431359600, 0.7368469271779309900, 1.000000000000000000 ),
 .UNSPECIFIED. ) ;
#992 = CARTESIAN_POINT ( 'NONE',  ( -1.171628600463835900, 1.250000000000000000, -0.1527685039370064400 ) ) ;
#993 = CARTESIAN_POINT ( 'NONE',  ( 0.4103642948236609900, 1.250000000000000000, -0.3339012696539069800 ) ) ;
#994 = CARTESIAN_POINT ( 'NONE',  ( 1.127929917847680900, 1.250000000000000000, 0.1269322827553207600 ) ) ;
#995 = EDGE_CURVE ( 'NONE', #2891, #3096, #2980, .T. ) ;
#996 = ORIENTED_EDGE ( 'NONE', *, *, #750, .T. ) ;
#997 = CARTESIAN_POINT ( 'NONE',  ( 0.9985640440302050400, 1.249999999999999600, 0.6840281976507586200 ) ) ;
#998 = DIRECTION ( 'NONE',  ( -1.000000000000000000, 0.0000000000000000000, -2.816109538923387900E-016 ) ) ;
#999 = CARTESIAN_POINT ( 'NONE',  ( 0.4103642948236609900, 1.249000000000000100, 0.8199448841922469800 ) ) ;
#1000 = EDGE_CURVE ( 'NONE', #1115, #604, #798, .T. ) ;
#1001 = CARTESIAN_POINT ( 'NONE',  ( 0.9468727082851994300, 1.249000000000000100, 0.5752032976537853100 ) ) ;
#1002 = CARTESIAN_POINT ( 'NONE',  ( 0.5268333586189883900, 1.249999999999999800, -0.1233833211387413800 ) ) ;
#1003 = CARTESIAN_POINT ( 'NONE',  ( 0.8810017367214070200, 1.250000000000000000, -0.5978675179053321000 ) ) ;
#1004 = CARTESIAN_POINT ( 'NONE',  ( 0.5268333586189883900, 1.249999999999999800, 0.4535397557843356400 ) ) ;
#1005 = PRESENTATION_STYLE_ASSIGNMENT (( #1347 ) ) ;
#1006 = LINE ( 'NONE', #1689, #2215 ) ;
#1007 = CARTESIAN_POINT ( 'NONE',  ( -1.399999999999999700, -0.05000000000000000300, 1.345000000000000000 ) ) ;
#1008 = DIRECTION ( 'NONE',  ( 0.0000000000000000000, -0.0000000000000000000, 1.000000000000000000 ) ) ;
#1009 = EDGE_LOOP ( 'NONE', ( #1604, #2920, #306, #1586 ) ) ;
#1010 = SURFACE_STYLE_USAGE ( .BOTH. , #2448 ) ;
#1011 = UNCERTAINTY_MEASURE_WITH_UNIT (LENGTH_MEASURE( 1.000000000000000100E-005 ), #2289, 'distance_accuracy_value', 'NONE');
#1012 = SURFACE_STYLE_FILL_AREA ( #459 ) ;
#1013 = CARTESIAN_POINT ( 'NONE',  ( 1.104338211421707700, 1.249999999999999800, 0.1248349847237869600 ) ) ;
#1014 =( NAMED_UNIT ( * ) SI_UNIT ( $, .STERADIAN. ) SOLID_ANGLE_UNIT ( ) );
#1015 = VERTEX_POINT ( 'NONE', #2500 ) ;
#1016 = VERTEX_POINT ( 'NONE', #2516 ) ;
#1017 = CARTESIAN_POINT ( 'NONE',  ( 1.150748910208276400, 1.249000000000000100, 0.6084064226537854200 ) ) ;
#1018 = SURFACE_SIDE_STYLE ('',( #677 ) ) ;
#1019 = ORIENTED_EDGE ( 'NONE', *, *, #80, .F. ) ;
#1020 = CARTESIAN_POINT ( 'NONE',  ( 0.5528474973748626100, 1.249999999999999800, -0.7638220937929823800 ) ) ;
#1021 = DIRECTION ( 'NONE',  ( 1.000000000000000000, -0.0000000000000000000, -2.816109538923387900E-016 ) ) ;
#1022 = EDGE_CURVE ( 'NONE', #2646, #2383, #2009, .T. ) ;
#1023 = STYLED_ITEM ( 'NONE', ( #490 ), #1615 ) ;
#1024 = CARTESIAN_POINT ( 'NONE',  ( -0.6079136398339157800, 1.249000000000000100, -0.4408503937007870500 ) ) ;
#1025 = ORIENTED_EDGE ( 'NONE', *, *, #2402, .F. ) ;
#1026 = FILL_AREA_STYLE ('',( #987 ) ) ;
#1027 = LINE ( 'NONE', #274, #2313 ) ;
#1028 = SURFACE_STYLE_USAGE ( .BOTH. , #2463 ) ;
#1029 =( NAMED_UNIT ( * ) SI_UNIT ( $, .STERADIAN. ) SOLID_ANGLE_UNIT ( ) );
#1030 = DIRECTION ( 'NONE',  ( 0.0000000000000000000, 1.000000000000000000, 0.0000000000000000000 ) ) ;
#1031 = ORIENTED_EDGE ( 'NONE', *, *, #1397, .F. ) ;
#1032 = CARTESIAN_POINT ( 'NONE',  ( 0.8163727917268465100, 1.249000000000000600, -0.6219610177869117100 ) ) ;
#1033 = STYLED_ITEM ( 'NONE', ( #2222 ), #1842 ) ;
#1034 = VECTOR ( 'NONE', #56, 1000.000000000000000 ) ;
#1035 = CARTESIAN_POINT ( 'NONE',  ( 0.8173135571388275800, 1.249000000000000300, -0.5259995824138750100 ) ) ;
#1036 = SURFACE_SIDE_STYLE ('',( #183 ) ) ;
#1037 = CARTESIAN_POINT ( 'NONE',  ( 0.5132301600453067500, 1.250000000000000000, -0.1355770241863558700 ) ) ;
#1038 = FILL_AREA_STYLE ('',( #537 ) ) ;
#1039 = STYLED_ITEM ( 'NONE', ( #1005 ), #2120 ) ;
#1040 =( LENGTH_UNIT ( ) NAMED_UNIT ( * ) SI_UNIT ( .MILLI., .METRE. ) );
#1041 = PLANE ( 'NONE',  #196 ) ;
#1042 = VERTEX_POINT ( 'NONE', #2599 ) ;
#1043 = FILL_AREA_STYLE_COLOUR ( '', #627 ) ;
#1044 = CARTESIAN_POINT ( 'NONE',  ( 0.9949105226086875100, 1.250000000000000000, -0.5660540410329927300 ) ) ;
#1045 = VECTOR ( 'NONE', #3040, 1000.000000000000000 ) ;
#1046 = DIRECTION ( 'NONE',  ( 1.000000000000000000, 0.0000000000000000000, -2.816109538923387900E-016 ) ) ;
#1047 = CARTESIAN_POINT ( 'NONE',  ( 0.5065181409775072500, 1.250000000000000000, -0.1415935773462147500 ) ) ;
#1048 = EDGE_LOOP ( 'NONE', ( #2332, #1135, #133, #727 ) ) ;
#1049 = PRESENTATION_STYLE_ASSIGNMENT (( #1322 ) ) ;
#1050 = COLOUR_RGB ( '',1.000000000000000000, 1.000000000000000000, 1.000000000000000000 ) ;
#1051 = EDGE_LOOP ( 'NONE', ( #2661, #331, #1393, #491 ) ) ;
#1052 =( NAMED_UNIT ( * ) PLANE_ANGLE_UNIT ( ) SI_UNIT ( $, .RADIAN. ) );
#1053 = CARTESIAN_POINT ( 'NONE',  ( 0.5065181409775072500, 1.250000000000000000, -0.7185166542692915700 ) ) ;
#1054 = MECHANICAL_DESIGN_GEOMETRIC_PRESENTATION_REPRESENTATION (  '', ( #552 ), #1217 ) ;
#1055 = UNCERTAINTY_MEASURE_WITH_UNIT (LENGTH_MEASURE( 1.000000000000000100E-005 ), #716, 'distance_accuracy_value', 'NONE');
#1056 = CARTESIAN_POINT ( 'NONE',  ( -1.292915214637066400, 1.250000000000000000, -0.2800440944881856200 ) ) ;
#1057 = DIRECTION ( 'NONE',  ( -0.0000000000000000000, 0.0000000000000000000, 1.000000000000000000 ) ) ;
#1058 =( NAMED_UNIT ( * ) SI_UNIT ( $, .STERADIAN. ) SOLID_ANGLE_UNIT ( ) );
#1059 = LINE ( 'NONE', #1945, #2265 ) ;
#1060 = CARTESIAN_POINT ( 'NONE',  ( 0.9249521812137627700, 1.249000000000000100, -0.008117357861405055300 ) ) ;
#1061 = ORIENTED_EDGE ( 'NONE', *, *, #415, .F. ) ;
#1062 = EDGE_CURVE ( 'NONE', #1476, #1064, #1860, .T. ) ;
#1063 = SURFACE_STYLE_USAGE ( .BOTH. , #1036 ) ;
#1064 = VERTEX_POINT ( 'NONE', #2610 ) ;
#1065 = DIRECTION ( 'NONE',  ( 0.0000000000000000000, 0.0000000000000000000, 1.000000000000000000 ) ) ;
#1066 = CARTESIAN_POINT ( 'NONE',  ( -0.7906191516449381200, 1.249000000000000100, -0.2624551181102359700 ) ) ;
#1067 = CARTESIAN_POINT ( 'NONE',  ( 0.7523609121438874500, 1.250000000000000400, -0.07223692584308713500 ) ) ;
#1068 = STYLED_ITEM ( 'NONE', ( #902 ), #668 ) ;
#1069 = CARTESIAN_POINT ( 'NONE',  ( 1.150748910208276400, 1.249000000000000100, -0.5454397311923685500 ) ) ;
#1070 = CARTESIAN_POINT ( 'NONE',  ( 1.599999999999999200, 0.0000000000000000000, -1.600000000000000500 ) ) ;
#1071 = EDGE_CURVE ( 'NONE', #1951, #2613, #721, .T. ) ;
#1072 =( LENGTH_UNIT ( ) NAMED_UNIT ( * ) SI_UNIT ( .MILLI., .METRE. ) );
#1073 = AXIS2_PLACEMENT_3D ( 'NONE', #2253, #1065, #2730 ) ;
#1074 = CARTESIAN_POINT ( 'NONE',  ( 1.079574179478380900, 1.249000000000000100, 0.1220415754096393600 ) ) ;
#1075 = EDGE_LOOP ( 'NONE', ( #510, #741, #2977, #1206 ) ) ;
#1076 =( NAMED_UNIT ( * ) PLANE_ANGLE_UNIT ( ) SI_UNIT ( $, .RADIAN. ) );
#1077 =( NAMED_UNIT ( * ) PLANE_ANGLE_UNIT ( ) SI_UNIT ( $, .RADIAN. ) );
#1078 =( GEOMETRIC_REPRESENTATION_CONTEXT ( 3 ) GLOBAL_UNCERTAINTY_ASSIGNED_CONTEXT ( ( #476 ) ) GLOBAL_UNIT_ASSIGNED_CONTEXT ( ( #1221, #2880, #1463 ) ) REPRESENTATION_CONTEXT ( 'NONE', 'WORKASPACE' ) );
#1079 = EDGE_CURVE ( 'NONE', #3020, #202, #1645, .T. ) ;
#1080 = COLOUR_RGB ( '',0.1921568627450980200, 0.2039215686274509800, 0.2039215686274509800 ) ;
#1081 = CARTESIAN_POINT ( 'NONE',  ( -0.7906191516449381200, 1.250000000000000000, -0.2624551181102359700 ) ) ;
#1082 = CARTESIAN_POINT ( 'NONE',  ( -0.8612537973142278000, 1.250000000000000000, 0.2603779527559065300 ) ) ;
#1083 = COLOUR_RGB ( '',1.000000000000000000, 1.000000000000000000, 1.000000000000000000 ) ;
#1084 = SURFACE_STYLE_USAGE ( .BOTH. , #1263 ) ;
#1085 = DIRECTION ( 'NONE',  ( -1.000000000000000000, -0.0000000000000000000, 4.317160510610247800E-015 ) ) ;
#1086 = CARTESIAN_POINT ( 'NONE',  ( -0.6079136398339157800, 1.250000000000000000, -0.4408503937007870500 ) ) ;
#1087 = VECTOR ( 'NONE', #1676, 1000.000000000000000 ) ;
#1088 = EDGE_CURVE ( 'NONE', #1643, #604, #1452, .T. ) ;
#1089 = ORIENTED_EDGE ( 'NONE', *, *, #2804, .T. ) ;
#1090 = PRESENTATION_LAYER_ASSIGNMENT (  '', '', ( #915 ) ) ;
#1091 =( NAMED_UNIT ( * ) PLANE_ANGLE_UNIT ( ) SI_UNIT ( $, .RADIAN. ) );
#1092 = CARTESIAN_POINT ( 'NONE',  ( 1.079574179478380900, 1.250000000000000000, 0.1220415754096393600 ) ) ;
#1093 = VECTOR ( 'NONE', #221, 1000.000000000000100 ) ;
#1094 = CARTESIAN_POINT ( 'NONE',  ( -1.107524663455962300, 1.250000000000000000, -0.3665999999999977600 ) ) ;
#1095 =( GEOMETRIC_REPRESENTATION_CONTEXT ( 3 ) GLOBAL_UNCERTAINTY_ASSIGNED_CONTEXT ( ( #1481 ) ) GLOBAL_UNIT_ASSIGNED_CONTEXT ( ( #477, #517, #1960 ) ) REPRESENTATION_CONTEXT ( 'NONE', 'WORKASPACE' ) );
#1096 = CARTESIAN_POINT ( 'NONE',  ( 0.4103642948236609900, 1.249000000000000100, 0.3391756534230161400 ) ) ;
#1097 =( GEOMETRIC_REPRESENTATION_CONTEXT ( 3 ) GLOBAL_UNCERTAINTY_ASSIGNED_CONTEXT ( ( #1540 ) ) GLOBAL_UNIT_ASSIGNED_CONTEXT ( ( #564, #2270, #811 ) ) REPRESENTATION_CONTEXT ( 'NONE', 'WORKASPACE' ) );
#1098 = SURFACE_STYLE_FILL_AREA ( #917 ) ;
#1099 = ORIENTED_EDGE ( 'NONE', *, *, #1407, .F. ) ;
#1100 = ORIENTED_EDGE ( 'NONE', *, *, #2729, .T. ) ;
#1101 = CARTESIAN_POINT ( 'NONE',  ( -0.8593986792039916000, 1.250000000000000000, 0.4306881889763788400 ) ) ;
#1102 = VERTEX_POINT ( 'NONE', #2771 ) ;
#1103 = CARTESIAN_POINT ( 'NONE',  ( 1.150748910208276400, 1.249000000000000100, 0.03148334573070834400 ) ) ;
#1104 =( NAMED_UNIT ( * ) SI_UNIT ( $, .STERADIAN. ) SOLID_ANGLE_UNIT ( ) );
#1105 = ORIENTED_EDGE ( 'NONE', *, *, #1397, .T. ) ;
#1106 = LINE ( 'NONE', #37, #2379 ) ;
#1107 = PRESENTATION_LAYER_ASSIGNMENT (  '', '', ( #769 ) ) ;
#1108 =( NAMED_UNIT ( * ) SI_UNIT ( $, .STERADIAN. ) SOLID_ANGLE_UNIT ( ) );
#1109 = CARTESIAN_POINT ( 'NONE',  ( 0.9468727082851994300, 1.250000000000000000, -0.001719779269291688600 ) ) ;
#1110 = CARTESIAN_POINT ( 'NONE',  ( 0.7003410413480779500, 1.249999999999999600, -0.09828545463614962700 ) ) ;
#1111 = CARTESIAN_POINT ( 'NONE',  ( 1.026727637459864800, 1.249000000000000100, 0.1130811231504486600 ) ) ;
#1112 = CARTESIAN_POINT ( 'NONE',  ( 0.9949105226086875100, 1.249000000000000100, -0.5660540410329927300 ) ) ;
#1113 = CARTESIAN_POINT ( 'NONE',  ( 1.150748910208276400, 1.249000000000000100, -0.4492858850385224000 ) ) ;
#1114 = DIRECTION ( 'NONE',  ( -0.9993908270190957600, 0.03489949670250105200, 2.031640698405353800E-016 ) ) ;
#1115 = VERTEX_POINT ( 'NONE', #2507 ) ;
#1116 = CARTESIAN_POINT ( 'NONE',  ( 0.6033884851921130800, 1.248999999999999700, -0.1536178462165793400 ) ) ;
#1117 = CARTESIAN_POINT ( 'NONE',  ( 0.9627039328275779400, 1.248999999999999900, 0.002428959850446600400 ) ) ;
#1118 = CARTESIAN_POINT ( 'NONE',  ( 0.7579917206876328800, 1.249000000000000300, 0.02460412879213914900 ) ) ;
#1119 = EDGE_CURVE ( 'NONE', #2615, #1342, #1303, .T. ) ;
#1120 = CARTESIAN_POINT ( 'NONE',  ( 1.556349038135314400, 1.250000000000000000, -1.600000000000000500 ) ) ;
#1121 = ORIENTED_EDGE ( 'NONE', *, *, #2551, .F. ) ;
#1122 = CARTESIAN_POINT ( 'NONE',  ( 0.9468727082851994300, 1.250000000000000000, 0.5752032976537853100 ) ) ;
#1123 = VECTOR ( 'NONE', #875, 1000.000000000000000 ) ;
#1124 = ORIENTED_EDGE ( 'NONE', *, *, #1334, .T. ) ;
#1125 = STYLED_ITEM ( 'NONE', ( #2704 ), #442 ) ;
#1126 = AXIS2_PLACEMENT_3D ( 'NONE', #868, #878, #887 ) ;
#1127 = CARTESIAN_POINT ( 'NONE',  ( 0.5132301600453067500, 1.249000000000000100, -0.1355770241863558700 ) ) ;
#1128 = ADVANCED_FACE ( 'NONE', ( #2496 ), #1937, .F. ) ;
#1129 = EDGE_LOOP ( 'NONE', ( #1396, #2266, #174, #2765 ) ) ;
#1130 = CARTESIAN_POINT ( 'NONE',  ( 1.127929917847680500, 1.248999999999999900, 0.7038553596783978500 ) ) ;
#1131 = CARTESIAN_POINT ( 'NONE',  ( 0.7579917206876326500, 1.249999999999999800, -0.5523189481309375100 ) ) ;
#1132 = AXIS2_PLACEMENT_3D ( 'NONE', #1017, #2685, #1265 ) ;
#1133 = CARTESIAN_POINT ( 'NONE',  ( 0.9627039328275779400, 1.248999999999999900, 0.5793520367735234300 ) ) ;
#1134 = ORIENTED_EDGE ( 'NONE', *, *, #519, .F. ) ;
#1135 = ORIENTED_EDGE ( 'NONE', *, *, #2729, .F. ) ;
#1136 = VERTEX_POINT ( 'NONE', #3007 ) ;
#1137 = CARTESIAN_POINT ( 'NONE',  ( 0.6452790501254729300, 1.249999999999999800, -0.6148791049083417400 ) ) ;
#1138 = STYLED_ITEM ( 'NONE', ( #329 ), #168 ) ;
#1139 = SURFACE_SIDE_STYLE ('',( #2426 ) ) ;
#1140 = VECTOR ( 'NONE', #34, 1000.000000000000000 ) ;
#1141 = CARTESIAN_POINT ( 'NONE',  ( 0.9692890168182912700, 1.250000000000000400, 0.6768909956048333500 ) ) ;
#1142 = DIRECTION ( 'NONE',  ( 0.0000000000000000000, 0.0000000000000000000, 1.000000000000000000 ) ) ;
#1143 =( LENGTH_UNIT ( ) NAMED_UNIT ( * ) SI_UNIT ( .MILLI., .METRE. ) );
#1144 = FACE_OUTER_BOUND ( 'NONE', #434, .T. ) ;
#1145 = ADVANCED_FACE ( 'NONE', ( #2892 ), #3026, .F. ) ;
#1146 = COLOUR_RGB ( '',1.000000000000000000, 1.000000000000000000, 1.000000000000000000 ) ;
#1147 = ORIENTED_EDGE ( 'NONE', *, *, #2090, .T. ) ;
#1148 = CARTESIAN_POINT ( 'NONE',  ( 0.6452790501254728200, 1.249000000000000100, 0.5389670489378121100 ) ) ;
#1149 = CARTESIAN_POINT ( 'NONE',  ( -1.397565608337850500, 1.250000000000000000, 0.08369921259842802400 ) ) ;
#1150 = DIRECTION ( 'NONE',  ( -0.0000000000000000000, 0.0000000000000000000, -1.000000000000000000 ) ) ;
#1151 = UNCERTAINTY_MEASURE_WITH_UNIT (LENGTH_MEASURE( 1.000000000000000100E-005 ), #2747, 'distance_accuracy_value', 'NONE');
#1152 = B_SPLINE_CURVE_WITH_KNOTS ( 'NONE', 3,
 ( #2662, #735, #251, #1948 ),
 .UNSPECIFIED., .F., .F.,
 ( 4, 4 ),
 ( 0.5454545454545455300, 0.6363636363636364600 ),
 .UNSPECIFIED. ) ;
#1153 = CARTESIAN_POINT ( 'NONE',  ( 0.9627039328275779400, 1.249999999999999800, 0.5793520367735234300 ) ) ;
#1154 = FACE_BOUND ( 'NONE', #1411, .T. ) ;
#1155 = PRESENTATION_LAYER_ASSIGNMENT (  '', '', ( #821 ) ) ;
#1156 = CARTESIAN_POINT ( 'NONE',  ( 0.4103642948236609900, 1.250000000000000000, -0.3339012696539069800 ) ) ;
#1157 = EDGE_CURVE ( 'NONE', #1716, #849, #2356, .T. ) ;
#1158 = ADVANCED_FACE ( 'NONE', ( #839 ), #1186, .F. ) ;
#1159 = CARTESIAN_POINT ( 'NONE',  ( 0.5132301600453067500, 1.250000000000000200, 0.4413460527367211700 ) ) ;
#1160 = SURFACE_STYLE_USAGE ( .BOTH. , #2586 ) ;
#1161 = DIRECTION ( 'NONE',  ( -1.000000000000000000, 0.0000000000000000000, 0.0000000000000000000 ) ) ;
#1162 = LINE ( 'NONE', #565, #2434 ) ;
#1163 =( NAMED_UNIT ( * ) SI_UNIT ( $, .STERADIAN. ) SOLID_ANGLE_UNIT ( ) );
#1164 = ORIENTED_EDGE ( 'NONE', *, *, #1157, .T. ) ;
#1165 = COLOUR_RGB ( '',0.1921568627450980200, 0.2039215686274509800, 0.2039215686274509800 ) ;
#1166 = PRESENTATION_STYLE_ASSIGNMENT (( #1084 ) ) ;
#1167 = EDGE_CURVE ( 'NONE', #1384, #423, #1820, .T. ) ;
#1168 = LINE ( 'NONE', #1441, #1093 ) ;
#1169 = VECTOR ( 'NONE', #11, 1000.000000000000000 ) ;
#1170 =( LENGTH_UNIT ( ) NAMED_UNIT ( * ) SI_UNIT ( .MILLI., .METRE. ) );
#1171 = SURFACE_STYLE_USAGE ( .BOTH. , #2597 ) ;
#1172 = CARTESIAN_POINT ( 'NONE',  ( 0.9985640440302052700, 1.248999999999999900, 0.1071051207276817300 ) ) ;
#1173 = CARTESIAN_POINT ( 'NONE',  ( 0.9949105226086875100, 1.248999999999999900, 0.5877921128131611300 ) ) ;
#1174 = VERTEX_POINT ( 'NONE', #2521 ) ;
#1175 = ADVANCED_FACE ( 'NONE', ( #2458 ), #431, .T. ) ;
#1176 = CARTESIAN_POINT ( 'NONE',  ( 0.4948076209625807400, 1.249999999999999300, -0.2320875431999308600 ) ) ;
#1177 = ORIENTED_EDGE ( 'NONE', *, *, #2567, .T. ) ;
#1178 = CARTESIAN_POINT ( 'NONE',  ( 1.053721479530609100, 1.249000000000000300, 0.6950192004254538400 ) ) ;
#1179 = CARTESIAN_POINT ( 'NONE',  ( -0.6079136398339157800, 1.250000000000000000, -0.4408503937007870500 ) ) ;
#1180 = CARTESIAN_POINT ( 'NONE',  ( 0.9949105226086875100, 1.249999999999999800, 0.5877921128131611300 ) ) ;
#1181 = EDGE_CURVE ( 'NONE', #2709, #1862, #301, .T. ) ;
#1182 = CARTESIAN_POINT ( 'NONE',  ( 1.044923278175578000, 1.249000000000000600, 0.5970313965752736000 ) ) ;
#1183 = AXIS2_PLACEMENT_3D ( 'NONE', #1382, #1357, #1402 ) ;
#1184 = CARTESIAN_POINT ( 'NONE',  ( 0.6033884851921130800, 1.249999999999998900, -0.1536178462165793400 ) ) ;
#1185 = EDGE_LOOP ( 'NONE', ( #1124, #1202, #2190, #2528 ) ) ;
#1186 = CYLINDRICAL_SURFACE ( 'NONE', #647, 0.1497070972545076200 ) ;
#1187 = CARTESIAN_POINT ( 'NONE',  ( 0.6193875387883387400, 1.249000000000000300, -0.6315589584601165600 ) ) ;
#1188 = CARTESIAN_POINT ( 'NONE',  ( 0.6033884851921130800, 1.250000000000000200, -0.7305409231396562400 ) ) ;
#1189 = COLOUR_RGB ( '',1.000000000000000000, 1.000000000000000000, 1.000000000000000000 ) ;
#1190 = CARTESIAN_POINT ( 'NONE',  ( 0.5708565154479093900, 1.249000000000000300, 0.4884849057810280400 ) ) ;
#1191 = STYLED_ITEM ( 'NONE', ( #2546 ), #3036 ) ;
#1192 = ADVANCED_FACE ( 'NONE', ( #964 ), #2554, .F. ) ;
#1193 = SURFACE_STYLE_FILL_AREA ( #1547 ) ;
#1194 = CARTESIAN_POINT ( 'NONE',  ( 0.8173135571388275800, 1.250000000000000200, -0.5259995824138750100 ) ) ;
#1195 = CARTESIAN_POINT ( 'NONE',  ( 1.044923278175578000, 1.250000000000000400, 0.5970313965752736000 ) ) ;
#1196 = LINE ( 'NONE', #737, #2465 ) ;
#1197 = CLOSED_SHELL ( 'NONE', ( #1158, #1856, #1380, #2086, #1175, #2105, #2384, #2120, #392, #880, #2805, #1192, #909, #1655, #2325, #642, #2834, #407, #1615, #1394, #1638, #931, #892, #3073, #2368, #149, #442, #424, #681, #3108, #1842, #1627, #1865, #178, #1145, #1429, #1410, #2609, #138, #2560, #2352, #2596, #1883, #655, #2149, #949, #2792, #2579, #2817, #2132, #197, #1128, #2340, #168, #668, #3036, #3091, #3054 ) ) ;
#1198 = AXIS2_PLACEMENT_3D ( 'NONE', #1373, #2501, #356 ) ;
#1199 = CARTESIAN_POINT ( 'NONE',  ( 1.097069108946715300, 1.248999999999999900, 0.6041747328957370900 ) ) ;
#1200 = CARTESIAN_POINT ( 'NONE',  ( 0.6307990869808661700, 1.249000000000000600, -0.1368687088195505200 ) ) ;
#1201 = CARTESIAN_POINT ( 'NONE',  ( 1.132651793339804100, 1.249999999999999800, 0.6069797895012264400 ) ) ;
#1202 = ORIENTED_EDGE ( 'NONE', *, *, #71, .F. ) ;
#1203 = CARTESIAN_POINT ( 'NONE',  ( 1.026727637459864800, 1.249000000000000100, 0.1130811231504486600 ) ) ;
#1204 = CARTESIAN_POINT ( 'NONE',  ( 1.097069108946715300, 1.249999999999999800, 0.6041747328957370900 ) ) ;
#1205 = AXIS2_PLACEMENT_3D ( 'NONE', #2996, #1114, #1319 ) ;
#1206 = ORIENTED_EDGE ( 'NONE', *, *, #1770, .T. ) ;
#1207 = PRESENTATION_LAYER_ASSIGNMENT (  '', '', ( #870 ) ) ;
#1208 = CARTESIAN_POINT ( 'NONE',  ( 1.132651793339804100, 1.248999999999999900, 0.6069797895012264400 ) ) ;
#1209 =( NAMED_UNIT ( * ) SI_UNIT ( $, .STERADIAN. ) SOLID_ANGLE_UNIT ( ) );
#1210 = EDGE_LOOP ( 'NONE', ( #513, #2166, #1724, #95 ) ) ;
#1211 = ORIENTED_EDGE ( 'NONE', *, *, #884, .F. ) ;
#1212 = DIRECTION ( 'NONE',  ( -0.0000000000000000000, 1.000000000000000000, -0.0000000000000000000 ) ) ;
#1213 = DIRECTION ( 'NONE',  ( 1.000000000000000000, -0.0000000000000000000, -2.816109538923387900E-016 ) ) ;
#1214 = CARTESIAN_POINT ( 'NONE',  ( 1.132651793339804100, 1.249999999999999800, 0.6069797895012264400 ) ) ;
#1215 = CARTESIAN_POINT ( 'NONE',  ( -0.8593986792039916000, 1.249000000000000100, 0.4306881889763788400 ) ) ;
#1216 = VECTOR ( 'NONE', #2240, 1000.000000000000000 ) ;
#1217 =( GEOMETRIC_REPRESENTATION_CONTEXT ( 3 ) GLOBAL_UNCERTAINTY_ASSIGNED_CONTEXT ( ( #2070 ) ) GLOBAL_UNIT_ASSIGNED_CONTEXT ( ( #2279, #825, #2506 ) ) REPRESENTATION_CONTEXT ( 'NONE', 'WORKASPACE' ) );
#1218 = CARTESIAN_POINT ( 'NONE',  ( -0.8861860807787974600, 1.250000000000000000, -0.3594992125984237700 ) ) ;
#1219 = CARTESIAN_POINT ( 'NONE',  ( 0.6299999999999996700, -0.05000000000000000300, 1.345000000000000200 ) ) ;
#1220 = EDGE_CURVE ( 'NONE', #2437, #1115, #2568, .T. ) ;
#1221 =( LENGTH_UNIT ( ) NAMED_UNIT ( * ) SI_UNIT ( .MILLI., .METRE. ) );
#1222 = FILL_AREA_STYLE ('',( #980 ) ) ;
#1223 = PLANE ( 'NONE',  #1183 ) ;
#1224 = CARTESIAN_POINT ( 'NONE',  ( -1.227598197486963600, 1.249000000000000100, 1.155239767147279200 ) ) ;
#1225 = VECTOR ( 'NONE', #1550, 1000.000000000000000 ) ;
#1226 = EDGE_CURVE ( 'NONE', #202, #2230, #1931, .T. ) ;
#1227 = CARTESIAN_POINT ( 'NONE',  ( 1.150748910208276400, 1.249000000000000100, 0.6084064226537854200 ) ) ;
#1228 = CARTESIAN_POINT ( 'NONE',  ( 0.6307990869808661700, 1.249999999999999800, -0.1368687088195505200 ) ) ;
#1229 = LINE ( 'NONE', #339, #2428 ) ;
#1230 = DIRECTION ( 'NONE',  ( -0.0000000000000000000, 1.000000000000000000, -0.0000000000000000000 ) ) ;
#1231 = CARTESIAN_POINT ( 'NONE',  ( 0.5774073733921442100, 1.250000000000000000, -0.7471716019344716300 ) ) ;
#1232 = CARTESIAN_POINT ( 'NONE',  ( 0.5065181409775072500, 1.249000000000000100, -0.3339012696539069800 ) ) ;
#1233 = DIRECTION ( 'NONE',  ( -0.0000000000000000000, 1.000000000000000000, -0.0000000000000000000 ) ) ;
#1234 = SURFACE_SIDE_STYLE ('',( #960 ) ) ;
#1235 = CARTESIAN_POINT ( 'NONE',  ( -0.9727230886528125400, 1.250000000000000000, -0.2374330708661406600 ) ) ;
#1236 = COLOUR_RGB ( '',0.1921568627450980200, 0.2039215686274509800, 0.2039215686274509800 ) ;
#1237 = CARTESIAN_POINT ( 'NONE',  ( -1.107524663455962300, 1.250000000000000000, -0.3665999999999977600 ) ) ;
#1238 = EDGE_CURVE ( 'NONE', #1905, #1733, #649, .T. ) ;
#1239 = ORIENTED_EDGE ( 'NONE', *, *, #1962, .F. ) ;
#1240 = CARTESIAN_POINT ( 'NONE',  ( 0.9287008160760931200, 1.249999999999999800, 0.6663360377141296400 ) ) ;
#1241 = LINE ( 'NONE', #2823, #1801 ) ;
#1242 = LINE ( 'NONE', #1940, #593 ) ;
#1243 = DIRECTION ( 'NONE',  ( -1.000000000000000000, -0.0000000000000000000, -0.0000000000000000000 ) ) ;
#1244 = SURFACE_STYLE_USAGE ( .BOTH. , #1344 ) ;
#1245 = CARTESIAN_POINT ( 'NONE',  ( 0.5065181409775072500, 1.250000000000000000, 0.8199448841922469800 ) ) ;
#1246 = STYLED_ITEM ( 'NONE', ( #2675 ), #1394 ) ;
#1247 = UNCERTAINTY_MEASURE_WITH_UNIT (LENGTH_MEASURE( 1.000000000000000100E-005 ), #768, 'distance_accuracy_value', 'NONE');
#1248 = ORIENTED_EDGE ( 'NONE', *, *, #2264, .F. ) ;
#1249 = EDGE_CURVE ( 'NONE', #1102, #1951, #1305, .T. ) ;
#1250 = CARTESIAN_POINT ( 'NONE',  ( 0.5298965353608654500, 1.249000000000000300, 0.3731736207897153900 ) ) ;
#1251 = CARTESIAN_POINT ( 'NONE',  ( 0.4103642948236609900, 1.249000000000000100, 0.2430218072691698600 ) ) ;
#1252 = ORIENTED_EDGE ( 'NONE', *, *, #100, .T. ) ;
#1253 = MECHANICAL_DESIGN_GEOMETRIC_PRESENTATION_REPRESENTATION (  '', ( #915 ), #1409 ) ;
#1254 = CARTESIAN_POINT ( 'NONE',  ( 0.5065181409775072500, 1.250000000000000000, 0.4353294995768622900 ) ) ;
#1255 = ORIENTED_EDGE ( 'NONE', *, *, #2893, .F. ) ;
#1256 = SURFACE_STYLE_FILL_AREA ( #154 ) ;
#1257 =( NAMED_UNIT ( * ) PLANE_ANGLE_UNIT ( ) SI_UNIT ( $, .RADIAN. ) );
#1258 = PRODUCT_DEFINITION ( 'UNKNOWN', '', #1419, #742 ) ;
#1259 = CARTESIAN_POINT ( 'NONE',  ( 1.150748910208276400, 1.250000000000000000, 0.6084064226537854200 ) ) ;
#1260 = SURFACE_SIDE_STYLE ('',( #3065 ) ) ;
#1261 = CARTESIAN_POINT ( 'NONE',  ( 0.5065181409775072500, 1.249000000000000100, 0.4353294995768622900 ) ) ;
#1262 = ORIENTED_EDGE ( 'NONE', *, *, #1454, .T. ) ;
#1263 = SURFACE_SIDE_STYLE ('',( #586 ) ) ;
#1264 = MECHANICAL_DESIGN_GEOMETRIC_PRESENTATION_REPRESENTATION (  '', ( #769 ), #1427 ) ;
#1265 = DIRECTION ( 'NONE',  ( 0.0000000000000000000, 0.0000000000000000000, 1.000000000000000000 ) ) ;
#1266 = CARTESIAN_POINT ( 'NONE',  ( 0.5774073733921442100, 1.249999999999999600, -0.7471716019344716300 ) ) ;
#1267 = CARTESIAN_POINT ( 'NONE',  ( 1.150748910208276400, 1.250000000000000000, -0.5454397311923685500 ) ) ;
#1268 = CARTESIAN_POINT ( 'NONE',  ( 1.143283040082379700, 1.248999999999999900, -0.4495165157309847200 ) ) ;
#1269 = CARTESIAN_POINT ( 'NONE',  ( 1.150748910208276400, 1.250000000000000000, 0.6084064226537854200 ) ) ;
#1270 = FILL_AREA_STYLE_COLOUR ( '', #816 ) ;
#1271 =( NAMED_UNIT ( * ) PLANE_ANGLE_UNIT ( ) SI_UNIT ( $, .RADIAN. ) );
#1272 = ORIENTED_EDGE ( 'NONE', *, *, #1334, .F. ) ;
#1273 = DIRECTION ( 'NONE',  ( 0.0000000000000000000, 0.0000000000000000000, 1.000000000000000000 ) ) ;
#1274 = SURFACE_STYLE_USAGE ( .BOTH. , #1234 ) ;
#1275 = ORIENTED_EDGE ( 'NONE', *, *, #718, .T. ) ;
#1276 = CARTESIAN_POINT ( 'NONE',  ( 0.8810017367214070200, 1.249000000000000100, -0.5978675179053321000 ) ) ;
#1277 = CARTESIAN_POINT ( 'NONE',  ( 0.7098050945909284400, 1.249000000000000300, -0.5772070018830165500 ) ) ;
#1278 = CARTESIAN_POINT ( 'NONE',  ( 0.5065181409775072500, 1.249000000000000100, -0.7185166542692915700 ) ) ;
#1279 = DIRECTION ( 'NONE',  ( -0.0000000000000000000, 1.000000000000000000, -0.0000000000000000000 ) ) ;
#1280 = EDGE_CURVE ( 'NONE', #3109, #1955, #1229, .T. ) ;
#1281 = SURFACE_STYLE_FILL_AREA ( #2211 ) ;
#1282 = ORIENTED_EDGE ( 'NONE', *, *, #1563, .T. ) ;
#1283 = SURFACE_STYLE_USAGE ( .BOTH. , #2706 ) ;
#1284 = COLOUR_RGB ( '',1.000000000000000000, 1.000000000000000000, 1.000000000000000000 ) ;
#1285 = ORIENTED_EDGE ( 'NONE', *, *, #2913, .T. ) ;
#1286 = VERTEX_POINT ( 'NONE', #2565 ) ;
#1287 =( NAMED_UNIT ( * ) SI_UNIT ( $, .STERADIAN. ) SOLID_ANGLE_UNIT ( ) );
#1288 = CARTESIAN_POINT ( 'NONE',  ( -1.600000000000001000, 0.0000000000000000000, -1.600000000000000500 ) ) ;
#1289 = UNCERTAINTY_MEASURE_WITH_UNIT (LENGTH_MEASURE( 1.000000000000000100E-005 ), #104, 'distance_accuracy_value', 'NONE');
#1290 = AXIS2_PLACEMENT_3D ( 'NONE', #1746, #286, #1990 ) ;
#1291 = FILL_AREA_STYLE ('',( #1995 ) ) ;
#1292 = CARTESIAN_POINT ( 'NONE',  ( 0.5708565154479093900, 1.249000000000000100, -0.08843817114204918800 ) ) ;
#1293 = PRESENTATION_LAYER_ASSIGNMENT (  '', '', ( #965 ) ) ;
#1294 = CARTESIAN_POINT ( 'NONE',  ( 0.5083407561152232200, 1.249000000000000100, -0.2205150761205364500 ) ) ;
#1295 = DIRECTION ( 'NONE',  ( 2.816109538923387900E-016, 0.0000000000000000000, 1.000000000000000000 ) ) ;
#1296 = PRESENTATION_LAYER_ASSIGNMENT (  '', '', ( #969 ) ) ;
#1297 = CARTESIAN_POINT ( 'NONE',  ( 0.5484227859363810500, 1.250000000000000000, -0.6828410795535905200 ) ) ;
#1298 = CARTESIAN_POINT ( 'NONE',  ( -1.318067970542576000, 1.250000000000000000, -0.1926125984251939300 ) ) ;
#1299 = CARTESIAN_POINT ( 'NONE',  ( 0.5945848048040396300, 1.249000000000000100, -0.07145843199568108200 ) ) ;
#1300 = AXIS2_PLACEMENT_3D ( 'NONE', #2344, #1341, #3001 ) ;
#1301 = CARTESIAN_POINT ( 'NONE',  ( 0.4881888140544302600, 1.249000000000000100, 0.3391756534230161400 ) ) ;
#1302 = LINE ( 'NONE', #1759, #74 ) ;
#1303 = LINE ( 'NONE', #2780, #3134 ) ;
#1304 = PRESENTATION_STYLE_ASSIGNMENT (( #134 ) ) ;
#1305 = LINE ( 'NONE', #181, #573 ) ;
#1306 = AXIS2_PLACEMENT_3D ( 'NONE', #1941, #1415, #751 ) ;
#1307 = PRODUCT_CONTEXT ( 'NONE', #75, 'mechanical' ) ;
#1308 =( LENGTH_UNIT ( ) NAMED_UNIT ( * ) SI_UNIT ( .MILLI., .METRE. ) );
#1309 = STYLED_ITEM ( 'NONE', ( #1529 ), #1192 ) ;
#1310 = SURFACE_STYLE_FILL_AREA ( #2248 ) ;
#1311 = CARTESIAN_POINT ( 'NONE',  ( 0.6307990869808661700, 1.250000000000000400, -0.1368687088195505200 ) ) ;
#1312 = DIRECTION ( 'NONE',  ( 0.0000000000000000000, 0.0000000000000000000, 1.000000000000000000 ) ) ;
#1313 = CARTESIAN_POINT ( 'NONE',  ( -0.8862852933772215100, 1.250000000000000000, -0.1391181102362200300 ) ) ;
#1314 = FACE_OUTER_BOUND ( 'NONE', #2956, .T. ) ;
#1315 = CARTESIAN_POINT ( 'NONE',  ( 0.4881888140544302600, 1.250000000000000000, 0.3391756534230161400 ) ) ;
#1316 = UNCERTAINTY_MEASURE_WITH_UNIT (LENGTH_MEASURE( 1.000000000000000100E-005 ), #560, 'distance_accuracy_value', 'NONE');
#1317 = DIRECTION ( 'NONE',  ( 1.000000000000000000, 0.0000000000000000000, 0.0000000000000000000 ) ) ;
#1318 = VERTEX_POINT ( 'NONE', #2306 ) ;
#1319 = DIRECTION ( 'NONE',  ( -0.03489949670250104600, -0.9993908270190956500, 0.0000000000000000000 ) ) ;
#1320 = DIRECTION ( 'NONE',  ( -0.0000000000000000000, 1.000000000000000000, -0.0000000000000000000 ) ) ;
#1321 = MECHANICAL_DESIGN_GEOMETRIC_PRESENTATION_REPRESENTATION (  '', ( #821 ), #1480 ) ;
#1322 = SURFACE_STYLE_USAGE ( .BOTH. , #2744 ) ;
#1323 = VECTOR ( 'NONE', #845, 1000.000000000000000 ) ;
#1324 = PRESENTATION_STYLE_ASSIGNMENT (( #1969 ) ) ;
#1325 = DIRECTION ( 'NONE',  ( 1.000000000000000000, 0.0000000000000000000, 0.0000000000000000000 ) ) ;
#1326 = EDGE_LOOP ( 'NONE', ( #663, #1340, #469, #548 ) ) ;
#1327 = STYLED_ITEM ( 'NONE', ( #2005 ), #138 ) ;
#1328 = DIRECTION ( 'NONE',  ( 0.0000000000000000000, 0.0000000000000000000, -1.000000000000000000 ) ) ;
#1329 = ORIENTED_EDGE ( 'NONE', *, *, #2402, .T. ) ;
#1330 = FILL_AREA_STYLE ('',( #3009 ) ) ;
#1331 = EDGE_LOOP ( 'NONE', ( #2485, #365, #2879, #2878, #855, #353, #695, #92, #747, #1841, #1428 ) ) ;
#1332 =( NAMED_UNIT ( * ) PLANE_ANGLE_UNIT ( ) SI_UNIT ( $, .RADIAN. ) );
#1333 =( NAMED_UNIT ( * ) SI_UNIT ( $, .STERADIAN. ) SOLID_ANGLE_UNIT ( ) );
#1334 = EDGE_CURVE ( 'NONE', #1766, #2178, #1786, .T. ) ;
#1335 = COLOUR_RGB ( '',1.000000000000000000, 1.000000000000000000, 1.000000000000000000 ) ;
#1336 = CARTESIAN_POINT ( 'NONE',  ( -0.3689356870780081100, 1.249000000000000100, 0.2739228346456694100 ) ) ;
#1337 = DIRECTION ( 'NONE',  ( -0.0000000000000000000, 1.000000000000000000, -0.0000000000000000000 ) ) ;
#1338 = FACE_OUTER_BOUND ( 'NONE', #850, .T. ) ;
#1339 = DIRECTION ( 'NONE',  ( 0.0000000000000000000, 0.03489949670250105200, -0.9993908270190957600 ) ) ;
#1340 = ORIENTED_EDGE ( 'NONE', *, *, #578, .F. ) ;
#1341 = DIRECTION ( 'NONE',  ( 1.112207570156980200E-013, -1.000000000000000000, -1.300643610516437500E-013 ) ) ;
#1342 = VERTEX_POINT ( 'NONE', #2708 ) ;
#1343 = CARTESIAN_POINT ( 'NONE',  ( 0.9468727082851994300, 1.249000000000000100, -0.5786428561923686600 ) ) ;
#1344 = SURFACE_SIDE_STYLE ('',( #2785 ) ) ;
#1345 = DIRECTION ( 'NONE',  ( -0.03487826274237470400, -0.9987827659587182900, -0.03487826274237469700 ) ) ;
#1346 = FACE_OUTER_BOUND ( 'NONE', #1129, .T. ) ;
#1347 = SURFACE_STYLE_USAGE ( .BOTH. , #2052 ) ;
#1348 = EDGE_CURVE ( 'NONE', #1102, #1016, #2497, .T. ) ;
#1349 = SURFACE_STYLE_FILL_AREA ( #577 ) ;
#1350 =( NAMED_UNIT ( * ) SI_UNIT ( $, .STERADIAN. ) SOLID_ANGLE_UNIT ( ) );
#1351 = CARTESIAN_POINT ( 'NONE',  ( -0.6299999999999996700, -0.05000000000000000300, -1.345000000000000000 ) ) ;
#1352 = CARTESIAN_POINT ( 'NONE',  ( 0.5268333586189883900, 1.249999999999998400, -0.1233833211387413800 ) ) ;
#1353 = ORIENTED_EDGE ( 'NONE', *, *, #2558, .T. ) ;
#1354 = LINE ( 'NONE', #2180, #45 ) ;
#1355 = ORIENTED_EDGE ( 'NONE', *, *, #1755, .F. ) ;
#1356 = CARTESIAN_POINT ( 'NONE',  ( 1.044923278175577700, 1.248999999999999900, -0.5568147572708803700 ) ) ;
#1357 = DIRECTION ( 'NONE',  ( -1.000000000000000000, 0.0000000000000000000, 0.0000000000000000000 ) ) ;
#1358 = AXIS2_PLACEMENT_3D ( 'NONE', #690, #2386, #945 ) ;
#1359 = FILL_AREA_STYLE_COLOUR ( '', #3019 ) ;
#1360 = FACE_BOUND ( 'NONE', #1331, .T. ) ;
#1361 = CARTESIAN_POINT ( 'NONE',  ( -1.399999999999999700, -0.0000000000000000000, -1.345000000000000000 ) ) ;
#1362 = ORIENTED_EDGE ( 'NONE', *, *, #900, .T. ) ;
#1363 = PRESENTATION_LAYER_ASSIGNMENT (  '', '', ( #1033 ) ) ;
#1364 = LINE ( 'NONE', #971, #1436 ) ;
#1365 = CARTESIAN_POINT ( 'NONE',  ( 0.7098050945909277800, 1.248999999999999900, -0.0002839249599394409400 ) ) ;
#1366 = ORIENTED_EDGE ( 'NONE', *, *, #402, .T. ) ;
#1367 = CARTESIAN_POINT ( 'NONE',  ( 1.150748910208276400, 1.249000000000000100, 0.7045602688076315600 ) ) ;
#1368 = PLANE ( 'NONE',  #2876 ) ;
#1369 = CARTESIAN_POINT ( 'NONE',  ( 0.9468727082851994300, 1.249000000000000100, 0.5752032976537853100 ) ) ;
#1370 = PRESENTATION_LAYER_ASSIGNMENT (  '', '', ( #1039 ) ) ;
#1371 = MECHANICAL_DESIGN_GEOMETRIC_PRESENTATION_REPRESENTATION (  '', ( #870 ), #1526 ) ;
#1372 = CARTESIAN_POINT ( 'NONE',  ( 1.104338211421708200, 1.249000000000000600, 0.7017580616468643800 ) ) ;
#1373 = CARTESIAN_POINT ( 'NONE',  ( 1.399999999999999700, -0.05000000000000000300, 1.345000000000000400 ) ) ;
#1374 = FILL_AREA_STYLE ('',( #1359 ) ) ;
#1375 = LINE ( 'NONE', #1425, #2008 ) ;
#1376 = VECTOR ( 'NONE', #2555, 1000.000000000000000 ) ;
#1377 = COLOUR_RGB ( '',1.000000000000000000, 1.000000000000000000, 1.000000000000000000 ) ;
#1378 = CARTESIAN_POINT ( 'NONE',  ( 1.150748910208276400, 1.249000000000000100, 0.6084064226537854200 ) ) ;
#1379 = EDGE_CURVE ( 'NONE', #1832, #25, #2978, .T. ) ;
#1380 = ADVANCED_FACE ( 'NONE', ( #413, #1707, #1154 ), #670, .F. ) ;
#1381 = CARTESIAN_POINT ( 'NONE',  ( 0.9287008160760931200, 1.250000000000000000, 0.6663360377141296400 ) ) ;
#1382 = CARTESIAN_POINT ( 'NONE',  ( 0.5065181409775072500, 1.249000000000000100, -0.7185166542692915700 ) ) ;
#1383 = UNCERTAINTY_MEASURE_WITH_UNIT (LENGTH_MEASURE( 1.000000000000000100E-005 ), #2504, 'distance_accuracy_value', 'NONE');
#1384 = VERTEX_POINT ( 'NONE', #703 ) ;
#1385 = SURFACE_SIDE_STYLE ('',( #535 ) ) ;
#1386 = COLOUR_RGB ( '',0.8274509803921568100, 0.8392156862745098200, 0.8274509803921568100 ) ;
#1387 = CARTESIAN_POINT ( 'NONE',  ( 0.4881888140544302600, 1.250000000000000000, -0.2377474235000608700 ) ) ;
#1388 = EDGE_LOOP ( 'NONE', ( #1695, #3069, #862, #1763 ) ) ;
#1389 = CARTESIAN_POINT ( 'NONE',  ( 0.6193875387883388500, 1.249000000000000300, 0.5222871953860375200 ) ) ;
#1390 = CARTESIAN_POINT ( 'NONE',  ( -1.088012852432338500, 1.250000000000000000, 0.3682913385826798700 ) ) ;
#1391 = CARTESIAN_POINT ( 'NONE',  ( 1.399999999999999700, -0.05000000000000000300, -1.345000000000000400 ) ) ;
#1392 = VECTOR ( 'NONE', #1243, 1000.000000000000000 ) ;
#1393 = ORIENTED_EDGE ( 'NONE', *, *, #572, .F. ) ;
#1394 = ADVANCED_FACE ( 'NONE', ( #177 ), #2934, .T. ) ;
#1395 = STYLED_ITEM ( 'NONE', ( #674 ), #407 ) ;
#1396 = ORIENTED_EDGE ( 'NONE', *, *, #2017, .F. ) ;
#1397 = EDGE_CURVE ( 'NONE', #2231, #2615, #3120, .T. ) ;
#1398 = CARTESIAN_POINT ( 'NONE',  ( 0.9249521812137627700, 1.250000000000000000, -0.008117357861405055300 ) ) ;
#1399 = CARTESIAN_POINT ( 'NONE',  ( -1.123078994164623500, 1.250000000000000000, -0.2597606299212574800 ) ) ;
#1400 = CARTESIAN_POINT ( 'NONE',  ( 0.5065181409775072500, 1.250000000000000200, 0.4353294995768622900 ) ) ;
#1401 =( NAMED_UNIT ( * ) PLANE_ANGLE_UNIT ( ) SI_UNIT ( $, .RADIAN. ) );
#1402 = DIRECTION ( 'NONE',  ( 0.0000000000000000000, 0.0000000000000000000, 1.000000000000000000 ) ) ;
#1403 = CARTESIAN_POINT ( 'NONE',  ( 0.4881888140544302600, 1.249000000000000100, 0.3391756534230161400 ) ) ;
#1404 = UNCERTAINTY_MEASURE_WITH_UNIT (LENGTH_MEASURE( 1.000000000000000100E-005 ), #780, 'distance_accuracy_value', 'NONE');
#1405 = AXIS2_PLACEMENT_3D ( 'NONE', #1939, #1030, #1008 ) ;
#1406 = DIRECTION ( 'NONE',  ( 0.0000000000000000000, 0.0000000000000000000, -1.000000000000000000 ) ) ;
#1407 = EDGE_CURVE ( 'NONE', #20, #208, #2462, .T. ) ;
#1408 = CARTESIAN_POINT ( 'NONE',  ( 0.5268333586189883900, 1.248999999999999900, -0.1233833211387413800 ) ) ;
#1409 =( GEOMETRIC_REPRESENTATION_CONTEXT ( 3 ) GLOBAL_UNCERTAINTY_ASSIGNED_CONTEXT ( ( #397 ) ) GLOBAL_UNIT_ASSIGNED_CONTEXT ( ( #399, #2107, #652 ) ) REPRESENTATION_CONTEXT ( 'NONE', 'WORKASPACE' ) );
#1410 = ADVANCED_FACE ( 'NONE', ( #526 ), #2159, .T. ) ;
#1411 = EDGE_LOOP ( 'NONE', ( #1272, #2932, #2505, #1768 ) ) ;
#1412 =( NAMED_UNIT ( * ) PLANE_ANGLE_UNIT ( ) SI_UNIT ( $, .RADIAN. ) );
#1413 = DIRECTION ( 'NONE',  ( -0.0000000000000000000, 1.000000000000000000, -0.0000000000000000000 ) ) ;
#1414 = B_SPLINE_CURVE_WITH_KNOTS ( 'NONE', 3,
 ( #481, #448, #401, #493 ),
 .UNSPECIFIED., .F., .F.,
 ( 4, 4 ),
 ( 0.8181818181818183400, 0.9090909090909092800 ),
 .UNSPECIFIED. ) ;
#1415 = DIRECTION ( 'NONE',  ( 6.680847415502358700E-013, -1.000000000000000000, -8.195870038086952000E-013 ) ) ;
#1416 = VERTEX_POINT ( 'NONE', #1179 ) ;
#1417 = STYLED_ITEM ( 'NONE', ( #2202 ), #1627 ) ;
#1418 = VECTOR ( 'NONE', #2272, 1000.000000000000000 ) ;
#1419 = PRODUCT_DEFINITION_FORMATION_WITH_SPECIFIED_SOURCE ( 'ANY', '', #218, .NOT_KNOWN. ) ;
#1420 = DIRECTION ( 'NONE',  ( -1.355252715606880500E-016, -0.0000000000000000000, -1.000000000000000000 ) ) ;
#1421 = CARTESIAN_POINT ( 'NONE',  ( 0.4881888140544302600, 1.250000000000000000, -0.8146705004231378200 ) ) ;
#1422 = CARTESIAN_POINT ( 'NONE',  ( 0.9287008160760931200, 1.248999999999999900, 0.6663360377141296400 ) ) ;
#1423 = PRESENTATION_STYLE_ASSIGNMENT (( #1063 ) ) ;
#1424 = CARTESIAN_POINT ( 'NONE',  ( -0.4787041910150179900, 1.249000000000000100, -0.3115338582677174600 ) ) ;
#1425 = CARTESIAN_POINT ( 'NONE',  ( -0.3651435610937574500, 1.249000000000000100, -4.336808689942017700E-016 ) ) ;
#1426 = SURFACE_STYLE_USAGE ( .BOTH. , #1385 ) ;
#1427 =( GEOMETRIC_REPRESENTATION_CONTEXT ( 3 ) GLOBAL_UNCERTAINTY_ASSIGNED_CONTEXT ( ( #2400 ) ) GLOBAL_UNIT_ASSIGNED_CONTEXT ( ( #57, #1731, #99 ) ) REPRESENTATION_CONTEXT ( 'NONE', 'WORKASPACE' ) );
#1428 = ORIENTED_EDGE ( 'NONE', *, *, #1552, .F. ) ;
#1429 = ADVANCED_FACE ( 'NONE', ( #2242 ), #1223, .T. ) ;
#1430 =( LENGTH_UNIT ( ) NAMED_UNIT ( * ) SI_UNIT ( .MILLI., .METRE. ) );
#1431 = CARTESIAN_POINT ( 'NONE',  ( 0.6597522047426003200, 1.249000000000000300, -0.1202297361550413600 ) ) ;
#1432 = ORIENTED_EDGE ( 'NONE', *, *, #78, .T. ) ;
#1433 = CARTESIAN_POINT ( 'NONE',  ( 0.5268333586189883900, 1.248999999999999900, 0.4535397557843356400 ) ) ;
#1434 = CARTESIAN_POINT ( 'NONE',  ( 0.4103642948236609900, 1.250000000000000000, 0.3391756534230161400 ) ) ;
#1435 = CARTESIAN_POINT ( 'NONE',  ( -1.318067970542576000, 1.249000000000000100, -0.1926125984251939300 ) ) ;
#1436 = VECTOR ( 'NONE', #1213, 1000.000000000000000 ) ;
#1437 =( NAMED_UNIT ( * ) PLANE_ANGLE_UNIT ( ) SI_UNIT ( $, .RADIAN. ) );
#1438 = ORIENTED_EDGE ( 'NONE', *, *, #853, .T. ) ;
#1439 = MECHANICAL_DESIGN_GEOMETRIC_PRESENTATION_REPRESENTATION (  '', ( #1039 ), #1593 ) ;
#1440 =( NAMED_UNIT ( * ) SI_UNIT ( $, .STERADIAN. ) SOLID_ANGLE_UNIT ( ) );
#1441 = CARTESIAN_POINT ( 'NONE',  ( 1.596107221721835300, 0.1114745847477245100, -1.596107221721836800 ) ) ;
#1442 = EDGE_LOOP ( 'NONE', ( #2694, #256, #983, #98 ) ) ;
#1443 = EDGE_CURVE ( 'NONE', #1836, #2955, #1375, .T. ) ;
#1444 = CARTESIAN_POINT ( 'NONE',  ( 0.4103642948236609900, 1.249000000000000100, -0.3339012696539069800 ) ) ;
#1445 = VECTOR ( 'NONE', #715, 1000.000000000000000 ) ;
#1446 = CARTESIAN_POINT ( 'NONE',  ( -1.397565608337850500, 1.249000000000000100, 0.08369921259842802400 ) ) ;
#1447 = PRESENTATION_LAYER_ASSIGNMENT (  '', '', ( #1125 ) ) ;
#1448 = CARTESIAN_POINT ( 'NONE',  ( 1.399999999999999700, -0.05000000000000000300, -1.345000000000000400 ) ) ;
#1449 = CARTESIAN_POINT ( 'NONE',  ( 0.6597522047426003200, 1.249999999999999600, -0.1202297361550413600 ) ) ;
#1450 = VECTOR ( 'NONE', #1021, 1000.000000000000000 ) ;
#1451 = MECHANICAL_DESIGN_GEOMETRIC_PRESENTATION_REPRESENTATION (  '', ( #965 ), #1607 ) ;
#1452 = LINE ( 'NONE', #2693, #2563 ) ;
#1453 = MECHANICAL_DESIGN_GEOMETRIC_PRESENTATION_REPRESENTATION (  '', ( #969 ), #1612 ) ;
#1454 = EDGE_CURVE ( 'NONE', #2674, #3089, #973, .T. ) ;
#1455 = B_SPLINE_CURVE_WITH_KNOTS ( 'NONE', 3,
 ( #2459, #1268, #1508, #44, #1743, #282, #1985, #532, #2237, #784, #2469, #1035, #2701, #1277, #2937, #1520, #59, #1752, #295, #1997, #542, #2247, #794 ),
 .UNSPECIFIED., .F., .F.,
 ( 4, 1, 1, 1, 1, 1, 1, 1, 1, 1, 1, 1, 1, 1, 1, 1, 1, 1, 1, 1, 4 ),
 ( 0.0000000000000000000, 0.03151551312998467800, 0.06480979674365734700, 0.09991169883527571700, 0.1366755286001709000, 0.1751432978746824700, 0.2157650117082458000, 0.2581569125231217800, 0.3022930440652045700, 0.3927408518774001000, 0.4832984694610615900, 0.5744114847371660800, 0.6664774093514972400, 0.7120107481430553200, 0.7563744975915032100, 0.7998154803065209400, 0.8419616993485903300, 0.8828431755911850800, 0.9229180315891946100, 0.9619666184423850700, 1.000000000000000000 ),
 .UNSPECIFIED. ) ;
#1456 = DIRECTION ( 'NONE',  ( 0.0000000000000000000, 0.03489949670250105200, 0.9993908270190957600 ) ) ;
#1457 = ORIENTED_EDGE ( 'NONE', *, *, #100, .F. ) ;
#1458 = PRESENTATION_LAYER_ASSIGNMENT (  '', '', ( #1138 ) ) ;
#1459 = DIRECTION ( 'NONE',  ( -1.000000000000000000, 0.0000000000000000000, 0.0000000000000000000 ) ) ;
#1460 = CARTESIAN_POINT ( 'NONE',  ( 0.7003410413480779500, 1.248999999999999700, -0.09828545463614962700 ) ) ;
#1461 = STYLED_ITEM ( 'NONE', ( #689 ), #2609 ) ;
#1462 = PRODUCT_DEFINITION_SHAPE ( 'NONE', 'NONE',  #1258 ) ;
#1463 =( NAMED_UNIT ( * ) SI_UNIT ( $, .STERADIAN. ) SOLID_ANGLE_UNIT ( ) );
#1464 = SURFACE_STYLE_FILL_AREA ( #292 ) ;
#1465 = SURFACE_STYLE_USAGE ( .BOTH. , #2883 ) ;
#1466 = CARTESIAN_POINT ( 'NONE',  ( 0.5065181409775072500, 1.249000000000000100, -0.1415935773462147500 ) ) ;
#1467 = LINE ( 'NONE', #2025, #2103 ) ;
#1468 = DIRECTION ( 'NONE',  ( 0.0000000000000000000, 0.0000000000000000000, 1.000000000000000000 ) ) ;
#1469 = PRESENTATION_LAYER_ASSIGNMENT (  '', '', ( #1068 ) ) ;
#1470 = VECTOR ( 'NONE', #1406, 1000.000000000000000 ) ;
#1471 = CARTESIAN_POINT ( 'NONE',  ( 0.7523609121438870100, 1.248999999999999900, 0.5046861510799899300 ) ) ;
#1472 = CARTESIAN_POINT ( 'NONE',  ( 0.7003410413480779500, 1.249999999999998900, -0.09828545463614962700 ) ) ;
#1473 = ORIENTED_EDGE ( 'NONE', *, *, #73, .F. ) ;
#1474 = ORIENTED_EDGE ( 'NONE', *, *, #3052, .T. ) ;
#1475 = CARTESIAN_POINT ( 'NONE',  ( 1.150748910208276400, 1.250000000000000000, 0.7045602688076315600 ) ) ;
#1476 = VERTEX_POINT ( 'NONE', #1494 ) ;
#1477 = CARTESIAN_POINT ( 'NONE',  ( -0.8612537973142278000, 1.250000000000000000, 0.2603779527559065300 ) ) ;
#1478 = CARTESIAN_POINT ( 'NONE',  ( 0.4103642948236609900, 1.249000000000000100, -0.8146705004231378200 ) ) ;
#1479 = CARTESIAN_POINT ( 'NONE',  ( 0.5065181409775072500, 1.249000000000000100, 0.2430218072691698600 ) ) ;
#1480 =( GEOMETRIC_REPRESENTATION_CONTEXT ( 3 ) GLOBAL_UNCERTAINTY_ASSIGNED_CONTEXT ( ( #1055 ) ) GLOBAL_UNIT_ASSIGNED_CONTEXT ( ( #716, #2409, #975 ) ) REPRESENTATION_CONTEXT ( 'NONE', 'WORKASPACE' ) );
#1481 = UNCERTAINTY_MEASURE_WITH_UNIT (LENGTH_MEASURE( 1.000000000000000100E-005 ), #477, 'distance_accuracy_value', 'NONE');
#1482 = DIRECTION ( 'NONE',  ( -0.0000000000000000000, 1.000000000000000000, -0.0000000000000000000 ) ) ;
#1483 = VECTOR ( 'NONE', #1482, 1000.000000000000000 ) ;
#1484 = PRESENTATION_LAYER_ASSIGNMENT (  '', '', ( #1327 ) ) ;
#1485 = CARTESIAN_POINT ( 'NONE',  ( 0.8173135571388275800, 1.250000000000000200, 0.6278465714322789500 ) ) ;
#1486 = SURFACE_SIDE_STYLE ('',( #1617 ) ) ;
#1487 = CARTESIAN_POINT ( 'NONE',  ( -1.233627025660686500, 1.249000000000000100, -0.01613858267716233900 ) ) ;
#1488 = ORIENTED_EDGE ( 'NONE', *, *, #1167, .F. ) ;
#1489 = EDGE_CURVE ( 'NONE', #849, #1654, #2561, .T. ) ;
#1490 = EDGE_LOOP ( 'NONE', ( #1580, #2142, #2670, #1739 ) ) ;
#1491 = CARTESIAN_POINT ( 'NONE',  ( 0.6299999999999996700, -0.05000000000000000300, 1.345000000000000200 ) ) ;
#1492 = LINE ( 'NONE', #2712, #916 ) ;
#1493 = FILL_AREA_STYLE_COLOUR ( '', #263 ) ;
#1494 = CARTESIAN_POINT ( 'NONE',  ( -0.8593986792039916000, 1.250000000000000000, 0.4306881889763788400 ) ) ;
#1495 = LINE ( 'NONE', #938, #846 ) ;
#1496 = DIRECTION ( 'NONE',  ( -1.000000000000000000, 0.0000000000000000000, 0.0000000000000000000 ) ) ;
#1497 = ORIENTED_EDGE ( 'NONE', *, *, #2757, .T. ) ;
#1498 = VECTOR ( 'NONE', #1601, 1000.000000000000000 ) ;
#1499 = DIRECTION ( 'NONE',  ( 0.0000000000000000000, 0.0000000000000000000, 1.000000000000000000 ) ) ;
#1500 = SURFACE_STYLE_FILL_AREA ( #1291 ) ;
#1501 = VERTEX_POINT ( 'NONE', #1584 ) ;
#1502 = CARTESIAN_POINT ( 'NONE',  ( 0.4881888140544302600, 1.249000000000000100, -0.2377474235000608700 ) ) ;
#1503 = CARTESIAN_POINT ( 'NONE',  ( -1.088012852432338500, 1.249000000000000100, 0.3682913385826798700 ) ) ;
#1504 = CARTESIAN_POINT ( 'NONE',  ( 0.6033884851921130800, 1.249999999999999800, -0.7305409231396562400 ) ) ;
#1505 = CARTESIAN_POINT ( 'NONE',  ( 1.097069108946715700, 1.250000000000000200, -0.5496714209504166600 ) ) ;
#1506 = EDGE_CURVE ( 'NONE', #1993, #1756, #646, .T. ) ;
#1507 = VECTOR ( 'NONE', #2847, 1000.000000000000000 ) ;
#1508 = CARTESIAN_POINT ( 'NONE',  ( 1.127929917847680500, 1.248999999999999900, -0.4499907941677560600 ) ) ;
#1509 = ORIENTED_EDGE ( 'NONE', *, *, #396, .T. ) ;
#1510 = CARTESIAN_POINT ( 'NONE',  ( 0.9468727082851994300, 1.250000000000000000, 0.5752032976537853100 ) ) ;
#1511 = ORIENTED_EDGE ( 'NONE', *, *, #592, .T. ) ;
#1512 = PRESENTATION_LAYER_ASSIGNMENT (  '', '', ( #1191 ) ) ;
#1513 = EDGE_LOOP ( 'NONE', ( #2403, #1840, #2154, #146 ) ) ;
#1514 = CARTESIAN_POINT ( 'NONE',  ( -1.600000000000000300, 0.0000000000000000000, 1.599999999999999600 ) ) ;
#1515 = CARTESIAN_POINT ( 'NONE',  ( 1.150748910208276400, 1.249000000000000100, -0.5454397311923685500 ) ) ;
#1516 = LINE ( 'NONE', #661, #211 ) ;
#1517 = UNCERTAINTY_MEASURE_WITH_UNIT (LENGTH_MEASURE( 1.000000000000000100E-005 ), #2461, 'distance_accuracy_value', 'NONE');
#1518 = CARTESIAN_POINT ( 'NONE',  ( 0.9249521812137629900, 1.249000000000000300, -0.5850404347844818700 ) ) ;
#1519 = MECHANICAL_DESIGN_GEOMETRIC_PRESENTATION_REPRESENTATION (  '', ( #1033 ), #1673 ) ;
#1520 = CARTESIAN_POINT ( 'NONE',  ( 0.6452790501254729300, 1.248999999999999900, -0.6148791049083417400 ) ) ;
#1521 = CARTESIAN_POINT ( 'NONE',  ( -0.6299999999999998900, 0.0000000000000000000, -1.344999999999999500 ) ) ;
#1522 = ORIENTED_EDGE ( 'NONE', *, *, #2250, .F. ) ;
#1523 =( NAMED_UNIT ( * ) PLANE_ANGLE_UNIT ( ) SI_UNIT ( $, .RADIAN. ) );
#1524 = LINE ( 'NONE', #773, #1450 ) ;
#1525 = CARTESIAN_POINT ( 'NONE',  ( -0.8593986792039916000, 1.249000000000000100, 0.4306881889763788400 ) ) ;
#1526 =( GEOMETRIC_REPRESENTATION_CONTEXT ( 3 ) GLOBAL_UNCERTAINTY_ASSIGNED_CONTEXT ( ( #2493 ) ) GLOBAL_UNIT_ASSIGNED_CONTEXT ( ( #2853, #2863, #2871 ) ) REPRESENTATION_CONTEXT ( 'NONE', 'WORKASPACE' ) );
#1527 = SURFACE_STYLE_USAGE ( .BOTH. , #2947 ) ;
#1528 = CARTESIAN_POINT ( 'NONE',  ( -0.9727230886528125400, 1.250000000000000000, -0.2374330708661406600 ) ) ;
#1529 = PRESENTATION_STYLE_ASSIGNMENT (( #1244 ) ) ;
#1530 = COLOUR_RGB ( '',0.7921568627450980000, 0.8196078431372548800, 0.9333333333333333500 ) ;
#1531 = CARTESIAN_POINT ( 'NONE',  ( 0.5528474973748627200, 1.249000000000000300, -0.1868990168699054300 ) ) ;
#1532 = CARTESIAN_POINT ( 'NONE',  ( 1.097069108946715700, 1.249000000000000300, -0.5496714209504166600 ) ) ;
#1533 = CARTESIAN_POINT ( 'NONE',  ( 0.6299999999999996700, 0.0000000000000000000, 1.345000000000000200 ) ) ;
#1534 = ORIENTED_EDGE ( 'NONE', *, *, #2264, .T. ) ;
#1535 = DIRECTION ( 'NONE',  ( 0.0000000000000000000, 0.0000000000000000000, 1.000000000000000000 ) ) ;
#1536 = STYLED_ITEM ( 'NONE', ( #1823 ), #2340 ) ;
#1537 = CARTESIAN_POINT ( 'NONE',  ( -1.399999999999999700, -0.0000000000000000000, -1.345000000000000000 ) ) ;
#1538 = CARTESIAN_POINT ( 'NONE',  ( 1.143283040082379700, 1.248999999999999900, 0.7043296381151690200 ) ) ;
#1539 = DIRECTION ( 'NONE',  ( -0.0000000000000000000, 1.000000000000000000, -0.0000000000000000000 ) ) ;
#1540 = UNCERTAINTY_MEASURE_WITH_UNIT (LENGTH_MEASURE( 1.000000000000000100E-005 ), #564, 'distance_accuracy_value', 'NONE');
#1541 = EDGE_CURVE ( 'NONE', #391, #2570, #1302, .T. ) ;
#1542 = ORIENTED_EDGE ( 'NONE', *, *, #119, .T. ) ;
#1543 = ORIENTED_EDGE ( 'NONE', *, *, #80, .T. ) ;
#1544 = APPLICATION_PROTOCOL_DEFINITION ( 'draft international standard', 'automotive_design', 1998, #2970 ) ;
#1545 = FILL_AREA_STYLE_COLOUR ( '', #1572 ) ;
#1546 = CARTESIAN_POINT ( 'NONE',  ( 1.127929917847680900, 1.249999999999998700, 0.1269322827553207600 ) ) ;
#1547 = FILL_AREA_STYLE ('',( #1795 ) ) ;
#1548 =( NAMED_UNIT ( * ) PLANE_ANGLE_UNIT ( ) SI_UNIT ( $, .RADIAN. ) );
#1549 = FILL_AREA_STYLE_COLOUR ( '', #2213 ) ;
#1550 = DIRECTION ( 'NONE',  ( -1.000000000000000000, -0.0000000000000000000, 4.317160510610247800E-015 ) ) ;
#1551 = DIRECTION ( 'NONE',  ( 1.000000000000000000, 0.0000000000000000000, 0.0000000000000000000 ) ) ;
#1552 = EDGE_CURVE ( 'NONE', #2302, #1416, #2494, .T. ) ;
#1553 = COLOUR_RGB ( '',1.000000000000000000, 1.000000000000000000, 1.000000000000000000 ) ;
#1554 = FILL_AREA_STYLE_COLOUR ( '', #1603 ) ;
#1555 = FILL_AREA_STYLE_COLOUR ( '', #1165 ) ;
#1556 = FACE_OUTER_BOUND ( 'NONE', #2114, .T. ) ;
#1557 = VERTEX_POINT ( 'NONE', #1708 ) ;
#1558 = CARTESIAN_POINT ( 'NONE',  ( -1.292915214637066400, 1.250000000000000000, -0.2800440944881856200 ) ) ;
#1559 = VECTOR ( 'NONE', #1973, 1000.000000000000000 ) ;
#1560 = PRESENTATION_LAYER_ASSIGNMENT (  '', '', ( #1246 ) ) ;
#1561 =( NAMED_UNIT ( * ) PLANE_ANGLE_UNIT ( ) SI_UNIT ( $, .RADIAN. ) );
#1562 = PRESENTATION_STYLE_ASSIGNMENT (( #2233 ) ) ;
#1563 = EDGE_CURVE ( 'NONE', #954, #1016, #720, .T. ) ;
#1564 = CARTESIAN_POINT ( 'NONE',  ( -0.6230963169992662600, 1.249000000000000100, 0.3571622047244089000 ) ) ;
#1565 = STYLED_ITEM ( 'NONE', ( #1938 ), #2805 ) ;
#1566 = FILL_AREA_STYLE ('',( #501 ) ) ;
#1567 = UNCERTAINTY_MEASURE_WITH_UNIT (LENGTH_MEASURE( 1.000000000000000100E-005 ), #1837, 'distance_accuracy_value', 'NONE');
#1568 = COLOUR_RGB ( '',0.8274509803921568100, 0.8392156862745098200, 0.8274509803921568100 ) ;
#1569 = EDGE_LOOP ( 'NONE', ( #944, #502, #3111, #1592 ) ) ;
#1570 = VECTOR ( 'NONE', #1328, 1000.000000000000000 ) ;
#1571 = AXIS2_PLACEMENT_3D ( 'NONE', #1867, #1880, #1890 ) ;
#1572 = COLOUR_RGB ( '',1.000000000000000000, 1.000000000000000000, 1.000000000000000000 ) ;
#1573 = PRODUCT_RELATED_PRODUCT_CATEGORY ( 'part', '', ( #218 ) ) ;
#1574 = DIRECTION ( 'NONE',  ( -0.0000000000000000000, 1.000000000000000000, -0.0000000000000000000 ) ) ;
#1575 = COLOUR_RGB ( '',1.000000000000000000, 1.000000000000000000, 1.000000000000000000 ) ;
#1576 = COLOUR_RGB ( '',1.000000000000000000, 1.000000000000000000, 1.000000000000000000 ) ;
#1577 = ORIENTED_EDGE ( 'NONE', *, *, #2089, .F. ) ;
#1578 = SURFACE_SIDE_STYLE ('',( #2169 ) ) ;
#1579 = CARTESIAN_POINT ( 'NONE',  ( -0.8593986792039916000, 1.249000000000000100, 0.4306881889763788400 ) ) ;
#1580 = ORIENTED_EDGE ( 'NONE', *, *, #2874, .T. ) ;
#1581 = STYLED_ITEM ( 'NONE', ( #2990 ), #1957 ) ;
#1582 = CARTESIAN_POINT ( 'NONE',  ( -1.318067970542576000, 1.250000000000000000, -0.1926125984251939300 ) ) ;
#1583 = VERTEX_POINT ( 'NONE', #1715 ) ;
#1584 = CARTESIAN_POINT ( 'NONE',  ( 0.6299999999999996700, 0.0000000000000000000, 1.345000000000000200 ) ) ;
#1585 = CARTESIAN_POINT ( 'NONE',  ( 0.6452790501254728200, 1.249999999999998900, -0.03795602798526487300 ) ) ;
#1586 = ORIENTED_EDGE ( 'NONE', *, *, #1249, .T. ) ;
#1587 = CARTESIAN_POINT ( 'NONE',  ( 1.097069108946715700, 1.249000000000000300, -0.5496714209504166600 ) ) ;
#1588 = LINE ( 'NONE', #543, #2156 ) ;
#1589 = DIRECTION ( 'NONE',  ( -0.0000000000000000000, 1.000000000000000000, -0.0000000000000000000 ) ) ;
#1590 = CARTESIAN_POINT ( 'NONE',  ( -1.227598197486963600, 1.250000000000000000, 1.155239767147279200 ) ) ;
#1591 =( NAMED_UNIT ( * ) PLANE_ANGLE_UNIT ( ) SI_UNIT ( $, .RADIAN. ) );
#1592 = ORIENTED_EDGE ( 'NONE', *, *, #1071, .T. ) ;
#1593 =( GEOMETRIC_REPRESENTATION_CONTEXT ( 3 ) GLOBAL_UNCERTAINTY_ASSIGNED_CONTEXT ( ( #373 ) ) GLOBAL_UNIT_ASSIGNED_CONTEXT ( ( #599, #2989, #1108 ) ) REPRESENTATION_CONTEXT ( 'NONE', 'WORKASPACE' ) );
#1594 =( NAMED_UNIT ( * ) PLANE_ANGLE_UNIT ( ) SI_UNIT ( $, .RADIAN. ) );
#1595 = VECTOR ( 'NONE', #1057, 1000.000000000000000 ) ;
#1596 = CARTESIAN_POINT ( 'NONE',  ( 1.026727637459864800, 1.249999999999998700, 0.1130811231504486600 ) ) ;
#1597 = EDGE_CURVE ( 'NONE', #2030, #2408, #1901, .T. ) ;
#1598 = PRESENTATION_STYLE_ASSIGNMENT (( #1274 ) ) ;
#1599 = SURFACE_SIDE_STYLE ('',( #2566 ) ) ;
#1600 = DIRECTION ( 'NONE',  ( 0.0000000000000000000, 1.000000000000000000, 0.0000000000000000000 ) ) ;
#1601 = DIRECTION ( 'NONE',  ( 0.0000000000000000000, 0.0000000000000000000, -1.000000000000000000 ) ) ;
#1602 = VECTOR ( 'NONE', #1320, 1000.000000000000000 ) ;
#1603 = COLOUR_RGB ( '',1.000000000000000000, 1.000000000000000000, 1.000000000000000000 ) ;
#1604 = ORIENTED_EDGE ( 'NONE', *, *, #3046, .T. ) ;
#1605 = MECHANICAL_DESIGN_GEOMETRIC_PRESENTATION_REPRESENTATION (  '', ( #1125 ), #1760 ) ;
#1606 = SURFACE_STYLE_FILL_AREA ( #1623 ) ;
#1607 =( GEOMETRIC_REPRESENTATION_CONTEXT ( 3 ) GLOBAL_UNCERTAINTY_ASSIGNED_CONTEXT ( ( #432 ) ) GLOBAL_UNIT_ASSIGNED_CONTEXT ( ( #1072, #1091, #1104 ) ) REPRESENTATION_CONTEXT ( 'NONE', 'WORKASPACE' ) );
#1608 = EDGE_LOOP ( 'NONE', ( #2867, #764, #163, #2758 ) ) ;
#1609 = CARTESIAN_POINT ( 'NONE',  ( 1.079574179478380200, 1.248999999999999400, 0.6989646523327158700 ) ) ;
#1610 = CARTESIAN_POINT ( 'NONE',  ( 0.5065181409775072500, 1.249000000000000100, -0.7185166542692915700 ) ) ;
#1611 = UNCERTAINTY_MEASURE_WITH_UNIT (LENGTH_MEASURE( 1.000000000000000100E-005 ), #2320, 'distance_accuracy_value', 'NONE');
#1612 =( GEOMETRIC_REPRESENTATION_CONTEXT ( 3 ) GLOBAL_UNCERTAINTY_ASSIGNED_CONTEXT ( ( #1404 ) ) GLOBAL_UNIT_ASSIGNED_CONTEXT ( ( #780, #2464, #1029 ) ) REPRESENTATION_CONTEXT ( 'NONE', 'WORKASPACE' ) );
#1613 =( NAMED_UNIT ( * ) SI_UNIT ( $, .STERADIAN. ) SOLID_ANGLE_UNIT ( ) );
#1614 = EDGE_CURVE ( 'NONE', #549, #244, #1851, .T. ) ;
#1615 = ADVANCED_FACE ( 'NONE', ( #570 ), #411, .T. ) ;
#1616 = MECHANICAL_DESIGN_GEOMETRIC_PRESENTATION_REPRESENTATION (  '', ( #1138 ), #1776 ) ;
#1617 = SURFACE_STYLE_FILL_AREA ( #2900 ) ;
#1618 = DIRECTION ( 'NONE',  ( 1.000000000000000000, 0.0000000000000000000, 0.0000000000000000000 ) ) ;
#1619 = ORIENTED_EDGE ( 'NONE', *, *, #2715, .T. ) ;
#1620 = AXIS2_PLACEMENT_3D ( 'NONE', #1069, #2732, #1312 ) ;
#1621 = ORIENTED_EDGE ( 'NONE', *, *, #2975, .F. ) ;
#1622 = CARTESIAN_POINT ( 'NONE',  ( 0.8776666429982876700, 1.250000000000000000, 0.6506561376852879600 ) ) ;
#1623 = FILL_AREA_STYLE ('',( #832 ) ) ;
#1624 = DIRECTION ( 'NONE',  ( 0.0000000000000000000, 0.0000000000000000000, 1.000000000000000000 ) ) ;
#1625 = MECHANICAL_DESIGN_GEOMETRIC_PRESENTATION_REPRESENTATION (  '', ( #1068 ), #1781 ) ;
#1626 = CARTESIAN_POINT ( 'NONE',  ( -0.8593986792039916000, 1.249000000000000100, 0.4306881889763788400 ) ) ;
#1627 = ADVANCED_FACE ( 'NONE', ( #1556 ), #896, .T. ) ;
#1628 = CARTESIAN_POINT ( 'NONE',  ( 0.5945848048040395200, 1.248999999999999700, 0.5054646449273956200 ) ) ;
#1629 = CARTESIAN_POINT ( 'NONE',  ( -0.8593986792039916000, 1.250000000000000000, 0.4306881889763788400 ) ) ;
#1630 = FILL_AREA_STYLE_COLOUR ( '', #1146 ) ;
#1631 = CARTESIAN_POINT ( 'NONE',  ( -0.6079136398339157800, 1.249000000000000100, -0.4408503937007870500 ) ) ;
#1632 = ORIENTED_EDGE ( 'NONE', *, *, #3094, .T. ) ;
#1633 = COLOUR_RGB ( '',1.000000000000000000, 1.000000000000000000, 1.000000000000000000 ) ;
#1634 = CARTESIAN_POINT ( 'NONE',  ( 0.5065181409775072500, 1.249999999999998700, -0.1415935773462147500 ) ) ;
#1635 = FILL_AREA_STYLE ('',( #169 ) ) ;
#1636 = SURFACE_STYLE_USAGE ( .BOTH. , #619 ) ;
#1637 = CARTESIAN_POINT ( 'NONE',  ( 0.8163727917268461800, 1.248999999999999900, 0.5318851360592423700 ) ) ;
#1638 = ADVANCED_FACE ( 'NONE', ( #1338 ), #1041, .T. ) ;
#1639 = DIRECTION ( 'NONE',  ( -0.03487826274237469000, -0.9987827659587182900, 0.03487826274237469700 ) ) ;
#1640 = VECTOR ( 'NONE', #2637, 1000.000000000000000 ) ;
#1641 = EDGE_CURVE ( 'NONE', #1557, #1583, #2182, .T. ) ;
#1642 =( NAMED_UNIT ( * ) PLANE_ANGLE_UNIT ( ) SI_UNIT ( $, .RADIAN. ) );
#1643 = VERTEX_POINT ( 'NONE', #1066 ) ;
#1644 = CARTESIAN_POINT ( 'NONE',  ( -1.233627025660686500, 1.250000000000000000, -0.01613858267716233900 ) ) ;
#1645 = B_SPLINE_CURVE_WITH_KNOTS ( 'NONE', 3,
 ( #2643, #2634, #2713, #2727 ),
 .UNSPECIFIED., .F., .F.,
 ( 4, 4 ),
 ( 0.0000000000000000000, 0.09090909090909091200 ),
 .UNSPECIFIED. ) ;
#1646 = FILL_AREA_STYLE ('',( #1554 ) ) ;
#1647 = LINE ( 'NONE', #1361, #347 ) ;
#1648 = CARTESIAN_POINT ( 'NONE',  ( 0.7523609121438874500, 1.249000000000000600, -0.07223692584308713500 ) ) ;
#1649 = CARTESIAN_POINT ( 'NONE',  ( 0.6193875387883387400, 1.250000000000000200, -0.6315589584601165600 ) ) ;
#1650 = EDGE_LOOP ( 'NONE', ( #2067, #283, #2251, #622 ) ) ;
#1651 = ORIENTED_EDGE ( 'NONE', *, *, #230, .T. ) ;
#1652 = CARTESIAN_POINT ( 'NONE',  ( 0.5083407561152231100, 1.250000000000000000, -0.7974381530436134300 ) ) ;
#1653 = CARTESIAN_POINT ( 'NONE',  ( 0.9692890168182912700, 1.249000000000000300, 0.6768909956048333500 ) ) ;
#1654 = VERTEX_POINT ( 'NONE', #1113 ) ;
#1655 = ADVANCED_FACE ( 'NONE', ( #158 ), #1834, .F. ) ;
#1656 = SURFACE_STYLE_USAGE ( .BOTH. , #3098 ) ;
#1657 = DIRECTION ( 'NONE',  ( -1.000000000000000000, -0.0000000000000000000, -0.0000000000000000000 ) ) ;
#1658 = SURFACE_SIDE_STYLE ('',( #967 ) ) ;
#1659 = PRESENTATION_STYLE_ASSIGNMENT (( #1028 ) ) ;
#1660 = VECTOR ( 'NONE', #296, 1000.000000000000000 ) ;
#1661 = EDGE_CURVE ( 'NONE', #2041, #788, #3079, .T. ) ;
#1662 = CARTESIAN_POINT ( 'NONE',  ( -1.005841198889033200, 1.250000000000000000, -0.3864629921259831200 ) ) ;
#1663 = CARTESIAN_POINT ( 'NONE',  ( 0.7523609121438874500, 1.249999999999999800, -0.07223692584308713500 ) ) ;
#1664 = CARTESIAN_POINT ( 'NONE',  ( 0.5945848048040398600, 1.249000000000000100, -0.6483815089187579000 ) ) ;
#1665 = CARTESIAN_POINT ( 'NONE',  ( 1.150748910208276400, 1.250000000000000000, 0.03148334573070834400 ) ) ;
#1666 = CARTESIAN_POINT ( 'NONE',  ( 0.5065181409775072500, 1.249000000000000100, 0.4353294995768622900 ) ) ;
#1667 = ORIENTED_EDGE ( 'NONE', *, *, #519, .T. ) ;
#1668 = MECHANICAL_DESIGN_GEOMETRIC_PRESENTATION_REPRESENTATION (  '', ( #1191 ), #1829 ) ;
#1669 = LINE ( 'NONE', #554, #1034 ) ;
#1670 = CARTESIAN_POINT ( 'NONE',  ( 0.4103642948236609900, 1.249000000000000100, -0.3339012696539069800 ) ) ;
#1671 = CARTESIAN_POINT ( 'NONE',  ( -0.8612537973142278000, 1.250000000000000000, 0.2603779527559065300 ) ) ;
#1672 = SURFACE_STYLE_USAGE ( .BOTH. , #1658 ) ;
#1673 =( GEOMETRIC_REPRESENTATION_CONTEXT ( 3 ) GLOBAL_UNCERTAINTY_ASSIGNED_CONTEXT ( ( #2941 ) ) GLOBAL_UNIT_ASSIGNED_CONTEXT ( ( #626, #675, #684 ) ) REPRESENTATION_CONTEXT ( 'NONE', 'WORKASPACE' ) );
#1674 =( LENGTH_UNIT ( ) NAMED_UNIT ( * ) SI_UNIT ( .MILLI., .METRE. ) );
#1675 = CARTESIAN_POINT ( 'NONE',  ( 0.6299999999999996700, -0.05000000000000000300, 1.345000000000000200 ) ) ;
#1676 = DIRECTION ( 'NONE',  ( -0.0000000000000000000, -0.0000000000000000000, -1.000000000000000000 ) ) ;
#1677 = ORIENTED_EDGE ( 'NONE', *, *, #253, .F. ) ;
#1678 = LINE ( 'NONE', #1610, #2862 ) ;
#1679 = CARTESIAN_POINT ( 'NONE',  ( -1.041970332747300000, 1.250000000000000000, 0.1869448818897663800 ) ) ;
#1680 = CARTESIAN_POINT ( 'NONE',  ( -1.227598197486963600, 1.250000000000000000, 1.155239767147279200 ) ) ;
#1681 = STYLED_ITEM ( 'NONE', ( #410 ), #1145 ) ;
#1682 = ORIENTED_EDGE ( 'NONE', *, *, #349, .T. ) ;
#1683 = FACE_OUTER_BOUND ( 'NONE', #633, .T. ) ;
#1684 =( NAMED_UNIT ( * ) PLANE_ANGLE_UNIT ( ) SI_UNIT ( $, .RADIAN. ) );
#1685 = SURFACE_SIDE_STYLE ('',( #2541 ) ) ;
#1686 = LINE ( 'NONE', #1949, #2951 ) ;
#1687 = LINE ( 'NONE', #2973, #2954 ) ;
#1688 = EDGE_LOOP ( 'NONE', ( #1089, #1473, #1248, #471 ) ) ;
#1689 = CARTESIAN_POINT ( 'NONE',  ( -0.6299999999999996700, 0.0000000000000000000, 1.345000000000000000 ) ) ;
#1690 = CARTESIAN_POINT ( 'NONE',  ( -1.318067970542576000, 1.250000000000000000, -0.1926125984251939300 ) ) ;
#1691 = VECTOR ( 'NONE', #9, 1000.000000000000000 ) ;
#1692 = B_SPLINE_CURVE_WITH_KNOTS ( 'NONE', 3,
 ( #2926, #774, #1294, #2950, #1531, #70, #1765, #311, #2006, #556, #2261, #802, #2492, #1060, #2726 ),
 .UNSPECIFIED., .F., .F.,
 ( 4, 1, 1, 1, 1, 1, 1, 1, 1, 1, 1, 1, 4 ),
 ( 0.0000000000000000000, 0.05027287497458356900, 0.1027903700748775000, 0.1576131012369289300, 0.2146311133156756100, 0.2740612127265389400, 0.3356974550538852100, 0.4000702787165528200, 0.4668267493853402500, 0.6020780869193702600, 0.7357515335047494200, 0.8682046170340285100, 1.000000000000000000 ),
 .UNSPECIFIED. ) ;
#1693 = ORIENTED_EDGE ( 'NONE', *, *, #495, .F. ) ;
#1694 = CARTESIAN_POINT ( 'NONE',  ( 0.5065181409775072500, 1.250000000000000000, -0.3339012696539069800 ) ) ;
#1695 = ORIENTED_EDGE ( 'NONE', *, *, #91, .F. ) ;
#1696 = AXIS2_PLACEMENT_3D ( 'NONE', #2745, #1325, #2984 ) ;
#1697 =( NAMED_UNIT ( * ) SI_UNIT ( $, .STERADIAN. ) SOLID_ANGLE_UNIT ( ) );
#1698 = CARTESIAN_POINT ( 'NONE',  ( 0.8163727917268464000, 1.248999999999999900, -0.04503794086383463400 ) ) ;
#1699 = EDGE_CURVE ( 'NONE', #1318, #14, #1241, .T. ) ;
#1700 = CARTESIAN_POINT ( 'NONE',  ( 0.9627039328275779400, 1.249999999999999800, 0.002428959850446600400 ) ) ;
#1701 = CARTESIAN_POINT ( 'NONE',  ( -0.8612537973142278000, 1.249000000000000100, 0.2603779527559065300 ) ) ;
#1702 =( NAMED_UNIT ( * ) PLANE_ANGLE_UNIT ( ) SI_UNIT ( $, .RADIAN. ) );
#1703 = CARTESIAN_POINT ( 'NONE',  ( -1.399999999999999700, 0.0000000000000000000, 1.345000000000000000 ) ) ;
#1704 = CARTESIAN_POINT ( 'NONE',  ( -0.2065577343221009500, 1.249000000000000100, 0.2956929133858263700 ) ) ;
#1705 = UNCERTAINTY_MEASURE_WITH_UNIT (LENGTH_MEASURE( 1.000000000000000100E-005 ), #366, 'distance_accuracy_value', 'NONE');
#1706 = ORIENTED_EDGE ( 'NONE', *, *, #1597, .T. ) ;
#1707 = FACE_OUTER_BOUND ( 'NONE', #1442, .T. ) ;
#1708 = CARTESIAN_POINT ( 'NONE',  ( 1.150748910208276400, 1.250000000000000000, -0.4492858850385224000 ) ) ;
#1709 = SURFACE_STYLE_FILL_AREA ( #2354 ) ;
#1710 = CARTESIAN_POINT ( 'NONE',  ( 0.4881888140544302600, 1.249999999999999600, 0.3391756534230161400 ) ) ;
#1711 = EDGE_CURVE ( 'NONE', #600, #3096, #2441, .T. ) ;
#1712 = CARTESIAN_POINT ( 'NONE',  ( 0.7098050945909277800, 1.249999999999999600, 0.5766391519631374200 ) ) ;
#1713 = LINE ( 'NONE', #317, #421 ) ;
#1714 =( LENGTH_UNIT ( ) NAMED_UNIT ( * ) SI_UNIT ( .MILLI., .METRE. ) );
#1715 = CARTESIAN_POINT ( 'NONE',  ( 0.5065181409775072500, 1.250000000000000000, -0.7185166542692915700 ) ) ;
#1716 = VERTEX_POINT ( 'NONE', #698 ) ;
#1717 = CARTESIAN_POINT ( 'NONE',  ( 0.4103642948236609900, 1.249000000000000100, -0.2377474235000608700 ) ) ;
#1718 = MECHANICAL_DESIGN_GEOMETRIC_PRESENTATION_REPRESENTATION (  '', ( #1246 ), #1871 ) ;
#1719 = LINE ( 'NONE', #939, #428 ) ;
#1720 = EDGE_CURVE ( 'NONE', #1993, #692, #591, .T. ) ;
#1721 =( NAMED_UNIT ( * ) PLANE_ANGLE_UNIT ( ) SI_UNIT ( $, .RADIAN. ) );
#1722 = DIRECTION ( 'NONE',  ( 0.0000000000000000000, 0.0000000000000000000, 1.000000000000000000 ) ) ;
#1723 = PRESENTATION_STYLE_ASSIGNMENT (( #1656 ) ) ;
#1724 = ORIENTED_EDGE ( 'NONE', *, *, #2499, .F. ) ;
#1725 = ORIENTED_EDGE ( 'NONE', *, *, #2866, .T. ) ;
#1726 = FILL_AREA_STYLE ('',( #2676 ) ) ;
#1727 = CARTESIAN_POINT ( 'NONE',  ( 1.053721479530609100, 1.249000000000000100, 0.1180961235023767100 ) ) ;
#1728 = ORIENTED_EDGE ( 'NONE', *, *, #2045, .F. ) ;
#1729 = CARTESIAN_POINT ( 'NONE',  ( 0.4948076209625805200, 1.248999999999999900, -0.8090106201230076200 ) ) ;
#1730 = PRESENTATION_LAYER_ASSIGNMENT (  '', '', ( #1417 ) ) ;
#1731 =( NAMED_UNIT ( * ) PLANE_ANGLE_UNIT ( ) SI_UNIT ( $, .RADIAN. ) );
#1732 = CARTESIAN_POINT ( 'NONE',  ( 1.399999999999999700, 0.0000000000000000000, 1.345000000000000400 ) ) ;
#1733 = VERTEX_POINT ( 'NONE', #1831 ) ;
#1734 = CARTESIAN_POINT ( 'NONE',  ( 0.5528474973748625000, 1.248999999999999900, 0.3900240600531716400 ) ) ;
#1735 =( NAMED_UNIT ( * ) SI_UNIT ( $, .STERADIAN. ) SOLID_ANGLE_UNIT ( ) );
#1736 = FACE_OUTER_BOUND ( 'NONE', #2218, .T. ) ;
#1737 = FILL_AREA_STYLE_COLOUR ( '', #2921 ) ;
#1738 = DIRECTION ( 'NONE',  ( -0.0000000000000000000, 1.000000000000000000, -0.0000000000000000000 ) ) ;
#1739 = ORIENTED_EDGE ( 'NONE', *, *, #1755, .T. ) ;
#1740 = CARTESIAN_POINT ( 'NONE',  ( 0.6307990869808662900, 1.249999999999999800, -0.7137917857426274700 ) ) ;
#1741 = CARTESIAN_POINT ( 'NONE',  ( 0.9468727082851994300, 1.250000000000000000, -0.5786428561923686600 ) ) ;
#1742 = ORIENTED_EDGE ( 'NONE', *, *, #2036, .T. ) ;
#1743 = CARTESIAN_POINT ( 'NONE',  ( 1.079574179478380400, 1.248999999999999700, -0.4548815015134373100 ) ) ;
#1744 = CARTESIAN_POINT ( 'NONE',  ( 0.4948076209625806300, 1.249000000000000100, 0.3448355337231462900 ) ) ;
#1745 = CARTESIAN_POINT ( 'NONE',  ( 1.150748910208276400, 1.249000000000000100, 0.03148334573070834400 ) ) ;
#1746 = CARTESIAN_POINT ( 'NONE',  ( 0.5065181409775072500, 1.249000000000000100, 0.2430218072691698600 ) ) ;
#1747 = PLANE ( 'NONE',  #2881 ) ;
#1748 = ORIENTED_EDGE ( 'NONE', *, *, #223, .F. ) ;
#1749 = CARTESIAN_POINT ( 'NONE',  ( 0.9468727082851994300, 1.249000000000000100, -0.5786428561923686600 ) ) ;
#1750 = DIRECTION ( 'NONE',  ( -0.0000000000000000000, 1.000000000000000000, -0.0000000000000000000 ) ) ;
#1751 = LINE ( 'NONE', #2033, #2943 ) ;
#1752 = CARTESIAN_POINT ( 'NONE',  ( 0.5945848048040398600, 1.249000000000000100, -0.6483815089187579000 ) ) ;
#1753 = CARTESIAN_POINT ( 'NONE',  ( 0.4948076209625806300, 1.249999999999999600, 0.3448355337231462900 ) ) ;
#1754 = CARTESIAN_POINT ( 'NONE',  ( 0.4948076209625806300, 1.250000000000000000, 0.3448355337231462900 ) ) ;
#1755 = EDGE_CURVE ( 'NONE', #2684, #14, #1168, .T. ) ;
#1756 = VERTEX_POINT ( 'NONE', #2152 ) ;
#1757 = EDGE_LOOP ( 'NONE', ( #1748, #777, #102, #1211, #2578, #2385, #2536, #2663 ) ) ;
#1758 = DIRECTION ( 'NONE',  ( -0.0000000000000000000, 0.0000000000000000000, 1.000000000000000000 ) ) ;
#1759 = CARTESIAN_POINT ( 'NONE',  ( 0.5065181409775072500, 1.249000000000000100, 0.8199448841922469800 ) ) ;
#1760 =( GEOMETRIC_REPRESENTATION_CONTEXT ( 3 ) GLOBAL_UNCERTAINTY_ASSIGNED_CONTEXT ( ( #2359 ) ) GLOBAL_UNIT_ASSIGNED_CONTEXT ( ( #2944, #1523, #64 ) ) REPRESENTATION_CONTEXT ( 'NONE', 'WORKASPACE' ) );
#1761 =( NAMED_UNIT ( * ) PLANE_ANGLE_UNIT ( ) SI_UNIT ( $, .RADIAN. ) );
#1762 = CARTESIAN_POINT ( 'NONE',  ( 1.143283040082379700, 1.249999999999998700, 0.1274065611920921200 ) ) ;
#1763 = ORIENTED_EDGE ( 'NONE', *, *, #1506, .T. ) ;
#1764 = STYLED_ITEM ( 'NONE', ( #3107 ), #909 ) ;
#1765 = CARTESIAN_POINT ( 'NONE',  ( 0.6033884851921130800, 1.248999999999999700, -0.1536178462165793400 ) ) ;
#1766 = VERTEX_POINT ( 'NONE', #1895 ) ;
#1767 = CARTESIAN_POINT ( 'NONE',  ( 1.150748910208276400, 1.249000000000000100, -0.5454397311923685500 ) ) ;
#1768 = ORIENTED_EDGE ( 'NONE', *, *, #2602, .F. ) ;
#1769 = PRESENTATION_LAYER_ASSIGNMENT (  '', '', ( #1921 ) ) ;
#1770 = EDGE_CURVE ( 'NONE', #2041, #1501, #2908, .T. ) ;
#1771 = VECTOR ( 'NONE', #732, 1000.000000000000000 ) ;
#1772 = FILL_AREA_STYLE ('',( #2001 ) ) ;
#1773 = FILL_AREA_STYLE ('',( #2742 ) ) ;
#1774 = PLANE ( 'NONE',  #1620 ) ;
#1775 = CARTESIAN_POINT ( 'NONE',  ( 0.4103642948236609900, 1.249000000000000100, -0.2377474235000608700 ) ) ;
#1776 =( GEOMETRIC_REPRESENTATION_CONTEXT ( 3 ) GLOBAL_UNCERTAINTY_ASSIGNED_CONTEXT ( ( #332 ) ) GLOBAL_UNIT_ASSIGNED_CONTEXT ( ( #2512, #1561, #1333 ) ) REPRESENTATION_CONTEXT ( 'NONE', 'WORKASPACE' ) );
#1777 = CARTESIAN_POINT ( 'NONE',  ( -0.4070034036134427800, 1.250000000000000000, -0.4408503937007879300 ) ) ;
#1778 = PRESENTATION_LAYER_ASSIGNMENT (  '', '', ( #1461 ) ) ;
#1779 =( LENGTH_UNIT ( ) NAMED_UNIT ( * ) SI_UNIT ( .MILLI., .METRE. ) );
#1780 = COLOUR_RGB ( '',1.000000000000000000, 1.000000000000000000, 1.000000000000000000 ) ;
#1781 =( GEOMETRIC_REPRESENTATION_CONTEXT ( 3 ) GLOBAL_UNCERTAINTY_ASSIGNED_CONTEXT ( ( #1800 ) ) GLOBAL_UNIT_ASSIGNED_CONTEXT ( ( #23, #46, #61 ) ) REPRESENTATION_CONTEXT ( 'NONE', 'WORKASPACE' ) );
#1782 = VECTOR ( 'NONE', #1804, 1000.000000000000000 ) ;
#1783 = CARTESIAN_POINT ( 'NONE',  ( -0.6079136398339157800, 1.250000000000000000, -0.4408503937007870500 ) ) ;
#1784 = ORIENTED_EDGE ( 'NONE', *, *, #889, .T. ) ;
#1785 = CARTESIAN_POINT ( 'NONE',  ( 1.104338211421707700, 1.249999999999998400, 0.1248349847237869600 ) ) ;
#1786 = LINE ( 'NONE', #2731, #494 ) ;
#1787 = PLANE ( 'NONE',  #1696 ) ;
#1788 = CARTESIAN_POINT ( 'NONE',  ( 0.5083407561152230000, 1.248999999999999900, 0.3564080008025406500 ) ) ;
#1789 = PLANE ( 'NONE',  #210 ) ;
#1790 = PLANE ( 'NONE',  #3030 ) ;
#1791 = AXIS2_PLACEMENT_3D ( 'NONE', #1224, #2884, #1468 ) ;
#1792 = CARTESIAN_POINT ( 'NONE',  ( -0.3651435610937574500, 1.250000000000000000, -4.336808689942017700E-016 ) ) ;
#1793 = LINE ( 'NONE', #966, #1640 ) ;
#1794 = ORIENTED_EDGE ( 'NONE', *, *, #1983, .T. ) ;
#1795 = FILL_AREA_STYLE_COLOUR ( '', #531 ) ;
#1796 = SURFACE_STYLE_FILL_AREA ( #738 ) ;
#1797 = COLOUR_RGB ( '',0.1921568627450980200, 0.2039215686274509800, 0.2039215686274509800 ) ;
#1798 = CARTESIAN_POINT ( 'NONE',  ( 0.5083407561152230000, 1.249999999999999300, 0.3564080008025406500 ) ) ;
#1799 = FILL_AREA_STYLE ('',( #1555 ) ) ;
#1800 = UNCERTAINTY_MEASURE_WITH_UNIT (LENGTH_MEASURE( 1.000000000000000100E-005 ), #23, 'distance_accuracy_value', 'NONE');
#1801 = VECTOR ( 'NONE', #1420, 1000.000000000000000 ) ;
#1802 = LINE ( 'NONE', #1479, #1169 ) ;
#1803 = CARTESIAN_POINT ( 'NONE',  ( 0.4103642948236609900, 1.250000000000000000, 0.8199448841922469800 ) ) ;
#1804 = DIRECTION ( 'NONE',  ( -1.000000000000000000, 0.0000000000000000000, 0.0000000000000000000 ) ) ;
#1805 = SURFACE_STYLE_USAGE ( .BOTH. , #108 ) ;
#1806 = EDGE_CURVE ( 'NONE', #2615, #860, #1719, .T. ) ;
#1807 = ORIENTED_EDGE ( 'NONE', *, *, #2875, .T. ) ;
#1808 = CARTESIAN_POINT ( 'NONE',  ( -0.8612537973142278000, 1.249000000000000100, 0.2603779527559065300 ) ) ;
#1809 = ORIENTED_EDGE ( 'NONE', *, *, #1238, .T. ) ;
#1810 = DIRECTION ( 'NONE',  ( 0.0000000000000000000, 0.0000000000000000000, 1.000000000000000000 ) ) ;
#1811 = SURFACE_SIDE_STYLE ('',( #2761 ) ) ;
#1812 = ORIENTED_EDGE ( 'NONE', *, *, #566, .F. ) ;
#1813 = PLANE ( 'NONE',  #2075 ) ;
#1814 = CARTESIAN_POINT ( 'NONE',  ( 0.5065181409775072500, 1.249000000000000100, -0.3339012696539069800 ) ) ;
#1815 =( NAMED_UNIT ( * ) SI_UNIT ( $, .STERADIAN. ) SOLID_ANGLE_UNIT ( ) );
#1816 =( LENGTH_UNIT ( ) NAMED_UNIT ( * ) SI_UNIT ( .MILLI., .METRE. ) );
#1817 = DIRECTION ( 'NONE',  ( 0.0000000000000000000, 0.0000000000000000000, 1.000000000000000000 ) ) ;
#1818 = CARTESIAN_POINT ( 'NONE',  ( 1.399999999999999700, -0.05000000000000000300, -1.345000000000000400 ) ) ;
#1819 = EDGE_LOOP ( 'NONE', ( #355, #2292, #2738, #1876 ) ) ;
#1820 = LINE ( 'NONE', #1096, #3097 ) ;
#1821 = VECTOR ( 'NONE', #1738, 1000.000000000000000 ) ;
#1822 = EDGE_CURVE ( 'NONE', #2613, #2044, #1647, .T. ) ;
#1823 = PRESENTATION_STYLE_ASSIGNMENT (( #594 ) ) ;
#1824 = CARTESIAN_POINT ( 'NONE',  ( 0.6193875387883388500, 1.249999999999998200, -0.05463588153703961100 ) ) ;
#1825 = CARTESIAN_POINT ( 'NONE',  ( 1.132651793339804100, 1.249000000000000100, -0.5468663643449274100 ) ) ;
#1826 = FACE_OUTER_BOUND ( 'NONE', #1185, .T. ) ;
#1827 = FILL_AREA_STYLE_COLOUR ( '', #1189 ) ;
#1828 = VERTEX_POINT ( 'NONE', #2829 ) ;
#1829 =( GEOMETRIC_REPRESENTATION_CONTEXT ( 3 ) GLOBAL_UNCERTAINTY_ASSIGNED_CONTEXT ( ( #2510 ) ) GLOBAL_UNIT_ASSIGNED_CONTEXT ( ( #1, #1702, #238 ) ) REPRESENTATION_CONTEXT ( 'NONE', 'WORKASPACE' ) );
#1830 = CARTESIAN_POINT ( 'NONE',  ( 0.5298965353608654500, 1.249000000000000300, 0.3731736207897153900 ) ) ;
#1831 = CARTESIAN_POINT ( 'NONE',  ( 0.4103642948236609900, 1.250000000000000000, 0.2430218072691698600 ) ) ;
#1832 = VERTEX_POINT ( 'NONE', #199 ) ;
#1833 = STYLED_ITEM ( 'NONE', ( #1903 ), #1856 ) ;
#1834 = PLANE ( 'NONE',  #1198 ) ;
#1835 = CARTESIAN_POINT ( 'NONE',  ( 0.9692890168182910500, 1.249000000000000600, 0.09996791868175637600 ) ) ;
#1836 = VERTEX_POINT ( 'NONE', #233 ) ;
#1837 =( LENGTH_UNIT ( ) NAMED_UNIT ( * ) SI_UNIT ( .MILLI., .METRE. ) );
#1838 = UNCERTAINTY_MEASURE_WITH_UNIT (LENGTH_MEASURE( 1.000000000000000100E-005 ), #1988, 'distance_accuracy_value', 'NONE');
#1839 = CARTESIAN_POINT ( 'NONE',  ( 0.5298965353608654500, 1.249999999999999800, 0.3731736207897153900 ) ) ;
#1840 = ORIENTED_EDGE ( 'NONE', *, *, #1541, .F. ) ;
#1841 = ORIENTED_EDGE ( 'NONE', *, *, #739, .F. ) ;
#1842 = ADVANCED_FACE ( 'NONE', ( #2831 ), #2992, .T. ) ;
#1843 = LINE ( 'NONE', #2486, #1216 ) ;
#1844 = CARTESIAN_POINT ( 'NONE',  ( 1.053721479530609100, 1.249000000000000300, 0.6950192004254538400 ) ) ;
#1845 = DIRECTION ( 'NONE',  ( 0.0000000000000000000, 0.0000000000000000000, 1.000000000000000000 ) ) ;
#1846 = CARTESIAN_POINT ( 'NONE',  ( 0.6724336686852935300, 1.249000000000000100, -0.02179512059569282300 ) ) ;
#1847 = CARTESIAN_POINT ( 'NONE',  ( 0.5528474973748625000, 1.248999999999999900, 0.3900240600531716400 ) ) ;
#1848 = PRESENTATION_LAYER_ASSIGNMENT (  '', '', ( #1536 ) ) ;
#1849 = CARTESIAN_POINT ( 'NONE',  ( 0.4103642948236609900, 1.249000000000000100, -0.8146705004231378200 ) ) ;
#1850 = EDGE_CURVE ( 'NONE', #692, #1716, #193, .T. ) ;
#1851 = LINE ( 'NONE', #1814, #1782 ) ;
#1852 = CARTESIAN_POINT ( 'NONE',  ( 0.8173135571388275800, 1.250000000000000400, 0.6278465714322789500 ) ) ;
#1853 = SURFACE_STYLE_USAGE ( .BOTH. , #151 ) ;
#1854 = CARTESIAN_POINT ( 'NONE',  ( 0.5528474973748625000, 1.249999999999999300, 0.3900240600531716400 ) ) ;
#1855 = VECTOR ( 'NONE', #2276, 1000.000000000000000 ) ;
#1856 = ADVANCED_FACE ( 'NONE', ( #124, #1360, #1986, #2619, #778, #700 ), #3125, .T. ) ;
#1857 = CARTESIAN_POINT ( 'NONE',  ( 0.5945848048040398600, 1.250000000000000000, -0.6483815089187579000 ) ) ;
#1858 = CARTESIAN_POINT ( 'NONE',  ( 0.5708565154479093900, 1.249000000000000300, 0.4884849057810280400 ) ) ;
#1859 = VECTOR ( 'NONE', #2665, 1000.000000000000000 ) ;
#1860 = B_SPLINE_CURVE_WITH_KNOTS ( 'NONE', 3,
 ( #2525, #2589, #2608, #2618 ),
 .UNSPECIFIED., .F., .F.,
 ( 4, 4 ),
 ( 0.09090909090909091200, 0.1818181818181818200 ),
 .UNSPECIFIED. ) ;
#1861 = CARTESIAN_POINT ( 'NONE',  ( 0.5774073733921441000, 1.249000000000000300, 0.4066745519116822800 ) ) ;
#1862 = VERTEX_POINT ( 'NONE', #2004 ) ;
#1863 = EDGE_CURVE ( 'NONE', #3020, #1064, #1686, .T. ) ;
#1864 = CIRCLE ( 'NONE', #1791, 0.1497070972545076200 ) ;
#1865 = ADVANCED_FACE ( 'NONE', ( #467 ), #2194, .T. ) ;
#1866 = DIRECTION ( 'NONE',  ( 1.000000000000000000, 0.0000000000000000000, -0.0000000000000000000 ) ) ;
#1867 = CARTESIAN_POINT ( 'NONE',  ( 0.5065181409775072500, 1.249000000000000100, 0.8199448841922469800 ) ) ;
#1868 = SURFACE_STYLE_USAGE ( .BOTH. , #1907 ) ;
#1869 = ORIENTED_EDGE ( 'NONE', *, *, #3045, .F. ) ;
#1870 = ORIENTED_EDGE ( 'NONE', *, *, #1443, .F. ) ;
#1871 =( GEOMETRIC_REPRESENTATION_CONTEXT ( 3 ) GLOBAL_UNCERTAINTY_ASSIGNED_CONTEXT ( ( #2581 ) ) GLOBAL_UNIT_ASSIGNED_CONTEXT ( ( #2598, #2959, #972 ) ) REPRESENTATION_CONTEXT ( 'NONE', 'WORKASPACE' ) );
#1872 = CARTESIAN_POINT ( 'NONE',  ( 0.8163727917268464000, 1.249999999999999100, -0.04503794086383463400 ) ) ;
#1873 = ORIENTED_EDGE ( 'NONE', *, *, #729, .T. ) ;
#1874 = EDGE_CURVE ( 'NONE', #188, #1733, #1467, .T. ) ;
#1875 = CARTESIAN_POINT ( 'NONE',  ( 0.5065181409775072500, 1.249000000000000100, 0.4353294995768622900 ) ) ;
#1876 = ORIENTED_EDGE ( 'NONE', *, *, #71, .T. ) ;
#1877 = PRESENTATION_STYLE_ASSIGNMENT (( #173 ) ) ;
#1878 = PRESENTATION_LAYER_ASSIGNMENT (  '', '', ( #1565 ) ) ;
#1879 = CARTESIAN_POINT ( 'NONE',  ( -0.8861860807787974600, 1.249000000000000100, -0.3594992125984237700 ) ) ;
#1880 = DIRECTION ( 'NONE',  ( -0.0000000000000000000, 0.0000000000000000000, -1.000000000000000000 ) ) ;
#1881 = B_SPLINE_CURVE_WITH_KNOTS ( 'NONE', 3,
 ( #2965, #2108, #596, #511 ),
 .UNSPECIFIED., .F., .F.,
 ( 4, 4 ),
 ( 0.2727272727272727100, 0.3636363636363636500 ),
 .UNSPECIFIED. ) ;
#1882 = MECHANICAL_DESIGN_GEOMETRIC_PRESENTATION_REPRESENTATION (  '', ( #1417 ), #2054 ) ;
#1883 = ADVANCED_FACE ( 'NONE', ( #155 ), #925, .T. ) ;
#1884 = CARTESIAN_POINT ( 'NONE',  ( 0.8810017367214072500, 1.249000000000000300, -0.02094444098225526500 ) ) ;
#1885 = CARTESIAN_POINT ( 'NONE',  ( 0.5708565154479092700, 1.248999999999999900, -0.6653612480651260900 ) ) ;
#1886 = ORIENTED_EDGE ( 'NONE', *, *, #1407, .T. ) ;
#1887 = CARTESIAN_POINT ( 'NONE',  ( 0.8173135571388275800, 1.249000000000000300, 0.6278465714322789500 ) ) ;
#1888 = B_SPLINE_SURFACE_WITH_KNOTS ( 'NONE', 3, 1, ( 
 ( #2295, #1086 ),
 ( #2750, #2287 ),
 ( #833, #2034 ),
 ( #590, #1792 ) ),
 .UNSPECIFIED., .F., .F., .F.,
 ( 4, 4 ),
 ( 2, 2 ),
 ( 0.8181818181818183400, 0.9090909090909092800 ),
 ( 0.0000000000000000000, 1.000000000000000000 ),
 .UNSPECIFIED. ) ;
#1889 =( NAMED_UNIT ( * ) PLANE_ANGLE_UNIT ( ) SI_UNIT ( $, .RADIAN. ) );
#1890 = DIRECTION ( 'NONE',  ( -1.000000000000000000, 0.0000000000000000000, 0.0000000000000000000 ) ) ;
#1891 = COLOUR_RGB ( '',1.000000000000000000, 1.000000000000000000, 1.000000000000000000 ) ;
#1892 = CARTESIAN_POINT ( 'NONE',  ( 0.5774073733921441000, 1.249999999999999800, 0.4066745519116822800 ) ) ;
#1893 = PRESENTATION_LAYER_ASSIGNMENT (  '', '', ( #1581 ) ) ;
#1894 = CARTESIAN_POINT ( 'NONE',  ( 0.6033884851921130800, 1.248999999999999700, 0.4233052307064976100 ) ) ;
#1895 = CARTESIAN_POINT ( 'NONE',  ( 1.399999999999999700, 0.0000000000000000000, -1.345000000000000400 ) ) ;
#1896 = CARTESIAN_POINT ( 'NONE',  ( 0.5708565154479092700, 1.249999999999999800, -0.6653612480651260900 ) ) ;
#1897 = ORIENTED_EDGE ( 'NONE', *, *, #2189, .F. ) ;
#1898 = ORIENTED_EDGE ( 'NONE', *, *, #1614, .T. ) ;
#1899 = B_SPLINE_SURFACE_WITH_KNOTS ( 'NONE', 3, 1, ( 
 ( #823, #2573 ),
 ( #3068, #1399 ),
 ( #3033, #1528 ),
 ( #2948, #1313 ) ),
 .UNSPECIFIED., .F., .F., .F.,
 ( 4, 4 ),
 ( 2, 2 ),
 ( 0.5454545454545455300, 0.6363636363636364600 ),
 ( 0.0000000000000000000, 1.000000000000000000 ),
 .UNSPECIFIED. ) ;
#1900 = DIRECTION ( 'NONE',  ( -0.0000000000000000000, 1.000000000000000000, -0.0000000000000000000 ) ) ;
#1901 = B_SPLINE_CURVE_WITH_KNOTS ( 'NONE', 3,
 ( #1671, #1679, #1644, #362 ),
 .UNSPECIFIED., .F., .F.,
 ( 4, 4 ),
 ( 0.6363636363636364600, 0.7272727272727274000 ),
 .UNSPECIFIED. ) ;
#1902 = CARTESIAN_POINT ( 'NONE',  ( 0.6033884851921130800, 1.248999999999999700, 0.4233052307064976100 ) ) ;
#1903 = PRESENTATION_STYLE_ASSIGNMENT (( #951 ) ) ;
#1904 = FACE_OUTER_BOUND ( 'NONE', #473, .T. ) ;
#1905 = VERTEX_POINT ( 'NONE', #489 ) ;
#1906 = STYLED_ITEM ( 'NONE', ( #2021 ), #2132 ) ;
#1907 = SURFACE_SIDE_STYLE ('',( #2966 ) ) ;
#1908 = CARTESIAN_POINT ( 'NONE',  ( 0.8810017367214072500, 1.249999999999999600, -0.02094444098225526500 ) ) ;
#1909 = VECTOR ( 'NONE', #723, 1000.000000000000100 ) ;
#1910 = ORIENTED_EDGE ( 'NONE', *, *, #1181, .F. ) ;
#1911 = EDGE_CURVE ( 'NONE', #1015, #2317, #3071, .T. ) ;
#1912 = ORIENTED_EDGE ( 'NONE', *, *, #2893, .T. ) ;
#1913 = CARTESIAN_POINT ( 'NONE',  ( 0.6299999999999996700, -0.05000000000000000300, -1.345000000000000200 ) ) ;
#1914 = CARTESIAN_POINT ( 'NONE',  ( -0.7906191516449381200, 1.249000000000000100, -0.2624551181102359700 ) ) ;
#1915 = DIRECTION ( 'NONE',  ( -0.0000000000000000000, 0.0000000000000000000, 1.000000000000000000 ) ) ;
#1916 = CARTESIAN_POINT ( 'NONE',  ( 0.6033884851921130800, 1.249999999999999100, 0.4233052307064976100 ) ) ;
#1917 = EDGE_CURVE ( 'NONE', #1136, #1955, #2632, .T. ) ;
#1918 = CARTESIAN_POINT ( 'NONE',  ( 0.6307990869808660600, 1.249000000000000300, 0.4400543681035266100 ) ) ;
#1919 = CARTESIAN_POINT ( 'NONE',  ( 0.9249521812137627700, 1.249000000000000100, -0.008117357861405055300 ) ) ;
#1920 = FILL_AREA_STYLE ('',( #226 ) ) ;
#1921 = STYLED_ITEM ( 'NONE', ( #616 ), #3108 ) ;
#1922 = EDGE_CURVE ( 'NONE', #435, #1174, #420, .T. ) ;
#1923 = B_SPLINE_CURVE_WITH_KNOTS ( 'NONE', 3,
 ( #335, #2047, #2523, #1101 ),
 .UNSPECIFIED., .F., .F.,
 ( 4, 4 ),
 ( 0.1818181818181818200, 0.2727272727272727100 ),
 .UNSPECIFIED. ) ;
#1924 = VECTOR ( 'NONE', #1535, 1000.000000000000000 ) ;
#1925 = SURFACE_STYLE_FILL_AREA ( #2838 ) ;
#1926 = UNCERTAINTY_MEASURE_WITH_UNIT (LENGTH_MEASURE( 1.000000000000000100E-005 ), #2056, 'distance_accuracy_value', 'NONE');
#1927 = STYLED_ITEM ( 'NONE', ( #1049 ), #178 ) ;
#1928 = LINE ( 'NONE', #1120, #81 ) ;
#1929 = CARTESIAN_POINT ( 'NONE',  ( 0.6597522047426003200, 1.249000000000000100, 0.4566933407680357500 ) ) ;
#1930 = CARTESIAN_POINT ( 'NONE',  ( 0.9249521812137627700, 1.249999999999999300, -0.008117357861405055300 ) ) ;
#1931 = LINE ( 'NONE', #323, #3135 ) ;
#1932 = SHAPE_DEFINITION_REPRESENTATION ( #1462, #1954 ) ;
#1933 = MECHANICAL_DESIGN_GEOMETRIC_PRESENTATION_REPRESENTATION (  '', ( #1461 ), #2104 ) ;
#1934 = DIRECTION ( 'NONE',  ( -1.000000000000000000, -0.0000000000000000000, 0.0000000000000000000 ) ) ;
#1935 = FACE_OUTER_BOUND ( 'NONE', #2687, .T. ) ;
#1936 = EDGE_LOOP ( 'NONE', ( #2702, #1728, #3123, #734 ) ) ;
#1937 = B_SPLINE_SURFACE_WITH_KNOTS ( 'NONE', 3, 1, ( 
 ( #2816, #2885 ),
 ( #2903, #2916 ),
 ( #2927, #2938 ),
 ( #2952, #2976 ) ),
 .UNSPECIFIED., .F., .F., .F.,
 ( 4, 4 ),
 ( 2, 2 ),
 ( 0.6363636363636364600, 0.7272727272727274000 ),
 ( 0.0000000000000000000, 1.000000000000000000 ),
 .UNSPECIFIED. ) ;
#1938 = PRESENTATION_STYLE_ASSIGNMENT (( #1160 ) ) ;
#1939 = CARTESIAN_POINT ( 'NONE',  ( 1.599999999999998500, 0.0000000000000000000, 1.599999999999999600 ) ) ;
#1940 = CARTESIAN_POINT ( 'NONE',  ( -1.318067970542576000, 1.249000000000000100, -0.1926125984251939300 ) ) ;
#1941 = CARTESIAN_POINT ( 'NONE',  ( 0.7052545179514082600, 1.248999999999999900, -0.6729970059279845000 ) ) ;
#1942 = ORIENTED_EDGE ( 'NONE', *, *, #1238, .F. ) ;
#1943 = CARTESIAN_POINT ( 'NONE',  ( -1.399999999999999700, -0.05000000000000000300, -1.345000000000000000 ) ) ;
#1944 = CARTESIAN_POINT ( 'NONE',  ( 1.127929917847680500, 1.249999999999999800, 0.7038553596783978500 ) ) ;
#1945 = CARTESIAN_POINT ( 'NONE',  ( -1.399999999999999700, -0.05000000000000000300, -1.345000000000000000 ) ) ;
#1946 = COLOUR_RGB ( '',1.000000000000000000, 1.000000000000000000, 1.000000000000000000 ) ;
#1947 = VERTEX_POINT ( 'NONE', #3113 ) ;
#1948 = CARTESIAN_POINT ( 'NONE',  ( -0.8862852933772215100, 1.249000000000000100, -0.1391181102362200300 ) ) ;
#1949 = CARTESIAN_POINT ( 'NONE',  ( -0.2164160020386388700, 1.249000000000000100, -0.01149606299212686800 ) ) ;
#1950 = AXIS2_PLACEMENT_3D ( 'NONE', #2872, #1456, #3130 ) ;
#1951 = VERTEX_POINT ( 'NONE', #1943 ) ;
#1952 = CARTESIAN_POINT ( 'NONE',  ( 0.6307990869808660600, 1.249999999999999800, 0.4400543681035266100 ) ) ;
#1953 = CARTESIAN_POINT ( 'NONE',  ( 0.8810017367214070200, 1.250000000000000000, 0.5559786359408218600 ) ) ;
#1954 = ADVANCED_BREP_SHAPE_REPRESENTATION ( 'XFL3012', ( #1957, #1073 ), #2728 ) ;
#1955 = VERTEX_POINT ( 'NONE', #1665 ) ;
#1956 = CARTESIAN_POINT ( 'NONE',  ( 0.6452790501254728200, 1.250000000000000000, 0.5389670489378121100 ) ) ;
#1957 = MANIFOLD_SOLID_BREP ( 'Cut-Extrude1', #1197 ) ;
#1958 = VECTOR ( 'NONE', #26, 1000.000000000000000 ) ;
#1959 =( NAMED_UNIT ( * ) SI_UNIT ( $, .STERADIAN. ) SOLID_ANGLE_UNIT ( ) );
#1960 =( NAMED_UNIT ( * ) SI_UNIT ( $, .STERADIAN. ) SOLID_ANGLE_UNIT ( ) );
#1961 = DIRECTION ( 'NONE',  ( -0.0000000000000000000, 1.000000000000000000, -0.0000000000000000000 ) ) ;
#1962 = EDGE_CURVE ( 'NONE', #1042, #3109, #672, .T. ) ;
#1963 = CARTESIAN_POINT ( 'NONE',  ( 0.6597522047426003200, 1.249000000000000100, 0.4566933407680357500 ) ) ;
#1964 =( NAMED_UNIT ( * ) PLANE_ANGLE_UNIT ( ) SI_UNIT ( $, .RADIAN. ) );
#1965 = PRESENTATION_STYLE_ASSIGNMENT (( #2316 ) ) ;
#1966 = EDGE_LOOP ( 'NONE', ( #474, #33, #2188, #515 ) ) ;
#1967 = FILL_AREA_STYLE ('',( #248 ) ) ;
#1968 = ORIENTED_EDGE ( 'NONE', *, *, #1874, .T. ) ;
#1969 = SURFACE_STYLE_USAGE ( .BOTH. , #269 ) ;
#1970 = CARTESIAN_POINT ( 'NONE',  ( 0.5083407561152231100, 1.249000000000000100, -0.7974381530436134300 ) ) ;
#1971 = B_SPLINE_SURFACE_WITH_KNOTS ( 'NONE', 3, 1, ( 
 ( #2998, #584 ),
 ( #842, #348 ),
 ( #509, #2214 ),
 ( #763, #2449 ) ),
 .UNSPECIFIED., .F., .F., .F.,
 ( 4, 4 ),
 ( 2, 2 ),
 ( 0.0000000000000000000, 0.09090909090909091200 ),
 ( 0.0000000000000000000, 1.000000000000000000 ),
 .UNSPECIFIED. ) ;
#1972 = LINE ( 'NONE', #287, #686 ) ;
#1973 = DIRECTION ( 'NONE',  ( -0.0000000000000000000, 1.000000000000000000, -0.0000000000000000000 ) ) ;
#1974 = CARTESIAN_POINT ( 'NONE',  ( 0.6597522047426003200, 1.249999999999999600, 0.4566933407680357500 ) ) ;
#1975 = SURFACE_STYLE_USAGE ( .BOTH. , #1811 ) ;
#1976 = PLANE ( 'NONE',  #1290 ) ;
#1977 = ORIENTED_EDGE ( 'NONE', *, *, #913, .F. ) ;
#1978 = LINE ( 'NONE', #1232, #753 ) ;
#1979 = FILL_AREA_STYLE ('',( #1493 ) ) ;
#1980 = ORIENTED_EDGE ( 'NONE', *, *, #395, .T. ) ;
#1981 = CARTESIAN_POINT ( 'NONE',  ( 0.6597522047426001000, 1.249999999999999600, -0.6971528130781180500 ) ) ;
#1982 = DIRECTION ( 'NONE',  ( -0.0000000000000000000, 1.000000000000000000, -0.0000000000000000000 ) ) ;
#1983 = EDGE_CURVE ( 'NONE', #17, #860, #920, .T. ) ;
#1984 = B_SPLINE_SURFACE_WITH_KNOTS ( 'NONE', 3, 1, ( 
 ( #101, #2751 ),
 ( #1336, #2994 ),
 ( #1564, #109 ),
 ( #1808, #344 ) ),
 .UNSPECIFIED., .F., .F., .F.,
 ( 4, 4 ),
 ( 2, 2 ),
 ( 0.7272727272727274000, 0.8181818181818183400 ),
 ( 0.0000000000000000000, 1.000000000000000000 ),
 .UNSPECIFIED. ) ;
#1985 = CARTESIAN_POINT ( 'NONE',  ( 1.026727637459864600, 1.248999999999999400, -0.4638419537726281000 ) ) ;
#1986 = FACE_OUTER_BOUND ( 'NONE', #882, .T. ) ;
#1987 = CARTESIAN_POINT ( 'NONE',  ( 0.7003410413480780600, 1.248999999999999900, 0.4786376222869273000 ) ) ;
#1988 =( LENGTH_UNIT ( ) NAMED_UNIT ( * ) SI_UNIT ( .MILLI., .METRE. ) );
#1989 = ORIENTED_EDGE ( 'NONE', *, *, #1641, .F. ) ;
#1990 = DIRECTION ( 'NONE',  ( -1.000000000000000000, 0.0000000000000000000, 0.0000000000000000000 ) ) ;
#1991 = B_SPLINE_SURFACE_WITH_KNOTS ( 'NONE', 3, 1, ( 
 ( #1343, #2312 ),
 ( #856, #2534 ),
 ( #1112, #2769 ),
 ( #1356, #3015 ),
 ( #1587, #126 ),
 ( #1825, #364 ),
 ( #2068, #623 ) ),
 .UNSPECIFIED., .F., .F., .F.,
 ( 4, 1, 1, 1, 4 ),
 ( 2, 2 ),
 ( 0.0000000000000000000, 0.2372165186042107800, 0.4825864912431359600, 0.7368469271779309900, 1.000000000000000000 ),
 ( 0.0000000000000000000, 1.000000000000000000 ),
 .UNSPECIFIED. ) ;
#1992 = LINE ( 'NONE', #2639, #1909 ) ;
#1993 = VERTEX_POINT ( 'NONE', #2669 ) ;
#1994 = DIRECTION ( 'NONE',  ( -0.0000000000000000000, 1.000000000000000000, -0.0000000000000000000 ) ) ;
#1995 = FILL_AREA_STYLE_COLOUR ( '', #1576 ) ;
#1996 =( NAMED_UNIT ( * ) PLANE_ANGLE_UNIT ( ) SI_UNIT ( $, .RADIAN. ) );
#1997 = CARTESIAN_POINT ( 'NONE',  ( 0.5484227859363810500, 1.249000000000000100, -0.6828410795535905200 ) ) ;
#1998 = CARTESIAN_POINT ( 'NONE',  ( 0.7003410413480780600, 1.249999999999999300, 0.4786376222869273000 ) ) ;
#1999 = CARTESIAN_POINT ( 'NONE',  ( 1.132651793339804100, 1.248999999999999900, 0.03005671257814949300 ) ) ;
#2000 = DIRECTION ( 'NONE',  ( -1.000000000000000000, 0.0000000000000000000, 0.0000000000000000000 ) ) ;
#2001 = FILL_AREA_STYLE_COLOUR ( '', #1530 ) ;
#2002 = PRESENTATION_LAYER_ASSIGNMENT (  '', '', ( #1681 ) ) ;
#2003 = CARTESIAN_POINT ( 'NONE',  ( -0.6299999999999996700, -0.05000000000000000300, 1.345000000000000000 ) ) ;
#2004 = CARTESIAN_POINT ( 'NONE',  ( -1.107524663455962300, 1.250000000000000000, -0.3665999999999977600 ) ) ;
#2005 = PRESENTATION_STYLE_ASSIGNMENT (( #2362 ) ) ;
#2006 = CARTESIAN_POINT ( 'NONE',  ( 0.6597522047426003200, 1.249000000000000300, -0.1202297361550413600 ) ) ;
#2007 = CARTESIAN_POINT ( 'NONE',  ( 0.9949105226086875100, 1.249000000000000100, -0.5660540410329927300 ) ) ;
#2008 = VECTOR ( 'NONE', #1413, 1000.000000000000000 ) ;
#2009 = LINE ( 'NONE', #2173, #1376 ) ;
#2010 = SURFACE_STYLE_USAGE ( .BOTH. , #313 ) ;
#2011 = CARTESIAN_POINT ( 'NONE',  ( 1.097069108946715300, 1.249999999999999800, 0.02725165597266024400 ) ) ;
#2012 = MECHANICAL_DESIGN_GEOMETRIC_PRESENTATION_REPRESENTATION (  '', ( #1536 ), #2185 ) ;
#2013 = ORIENTED_EDGE ( 'NONE', *, *, #1226, .T. ) ;
#2014 = SURFACE_STYLE_USAGE ( .BOTH. , #316 ) ;
#2015 = DIRECTION ( 'NONE',  ( 0.0000000000000000000, 0.0000000000000000000, 1.000000000000000000 ) ) ;
#2016 = CARTESIAN_POINT ( 'NONE',  ( -0.3689356870780081100, 1.249000000000000100, 0.2739228346456694100 ) ) ;
#2017 = EDGE_CURVE ( 'NONE', #1828, #2123, #929, .T. ) ;
#2018 = PRESENTATION_STYLE_ASSIGNMENT (( #351 ) ) ;
#2019 = EDGE_LOOP ( 'NONE', ( #3038, #1942, #1742, #1353 ) ) ;
#2020 = PRESENTATION_STYLE_ASSIGNMENT (( #2911 ) ) ;
#2021 = PRESENTATION_STYLE_ASSIGNMENT (( #2304 ) ) ;
#2022 = CARTESIAN_POINT ( 'NONE',  ( 1.132651793339804100, 1.248999999999999900, 0.03005671257814949300 ) ) ;
#2023 = PLANE ( 'NONE',  #754 ) ;
#2024 = CARTESIAN_POINT ( 'NONE',  ( 1.150748910208276400, 1.249999999999998700, 0.1276371918845545000 ) ) ;
#2025 = CARTESIAN_POINT ( 'NONE',  ( 0.5065181409775072500, 1.250000000000000000, 0.2430218072691698600 ) ) ;
#2026 = SURFACE_SIDE_STYLE ('',( #179 ) ) ;
#2027 = ORIENTED_EDGE ( 'NONE', *, *, #1348, .F. ) ;
#2028 = CARTESIAN_POINT ( 'NONE',  ( 0.7523609121438870100, 1.248999999999999900, 0.5046861510799899300 ) ) ;
#2029 = UNCERTAINTY_MEASURE_WITH_UNIT (LENGTH_MEASURE( 1.000000000000000100E-005 ), #2677, 'distance_accuracy_value', 'NONE');
#2030 = VERTEX_POINT ( 'NONE', #1082 ) ;
#2031 = FILL_AREA_STYLE ('',( #1549 ) ) ;
#2032 = CARTESIAN_POINT ( 'NONE',  ( 1.132651793339804100, 1.249999999999999800, 0.03005671257814949300 ) ) ;
#2033 = CARTESIAN_POINT ( 'NONE',  ( 0.5065181409775072500, 1.249000000000000100, 0.8199448841922469800 ) ) ;
#2034 = CARTESIAN_POINT ( 'NONE',  ( -0.3636411988890333500, 1.250000000000000000, -0.1087102362204734500 ) ) ;
#2035 = CARTESIAN_POINT ( 'NONE',  ( 1.053721479530609400, 1.249000000000000600, -0.4588269534207002300 ) ) ;
#2036 = EDGE_CURVE ( 'NONE', #1905, #2547, #2438, .T. ) ;
#2037 = SURFACE_SIDE_STYLE ('',( #1193 ) ) ;
#2038 = CARTESIAN_POINT ( 'NONE',  ( 0.9468727082851994300, 1.249000000000000100, 0.5752032976537853100 ) ) ;
#2039 =( NAMED_UNIT ( * ) PLANE_ANGLE_UNIT ( ) SI_UNIT ( $, .RADIAN. ) );
#2040 = FILL_AREA_STYLE ('',( #1270 ) ) ;
#2041 = VERTEX_POINT ( 'NONE', #1491 ) ;
#2042 = PRESENTATION_STYLE_ASSIGNMENT (( #249 ) ) ;
#2043 = FILL_AREA_STYLE ('',( #2522 ) ) ;
#2044 = VERTEX_POINT ( 'NONE', #1521 ) ;
#2045 = EDGE_CURVE ( 'NONE', #976, #985, #852, .T. ) ;
#2046 = COLOUR_RGB ( '',1.000000000000000000, 1.000000000000000000, 1.000000000000000000 ) ;
#2047 = CARTESIAN_POINT ( 'NONE',  ( -1.397565608337850500, 1.250000000000000000, 0.08369921259842802400 ) ) ;
#2048 = CARTESIAN_POINT ( 'NONE',  ( 1.044923278175578000, 1.249000000000000600, 0.02010831965219657100 ) ) ;
#2049 = MECHANICAL_DESIGN_GEOMETRIC_PRESENTATION_REPRESENTATION (  '', ( #1565 ), #2219 ) ;
#2050 = CARTESIAN_POINT ( 'NONE',  ( 0.9985640440302052700, 1.249999999999999800, 0.1071051207276817300 ) ) ;
#2051 = LINE ( 'NONE', #2736, #1418 ) ;
#2052 = SURFACE_SIDE_STYLE ('',( #2821 ) ) ;
#2053 = COLOUR_RGB ( '',1.000000000000000000, 1.000000000000000000, 1.000000000000000000 ) ;
#2054 =( GEOMETRIC_REPRESENTATION_CONTEXT ( 3 ) GLOBAL_UNCERTAINTY_ASSIGNED_CONTEXT ( ( #2716 ) ) GLOBAL_UNIT_ASSIGNED_CONTEXT ( ( #3087, #610, #330 ) ) REPRESENTATION_CONTEXT ( 'NONE', 'WORKASPACE' ) );
#2055 = CARTESIAN_POINT ( 'NONE',  ( 1.044923278175578000, 1.250000000000000400, 0.02010831965219657100 ) ) ;
#2056 =( LENGTH_UNIT ( ) NAMED_UNIT ( * ) SI_UNIT ( .MILLI., .METRE. ) );
#2057 = EDGE_LOOP ( 'NONE', ( #2603, #1474, #2826, #1252 ) ) ;
#2058 =( NAMED_UNIT ( * ) SI_UNIT ( $, .STERADIAN. ) SOLID_ANGLE_UNIT ( ) );
#2059 = CARTESIAN_POINT ( 'NONE',  ( 0.5268333586189883900, 1.249999999999999800, -0.7003063980618183800 ) ) ;
#2060 = PRESENTATION_STYLE_ASSIGNMENT (( #1975 ) ) ;
#2061 = CARTESIAN_POINT ( 'NONE',  ( 0.7523609121438870100, 1.249999999999999300, 0.5046861510799899300 ) ) ;
#2062 = CARTESIAN_POINT ( 'NONE',  ( 0.9468727082851994300, 1.249000000000000100, -0.001719779269291688600 ) ) ;
#2063 = MECHANICAL_DESIGN_GEOMETRIC_PRESENTATION_REPRESENTATION (  '', ( #1581 ), #2232 ) ;
#2064 = ORIENTED_EDGE ( 'NONE', *, *, #2723, .T. ) ;
#2065 = VECTOR ( 'NONE', #702, 1000.000000000000000 ) ;
#2066 = CARTESIAN_POINT ( 'NONE',  ( 1.053721479530609100, 1.249999999999998700, 0.1180961235023767100 ) ) ;
#2067 = ORIENTED_EDGE ( 'NONE', *, *, #1922, .F. ) ;
#2068 = CARTESIAN_POINT ( 'NONE',  ( 1.150748910208276400, 1.249000000000000100, -0.5454397311923685500 ) ) ;
#2069 = CARTESIAN_POINT ( 'NONE',  ( 1.097069108946715300, 1.248999999999999900, 0.02725165597266024400 ) ) ;
#2070 = UNCERTAINTY_MEASURE_WITH_UNIT (LENGTH_MEASURE( 1.000000000000000100E-005 ), #2279, 'distance_accuracy_value', 'NONE');
#2071 = CARTESIAN_POINT ( 'NONE',  ( 0.8163727917268461800, 1.248999999999999900, 0.5318851360592423700 ) ) ;
#2072 = CARTESIAN_POINT ( 'NONE',  ( 0.9468727082851994300, 1.249999999999999300, -0.001719779269291688600 ) ) ;
#2073 = COLOUR_RGB ( '',1.000000000000000000, 1.000000000000000000, 1.000000000000000000 ) ;
#2074 = LINE ( 'NONE', #694, #1445 ) ;
#2075 = AXIS2_PLACEMENT_3D ( 'NONE', #115, #609, #756 ) ;
#2076 = CARTESIAN_POINT ( 'NONE',  ( 0.9949105226086875100, 1.249999999999999800, 0.01086903589008416300 ) ) ;
#2077 = CARTESIAN_POINT ( 'NONE',  ( 0.9287008160760932300, 1.249000000000000100, 0.08941296079105255600 ) ) ;
#2078 = EDGE_CURVE ( 'NONE', #1501, #1286, #2137, .T. ) ;
#2079 =( NAMED_UNIT ( * ) SI_UNIT ( $, .STERADIAN. ) SOLID_ANGLE_UNIT ( ) );
#2080 = ORIENTED_EDGE ( 'NONE', *, *, #2412, .T. ) ;
#2081 = CARTESIAN_POINT ( 'NONE',  ( 1.150748910208276400, 1.249000000000000100, 0.03148334573070834400 ) ) ;
#2082 = CARTESIAN_POINT ( 'NONE',  ( 0.9949105226086875100, 1.248999999999999900, 0.01086903589008416300 ) ) ;
#2083 = CARTESIAN_POINT ( 'NONE',  ( 0.8163727917268461800, 1.249999999999999300, 0.5318851360592423700 ) ) ;
#2084 =( NAMED_UNIT ( * ) SI_UNIT ( $, .STERADIAN. ) SOLID_ANGLE_UNIT ( ) );
#2085 = LINE ( 'NONE', #79, #141 ) ;
#2086 = ADVANCED_FACE ( 'NONE', ( #2688 ), #1789, .T. ) ;
#2087 = VECTOR ( 'NONE', #2470, 1000.000000000000000 ) ;
#2088 = AXIS2_PLACEMENT_3D ( 'NONE', #1680, #2633, #533 ) ;
#2089 = EDGE_CURVE ( 'NONE', #941, #53, #581, .T. ) ;
#2090 = EDGE_CURVE ( 'NONE', #1064, #2302, #2588, .T. ) ;
#2091 = PRESENTATION_LAYER_ASSIGNMENT (  '', '', ( #1764 ) ) ;
#2092 = CARTESIAN_POINT ( 'NONE',  ( 1.150748910208276400, 1.250000000000000000, 0.1276371918845545000 ) ) ;
#2093 = CARTESIAN_POINT ( 'NONE',  ( 1.026727637459865100, 1.249000000000000300, 0.6900042000735258100 ) ) ;
#2094 = DIRECTION ( 'NONE',  ( 1.000000000000000000, 0.0000000000000000000, 0.0000000000000000000 ) ) ;
#2095 = ORIENTED_EDGE ( 'NONE', *, *, #1088, .T. ) ;
#2096 = AXIS2_PLACEMENT_3D ( 'NONE', #2922, #1233, #1273 ) ;
#2097 = B_SPLINE_CURVE_WITH_KNOTS ( 'NONE', 3,
 ( #1387, #384, #159, #601, #561, #576, #3013, #1311, #844, #1110, #1067, #2962, #901, #1398, #810 ),
 .UNSPECIFIED., .F., .F.,
 ( 4, 1, 1, 1, 1, 1, 1, 1, 1, 1, 1, 1, 4 ),
 ( 0.0000000000000000000, 0.05027287497458356900, 0.1027903700748775000, 0.1576131012369289300, 0.2146311133156756100, 0.2740612127265389400, 0.3356974550538852100, 0.4000702787165528200, 0.4668267493853402500, 0.6020780869193702600, 0.7357515335047494200, 0.8682046170340285100, 1.000000000000000000 ),
 .UNSPECIFIED. ) ;
#2098 = CARTESIAN_POINT ( 'NONE',  ( 0.8810017367214070200, 1.249000000000000100, 0.5559786359408218600 ) ) ;
#2099 = EDGE_CURVE ( 'NONE', #2317, #985, #3077, .T. ) ;
#2100 = UNCERTAINTY_MEASURE_WITH_UNIT (LENGTH_MEASURE( 1.000000000000000100E-005 ), #68, 'distance_accuracy_value', 'NONE');
#2101 = FACE_OUTER_BOUND ( 'NONE', #1210, .T. ) ;
#2102 =( NAMED_UNIT ( * ) SI_UNIT ( $, .STERADIAN. ) SOLID_ANGLE_UNIT ( ) );
#2103 = VECTOR ( 'NONE', #446, 1000.000000000000000 ) ;
#2105 = ADVANCED_FACE ( 'NONE', ( #2433 ), #265, .T. ) ;
#2104 =( GEOMETRIC_REPRESENTATION_CONTEXT ( 3 ) GLOBAL_UNCERTAINTY_ASSIGNED_CONTEXT ( ( #982 ) ) GLOBAL_UNIT_ASSIGNED_CONTEXT ( ( #2503, #1076, #2743 ) ) REPRESENTATION_CONTEXT ( 'NONE', 'WORKASPACE' ) );
#2106 = CARTESIAN_POINT ( 'NONE',  ( 0.7579917206876328800, 1.250000000000000200, 0.6015272057152162300 ) ) ;
#2107 =( NAMED_UNIT ( * ) PLANE_ANGLE_UNIT ( ) SI_UNIT ( $, .RADIAN. ) );
#2108 = CARTESIAN_POINT ( 'NONE',  ( -1.209201828810294800, 1.249000000000000100, -0.3467385826771644000 ) ) ;
#2109 = COLOUR_RGB ( '',0.8274509803921568100, 0.8392156862745098200, 0.8274509803921568100 ) ;
#2110 = ORIENTED_EDGE ( 'NONE', *, *, #1489, .T. ) ;
#2111 = STYLED_ITEM ( 'NONE', ( #1877 ), #681 ) ;
#2112 = ORIENTED_EDGE ( 'NONE', *, *, #3035, .F. ) ;
#2113 = CARTESIAN_POINT ( 'NONE',  ( 0.5484227859363810500, 1.249000000000000100, -0.6828410795535905200 ) ) ;
#2114 = EDGE_LOOP ( 'NONE', ( #2999, #2410, #10, #450 ) ) ;
#2115 = CARTESIAN_POINT ( 'NONE',  ( 0.5065181409775072500, 1.249000000000000100, -0.1415935773462147500 ) ) ;
#2116 = CARTESIAN_POINT ( 'NONE',  ( 0.5484227859363809400, 1.249000000000000100, 0.4710050742925633300 ) ) ;
#2117 = PLANE ( 'NONE',  #2683 ) ;
#2118 = CARTESIAN_POINT ( 'NONE',  ( 0.8810017367214070200, 1.249999999999999600, 0.5559786359408218600 ) ) ;
#2119 = COLOUR_RGB ( '',1.000000000000000000, 1.000000000000000000, 1.000000000000000000 ) ;
#2120 = ADVANCED_FACE ( 'NONE', ( #340 ), #1813, .F. ) ;
#2121 = STYLED_ITEM ( 'NONE', ( #2508 ), #2560 ) ;
#2122 = CARTESIAN_POINT ( 'NONE',  ( 0.5484227859363810500, 1.249999999999998700, -0.1059180026305135600 ) ) ;
#2123 = VERTEX_POINT ( 'NONE', #851 ) ;
#2124 = FILL_AREA_STYLE_COLOUR ( '', #1083 ) ;
#2125 = SURFACE_SIDE_STYLE ('',( #614 ) ) ;
#2126 = CARTESIAN_POINT ( 'NONE',  ( 0.9249521812137629900, 1.249000000000000300, 0.5688057190616719900 ) ) ;
#2127 = VECTOR ( 'NONE', #273, 1000.000000000000000 ) ;
#2128 = UNCERTAINTY_MEASURE_WITH_UNIT (LENGTH_MEASURE( 1.000000000000000100E-005 ), #1674, 'distance_accuracy_value', 'NONE');
#2129 = EDGE_CURVE ( 'NONE', #1862, #3011, #172, .T. ) ;
#2130 = CARTESIAN_POINT ( 'NONE',  ( 1.150748910208276400, 1.249000000000000100, 0.7045602688076315600 ) ) ;
#2131 = SURFACE_SIDE_STYLE ('',( #2330 ) ) ;
#2132 = ADVANCED_FACE ( 'NONE', ( #156 ), #1790, .F. ) ;
#2133 = CARTESIAN_POINT ( 'NONE',  ( -1.005841198889033200, 1.249000000000000100, -0.3864629921259831200 ) ) ;
#2134 = CARTESIAN_POINT ( 'NONE',  ( 0.9627039328275779400, 1.249999999999999800, 0.002428959850446600400 ) ) ;
#2135 = FILL_AREA_STYLE ('',( #2985 ) ) ;
#2136 = ORIENTED_EDGE ( 'NONE', *, *, #2499, .T. ) ;
#2137 = LINE ( 'NONE', #1533, #1498 ) ;
#2138 = CARTESIAN_POINT ( 'NONE',  ( 0.4948076209625805200, 1.248999999999999900, -0.8090106201230076200 ) ) ;
#2139 = CARTESIAN_POINT ( 'NONE',  ( 0.9287008160760934500, 1.250000000000000200, -0.4875101161320244400 ) ) ;
#2140 = LINE ( 'NONE', #792, #275 ) ;
#2141 = CARTESIAN_POINT ( 'NONE',  ( 0.7003410413480782900, 1.250000000000000000, -0.6752085315592265500 ) ) ;
#2142 = ORIENTED_EDGE ( 'NONE', *, *, #900, .F. ) ;
#2143 = CARTESIAN_POINT ( 'NONE',  ( 0.7098050945909277800, 1.248999999999999700, 0.5766391519631374200 ) ) ;
#2144 = DIRECTION ( 'NONE',  ( -0.0000000000000000000, 1.000000000000000000, -0.0000000000000000000 ) ) ;
#2145 = LINE ( 'NONE', #206, #2065 ) ;
#2146 = CARTESIAN_POINT ( 'NONE',  ( 0.9249521812137629900, 1.249999999999999800, 0.5688057190616719900 ) ) ;
#2147 = ORIENTED_EDGE ( 'NONE', *, *, #386, .F. ) ;
#2148 = VERTEX_POINT ( 'NONE', #1803 ) ;
#2149 = ADVANCED_FACE ( 'NONE', ( #2439 ), #1971, .F. ) ;
#2150 = EDGE_CURVE ( 'NONE', #2570, #2148, #930, .T. ) ;
#2151 = FILL_AREA_STYLE ('',( #2451 ) ) ;
#2152 = CARTESIAN_POINT ( 'NONE',  ( 0.4103642948236609900, 1.250000000000000000, -0.8146705004231378200 ) ) ;
#2153 = CARTESIAN_POINT ( 'NONE',  ( 0.5065181409775072500, 1.249000000000000100, -0.7185166542692915700 ) ) ;
#2154 = ORIENTED_EDGE ( 'NONE', *, *, #2655, .T. ) ;
#2155 = CARTESIAN_POINT ( 'NONE',  ( 0.6307990869808662900, 1.250000000000000200, -0.7137917857426274700 ) ) ;
#2156 = VECTOR ( 'NONE', #346, 1000.000000000000000 ) ;
#2157 = STYLED_ITEM ( 'NONE', ( #390 ), #3054 ) ;
#2158 = CARTESIAN_POINT ( 'NONE',  ( -0.3651435610937574500, 1.249000000000000100, -4.336808689942017700E-016 ) ) ;
#2159 = PLANE ( 'NONE',  #185 ) ;
#2160 = B_SPLINE_CURVE_WITH_KNOTS ( 'NONE', 3,
 ( #990, #2429, #2887, #1477 ),
 .UNSPECIFIED., .F., .F.,
 ( 4, 4 ),
 ( 0.7272727272727274000, 0.8181818181818183400 ),
 .UNSPECIFIED. ) ;
#2161 = CARTESIAN_POINT ( 'NONE',  ( 0.9468727082851994300, 1.249000000000000100, 0.5752032976537853100 ) ) ;
#2162 = VERTEX_POINT ( 'NONE', #1259 ) ;
#2163 = PRESENTATION_LAYER_ASSIGNMENT (  '', '', ( #1833 ) ) ;
#2164 = CARTESIAN_POINT ( 'NONE',  ( 0.9468727082851994300, 1.249999999999999600, 0.5752032976537853100 ) ) ;
#2165 = VECTOR ( 'NONE', #2479, 1000.000000000000000 ) ;
#2166 = ORIENTED_EDGE ( 'NONE', *, *, #1220, .F. ) ;
#2167 = CARTESIAN_POINT ( 'NONE',  ( 0.5528474973748626100, 1.250000000000000200, -0.7638220937929823800 ) ) ;
#2168 = CARTESIAN_POINT ( 'NONE',  ( -1.399999999999999700, -0.0000000000000000000, -1.345000000000000000 ) ) ;
#2169 = SURFACE_STYLE_FILL_AREA ( #3004 ) ;
#2170 = COLOUR_RGB ( '',0.8274509803921568100, 0.8392156862745098200, 0.8274509803921568100 ) ;
#2171 = CARTESIAN_POINT ( 'NONE',  ( -0.8861860807787974600, 1.249000000000000100, -0.3594992125984237700 ) ) ;
#2172 = FILL_AREA_STYLE ('',( #3076 ) ) ;
#2173 = CARTESIAN_POINT ( 'NONE',  ( -1.227598197486963600, 1.249000000000000100, 1.005532669892771600 ) ) ;
#2174 = SURFACE_STYLE_USAGE ( .BOTH. , #468 ) ;
#2175 = MECHANICAL_DESIGN_GEOMETRIC_PRESENTATION_REPRESENTATION (  '', ( #1681 ), #2333 ) ;
#2176 = PRESENTATION_STYLE_ASSIGNMENT (( #1672 ) ) ;
#2177 = UNCERTAINTY_MEASURE_WITH_UNIT (LENGTH_MEASURE( 1.000000000000000100E-005 ), #1143, 'distance_accuracy_value', 'NONE');
#2178 = VERTEX_POINT ( 'NONE', #1732 ) ;
#2179 = CARTESIAN_POINT ( 'NONE',  ( 1.150748910208276400, 1.249000000000000100, 0.7045602688076315600 ) ) ;
#2180 = CARTESIAN_POINT ( 'NONE',  ( 0.9468727082851994300, 1.249000000000000100, -0.001719779269291688600 ) ) ;
#2181 = CARTESIAN_POINT ( 'NONE',  ( -0.2164160020386388700, 1.249000000000000100, -0.01149606299212686800 ) ) ;
#2182 = B_SPLINE_CURVE_WITH_KNOTS ( 'NONE', 3,
 ( #2814, #2945, #2755, #2760, #2, #19, #2686, #2640, #2888, #2647, #2858, #1194, #1131, #192, #2455, #2488, #2477, #691, #288, #1297, #2059, #857, #1053 ),
 .UNSPECIFIED., .F., .F.,
 ( 4, 1, 1, 1, 1, 1, 1, 1, 1, 1, 1, 1, 1, 1, 1, 1, 1, 1, 1, 1, 4 ),
 ( 0.0000000000000000000, 0.03151551312998467800, 0.06480979674365734700, 0.09991169883527571700, 0.1366755286001709000, 0.1751432978746824700, 0.2157650117082458000, 0.2581569125231217800, 0.3022930440652045700, 0.3927408518774001000, 0.4832984694610615900, 0.5744114847371660800, 0.6664774093514972400, 0.7120107481430553200, 0.7563744975915032100, 0.7998154803065209400, 0.8419616993485903300, 0.8828431755911850800, 0.9229180315891946100, 0.9619666184423850700, 1.000000000000000000 ),
 .UNSPECIFIED. ) ;
#2183 = CARTESIAN_POINT ( 'NONE',  ( -0.8862852933772215100, 1.249000000000000100, -0.1391181102362200300 ) ) ;
#2184 = FILL_AREA_STYLE ('',( #617 ) ) ;
#2185 =( GEOMETRIC_REPRESENTATION_CONTEXT ( 3 ) GLOBAL_UNCERTAINTY_ASSIGNED_CONTEXT ( ( #2621 ) ) GLOBAL_UNIT_ASSIGNED_CONTEXT ( ( #2288, #834, #2514 ) ) REPRESENTATION_CONTEXT ( 'NONE', 'WORKASPACE' ) );
#2186 = FILL_AREA_STYLE_COLOUR ( '', #726 ) ;
#2187 = FILL_AREA_STYLE_COLOUR ( '', #51 ) ;
#2188 = ORIENTED_EDGE ( 'NONE', *, *, #495, .T. ) ;
#2189 = EDGE_CURVE ( 'NONE', #161, #2162, #2206, .T. ) ;
#2190 = ORIENTED_EDGE ( 'NONE', *, *, #1379, .F. ) ;
#2191 = DIRECTION ( 'NONE',  ( -0.0000000000000000000, 1.000000000000000000, -0.0000000000000000000 ) ) ;
#2192 = DIRECTION ( 'NONE',  ( 0.0000000000000000000, 1.000000000000000000, 0.0000000000000000000 ) ) ;
#2193 = DIRECTION ( 'NONE',  ( -0.0000000000000000000, 1.000000000000000000, -0.0000000000000000000 ) ) ;
#2194 = PLANE ( 'NONE',  #935 ) ;
#2195 = FILL_AREA_STYLE_COLOUR ( '', #2345 ) ;
#2196 = UNCERTAINTY_MEASURE_WITH_UNIT (LENGTH_MEASURE( 1.000000000000000100E-005 ), #2678, 'distance_accuracy_value', 'NONE');
#2197 = CARTESIAN_POINT ( 'NONE',  ( 1.079574179478380200, 1.249999999999999300, 0.6989646523327158700 ) ) ;
#2198 = LINE ( 'NONE', #2559, #908 ) ;
#2199 = DIRECTION ( 'NONE',  ( 1.000000000000000000, 0.0000000000000000000, 0.0000000000000000000 ) ) ;
#2200 = CARTESIAN_POINT ( 'NONE',  ( 0.6193875387883388500, 1.248999999999999700, -0.05463588153703961100 ) ) ;
#2201 = CARTESIAN_POINT ( 'NONE',  ( 0.4103642948236609900, 1.249000000000000100, -0.2377474235000608700 ) ) ;
#2202 = PRESENTATION_STYLE_ASSIGNMENT (( #588 ) ) ;
#2203 = ORIENTED_EDGE ( 'NONE', *, *, #1720, .T. ) ;
#2204 = PLANE ( 'NONE',  #2275 ) ;
#2205 = EDGE_CURVE ( 'NONE', #937, #1583, #2753, .T. ) ;
#2206 = LINE ( 'NONE', #32, #1559 ) ;
#2207 = CARTESIAN_POINT ( 'NONE',  ( 0.5945848048040395200, 1.249999999999999600, 0.5054646449273956200 ) ) ;
#2208 = FACE_OUTER_BOUND ( 'NONE', #1048, .T. ) ;
#2209 = CARTESIAN_POINT ( 'NONE',  ( -1.227598197486963600, 1.249000000000000100, 1.155239767147279200 ) ) ;
#2210 = CARTESIAN_POINT ( 'NONE',  ( 0.5945848048040396300, 1.249000000000000100, -0.07145843199568108200 ) ) ;
#2211 = FILL_AREA_STYLE ('',( #1043 ) ) ;
#2212 = STYLED_ITEM ( 'NONE', ( #3101 ), #1410 ) ;
#2213 = COLOUR_RGB ( '',0.8274509803921568100, 0.8392156862745098200, 0.8274509803921568100 ) ;
#2214 = CARTESIAN_POINT ( 'NONE',  ( -0.2857104902276152400, 1.250000000000000000, -0.2906818897637792300 ) ) ;
#2215 = VECTOR ( 'NONE', #3127, 1000.000000000000000 ) ;
#2216 = CARTESIAN_POINT ( 'NONE',  ( -0.6299999999999998900, 0.0000000000000000000, 1.345000000000000000 ) ) ;
#2217 = CARTESIAN_POINT ( 'NONE',  ( 1.097069108946715300, 1.248999999999999900, 0.02725165597266024400 ) ) ;
#2218 = EDGE_LOOP ( 'NONE', ( #3003, #1121, #122, #1809 ) ) ;
#2219 =( GEOMETRIC_REPRESENTATION_CONTEXT ( 3 ) GLOBAL_UNCERTAINTY_ASSIGNED_CONTEXT ( ( #2969 ) ) GLOBAL_UNIT_ASSIGNED_CONTEXT ( ( #2813, #1401, #3075 ) ) REPRESENTATION_CONTEXT ( 'NONE', 'WORKASPACE' ) );
#2220 = VECTOR ( 'NONE', #1496, 1000.000000000000000 ) ;
#2221 = SURFACE_STYLE_USAGE ( .BOTH. , #514 ) ;
#2222 = PRESENTATION_STYLE_ASSIGNMENT (( #482 ) ) ;
#2223 =( NAMED_UNIT ( * ) PLANE_ANGLE_UNIT ( ) SI_UNIT ( $, .RADIAN. ) );
#2224 = CARTESIAN_POINT ( 'NONE',  ( 0.5298965353608653400, 1.249000000000000100, -0.7806725330564384700 ) ) ;
#2225 = DIRECTION ( 'NONE',  ( 0.0000000000000000000, 0.0000000000000000000, 1.000000000000000000 ) ) ;
#2226 = STYLED_ITEM ( 'NONE', ( #1965 ), #1638 ) ;
#2227 = DIRECTION ( 'NONE',  ( -0.0000000000000000000, 1.000000000000000000, -0.0000000000000000000 ) ) ;
#2228 = ORIENTED_EDGE ( 'NONE', *, *, #6, .F. ) ;
#2229 = CARTESIAN_POINT ( 'NONE',  ( 1.599999999999999200, 0.0000000000000000000, -1.600000000000000500 ) ) ;
#2230 = VERTEX_POINT ( 'NONE', #1024 ) ;
#2231 = VERTEX_POINT ( 'NONE', #2692 ) ;
#2232 =( GEOMETRIC_REPRESENTATION_CONTEXT ( 3 ) GLOBAL_UNCERTAINTY_ASSIGNED_CONTEXT ( ( #1289 ) ) GLOBAL_UNIT_ASSIGNED_CONTEXT ( ( #104, #111, #137 ) ) REPRESENTATION_CONTEXT ( 'NONE', 'WORKASPACE' ) );
#2233 = SURFACE_STYLE_USAGE ( .BOTH. , #527 ) ;
#2234 = CARTESIAN_POINT ( 'NONE',  ( 0.5708565154479093900, 1.249000000000000100, -0.08843817114204918800 ) ) ;
#2235 = LINE ( 'NONE', #144, #2773 ) ;
#2236 = CARTESIAN_POINT ( 'NONE',  ( 0.7003410413480782900, 1.249999999999999600, -0.6752085315592265500 ) ) ;
#2237 = CARTESIAN_POINT ( 'NONE',  ( 0.9692890168182910500, 1.249000000000000300, -0.4769551582413205100 ) ) ;
#2238 = DIRECTION ( 'NONE',  ( 0.9993908270190957600, 0.03489949670250105200, -1.354427132270235700E-016 ) ) ;
#2239 = ORIENTED_EDGE ( 'NONE', *, *, #87, .F. ) ;
#2240 = DIRECTION ( 'NONE',  ( 0.0000000000000000000, 0.0000000000000000000, 1.000000000000000000 ) ) ;
#2241 = LINE ( 'NONE', #2982, #956 ) ;
#2242 = FACE_OUTER_BOUND ( 'NONE', #545, .T. ) ;
#2243 =( LENGTH_UNIT ( ) NAMED_UNIT ( * ) SI_UNIT ( .MILLI., .METRE. ) );
#2244 = CARTESIAN_POINT ( 'NONE',  ( 0.5484227859363810500, 1.249000000000000100, -0.1059180026305135600 ) ) ;
#2245 = PRESENTATION_LAYER_ASSIGNMENT (  '', '', ( #1906 ) ) ;
#2246 = CARTESIAN_POINT ( 'NONE',  ( 0.5708565154479093900, 1.249999999999998700, -0.08843817114204918800 ) ) ;
#2247 = CARTESIAN_POINT ( 'NONE',  ( 0.5132301600453067500, 1.249000000000000100, -0.7125001011094328500 ) ) ;
#2248 = FILL_AREA_STYLE ('',( #2186 ) ) ;
#2249 = CARTESIAN_POINT ( 'NONE',  ( 0.7523609121438870100, 1.249999999999999800, 0.5046861510799899300 ) ) ;
#2250 = EDGE_CURVE ( 'NONE', #1654, #937, #1455, .T. ) ;
#2251 = ORIENTED_EDGE ( 'NONE', *, *, #1850, .T. ) ;
#2252 = COLOUR_RGB ( '',1.000000000000000000, 1.000000000000000000, 1.000000000000000000 ) ;
#2253 = CARTESIAN_POINT ( 'NONE',  ( 0.0000000000000000000, 0.0000000000000000000, 0.0000000000000000000 ) ) ;
#2254 = CARTESIAN_POINT ( 'NONE',  ( 0.5268333586189883900, 1.248999999999999900, -0.1233833211387413800 ) ) ;
#2255 = EDGE_LOOP ( 'NONE', ( #270, #1870, #63, #2914 ) ) ;
#2256 = AXIS2_PLACEMENT_3D ( 'NONE', #300, #2000, #547 ) ;
#2257 = EDGE_CURVE ( 'NONE', #3083, #1042, #1692, .T. ) ;
#2258 = CARTESIAN_POINT ( 'NONE',  ( -1.209201828810294800, 1.249000000000000100, -0.3467385826771644000 ) ) ;
#2259 = EDGE_CURVE ( 'NONE', #22, #2044, #1492, .T. ) ;
#2260 = MECHANICAL_DESIGN_GEOMETRIC_PRESENTATION_REPRESENTATION (  '', ( #1764 ), #2416 ) ;
#2261 = CARTESIAN_POINT ( 'NONE',  ( 0.7523609121438874500, 1.249000000000000600, -0.07223692584308713500 ) ) ;
#2262 = SURFACE_SIDE_STYLE ('',( #1310 ) ) ;
#2263 = MECHANICAL_DESIGN_GEOMETRIC_PRESENTATION_REPRESENTATION (  '', ( #1921 ), #2419 ) ;
#2264 = EDGE_CURVE ( 'NONE', #600, #2929, #261, .T. ) ;
#2265 = VECTOR ( 'NONE', #2199, 1000.000000000000000 ) ;
#2266 = ORIENTED_EDGE ( 'NONE', *, *, #2558, .F. ) ;
#2267 = ORIENTED_EDGE ( 'NONE', *, *, #415, .T. ) ;
#2268 =( NAMED_UNIT ( * ) PLANE_ANGLE_UNIT ( ) SI_UNIT ( $, .RADIAN. ) );
#2269 = CARTESIAN_POINT ( 'NONE',  ( 0.5132301600453067500, 1.249000000000000100, -0.1355770241863558700 ) ) ;
#2270 =( NAMED_UNIT ( * ) PLANE_ANGLE_UNIT ( ) SI_UNIT ( $, .RADIAN. ) );
#2271 = PRESENTATION_LAYER_ASSIGNMENT (  '', '', ( #1927 ) ) ;
#2272 = DIRECTION ( 'NONE',  ( -0.0000000000000000000, 1.000000000000000000, -0.0000000000000000000 ) ) ;
#2273 = SURFACE_STYLE_USAGE ( .BOTH. , #2262 ) ;
#2274 = UNCERTAINTY_MEASURE_WITH_UNIT (LENGTH_MEASURE( 1.000000000000000100E-005 ), #3084, 'distance_accuracy_value', 'NONE');
#2275 = AXIS2_PLACEMENT_3D ( 'NONE', #93, #103, #110 ) ;
#2276 = DIRECTION ( 'NONE',  ( -0.0000000000000000000, 1.000000000000000000, -0.0000000000000000000 ) ) ;
#2277 = SURFACE_SIDE_STYLE ('',( #1349 ) ) ;
#2278 = CARTESIAN_POINT ( 'NONE',  ( 1.143283040082379700, 1.249000000000000100, 0.1274065611920921200 ) ) ;
#2279 =( LENGTH_UNIT ( ) NAMED_UNIT ( * ) SI_UNIT ( .MILLI., .METRE. ) );
#2280 = CARTESIAN_POINT ( 'NONE',  ( 0.7003410413480780600, 1.248999999999999900, 0.4786376222869273000 ) ) ;
#2281 = ORIENTED_EDGE ( 'NONE', *, *, #2259, .T. ) ;
#2282 = SURFACE_STYLE_FILL_AREA ( #2664 ) ;
#2283 = PRESENTATION_STYLE_ASSIGNMENT (( #758 ) ) ;
#2284 =( NAMED_UNIT ( * ) SI_UNIT ( $, .STERADIAN. ) SOLID_ANGLE_UNIT ( ) );
#2285 = PRESENTATION_LAYER_ASSIGNMENT (  '', '', ( #2121 ) ) ;
#2286 = CARTESIAN_POINT ( 'NONE',  ( -1.227598197486963600, 1.249000000000000100, 1.005532669892771600 ) ) ;
#2287 = CARTESIAN_POINT ( 'NONE',  ( -0.4787041910150179900, 1.250000000000000000, -0.3115338582677174600 ) ) ;
#2288 =( LENGTH_UNIT ( ) NAMED_UNIT ( * ) SI_UNIT ( .MILLI., .METRE. ) );
#2289 =( LENGTH_UNIT ( ) NAMED_UNIT ( * ) SI_UNIT ( .MILLI., .METRE. ) );
#2290 = DIRECTION ( 'NONE',  ( -0.03489949670250104600, 0.9993908270190956500, 0.0000000000000000000 ) ) ;
#2291 = LINE ( 'NONE', #1913, #342 ) ;
#2292 = ORIENTED_EDGE ( 'NONE', *, *, #1770, .F. ) ;
#2293 = SURFACE_SIDE_STYLE ('',( #2656 ) ) ;
#2294 = CARTESIAN_POINT ( 'NONE',  ( 0.4103642948236609900, 1.249000000000000100, 0.3391756534230161400 ) ) ;
#2295 = CARTESIAN_POINT ( 'NONE',  ( -0.6079136398339157800, 1.249000000000000100, -0.4408503937007870500 ) ) ;
#2296 = EDGE_CURVE ( 'NONE', #1836, #393, #2648, .T. ) ;
#2297 = VECTOR ( 'NONE', #3103, 1000.000000000000000 ) ;
#2298 = UNCERTAINTY_MEASURE_WITH_UNIT (LENGTH_MEASURE( 1.000000000000000100E-005 ), #1170, 'distance_accuracy_value', 'NONE');
#2299 = FILL_AREA_STYLE_COLOUR ( '', #2784 ) ;
#2300 =( NAMED_UNIT ( * ) SI_UNIT ( $, .STERADIAN. ) SOLID_ANGLE_UNIT ( ) );
#2301 =( NAMED_UNIT ( * ) PLANE_ANGLE_UNIT ( ) SI_UNIT ( $, .RADIAN. ) );
#2302 = VERTEX_POINT ( 'NONE', #1777 ) ;
#2303 = EDGE_LOOP ( 'NONE', ( #48, #1031, #2957, #1239, #204, #3031, #621, #2590 ) ) ;
#2304 = SURFACE_STYLE_USAGE ( .BOTH. , #2293 ) ;
#2305 = ORIENTED_EDGE ( 'NONE', *, *, #1071, .F. ) ;
#2306 = CARTESIAN_POINT ( 'NONE',  ( 1.599999999999999600, 0.0000000000000000000, 1.599999999999999600 ) ) ;
#2307 = CARTESIAN_POINT ( 'NONE',  ( 0.4881888140544302600, 1.249000000000000100, 0.3391756534230161400 ) ) ;
#2308 = CARTESIAN_POINT ( 'NONE',  ( 1.053721479530609100, 1.249000000000000100, 0.1180961235023767100 ) ) ;
#2309 = CARTESIAN_POINT ( 'NONE',  ( 1.026727637459864600, 1.248999999999999400, -0.4638419537726281000 ) ) ;
#2310 = ORIENTED_EDGE ( 'NONE', *, *, #1863, .T. ) ;
#2311 = FACE_OUTER_BOUND ( 'NONE', #176, .T. ) ;
#2312 = CARTESIAN_POINT ( 'NONE',  ( 0.9468727082851994300, 1.250000000000000000, -0.5786428561923686600 ) ) ;
#2313 = VECTOR ( 'NONE', #321, 1000.000000000000000 ) ;
#2314 =( NAMED_UNIT ( * ) SI_UNIT ( $, .STERADIAN. ) SOLID_ANGLE_UNIT ( ) );
#2315 = EDGE_CURVE ( 'NONE', #240, #611, #2051, .T. ) ;
#2316 = SURFACE_STYLE_USAGE ( .BOTH. , #1018 ) ;
#2317 = VERTEX_POINT ( 'NONE', #1315 ) ;
#2318 = CARTESIAN_POINT ( 'NONE',  ( 0.8173135571388275800, 1.249999999999998900, 0.05092349450920194400 ) ) ;
#2319 = FILL_AREA_STYLE_COLOUR ( '', #1377 ) ;
#2320 =( LENGTH_UNIT ( ) NAMED_UNIT ( * ) SI_UNIT ( .MILLI., .METRE. ) );
#2321 = AXIS2_PLACEMENT_3D ( 'NONE', #485, #2192, #733 ) ;
#2322 = ORIENTED_EDGE ( 'NONE', *, *, #1806, .T. ) ;
#2323 = MECHANICAL_DESIGN_GEOMETRIC_PRESENTATION_REPRESENTATION (  '', ( #1833 ), #2480 ) ;
#2324 = LINE ( 'NONE', #2788, #1045 ) ;
#2325 = ADVANCED_FACE ( 'NONE', ( #843 ), #1787, .F. ) ;
#2326 = ORIENTED_EDGE ( 'NONE', *, *, #1000, .T. ) ;
#2327 = CARTESIAN_POINT ( 'NONE',  ( 1.150748910208276400, 1.250000000000000200, 0.7045602688076315600 ) ) ;
#2328 = CARTESIAN_POINT ( 'NONE',  ( 1.556349038135314400, 1.250000000000000000, -1.556349038135315800 ) ) ;
#2329 = CARTESIAN_POINT ( 'NONE',  ( -0.8593986792039916000, 1.250000000000000000, 0.4306881889763788400 ) ) ;
#2330 = SURFACE_STYLE_FILL_AREA ( #2184 ) ;
#2331 = FACE_OUTER_BOUND ( 'NONE', #1388, .T. ) ;
#2332 = ORIENTED_EDGE ( 'NONE', *, *, #1022, .F. ) ;
#2333 =( GEOMETRIC_REPRESENTATION_CONTEXT ( 3 ) GLOBAL_UNCERTAINTY_ASSIGNED_CONTEXT ( ( #2673 ) ) GLOBAL_UNIT_ASSIGNED_CONTEXT ( ( #3062, #3078, #3088 ) ) REPRESENTATION_CONTEXT ( 'NONE', 'WORKASPACE' ) );
#2334 = LINE ( 'NONE', #2659, #1691 ) ;
#2335 = ORIENTED_EDGE ( 'NONE', *, *, #2089, .T. ) ;
#2336 = ORIENTED_EDGE ( 'NONE', *, *, #87, .T. ) ;
#2337 = CARTESIAN_POINT ( 'NONE',  ( 0.9985640440302050400, 1.248999999999999700, 0.6840281976507586200 ) ) ;
#2338 = FILL_AREA_STYLE_COLOUR ( '', #255 ) ;
#2339 = SURFACE_STYLE_USAGE ( .BOTH. , #389 ) ;
#2340 = ADVANCED_FACE ( 'NONE', ( #3016 ), #1984, .F. ) ;
#2341 = COLOUR_RGB ( '',0.8274509803921568100, 0.8392156862745098200, 0.8274509803921568100 ) ;
#2342 = STYLED_ITEM ( 'NONE', ( #299 ), #2352 ) ;
#2343 = CARTESIAN_POINT ( 'NONE',  ( 0.5484227859363810500, 1.250000000000000000, -0.6828410795535905200 ) ) ;
#2344 = CARTESIAN_POINT ( 'NONE',  ( 0.7052545179514081400, 1.248999999999999900, 0.4808491479181693500 ) ) ;
#2345 = COLOUR_RGB ( '',1.000000000000000000, 1.000000000000000000, 1.000000000000000000 ) ;
#2346 = EDGE_CURVE ( 'NONE', #3011, #1476, #1923, .T. ) ;
#2347 = CARTESIAN_POINT ( 'NONE',  ( 0.7098050945909277800, 1.249999999999999800, 0.5766391519631374200 ) ) ;
#2348 = FILL_AREA_STYLE ('',( #3025 ) ) ;
#2349 = CARTESIAN_POINT ( 'NONE',  ( -0.4509057658181646600, 1.249000000000000100, 0.5421889763779529400 ) ) ;
#2350 = EDGE_LOOP ( 'NONE', ( #888, #1099, #2584, #2600 ) ) ;
#2351 = VECTOR ( 'NONE', #630, 1000.000000000000000 ) ;
#2352 = ADVANCED_FACE ( 'NONE', ( #961 ), #1991, .T. ) ;
#2353 = CARTESIAN_POINT ( 'NONE',  ( 0.5268333586189883900, 1.248999999999999900, 0.4535397557843356400 ) ) ;
#2354 = FILL_AREA_STYLE ('',( #2124 ) ) ;
#2355 = CARTESIAN_POINT ( 'NONE',  ( 0.7098050945909277800, 1.248999999999999900, -0.0002839249599394409400 ) ) ;
#2356 = B_SPLINE_CURVE_WITH_KNOTS ( 'NONE', 3,
 ( #2995, #3124, #2007, #558, #1532, #72, #1767 ),
 .UNSPECIFIED., .F., .F.,
 ( 4, 1, 1, 1, 4 ),
 ( 0.0000000000000000000, 0.2372165186042107800, 0.4825864912431359600, 0.7368469271779309900, 1.000000000000000000 ),
 .UNSPECIFIED. ) ;
#2357 = CARTESIAN_POINT ( 'NONE',  ( -0.4509057658181646600, 1.250000000000000000, 0.5421889763779529400 ) ) ;
#2358 = PRESENTATION_STYLE_ASSIGNMENT (( #1171 ) ) ;
#2359 = UNCERTAINTY_MEASURE_WITH_UNIT (LENGTH_MEASURE( 1.000000000000000100E-005 ), #2944, 'distance_accuracy_value', 'NONE');
#2360 = VECTOR ( 'NONE', #2373, 1000.000000000000000 ) ;
#2361 = EDGE_CURVE ( 'NONE', #2929, #2684, #1928, .T. ) ;
#2362 = SURFACE_STYLE_USAGE ( .BOTH. , #2595 ) ;
#2363 = ORIENTED_EDGE ( 'NONE', *, *, #2346, .T. ) ;
#2364 = CARTESIAN_POINT ( 'NONE',  ( -0.7906191516449381200, 1.249000000000000100, -0.2624551181102359700 ) ) ;
#2365 = CARTESIAN_POINT ( 'NONE',  ( 0.7579917206876328800, 1.249000000000000300, 0.02460412879213914900 ) ) ;
#2366 = CARTESIAN_POINT ( 'NONE',  ( -0.2065577343221009500, 1.249000000000000100, 0.2956929133858263700 ) ) ;
#2367 = VECTOR ( 'NONE', #449, 1000.000000000000000 ) ;
#2368 = ADVANCED_FACE ( 'NONE', ( #722 ), #958, .T. ) ;
#2369 = AXIS2_PLACEMENT_3D ( 'NONE', #999, #918, #933 ) ;
#2370 = CARTESIAN_POINT ( 'NONE',  ( 0.5298965353608653400, 1.249999999999999300, -0.2037494561333616000 ) ) ;
#2371 = FACE_OUTER_BOUND ( 'NONE', #2057, .T. ) ;
#2372 = ORIENTED_EDGE ( 'NONE', *, *, #2099, .F. ) ;
#2373 = DIRECTION ( 'NONE',  ( 1.000000000000000000, 0.0000000000000000000, 0.0000000000000000000 ) ) ;
#2374 = ORIENTED_EDGE ( 'NONE', *, *, #1699, .T. ) ;
#2375 = CARTESIAN_POINT ( 'NONE',  ( -1.107524663455962300, 1.249000000000000100, -0.3665999999999977600 ) ) ;
#2376 = CARTESIAN_POINT ( 'NONE',  ( 0.8173135571388275800, 1.249000000000000300, 0.05092349450920194400 ) ) ;
#2377 = CARTESIAN_POINT ( 'NONE',  ( -0.2065577343221009500, 1.250000000000000000, 0.2956929133858263700 ) ) ;
#2378 = ORIENTED_EDGE ( 'NONE', *, *, #1348, .T. ) ;
#2379 = VECTOR ( 'NONE', #1722, 1000.000000000000000 ) ;
#2380 = CARTESIAN_POINT ( 'NONE',  ( 0.5083407561152231100, 1.249000000000000100, -0.7974381530436134300 ) ) ;
#2381 = CARTESIAN_POINT ( 'NONE',  ( 0.5268333586189883900, 1.248999999999999900, -0.7003063980618183800 ) ) ;
#2382 = CARTESIAN_POINT ( 'NONE',  ( 0.9627039328275779400, 1.249999999999999800, -0.5744941170726302100 ) ) ;
#2383 = VERTEX_POINT ( 'NONE', #2759 ) ;
#2384 = ADVANCED_FACE ( 'NONE', ( #2827 ), #3074, .T. ) ;
#2385 = ORIENTED_EDGE ( 'NONE', *, *, #2757, .F. ) ;
#2386 = DIRECTION ( 'NONE',  ( 0.0000000000000000000, -1.000000000000000000, 0.0000000000000000000 ) ) ;
#2387 = CARTESIAN_POINT ( 'NONE',  ( 0.8776666429982876700, 1.249000000000000100, 0.07373306076221082500 ) ) ;
#2388 = STYLED_ITEM ( 'NONE', ( #2060 ), #2086 ) ;
#2389 = CARTESIAN_POINT ( 'NONE',  ( -0.2164160020386388700, 1.249000000000000100, -0.01149606299212686800 ) ) ;
#2390 = CARTESIAN_POINT ( 'NONE',  ( 1.599999999999998500, 1.250000000000000000, 1.599999999999999600 ) ) ;
#2391 = CARTESIAN_POINT ( 'NONE',  ( 0.8776666429982875600, 1.249000000000000100, -0.5031900161608660000 ) ) ;
#2392 = CARTESIAN_POINT ( 'NONE',  ( 0.9468727082851994300, 1.250000000000000000, 0.5752032976537853100 ) ) ;
#2393 = EDGE_LOOP ( 'NONE', ( #1366, #1438, #2620, #996, #2737, #2513, #2404, #279 ) ) ;
#2394 = LINE ( 'NONE', #644, #970 ) ;
#2395 = CARTESIAN_POINT ( 'NONE',  ( 0.9287008160760932300, 1.249000000000000100, 0.08941296079105255600 ) ) ;
#2396 = B_SPLINE_CURVE_WITH_KNOTS ( 'NONE', 3,
 ( #2616, #1424, #453, #2158 ),
 .UNSPECIFIED., .F., .F.,
 ( 4, 4 ),
 ( 0.8181818181818183400, 0.9090909090909092800 ),
 .UNSPECIFIED. ) ;
#2397 = CARTESIAN_POINT ( 'NONE',  ( -0.2164160020386388700, 1.250000000000000000, -0.01149606299212686800 ) ) ;
#2398 = EDGE_LOOP ( 'NONE', ( #2811, #1542, #1329, #546, #2447, #583, #2336, #1667 ) ) ;
#2399 = MECHANICAL_DESIGN_GEOMETRIC_PRESENTATION_REPRESENTATION (  '', ( #1906 ), #2550 ) ;
#2400 = UNCERTAINTY_MEASURE_WITH_UNIT (LENGTH_MEASURE( 1.000000000000000100E-005 ), #57, 'distance_accuracy_value', 'NONE');
#2401 = CARTESIAN_POINT ( 'NONE',  ( 0.5298965353608653400, 1.249000000000000100, -0.7806725330564384700 ) ) ;
#2402 = EDGE_CURVE ( 'NONE', #657, #893, #662, .T. ) ;
#2403 = ORIENTED_EDGE ( 'NONE', *, *, #2150, .F. ) ;
#2404 = ORIENTED_EDGE ( 'NONE', *, *, #236, .T. ) ;
#2405 = CARTESIAN_POINT ( 'NONE',  ( -1.107524663455962300, 1.249000000000000100, -0.3665999999999977600 ) ) ;
#2406 = CARTESIAN_POINT ( 'NONE',  ( 0.9692890168182910500, 1.249000000000000600, 0.09996791868175637600 ) ) ;
#2407 = CARTESIAN_POINT ( 'NONE',  ( -1.600000000000001000, 0.0000000000000000000, -1.600000000000000500 ) ) ;
#2408 = VERTEX_POINT ( 'NONE', #725 ) ;
#2409 =( NAMED_UNIT ( * ) PLANE_ANGLE_UNIT ( ) SI_UNIT ( $, .RADIAN. ) );
#2410 = ORIENTED_EDGE ( 'NONE', *, *, #395, .F. ) ;
#2411 = STYLED_ITEM ( 'NONE', ( #478 ), #642 ) ;
#2412 = EDGE_CURVE ( 'NONE', #2646, #240, #1864, .T. ) ;
#2413 = EDGE_CURVE ( 'NONE', #3089, #3020, #3, .T. ) ;
#2414 = CARTESIAN_POINT ( 'NONE',  ( 0.9468727082851994300, 1.249000000000000100, 0.5752032976537853100 ) ) ;
#2415 = CARTESIAN_POINT ( 'NONE',  ( 0.5528474973748626100, 1.249000000000000300, -0.7638220937929823800 ) ) ;
#2416 =( GEOMETRIC_REPRESENTATION_CONTEXT ( 3 ) GLOBAL_UNCERTAINTY_ASSIGNED_CONTEXT ( ( #3043 ) ) GLOBAL_UNIT_ASSIGNED_CONTEXT ( ( #1430, #1437, #1440 ) ) REPRESENTATION_CONTEXT ( 'NONE', 'WORKASPACE' ) );
#2417 = VECTOR ( 'NONE', #198, 1000.000000000000000 ) ;
#2418 = PLANE ( 'NONE',  #2467 ) ;
#2419 =( GEOMETRIC_REPRESENTATION_CONTEXT ( 3 ) GLOBAL_UNCERTAINTY_ASSIGNED_CONTEXT ( ( #2740 ) ) GLOBAL_UNIT_ASSIGNED_CONTEXT ( ( #1040, #2707, #1287 ) ) REPRESENTATION_CONTEXT ( 'NONE', 'WORKASPACE' ) );
#2420 = EDGE_CURVE ( 'NONE', #2674, #3011, #1242, .T. ) ;
#2421 = PLANE ( 'NONE',  #2321 ) ;
#2422 =( NAMED_UNIT ( * ) PLANE_ANGLE_UNIT ( ) SI_UNIT ( $, .RADIAN. ) );
#2423 = MECHANICAL_DESIGN_GEOMETRIC_PRESENTATION_REPRESENTATION (  '', ( #1927 ), #2571 ) ;
#2424 = CARTESIAN_POINT ( 'NONE',  ( -0.7906191516449381200, 1.250000000000000000, -0.2624551181102359700 ) ) ;
#2425 = DIRECTION ( 'NONE',  ( 1.000000000000000000, 0.0000000000000000000, 0.0000000000000000000 ) ) ;
#2426 = SURFACE_STYLE_FILL_AREA ( #3058 ) ;
#2427 = VECTOR ( 'NONE', #1657, 1000.000000000000000 ) ;
#2428 = VECTOR ( 'NONE', #2144, 1000.000000000000000 ) ;
#2429 = CARTESIAN_POINT ( 'NONE',  ( -0.3689356870780081100, 1.250000000000000000, 0.2739228346456694100 ) ) ;
#2430 = PRESENTATION_LAYER_ASSIGNMENT (  '', '', ( #2111 ) ) ;
#2431 = CARTESIAN_POINT ( 'NONE',  ( 0.9468727082851994300, 1.250000000000000000, 0.5752032976537853100 ) ) ;
#2432 = CARTESIAN_POINT ( 'NONE',  ( 1.026727637459865100, 1.250000000000000200, 0.6900042000735258100 ) ) ;
#2433 = FACE_OUTER_BOUND ( 'NONE', #3122, .T. ) ;
#2434 = VECTOR ( 'NONE', #1982, 1000.000000000000000 ) ;
#2435 = PLANE ( 'NONE',  #135 ) ;
#2436 = CARTESIAN_POINT ( 'NONE',  ( 1.104338211421707700, 1.248999999999999900, 0.1248349847237869600 ) ) ;
#2437 = VERTEX_POINT ( 'NONE', #2183 ) ;
#2438 = LINE ( 'NONE', #1251, #1570 ) ;
#2439 = FACE_OUTER_BOUND ( 'NONE', #2915, .T. ) ;
#2440 = MECHANICAL_DESIGN_GEOMETRIC_PRESENTATION_REPRESENTATION (  '', ( #2121 ), #2593 ) ;
#2441 = LINE ( 'NONE', #127, #505 ) ;
#2442 = CARTESIAN_POINT ( 'NONE',  ( 0.9692890168182910500, 1.250000000000000400, 0.09996791868175637600 ) ) ;
#2443 = VECTOR ( 'NONE', #1961, 1000.000000000000000 ) ;
#2444 = CARTESIAN_POINT ( 'NONE',  ( 0.5484227859363809400, 1.250000000000000000, 0.4710050742925633300 ) ) ;
#2445 = ORIENTED_EDGE ( 'NONE', *, *, #2420, .T. ) ;
#2446 = DIRECTION ( 'NONE',  ( 0.0000000000000000000, -0.0000000000000000000, 1.000000000000000000 ) ) ;
#2447 = ORIENTED_EDGE ( 'NONE', *, *, #730, .T. ) ;
#2448 = SURFACE_SIDE_STYLE ('',( #13 ) ) ;
#2449 = CARTESIAN_POINT ( 'NONE',  ( -0.4070034036134425600, 1.250000000000000000, -0.4408503937007879300 ) ) ;
#2450 = EDGE_CURVE ( 'NONE', #2408, #1115, #2837, .T. ) ;
#2451 = FILL_AREA_STYLE_COLOUR ( '', #2341 ) ;
#2452 = CARTESIAN_POINT ( 'NONE',  ( -0.2206191516449379500, 1.250000000000000000, -0.1424393700787413600 ) ) ;
#2453 =( NAMED_UNIT ( * ) PLANE_ANGLE_UNIT ( ) SI_UNIT ( $, .RADIAN. ) );
#2454 =( LENGTH_UNIT ( ) NAMED_UNIT ( * ) SI_UNIT ( .MILLI., .METRE. ) );
#2455 = CARTESIAN_POINT ( 'NONE',  ( 0.6724336686852933100, 1.250000000000000000, -0.5987181975187696500 ) ) ;
#2456 = CARTESIAN_POINT ( 'NONE',  ( 0.5528474973748626100, 1.249000000000000300, -0.7638220937929823800 ) ) ;
#2457 = EDGE_LOOP ( 'NONE', ( #2326, #447, #2112, #343 ) ) ;
#2458 = FACE_OUTER_BOUND ( 'NONE', #1490, .T. ) ;
#2459 = CARTESIAN_POINT ( 'NONE',  ( 1.150748910208276400, 1.249000000000000100, -0.4492858850385224000 ) ) ;
#2460 =( LENGTH_UNIT ( ) NAMED_UNIT ( * ) SI_UNIT ( .MILLI., .METRE. ) );
#2461 =( LENGTH_UNIT ( ) NAMED_UNIT ( * ) SI_UNIT ( .MILLI., .METRE. ) );
#2462 = LINE ( 'NONE', #2660, #1821 ) ;
#2463 = SURFACE_SIDE_STYLE ('',( #440 ) ) ;
#2464 =( NAMED_UNIT ( * ) PLANE_ANGLE_UNIT ( ) SI_UNIT ( $, .RADIAN. ) );
#2465 = VECTOR ( 'NONE', #1345, 1000.000000000000100 ) ;
#2466 = ORIENTED_EDGE ( 'NONE', *, *, #2557, .T. ) ;
#2467 = AXIS2_PLACEMENT_3D ( 'NONE', #234, #1934, #484 ) ;
#2468 = CARTESIAN_POINT ( 'NONE',  ( 0.7523609121438871200, 1.249999999999999600, -0.6491600027661639200 ) ) ;
#2469 = CARTESIAN_POINT ( 'NONE',  ( 0.8776666429982875600, 1.249000000000000100, -0.5031900161608660000 ) ) ;
#2470 = DIRECTION ( 'NONE',  ( 2.032879073410320800E-016, 0.0000000000000000000, 1.000000000000000000 ) ) ;
#2471 = CARTESIAN_POINT ( 'NONE',  ( -0.2164160020386388700, 1.250000000000000000, -0.01149606299212686800 ) ) ;
#2472 = ORIENTED_EDGE ( 'NONE', *, *, #2723, .F. ) ;
#2473 = PRESENTATION_LAYER_ASSIGNMENT (  '', '', ( #2157 ) ) ;
#2474 = PLANE ( 'NONE',  #2256 ) ;
#2475 = ORIENTED_EDGE ( 'NONE', *, *, #563, .T. ) ;
#2476 = SURFACE_STYLE_USAGE ( .BOTH. , #789 ) ;
#2477 = CARTESIAN_POINT ( 'NONE',  ( 0.6193875387883387400, 1.250000000000000200, -0.6315589584601165600 ) ) ;
#2478 = DIRECTION ( 'NONE',  ( -0.0000000000000000000, 1.000000000000000000, -0.0000000000000000000 ) ) ;
#2479 = DIRECTION ( 'NONE',  ( 0.0000000000000000000, 0.0000000000000000000, 1.000000000000000000 ) ) ;
#2480 =( GEOMETRIC_REPRESENTATION_CONTEXT ( 3 ) GLOBAL_UNCERTAINTY_ASSIGNED_CONTEXT ( ( #139 ) ) GLOBAL_UNIT_ASSIGNED_CONTEXT ( ( #923, #1591, #1209 ) ) REPRESENTATION_CONTEXT ( 'NONE', 'WORKASPACE' ) );
#2481 = CARTESIAN_POINT ( 'NONE',  ( -0.3651435610937574500, 1.249000000000000100, -4.336808689942017700E-016 ) ) ;
#2482 = ORIENTED_EDGE ( 'NONE', *, *, #2557, .F. ) ;
#2483 = DIRECTION ( 'NONE',  ( 0.6128916609699321900, -0.0000000000000000000, -0.7901669519244131100 ) ) ;
#2484 = CARTESIAN_POINT ( 'NONE',  ( 0.9249521812137629900, 1.250000000000000200, 0.5688057190616719900 ) ) ;
#2485 = ORIENTED_EDGE ( 'NONE', *, *, #2090, .F. ) ;
#2486 = CARTESIAN_POINT ( 'NONE',  ( 1.150748910208276400, 1.250000000000000000, -0.5454397311923685500 ) ) ;
#2487 = LINE ( 'NONE', #1818, #1771 ) ;
#2488 = CARTESIAN_POINT ( 'NONE',  ( 0.6452790501254729300, 1.249999999999999800, -0.6148791049083417400 ) ) ;
#2489 = CARTESIAN_POINT ( 'NONE',  ( -1.292915214637066400, 1.249000000000000100, -0.2800440944881856200 ) ) ;
#2490 = CARTESIAN_POINT ( 'NONE',  ( 1.399999999999999700, -0.05000000000000000300, 1.345000000000000400 ) ) ;
#2491 =( LENGTH_UNIT ( ) NAMED_UNIT ( * ) SI_UNIT ( .MILLI., .METRE. ) );
#2492 = CARTESIAN_POINT ( 'NONE',  ( 0.8810017367214072500, 1.249000000000000300, -0.02094444098225526500 ) ) ;
#2493 = UNCERTAINTY_MEASURE_WITH_UNIT (LENGTH_MEASURE( 1.000000000000000100E-005 ), #2853, 'distance_accuracy_value', 'NONE');
#2494 = LINE ( 'NONE', #1783, #1225 ) ;
#2495 = CARTESIAN_POINT ( 'NONE',  ( -0.8862852933772215100, 1.249000000000000100, -0.1391181102362200300 ) ) ;
#2496 = FACE_OUTER_BOUND ( 'NONE', #3034, .T. ) ;
#2497 = LINE ( 'NONE', #2718, #2351 ) ;
#2498 = CARTESIAN_POINT ( 'NONE',  ( -0.8612537973142278000, 1.249000000000000100, 0.2603779527559065300 ) ) ;
#2499 = EDGE_CURVE ( 'NONE', #779, #2437, #1152, .T. ) ;
#2500 = CARTESIAN_POINT ( 'NONE',  ( 0.4881888140544302600, 1.249000000000000100, 0.3391756534230161400 ) ) ;
#2501 = DIRECTION ( 'NONE',  ( 2.816109538923387900E-016, 0.0000000000000000000, -1.000000000000000000 ) ) ;
#2502 = PRESENTATION_STYLE_ASSIGNMENT (( #2939 ) ) ;
#2503 =( LENGTH_UNIT ( ) NAMED_UNIT ( * ) SI_UNIT ( .MILLI., .METRE. ) );
#2504 =( LENGTH_UNIT ( ) NAMED_UNIT ( * ) SI_UNIT ( .MILLI., .METRE. ) );
#2505 = ORIENTED_EDGE ( 'NONE', *, *, #2078, .F. ) ;
#2506 =( NAMED_UNIT ( * ) SI_UNIT ( $, .STERADIAN. ) SOLID_ANGLE_UNIT ( ) );
#2507 = CARTESIAN_POINT ( 'NONE',  ( -0.8862852933772215100, 1.250000000000000000, -0.1391181102362200300 ) ) ;
#2508 = PRESENTATION_STYLE_ASSIGNMENT (( #1010 ) ) ;
#2509 =( NAMED_UNIT ( * ) PLANE_ANGLE_UNIT ( ) SI_UNIT ( $, .RADIAN. ) );
#2510 = UNCERTAINTY_MEASURE_WITH_UNIT (LENGTH_MEASURE( 1.000000000000000100E-005 ), #1, 'distance_accuracy_value', 'NONE');
#2511 = DIRECTION ( 'NONE',  ( -1.000000000000000000, 0.0000000000000000000, 0.0000000000000000000 ) ) ;
#2512 =( LENGTH_UNIT ( ) NAMED_UNIT ( * ) SI_UNIT ( .MILLI., .METRE. ) );
#2513 = ORIENTED_EDGE ( 'NONE', *, *, #2099, .T. ) ;
#2514 =( NAMED_UNIT ( * ) SI_UNIT ( $, .STERADIAN. ) SOLID_ANGLE_UNIT ( ) );
#2515 = EDGE_LOOP ( 'NONE', ( #1989, #785, #2844, #968 ) ) ;
#2516 = CARTESIAN_POINT ( 'NONE',  ( -1.399999999999999700, 0.0000000000000000000, 1.345000000000000000 ) ) ;
#2517 = ORIENTED_EDGE ( 'NONE', *, *, #73, .T. ) ;
#2518 = FACE_OUTER_BOUND ( 'NONE', #2019, .T. ) ;
#2519 =( NAMED_UNIT ( * ) SI_UNIT ( $, .STERADIAN. ) SOLID_ANGLE_UNIT ( ) );
#2520 = PRESENTATION_LAYER_ASSIGNMENT (  '', '', ( #2212 ) ) ;
#2521 = CARTESIAN_POINT ( 'NONE',  ( 0.9468727082851994300, 1.250000000000000000, -0.5786428561923686600 ) ) ;
#2522 = FILL_AREA_STYLE_COLOUR ( '', #1553 ) ;
#2523 = CARTESIAN_POINT ( 'NONE',  ( -1.088012852432338500, 1.250000000000000000, 0.3682913385826798700 ) ) ;
#2524 = STYLED_ITEM ( 'NONE', ( #2358 ), #2817 ) ;
#2525 = CARTESIAN_POINT ( 'NONE',  ( -0.8593986792039916000, 1.250000000000000000, 0.4306881889763788400 ) ) ;
#2526 = CARTESIAN_POINT ( 'NONE',  ( 1.044923278175578000, 1.249000000000000600, 0.02010831965219657100 ) ) ;
#2527 = CARTESIAN_POINT ( 'NONE',  ( 0.9949105226086875100, 1.249999999999999800, 0.01086903589008416300 ) ) ;
#2528 = ORIENTED_EDGE ( 'NONE', *, *, #566, .T. ) ;
#2529 =( LENGTH_UNIT ( ) NAMED_UNIT ( * ) SI_UNIT ( .MILLI., .METRE. ) );
#2530 = PRESENTATION_LAYER_ASSIGNMENT (  '', '', ( #2226 ) ) ;
#2531 = CARTESIAN_POINT ( 'NONE',  ( 0.6452790501254728200, 1.249000000000000300, -0.03795602798526487300 ) ) ;
#2532 = CYLINDRICAL_SURFACE ( 'NONE', #2096, 0.1497070972545076200 ) ;
#2533 = CARTESIAN_POINT ( 'NONE',  ( 1.053721479530609400, 1.250000000000000400, -0.4588269534207002300 ) ) ;
#2534 = CARTESIAN_POINT ( 'NONE',  ( 0.9627039328275779400, 1.249999999999999800, -0.5744941170726302100 ) ) ;
#2535 = FILL_AREA_STYLE_COLOUR ( '', #2170 ) ;
#2536 = ORIENTED_EDGE ( 'NONE', *, *, #2721, .F. ) ;
#2537 = PRESENTATION_LAYER_ASSIGNMENT (  '', '', ( #2388 ) ) ;
#2538 = ORIENTED_EDGE ( 'NONE', *, *, #1822, .F. ) ;
#2539 = FILL_AREA_STYLE ('',( #2535 ) ) ;
#2540 = CARTESIAN_POINT ( 'NONE',  ( 0.7579917206876328800, 1.249999999999998900, 0.02460412879213914900 ) ) ;
#2541 = SURFACE_STYLE_FILL_AREA ( #2548 ) ;
#2542 = PRESENTATION_STYLE_ASSIGNMENT (( #2014 ) ) ;
#2543 = ORIENTED_EDGE ( 'NONE', *, *, #386, .T. ) ;
#2544 = SURFACE_SIDE_STYLE ('',( #250 ) ) ;
#2545 = CARTESIAN_POINT ( 'NONE',  ( 1.150748910208276400, 1.249000000000000100, 0.7045602688076315600 ) ) ;
#2546 = PRESENTATION_STYLE_ASSIGNMENT (( #1465 ) ) ;
#2547 = VERTEX_POINT ( 'NONE', #2201 ) ;
#2548 = FILL_AREA_STYLE ('',( #2187 ) ) ;
#2549 = VERTEX_POINT ( 'NONE', #499 ) ;
#2550 =( GEOMETRIC_REPRESENTATION_CONTEXT ( 3 ) GLOBAL_UNCERTAINTY_ASSIGNED_CONTEXT ( ( #955 ) ) GLOBAL_UNIT_ASSIGNED_CONTEXT ( ( #2454, #2509, #2519 ) ) REPRESENTATION_CONTEXT ( 'NONE', 'WORKASPACE' ) );
#2551 = EDGE_CURVE ( 'NONE', #1342, #188, #1802, .T. ) ;
#2552 = CARTESIAN_POINT ( 'NONE',  ( 1.143283040082379700, 1.250000000000000000, 0.7043296381151690200 ) ) ;
#2553 = CARTESIAN_POINT ( 'NONE',  ( -1.600000000000000300, 0.0000000000000000000, 1.599999999999999600 ) ) ;
#2554 = PLANE ( 'NONE',  #414 ) ;
#2555 = DIRECTION ( 'NONE',  ( -0.0000000000000000000, 1.000000000000000000, -0.0000000000000000000 ) ) ;
#2556 = PRESENTATION_LAYER_ASSIGNMENT (  '', '', ( #2411 ) ) ;
#2557 = EDGE_CURVE ( 'NONE', #393, #779, #877, .T. ) ;
#2558 = EDGE_CURVE ( 'NONE', #2547, #1828, #506, .T. ) ;
#2559 = CARTESIAN_POINT ( 'NONE',  ( 1.150748910208276400, 1.249000000000000100, 0.6084064226537854200 ) ) ;
#2560 = ADVANCED_FACE ( 'NONE', ( #2993 ), #3028, .T. ) ;
#2561 = LINE ( 'NONE', #1515, #1924 ) ;
#2562 = CARTESIAN_POINT ( 'NONE',  ( 0.9692890168182912700, 1.249000000000000300, 0.6768909956048333500 ) ) ;
#2563 = VECTOR ( 'NONE', #2752, 1000.000000000000000 ) ;
#2564 = DIRECTION ( 'NONE',  ( 0.0000000000000000000, 1.000000000000000000, 0.0000000000000000000 ) ) ;
#2565 = CARTESIAN_POINT ( 'NONE',  ( 0.6299999999999996700, 0.0000000000000000000, -1.345000000000000200 ) ) ;
#2566 = SURFACE_STYLE_FILL_AREA ( #3024 ) ;
#2567 = EDGE_CURVE ( 'NONE', #2839, #954, #2140, .T. ) ;
#2568 = LINE ( 'NONE', #2495, #82 ) ;
#2569 = PRESENTATION_STYLE_ASSIGNMENT (( #2273 ) ) ;
#2570 = VERTEX_POINT ( 'NONE', #1245 ) ;
#2571 =( GEOMETRIC_REPRESENTATION_CONTEXT ( 3 ) GLOBAL_UNCERTAINTY_ASSIGNED_CONTEXT ( ( #1383 ) ) GLOBAL_UNIT_ASSIGNED_CONTEXT ( ( #2504, #1077, #308 ) ) REPRESENTATION_CONTEXT ( 'NONE', 'WORKASPACE' ) );
#2572 = SURFACE_STYLE_FILL_AREA ( #905 ) ;
#2573 = CARTESIAN_POINT ( 'NONE',  ( -1.171628600463835900, 1.250000000000000000, -0.1527685039370064400 ) ) ;
#2574 = CARTESIAN_POINT ( 'NONE',  ( 0.6724336686852935300, 1.250000000000000400, 0.5551279563273842100 ) ) ;
#2575 = CARTESIAN_POINT ( 'NONE',  ( -1.397565608337850500, 1.249000000000000100, 0.08369921259842802400 ) ) ;
#2576 = DIRECTION ( 'NONE',  ( 0.0000000000000000000, 1.000000000000000000, -0.0000000000000000000 ) ) ;
#2577 = CARTESIAN_POINT ( 'NONE',  ( 0.6307990869808660600, 1.249000000000000300, 0.4400543681035266100 ) ) ;
#2578 = ORIENTED_EDGE ( 'NONE', *, *, #592, .F. ) ;
#2579 = ADVANCED_FACE ( 'NONE', ( #936 ), #3032, .F. ) ;
#2580 = AXIS2_PLACEMENT_3D ( 'NONE', #1288, #1339, #117 ) ;
#2581 = UNCERTAINTY_MEASURE_WITH_UNIT (LENGTH_MEASURE( 1.000000000000000100E-005 ), #2598, 'distance_accuracy_value', 'NONE');
#2582 = SURFACE_STYLE_FILL_AREA ( #1726 ) ;
#2583 = FILL_AREA_STYLE_COLOUR ( '', #2711 ) ;
#2584 = ORIENTED_EDGE ( 'NONE', *, *, #223, .T. ) ;
#2585 = CARTESIAN_POINT ( 'NONE',  ( 0.5132301600453067500, 1.249000000000000100, 0.4413460527367211700 ) ) ;
#2586 = SURFACE_SIDE_STYLE ('',( #2572 ) ) ;
#2587 = DIRECTION ( 'NONE',  ( 0.0000000000000000000, 0.0000000000000000000, 1.000000000000000000 ) ) ;
#2588 = B_SPLINE_CURVE_WITH_KNOTS ( 'NONE', 3,
 ( #2471, #2452, #2703, #2714 ),
 .UNSPECIFIED., .F., .F.,
 ( 4, 4 ),
 ( 0.0000000000000000000, 0.09090909090909091200 ),
 .UNSPECIFIED. ) ;
#2589 = CARTESIAN_POINT ( 'NONE',  ( -0.4509057658181646600, 1.250000000000000000, 0.5421889763779529400 ) ) ;
#2590 = ORIENTED_EDGE ( 'NONE', *, *, #246, .F. ) ;
#2591 = EDGE_LOOP ( 'NONE', ( #2239, #1621, #1164, #2770 ) ) ;
#2592 = CARTESIAN_POINT ( 'NONE',  ( 1.097069108946715300, 1.249999999999999800, 0.02725165597266024400 ) ) ;
#2593 =( GEOMETRIC_REPRESENTATION_CONTEXT ( 3 ) GLOBAL_UNCERTAINTY_ASSIGNED_CONTEXT ( ( #2196 ) ) GLOBAL_UNIT_ASSIGNED_CONTEXT ( ( #2678, #1257, #2910 ) ) REPRESENTATION_CONTEXT ( 'NONE', 'WORKASPACE' ) );
#2594 = SURFACE_STYLE_FILL_AREA ( #1967 ) ;
#2595 = SURFACE_SIDE_STYLE ('',( #797 ) ) ;
#2596 = ADVANCED_FACE ( 'NONE', ( #1904 ), #1774, .T. ) ;
#2597 = SURFACE_SIDE_STYLE ('',( #1709 ) ) ;
#2598 =( LENGTH_UNIT ( ) NAMED_UNIT ( * ) SI_UNIT ( .MILLI., .METRE. ) );
#2599 = CARTESIAN_POINT ( 'NONE',  ( 0.9468727082851994300, 1.249000000000000100, -0.001719779269291688600 ) ) ;
#2600 = ORIENTED_EDGE ( 'NONE', *, *, #1541, .T. ) ;
#2601 = CARTESIAN_POINT ( 'NONE',  ( 0.5774073733921442100, 1.249000000000000100, -0.7471716019344716300 ) ) ;
#2602 = EDGE_CURVE ( 'NONE', #2178, #1501, #1687, .T. ) ;
#2603 = ORIENTED_EDGE ( 'NONE', *, *, #1379, .T. ) ;
#2604 = CARTESIAN_POINT ( 'NONE',  ( 0.5298965353608653400, 1.250000000000000000, -0.7806725330564384700 ) ) ;
#2605 = CARTESIAN_POINT ( 'NONE',  ( 1.079574179478380200, 1.248999999999999400, 0.6989646523327158700 ) ) ;
#2606 = FILL_AREA_STYLE_COLOUR ( '', #433 ) ;
#2607 = B_SPLINE_CURVE_WITH_KNOTS ( 'NONE', 3,
 ( #921, #907, #946, #950, #959, #962, #974 ),
 .UNSPECIFIED., .F., .F.,
 ( 4, 1, 1, 1, 4 ),
 ( 0.0000000000000000000, 0.2372165186042107800, 0.4825864912431359600, 0.7368469271779308800, 0.9999999999999998900 ),
 .UNSPECIFIED. ) ;
#2608 = CARTESIAN_POINT ( 'NONE',  ( -0.2065577343221009500, 1.250000000000000000, 0.2956929133858263700 ) ) ;
#2609 = ADVANCED_FACE ( 'NONE', ( #2331 ), #2023, .T. ) ;
#2610 = CARTESIAN_POINT ( 'NONE',  ( -0.2164160020386388700, 1.250000000000000000, -0.01149606299212686800 ) ) ;
#2611 = CARTESIAN_POINT ( 'NONE',  ( 0.4881888140544302600, 1.249000000000000100, -0.2377474235000608700 ) ) ;
#2612 = CARTESIAN_POINT ( 'NONE',  ( 0.5268333586189883900, 1.249999999999999800, -0.7003063980618183800 ) ) ;
#2613 = VERTEX_POINT ( 'NONE', #1537 ) ;
#2614 = CARTESIAN_POINT ( 'NONE',  ( 0.5945848048040395200, 1.248999999999999700, 0.5054646449273956200 ) ) ;
#2615 = VERTEX_POINT ( 'NONE', #333 ) ;
#2616 = CARTESIAN_POINT ( 'NONE',  ( -0.6079136398339157800, 1.249000000000000100, -0.4408503937007870500 ) ) ;
#2617 = SURFACE_STYLE_USAGE ( .BOTH. , #2870 ) ;
#2618 = CARTESIAN_POINT ( 'NONE',  ( -0.2164160020386388700, 1.250000000000000000, -0.01149606299212686800 ) ) ;
#2619 = FACE_BOUND ( 'NONE', #2393, .T. ) ;
#2620 = ORIENTED_EDGE ( 'NONE', *, *, #2150, .T. ) ;
#2621 = UNCERTAINTY_MEASURE_WITH_UNIT (LENGTH_MEASURE( 1.000000000000000100E-005 ), #2288, 'distance_accuracy_value', 'NONE');
#2622 = PRESENTATION_LAYER_ASSIGNMENT (  '', '', ( #1395 ) ) ;
#2623 = CARTESIAN_POINT ( 'NONE',  ( -1.399999999999999700, -0.05000000000000000300, -1.345000000000000000 ) ) ;
#2624 = CARTESIAN_POINT ( 'NONE',  ( 0.6033884851921130800, 1.249000000000000300, -0.7305409231396562400 ) ) ;
#2625 = MECHANICAL_DESIGN_GEOMETRIC_PRESENTATION_REPRESENTATION (  '', ( #2111 ), #2775 ) ;
#2626 = CARTESIAN_POINT ( 'NONE',  ( 0.9692890168182910500, 1.249000000000000300, -0.4769551582413205100 ) ) ;
#2627 = VECTOR ( 'NONE', #1900, 1000.000000000000000 ) ;
#2628 = ORIENTED_EDGE ( 'NONE', *, *, #1079, .F. ) ;
#2629 = CARTESIAN_POINT ( 'NONE',  ( 1.097069108946715300, 1.249999999999999800, 0.6041747328957370900 ) ) ;
#2630 = MECHANICAL_DESIGN_GEOMETRIC_PRESENTATION_REPRESENTATION (  '', ( #2157 ), #2779 ) ;
#2631 = CARTESIAN_POINT ( 'NONE',  ( -1.600000000000001000, 1.250000000000000000, -1.556349038135315800 ) ) ;
#2632 = B_SPLINE_CURVE_WITH_KNOTS ( 'NONE', 3,
 ( #479, #1700, #2527, #312, #2592, #978, #15 ),
 .UNSPECIFIED., .F., .F.,
 ( 4, 1, 1, 1, 4 ),
 ( 0.0000000000000000000, 0.2372165186042107800, 0.4825864912431359600, 0.7368469271779308800, 0.9999999999999998900 ),
 .UNSPECIFIED. ) ;
#2633 = DIRECTION ( 'NONE',  ( 0.0000000000000000000, 1.000000000000000000, 0.0000000000000000000 ) ) ;
#2634 = CARTESIAN_POINT ( 'NONE',  ( -0.2206191516449379500, 1.249000000000000100, -0.1424393700787413600 ) ) ;
#2635 = CARTESIAN_POINT ( 'NONE',  ( 0.6307990869808662900, 1.249000000000000300, -0.7137917857426274700 ) ) ;
#2636 = CARTESIAN_POINT ( 'NONE',  ( 0.9468727082851994300, 1.249000000000000100, -0.001719779269291688600 ) ) ;
#2637 = DIRECTION ( 'NONE',  ( -0.0000000000000000000, 1.000000000000000000, -0.0000000000000000000 ) ) ;
#2638 = FACE_OUTER_BOUND ( 'NONE', #113, .T. ) ;
#2639 = CARTESIAN_POINT ( 'NONE',  ( -0.7906191516449381200, 1.249000000000000100, -0.2624551181102359700 ) ) ;
#2640 = CARTESIAN_POINT ( 'NONE',  ( 0.9985640440302052700, 1.250000000000000400, -0.4698179561953952900 ) ) ;
#2641 = STYLED_ITEM ( 'NONE', ( #2042 ), #1158 ) ;
#2642 = VECTOR ( 'NONE', #2651, 1000.000000000000000 ) ;
#2643 = CARTESIAN_POINT ( 'NONE',  ( -0.2164160020386388700, 1.249000000000000100, -0.01149606299212686800 ) ) ;
#2644 = CARTESIAN_POINT ( 'NONE',  ( 0.5298965353608653400, 1.249000000000000100, -0.2037494561333616000 ) ) ;
#2645 = SURFACE_STYLE_USAGE ( .BOTH. , #979 ) ;
#2646 = VERTEX_POINT ( 'NONE', #2286 ) ;
#2647 = CARTESIAN_POINT ( 'NONE',  ( 0.9287008160760934500, 1.250000000000000200, -0.4875101161320244400 ) ) ;
#2648 = B_SPLINE_CURVE_WITH_KNOTS ( 'NONE', 3,
 ( #2481, #2016, #814, #2498 ),
 .UNSPECIFIED., .F., .F.,
 ( 4, 4 ),
 ( 0.7272727272727274000, 0.8181818181818183400 ),
 .UNSPECIFIED. ) ;
#2649 = PRESENTATION_LAYER_ASSIGNMENT (  '', '', ( #2342 ) ) ;
#2650 = LINE ( 'NONE', #2767, #813 ) ;
#2651 = DIRECTION ( 'NONE',  ( -0.0000000000000000000, 1.000000000000000000, -0.0000000000000000000 ) ) ;
#2652 = CARTESIAN_POINT ( 'NONE',  ( 0.6597522047426001000, 1.249000000000000100, -0.6971528130781180500 ) ) ;
#2653 = EDGE_LOOP ( 'NONE', ( #1025, #378, #1898, #2852 ) ) ;
#2654 = COLOUR_RGB ( '',1.000000000000000000, 1.000000000000000000, 1.000000000000000000 ) ;
#2655 = EDGE_CURVE ( 'NONE', #391, #2549, #1751, .T. ) ;
#2656 = SURFACE_STYLE_FILL_AREA ( #2040 ) ;
#2657 = DIRECTION ( 'NONE',  ( -0.0000000000000000000, 1.000000000000000000, -0.0000000000000000000 ) ) ;
#2658 = PRESENTATION_STYLE_ASSIGNMENT (( #3099 ) ) ;
#2659 = CARTESIAN_POINT ( 'NONE',  ( 1.150748910208276400, 1.249000000000000100, -0.5454397311923685500 ) ) ;
#2660 = CARTESIAN_POINT ( 'NONE',  ( 0.5065181409775072500, 1.249000000000000100, 0.4353294995768622900 ) ) ;
#2661 = ORIENTED_EDGE ( 'NONE', *, *, #2129, .T. ) ;
#2662 = CARTESIAN_POINT ( 'NONE',  ( -1.171628600463835900, 1.249000000000000100, -0.1527685039370064400 ) ) ;
#2663 = ORIENTED_EDGE ( 'NONE', *, *, #2655, .F. ) ;
#2664 = FILL_AREA_STYLE ('',( #2825 ) ) ;
#2665 = DIRECTION ( 'NONE',  ( -0.0000000000000000000, 1.000000000000000000, -0.0000000000000000000 ) ) ;
#2666 = CARTESIAN_POINT ( 'NONE',  ( 0.9692890168182912700, 1.250000000000000200, 0.6768909956048333500 ) ) ;
#2667 = FILL_AREA_STYLE_COLOUR ( '', #318 ) ;
#2668 = CARTESIAN_POINT ( 'NONE',  ( -1.041970332747300000, 1.249000000000000100, 0.1869448818897663800 ) ) ;
#2669 = CARTESIAN_POINT ( 'NONE',  ( 0.4103642948236609900, 1.249000000000000100, -0.8146705004231378200 ) ) ;
#2670 = ORIENTED_EDGE ( 'NONE', *, *, #2875, .F. ) ;
#2671 = CARTESIAN_POINT ( 'NONE',  ( 0.5132301600453067500, 1.250000000000000000, 0.4413460527367211700 ) ) ;
#2672 = SURFACE_STYLE_FILL_AREA ( #2135 ) ;
#2673 = UNCERTAINTY_MEASURE_WITH_UNIT (LENGTH_MEASURE( 1.000000000000000100E-005 ), #3062, 'distance_accuracy_value', 'NONE');
#2674 = VERTEX_POINT ( 'NONE', #589 ) ;
#2675 = PRESENTATION_STYLE_ASSIGNMENT (( #2617 ) ) ;
#2676 = FILL_AREA_STYLE_COLOUR ( '', #1946 ) ;
#2677 =( LENGTH_UNIT ( ) NAMED_UNIT ( * ) SI_UNIT ( .MILLI., .METRE. ) );
#2678 =( LENGTH_UNIT ( ) NAMED_UNIT ( * ) SI_UNIT ( .MILLI., .METRE. ) );
#2679 = VECTOR ( 'NONE', #319, 1000.000000000000000 ) ;
#2680 = MECHANICAL_DESIGN_GEOMETRIC_PRESENTATION_REPRESENTATION (  '', ( #2212 ), #2828 ) ;
#2681 = CARTESIAN_POINT ( 'NONE',  ( -0.7906191516449381200, 1.250000000000000000, -0.2624551181102359700 ) ) ;
#2682 = FACE_OUTER_BOUND ( 'NONE', #1936, .T. ) ;
#2683 = AXIS2_PLACEMENT_3D ( 'NONE', #170, #1866, #418 ) ;
#2684 = VERTEX_POINT ( 'NONE', #2328 ) ;
#2685 = DIRECTION ( 'NONE',  ( -1.000000000000000000, 0.0000000000000000000, 0.0000000000000000000 ) ) ;
#2686 = CARTESIAN_POINT ( 'NONE',  ( 1.026727637459864600, 1.249999999999999300, -0.4638419537726281000 ) ) ;
#2687 = EDGE_LOOP ( 'NONE', ( #2790, #540, #871, #1543 ) ) ;
#2688 = FACE_OUTER_BOUND ( 'NONE', #536, .T. ) ;
#2689 = CARTESIAN_POINT ( 'NONE',  ( 0.5774073733921442100, 1.249000000000000100, -0.7471716019344716300 ) ) ;
#2690 = DIRECTION ( 'NONE',  ( 0.0000000000000000000, 0.0000000000000000000, -1.000000000000000000 ) ) ;
#2691 = MECHANICAL_DESIGN_GEOMETRIC_PRESENTATION_REPRESENTATION (  '', ( #2226 ), #2841 ) ;
#2692 = CARTESIAN_POINT ( 'NONE',  ( 1.150748910208276400, 1.249000000000000100, 0.1276371918845545000 ) ) ;
#2693 = CARTESIAN_POINT ( 'NONE',  ( -0.7906191516449381200, 1.249000000000000100, -0.2624551181102359700 ) ) ;
#2694 = ORIENTED_EDGE ( 'NONE', *, *, #1699, .F. ) ;
#2695 =( LENGTH_UNIT ( ) NAMED_UNIT ( * ) SI_UNIT ( .MILLI., .METRE. ) );
#2696 = LINE ( 'NONE', #1670, #2627 ) ;
#2697 = ORIENTED_EDGE ( 'NONE', *, *, #1917, .T. ) ;
#2698 = MECHANICAL_DESIGN_GEOMETRIC_PRESENTATION_REPRESENTATION (  '', ( #2388 ), #2850 ) ;
#2699 = PRESENTATION_LAYER_ASSIGNMENT (  '', '', ( #3047 ) ) ;
#2700 = CARTESIAN_POINT ( 'NONE',  ( 0.8163727917268465100, 1.250000000000000000, -0.6219610177869117100 ) ) ;
#2701 = CARTESIAN_POINT ( 'NONE',  ( 0.7579917206876326500, 1.248999999999999900, -0.5523189481309375100 ) ) ;
#2702 = ORIENTED_EDGE ( 'NONE', *, *, #236, .F. ) ;
#2703 = CARTESIAN_POINT ( 'NONE',  ( -0.2857104902276152400, 1.250000000000000000, -0.2906818897637792300 ) ) ;
#2704 = PRESENTATION_STYLE_ASSIGNMENT (( #1283 ) ) ;
#2705 = PRESENTATION_STYLE_ASSIGNMENT (( #795 ) ) ;
#2706 = SURFACE_SIDE_STYLE ('',( #209 ) ) ;
#2707 =( NAMED_UNIT ( * ) PLANE_ANGLE_UNIT ( ) SI_UNIT ( $, .RADIAN. ) );
#2708 = CARTESIAN_POINT ( 'NONE',  ( 0.5065181409775072500, 1.249000000000000100, 0.2430218072691698600 ) ) ;
#2709 = VERTEX_POINT ( 'NONE', #325 ) ;
#2710 = CARTESIAN_POINT ( 'NONE',  ( -1.107524663455962300, 1.249000000000000100, -0.3665999999999977600 ) ) ;
#2711 = COLOUR_RGB ( '',1.000000000000000000, 1.000000000000000000, 1.000000000000000000 ) ;
#2712 = CARTESIAN_POINT ( 'NONE',  ( -0.6299999999999996700, -0.05000000000000000300, -1.345000000000000000 ) ) ;
#2713 = CARTESIAN_POINT ( 'NONE',  ( -0.2857104902276152400, 1.249000000000000100, -0.2906818897637792300 ) ) ;
#2714 = CARTESIAN_POINT ( 'NONE',  ( -0.4070034036134427800, 1.250000000000000000, -0.4408503937007879300 ) ) ;
#2715 = EDGE_CURVE ( 'NONE', #3109, #2231, #458, .T. ) ;
#2716 = UNCERTAINTY_MEASURE_WITH_UNIT (LENGTH_MEASURE( 1.000000000000000100E-005 ), #3087, 'distance_accuracy_value', 'NONE');
#2717 =( NAMED_UNIT ( * ) SI_UNIT ( $, .STERADIAN. ) SOLID_ANGLE_UNIT ( ) );
#2718 = CARTESIAN_POINT ( 'NONE',  ( -1.399999999999999700, -0.05000000000000000300, 1.345000000000000000 ) ) ;
#2719 = EDGE_LOOP ( 'NONE', ( #2538, #1677, #439, #2147 ) ) ;
#2720 = MECHANICAL_DESIGN_GEOMETRIC_PRESENTATION_REPRESENTATION (  '', ( #2411 ), #2873 ) ;
#2721 = EDGE_CURVE ( 'NONE', #2549, #1384, #2324, .T. ) ;
#2722 = CARTESIAN_POINT ( 'NONE',  ( -1.318067970542576000, 1.249000000000000100, -0.1926125984251939300 ) ) ;
#2723 = EDGE_CURVE ( 'NONE', #937, #549, #1678, .T. ) ;
#2724 = CARTESIAN_POINT ( 'NONE',  ( 1.079574179478380400, 1.249999999999999600, -0.4548815015134373100 ) ) ;
#2725 = AXIS2_PLACEMENT_3D ( 'NONE', #1590, #1600, #1624 ) ;
#2726 = CARTESIAN_POINT ( 'NONE',  ( 0.9468727082851994300, 1.249000000000000100, -0.001719779269291688600 ) ) ;
#2727 = CARTESIAN_POINT ( 'NONE',  ( -0.4070034036134425600, 1.249000000000000100, -0.4408503937007879300 ) ) ;
#2728 =( GEOMETRIC_REPRESENTATION_CONTEXT ( 3 ) GLOBAL_UNCERTAINTY_ASSIGNED_CONTEXT ( ( #160 ) ) GLOBAL_UNIT_ASSIGNED_CONTEXT ( ( #2243, #1052, #2717 ) ) REPRESENTATION_CONTEXT ( 'NONE', 'WORKASPACE' ) );
#2729 = EDGE_CURVE ( 'NONE', #240, #2646, #380, .T. ) ;
#2730 = DIRECTION ( 'NONE',  ( 1.000000000000000000, 0.0000000000000000000, 0.0000000000000000000 ) ) ;
#2731 = CARTESIAN_POINT ( 'NONE',  ( 1.399999999999999700, 0.0000000000000000000, -1.345000000000000400 ) ) ;
#2732 = DIRECTION ( 'NONE',  ( -1.000000000000000000, 0.0000000000000000000, 0.0000000000000000000 ) ) ;
#2733 = SURFACE_SIDE_STYLE ('',( #1464 ) ) ;
#2734 = STYLED_ITEM ( 'NONE', ( #2018 ), #197 ) ;
#2735 = PRESENTATION_STYLE_ASSIGNMENT (( #2174 ) ) ;
#2736 = CARTESIAN_POINT ( 'NONE',  ( -1.227598197486963600, 1.249000000000000100, 1.304946864401787000 ) ) ;
#2737 = ORIENTED_EDGE ( 'NONE', *, *, #2865, .T. ) ;
#2738 = ORIENTED_EDGE ( 'NONE', *, *, #3052, .F. ) ;
#2739 = EDGE_LOOP ( 'NONE', ( #2228, #673, #456, #1980 ) ) ;
#2740 = UNCERTAINTY_MEASURE_WITH_UNIT (LENGTH_MEASURE( 1.000000000000000100E-005 ), #1040, 'distance_accuracy_value', 'NONE');
#2741 = PRESENTATION_LAYER_ASSIGNMENT (  '', '', ( #1309 ) ) ;
#2742 = FILL_AREA_STYLE_COLOUR ( '', #2109 ) ;
#2743 =( NAMED_UNIT ( * ) SI_UNIT ( $, .STERADIAN. ) SOLID_ANGLE_UNIT ( ) );
#2744 = SURFACE_SIDE_STYLE ('',( #383 ) ) ;
#2745 = CARTESIAN_POINT ( 'NONE',  ( 0.6299999999999996700, -0.05000000000000000300, 1.345000000000000200 ) ) ;
#2746 = LINE ( 'NONE', #615, #1483 ) ;
#2747 =( LENGTH_UNIT ( ) NAMED_UNIT ( * ) SI_UNIT ( .MILLI., .METRE. ) );
#2748 = ORIENTED_EDGE ( 'NONE', *, *, #2205, .F. ) ;
#2749 = STYLED_ITEM ( 'NONE', ( #2764 ), #2579 ) ;
#2750 = CARTESIAN_POINT ( 'NONE',  ( -0.4787041910150179900, 1.249000000000000100, -0.3115338582677174600 ) ) ;
#2751 = CARTESIAN_POINT ( 'NONE',  ( -0.3651435610937574500, 1.250000000000000000, -4.336808689942017700E-016 ) ) ;
#2752 = DIRECTION ( 'NONE',  ( -0.0000000000000000000, 1.000000000000000000, -0.0000000000000000000 ) ) ;
#2753 = LINE ( 'NONE', #302, #2127 ) ;
#2754 = CARTESIAN_POINT ( 'NONE',  ( -0.7906191516449381200, 1.249000000000000100, -0.2624551181102359700 ) ) ;
#2755 = CARTESIAN_POINT ( 'NONE',  ( 1.127929917847680500, 1.249999999999999800, -0.4499907941677560600 ) ) ;
#2756 = FILL_AREA_STYLE ('',( #334 ) ) ;
#2757 = EDGE_CURVE ( 'NONE', #1384, #1015, #2394, .T. ) ;
#2758 = ORIENTED_EDGE ( 'NONE', *, *, #1167, .T. ) ;
#2759 = CARTESIAN_POINT ( 'NONE',  ( -1.227598197486963600, 1.250000000000000000, 1.005532669892771600 ) ) ;
#2760 = CARTESIAN_POINT ( 'NONE',  ( 1.104338211421708400, 1.250000000000000700, -0.4520880921992900800 ) ) ;
#2761 = SURFACE_STYLE_FILL_AREA ( #1799 ) ;
#2762 = CARTESIAN_POINT ( 'NONE',  ( -1.556349038135315600, 1.250000000000000000, 1.556349038135314900 ) ) ;
#2763 = FILL_AREA_STYLE_COLOUR ( '', #1236 ) ;
#2764 = PRESENTATION_STYLE_ASSIGNMENT (( #1527 ) ) ;
#2765 = ORIENTED_EDGE ( 'NONE', *, *, #328, .T. ) ;
#2766 = DIRECTION ( 'NONE',  ( 0.7901669519244131100, 0.0000000000000000000, 0.6128916609699320800 ) ) ;
#2767 = CARTESIAN_POINT ( 'NONE',  ( 0.4103642948236609900, 1.249000000000000100, -0.3339012696539069800 ) ) ;
#2768 = ORIENTED_EDGE ( 'NONE', *, *, #405, .F. ) ;
#2769 = CARTESIAN_POINT ( 'NONE',  ( 0.9949105226086875100, 1.250000000000000000, -0.5660540410329927300 ) ) ;
#2770 = ORIENTED_EDGE ( 'NONE', *, *, #3045, .T. ) ;
#2771 = CARTESIAN_POINT ( 'NONE',  ( -1.399999999999999700, -0.05000000000000000300, 1.345000000000000000 ) ) ;
#2772 = CARTESIAN_POINT ( 'NONE',  ( 0.7003410413480782900, 1.249000000000000100, -0.6752085315592265500 ) ) ;
#2773 = VECTOR ( 'NONE', #422, 1000.000000000000000 ) ;
#2774 = MECHANICAL_DESIGN_GEOMETRIC_PRESENTATION_REPRESENTATION (  '', ( #1395 ), #2935 ) ;
#2775 =( GEOMETRIC_REPRESENTATION_CONTEXT ( 3 ) GLOBAL_UNCERTAINTY_ASSIGNED_CONTEXT ( ( #2802 ) ) GLOBAL_UNIT_ASSIGNED_CONTEXT ( ( #194, #207, #212 ) ) REPRESENTATION_CONTEXT ( 'NONE', 'WORKASPACE' ) );
#2776 = CARTESIAN_POINT ( 'NONE',  ( 0.7098050945909277800, 1.249999999999998400, -0.0002839249599394409400 ) ) ;
#2777 = DIRECTION ( 'NONE',  ( -1.355252715606880500E-016, 0.0000000000000000000, -1.000000000000000000 ) ) ;
#2778 = ORIENTED_EDGE ( 'NONE', *, *, #2296, .T. ) ;
#2779 =( GEOMETRIC_REPRESENTATION_CONTEXT ( 3 ) GLOBAL_UNCERTAINTY_ASSIGNED_CONTEXT ( ( #259 ) ) GLOBAL_UNIT_ASSIGNED_CONTEXT ( ( #1714, #258, #1959 ) ) REPRESENTATION_CONTEXT ( 'NONE', 'WORKASPACE' ) );
#2780 = CARTESIAN_POINT ( 'NONE',  ( 0.5065181409775072500, 1.249000000000000100, -0.1415935773462147500 ) ) ;
#2781 = CARTESIAN_POINT ( 'NONE',  ( 0.5083407561152230000, 1.249999999999999800, 0.3564080008025406500 ) ) ;
#2782 = LINE ( 'NONE', #1626, #872 ) ;
#2783 = MECHANICAL_DESIGN_GEOMETRIC_PRESENTATION_REPRESENTATION (  '', ( #1327 ), #2949 ) ;
#2784 = COLOUR_RGB ( '',1.000000000000000000, 1.000000000000000000, 1.000000000000000000 ) ;
#2785 = SURFACE_STYLE_FILL_AREA ( #2539 ) ;
#2786 = CARTESIAN_POINT ( 'NONE',  ( 1.127929917847680500, 1.250000000000000000, 0.7038553596783978500 ) ) ;
#2787 = FACE_OUTER_BOUND ( 'NONE', #84, .T. ) ;
#2788 = CARTESIAN_POINT ( 'NONE',  ( 0.4103642948236609900, 1.249000000000000100, 0.8199448841922469800 ) ) ;
#2789 = CARTESIAN_POINT ( 'NONE',  ( 0.4103642948236609900, 1.249000000000000100, -0.8146705004231378200 ) ) ;
#2790 = ORIENTED_EDGE ( 'NONE', *, *, #1062, .T. ) ;
#2791 = PRESENTATION_STYLE_ASSIGNMENT (( #1853 ) ) ;
#2792 = ADVANCED_FACE ( 'NONE', ( #310 ), #2940, .F. ) ;
#2793 = AXIS2_PLACEMENT_3D ( 'NONE', #3102, #3110, #3112 ) ;
#2794 = PLANE ( 'NONE',  #1300 ) ;
#2795 = CARTESIAN_POINT ( 'NONE',  ( 0.9287008160760931200, 1.248999999999999900, 0.6663360377141296400 ) ) ;
#2796 = DIRECTION ( 'NONE',  ( 0.0000000000000000000, 0.0000000000000000000, 1.000000000000000000 ) ) ;
#2797 = FILL_AREA_STYLE_COLOUR ( '', #648 ) ;
#2798 = FACE_OUTER_BOUND ( 'NONE', #707, .T. ) ;
#2799 = ORIENTED_EDGE ( 'NONE', *, *, #119, .F. ) ;
#2800 = ORIENTED_EDGE ( 'NONE', *, *, #1489, .F. ) ;
#2801 = MECHANICAL_DESIGN_GEOMETRIC_PRESENTATION_REPRESENTATION (  '', ( #2342 ), #2972 ) ;
#2802 = UNCERTAINTY_MEASURE_WITH_UNIT (LENGTH_MEASURE( 1.000000000000000100E-005 ), #194, 'distance_accuracy_value', 'NONE');
#2803 = CARTESIAN_POINT ( 'NONE',  ( -0.4070034036134425600, 1.249000000000000100, -0.4408503937007879300 ) ) ;
#2804 = EDGE_CURVE ( 'NONE', #3096, #1318, #86, .T. ) ;
#2805 = ADVANCED_FACE ( 'NONE', ( #1314 ), #2117, .F. ) ;
#2806 = CARTESIAN_POINT ( 'NONE',  ( 0.6452790501254728200, 1.250000000000000200, 0.5389670489378121100 ) ) ;
#2807 = CARTESIAN_POINT ( 'NONE',  ( -1.088012852432338500, 1.249000000000000100, 0.3682913385826798700 ) ) ;
#2808 = DIRECTION ( 'NONE',  ( 0.0000000000000000000, 0.0000000000000000000, 1.000000000000000000 ) ) ;
#2809 = SURFACE_STYLE_FILL_AREA ( #2043 ) ;
#2810 = CARTESIAN_POINT ( 'NONE',  ( 0.5065181409775072500, 1.250000000000000000, 0.2430218072691698600 ) ) ;
#2811 = ORIENTED_EDGE ( 'NONE', *, *, #1641, .T. ) ;
#2812 = CARTESIAN_POINT ( 'NONE',  ( 0.5065181409775072500, 1.249000000000000100, 0.4353294995768622900 ) ) ;
#2813 =( LENGTH_UNIT ( ) NAMED_UNIT ( * ) SI_UNIT ( .MILLI., .METRE. ) );
#2814 = CARTESIAN_POINT ( 'NONE',  ( 1.150748910208276400, 1.250000000000000000, -0.4492858850385224000 ) ) ;
#2815 = B_SPLINE_CURVE_WITH_KNOTS ( 'NONE', 3,
 ( #2130, #1538, #927, #676, #2605, #1178, #2832, #3095, #1653, #1422, #187, #1887, #441, #2143, #687, #890, #943, #2614, #1190, #2845, #1433, #3106, #1666 ),
 .UNSPECIFIED., .F., .F.,
 ( 4, 1, 1, 1, 1, 1, 1, 1, 1, 1, 1, 1, 1, 1, 1, 1, 1, 1, 1, 1, 4 ),
 ( 0.0000000000000000000, 0.03151551312998467800, 0.06480979674365734700, 0.09991169883527571700, 0.1366755286001709300, 0.1751432978746824700, 0.2157650117082458600, 0.2581569125231217800, 0.3022930440652046300, 0.3927408518774002100, 0.4832984694610617000, 0.5744114847371660800, 0.6664774093514972400, 0.7120107481430554300, 0.7563744975915032100, 0.7998154803065211600, 0.8419616993485904400, 0.8828431755911850800, 0.9229180315891946100, 0.9619666184423850700, 1.000000000000000000 ),
 .UNSPECIFIED. ) ;
#2816 = CARTESIAN_POINT ( 'NONE',  ( -0.8612537973142278000, 1.249000000000000100, 0.2603779527559065300 ) ) ;
#2817 = ADVANCED_FACE ( 'NONE', ( #2983 ), #873, .F. ) ;
#2818 = CARTESIAN_POINT ( 'NONE',  ( 0.7523609121438871200, 1.249000000000000100, -0.6491600027661639200 ) ) ;
#2819 =( NAMED_UNIT ( * ) SI_UNIT ( $, .STERADIAN. ) SOLID_ANGLE_UNIT ( ) );
#2820 = UNCERTAINTY_MEASURE_WITH_UNIT (LENGTH_MEASURE( 1.000000000000000100E-005 ), #2822, 'distance_accuracy_value', 'NONE');
#2821 = SURFACE_STYLE_FILL_AREA ( #2031 ) ;
#2822 =( LENGTH_UNIT ( ) NAMED_UNIT ( * ) SI_UNIT ( .MILLI., .METRE. ) );
#2823 = CARTESIAN_POINT ( 'NONE',  ( 1.599999999999999200, 0.0000000000000000000, -1.600000000000000500 ) ) ;
#2824 = FACE_OUTER_BOUND ( 'NONE', #2350, .T. ) ;
#2825 = FILL_AREA_STYLE_COLOUR ( '', #1633 ) ;
#2826 = ORIENTED_EDGE ( 'NONE', *, *, #1661, .T. ) ;
#2827 = FACE_OUTER_BOUND ( 'NONE', #1688, .T. ) ;
#2828 =( GEOMETRIC_REPRESENTATION_CONTEXT ( 3 ) GLOBAL_UNCERTAINTY_ASSIGNED_CONTEXT ( ( #2029 ) ) GLOBAL_UNIT_ASSIGNED_CONTEXT ( ( #2677, #3021, #3010 ) ) REPRESENTATION_CONTEXT ( 'NONE', 'WORKASPACE' ) );
#2829 = CARTESIAN_POINT ( 'NONE',  ( 0.4103642948236609900, 1.250000000000000000, -0.2377474235000608700 ) ) ;
#2830 = CARTESIAN_POINT ( 'NONE',  ( 0.5065181409775072500, 1.250000000000000000, -0.7185166542692915700 ) ) ;
#2831 = FACE_OUTER_BOUND ( 'NONE', #2739, .T. ) ;
#2832 = CARTESIAN_POINT ( 'NONE',  ( 1.026727637459865100, 1.249000000000000300, 0.6900042000735258100 ) ) ;
#2833 = PRESENTATION_LAYER_ASSIGNMENT (  '', '', ( #2524 ) ) ;
#2834 = ADVANCED_FACE ( 'NONE', ( #2371 ), #2835, .T. ) ;
#2835 = PLANE ( 'NONE',  #1358 ) ;
#2836 = CARTESIAN_POINT ( 'NONE',  ( 1.143283040082379700, 1.249000000000000100, 0.1274065611920921200 ) ) ;
#2837 = B_SPLINE_CURVE_WITH_KNOTS ( 'NONE', 3,
 ( #992, #488, #1235, #2889 ),
 .UNSPECIFIED., .F., .F.,
 ( 4, 4 ),
 ( 0.5454545454545455300, 0.6363636363636364600 ),
 .UNSPECIFIED. ) ;
#2838 = FILL_AREA_STYLE ('',( #2797 ) ) ;
#2839 = VERTEX_POINT ( 'NONE', #669 ) ;
#2840 = ORIENTED_EDGE ( 'NONE', *, *, #2551, .T. ) ;
#2841 =( GEOMETRIC_REPRESENTATION_CONTEXT ( 3 ) GLOBAL_UNCERTAINTY_ASSIGNED_CONTEXT ( ( #1611 ) ) GLOBAL_UNIT_ASSIGNED_CONTEXT ( ( #2320, #2979, #2300 ) ) REPRESENTATION_CONTEXT ( 'NONE', 'WORKASPACE' ) );
#2842 = SURFACE_SIDE_STYLE ('',( #1925 ) ) ;
#2843 = CARTESIAN_POINT ( 'NONE',  ( 0.5083407561152232200, 1.249999999999999300, -0.2205150761205364500 ) ) ;
#2844 = ORIENTED_EDGE ( 'NONE', *, *, #2250, .T. ) ;
#2845 = CARTESIAN_POINT ( 'NONE',  ( 0.5484227859363809400, 1.249000000000000100, 0.4710050742925633300 ) ) ;
#2846 = LINE ( 'NONE', #336, #948 ) ;
#2847 = DIRECTION ( 'NONE',  ( 1.000000000000000000, 0.0000000000000000000, 0.0000000000000000000 ) ) ;
#2848 = FILL_AREA_STYLE_COLOUR ( '', #2046 ) ;
#2849 = SURFACE_STYLE_USAGE ( .BOTH. , #2842 ) ;
#2850 =( GEOMETRIC_REPRESENTATION_CONTEXT ( 3 ) GLOBAL_UNCERTAINTY_ASSIGNED_CONTEXT ( ( #1838 ) ) GLOBAL_UNIT_ASSIGNED_CONTEXT ( ( #1988, #2039, #2084 ) ) REPRESENTATION_CONTEXT ( 'NONE', 'WORKASPACE' ) );
#2851 = MECHANICAL_DESIGN_GEOMETRIC_PRESENTATION_REPRESENTATION (  '', ( #3047 ), #3018 ) ;
#2852 = ORIENTED_EDGE ( 'NONE', *, *, #2882, .T. ) ;
#2853 =( LENGTH_UNIT ( ) NAMED_UNIT ( * ) SI_UNIT ( .MILLI., .METRE. ) );
#2854 = CARTESIAN_POINT ( 'NONE',  ( 0.8163727917268465100, 1.249000000000000600, -0.6219610177869117100 ) ) ;
#2855 = LINE ( 'NONE', #2974, #2165 ) ;
#2856 = CARTESIAN_POINT ( 'NONE',  ( 1.150748910208276400, 1.250000000000000000, 0.6084064226537854200 ) ) ;
#2857 = DIRECTION ( 'NONE',  ( -1.000000000000000000, 0.0000000000000000000, -0.0000000000000000000 ) ) ;
#2858 = CARTESIAN_POINT ( 'NONE',  ( 0.8776666429982875600, 1.250000000000000000, -0.5031900161608660000 ) ) ;
#2859 = CARTESIAN_POINT ( 'NONE',  ( 0.5083407561152230000, 1.248999999999999900, 0.3564080008025406500 ) ) ;
#2860 = STYLED_ITEM ( 'NONE', ( #1166 ), #2149 ) ;
#2861 = ORIENTED_EDGE ( 'NONE', *, *, #2017, .T. ) ;
#2862 = VECTOR ( 'NONE', #1845, 1000.000000000000000 ) ;
#2863 =( NAMED_UNIT ( * ) PLANE_ANGLE_UNIT ( ) SI_UNIT ( $, .RADIAN. ) );
#2864 = CARTESIAN_POINT ( 'NONE',  ( 0.8810017367214070200, 1.249000000000000100, -0.5978675179053321000 ) ) ;
#2865 = EDGE_CURVE ( 'NONE', #423, #2317, #859, .T. ) ;
#2866 = EDGE_CURVE ( 'NONE', #2230, #1836, #2396, .T. ) ;
#2867 = ORIENTED_EDGE ( 'NONE', *, *, #750, .F. ) ;
#2868 = COLOUR_RGB ( '',1.000000000000000000, 1.000000000000000000, 1.000000000000000000 ) ;
#2869 = CARTESIAN_POINT ( 'NONE',  ( 1.556349038135314900, 1.250000000000000000, 1.556349038135314900 ) ) ;
#2870 = SURFACE_SIDE_STYLE ('',( #841 ) ) ;
#2871 =( NAMED_UNIT ( * ) SI_UNIT ( $, .STERADIAN. ) SOLID_ANGLE_UNIT ( ) );
#2872 = CARTESIAN_POINT ( 'NONE',  ( -1.600000000000000300, 0.0000000000000000000, 1.599999999999999600 ) ) ;
#2873 =( GEOMETRIC_REPRESENTATION_CONTEXT ( 3 ) GLOBAL_UNCERTAINTY_ASSIGNED_CONTEXT ( ( #107 ) ) GLOBAL_UNIT_ASSIGNED_CONTEXT ( ( #1779, #1721, #1613 ) ) REPRESENTATION_CONTEXT ( 'NONE', 'WORKASPACE' ) );
#2874 = EDGE_CURVE ( 'NONE', #14, #2891, #2145, .T. ) ;
#2875 = EDGE_CURVE ( 'NONE', #2684, #1947, #201, .T. ) ;
#2876 = AXIS2_PLACEMENT_3D ( 'NONE', #1448, #1459, #1810 ) ;
#2877 = LINE ( 'NONE', #745, #981 ) ;
#2878 = ORIENTED_EDGE ( 'NONE', *, *, #2129, .F. ) ;
#2879 = ORIENTED_EDGE ( 'NONE', *, *, #2346, .F. ) ;
#2880 =( NAMED_UNIT ( * ) PLANE_ANGLE_UNIT ( ) SI_UNIT ( $, .RADIAN. ) );
#2881 = AXIS2_PLACEMENT_3D ( 'NONE', #66, #1758, #303 ) ;
#2882 = EDGE_CURVE ( 'NONE', #244, #893, #2696, .T. ) ;
#2883 = SURFACE_SIDE_STYLE ('',( #704 ) ) ;
#2884 = DIRECTION ( 'NONE',  ( 0.0000000000000000000, 1.000000000000000000, 0.0000000000000000000 ) ) ;
#2885 = CARTESIAN_POINT ( 'NONE',  ( -0.8612537973142278000, 1.250000000000000000, 0.2603779527559065300 ) ) ;
#2886 = DIRECTION ( 'NONE',  ( 0.0000000000000000000, 1.000000000000000000, 0.0000000000000000000 ) ) ;
#2887 = CARTESIAN_POINT ( 'NONE',  ( -0.6230963169992662600, 1.250000000000000000, 0.3571622047244089000 ) ) ;
#2888 = CARTESIAN_POINT ( 'NONE',  ( 0.9692890168182910500, 1.250000000000000200, -0.4769551582413205100 ) ) ;
#2889 = CARTESIAN_POINT ( 'NONE',  ( -0.8862852933772215100, 1.250000000000000000, -0.1391181102362200300 ) ) ;
#2890 = MECHANICAL_DESIGN_GEOMETRIC_PRESENTATION_REPRESENTATION (  '', ( #1309 ), #3064 ) ;
#2891 = VERTEX_POINT ( 'NONE', #3118 ) ;
#2892 = FACE_OUTER_BOUND ( 'NONE', #2303, .T. ) ;
#2893 = EDGE_CURVE ( 'NONE', #1643, #2709, #239, .T. ) ;
#2894 = PLANE ( 'NONE',  #229 ) ;
#2895 = CARTESIAN_POINT ( 'NONE',  ( 0.5298965353608654500, 1.250000000000000200, 0.3731736207897153900 ) ) ;
#2896 = SURFACE_STYLE_FILL_AREA ( #781 ) ;
#2897 = CARTESIAN_POINT ( 'NONE',  ( 0.8163727917268465100, 1.250000000000000400, -0.6219610177869117100 ) ) ;
#2898 = CARTESIAN_POINT ( 'NONE',  ( 0.8776666429982876700, 1.249999999999999800, 0.6506561376852879600 ) ) ;
#2899 = UNCERTAINTY_MEASURE_WITH_UNIT (LENGTH_MEASURE( 1.000000000000000100E-005 ), #817, 'distance_accuracy_value', 'NONE');
#2900 = FILL_AREA_STYLE ('',( #2667 ) ) ;
#2901 = CARTESIAN_POINT ( 'NONE',  ( -0.6299999999999996700, -0.05000000000000000300, -1.345000000000000000 ) ) ;
#2902 = SURFACE_STYLE_FILL_AREA ( #1920 ) ;
#2903 = CARTESIAN_POINT ( 'NONE',  ( -1.041970332747300000, 1.249000000000000100, 0.1869448818897663800 ) ) ;
#2904 = CARTESIAN_POINT ( 'NONE',  ( 0.5528474973748625000, 1.249999999999999800, 0.3900240600531716400 ) ) ;
#2905 = EDGE_LOOP ( 'NONE', ( #1282, #2027, #705, #1177 ) ) ;
#2906 = CARTESIAN_POINT ( 'NONE',  ( 1.150748910208276400, 1.249000000000000100, 0.1276371918845545000 ) ) ;
#2907 = DIRECTION ( 'NONE',  ( 0.6128916609699320800, 0.0000000000000000000, -0.7901669519244131100 ) ) ;
#2908 = LINE ( 'NONE', #1675, #2297 ) ;
#2909 = STYLED_ITEM ( 'NONE', ( #385 ), #1865 ) ;
#2910 =( NAMED_UNIT ( * ) SI_UNIT ( $, .STERADIAN. ) SOLID_ANGLE_UNIT ( ) );
#2911 = SURFACE_STYLE_USAGE ( .BOTH. , #3002 ) ;
#2912 = CARTESIAN_POINT ( 'NONE',  ( 0.5065181409775072500, 1.250000000000000000, 0.8199448841922469800 ) ) ;
#2913 = EDGE_CURVE ( 'NONE', #1286, #1766, #1364, .T. ) ;
#2914 = ORIENTED_EDGE ( 'NONE', *, *, #578, .T. ) ;
#2915 = EDGE_LOOP ( 'NONE', ( #1147, #701, #2628, #2310 ) ) ;
#2916 = CARTESIAN_POINT ( 'NONE',  ( -1.041970332747300000, 1.250000000000000000, 0.1869448818897663800 ) ) ;
#2917 = CARTESIAN_POINT ( 'NONE',  ( 0.5774073733921441000, 1.250000000000000200, 0.4066745519116822800 ) ) ;
#2918 = ORIENTED_EDGE ( 'NONE', *, *, #1850, .F. ) ;
#2919 = DIRECTION ( 'NONE',  ( -1.000000000000000000, 0.0000000000000000000, 0.0000000000000000000 ) ) ;
#2920 = ORIENTED_EDGE ( 'NONE', *, *, #29, .T. ) ;
#2921 = COLOUR_RGB ( '',1.000000000000000000, 1.000000000000000000, 1.000000000000000000 ) ;
#2922 = CARTESIAN_POINT ( 'NONE',  ( -1.227598197486963600, 1.249000000000000100, 1.155239767147279200 ) ) ;
#2923 = FILL_AREA_STYLE ('',( #2848 ) ) ;
#2924 = CARTESIAN_POINT ( 'NONE',  ( 0.6033884851921130800, 1.249000000000000300, -0.7305409231396562400 ) ) ;
#2925 = CARTESIAN_POINT ( 'NONE',  ( 1.132651793339804100, 1.250000000000000000, -0.5468663643449274100 ) ) ;
#2926 = CARTESIAN_POINT ( 'NONE',  ( 0.4881888140544302600, 1.249000000000000100, -0.2377474235000608700 ) ) ;
#2927 = CARTESIAN_POINT ( 'NONE',  ( -1.233627025660686500, 1.249000000000000100, -0.01613858267716233900 ) ) ;
#2928 = CARTESIAN_POINT ( 'NONE',  ( 0.6033884851921130800, 1.249999999999999600, 0.4233052307064976100 ) ) ;
#2929 = VERTEX_POINT ( 'NONE', #2869 ) ;
#2930 = B_SPLINE_SURFACE_WITH_KNOTS ( 'NONE', 3, 1, ( 
 ( #97, #2024 ),
 ( #2278, #1762 ),
 ( #326, #1546 ),
 ( #89, #1785 ),
 ( #69, #2964 ),
 ( #2308, #2066 ),
 ( #1111, #1596 ),
 ( #3022, #132 ),
 ( #1835, #374 ),
 ( #2077, #854 ),
 ( #620, #363 ),
 ( #863, #2318 ),
 ( #1118, #2540 ),
 ( #1365, #2776 ),
 ( #812, #3014 ),
 ( #2531, #1585 ),
 ( #123, #1824 ),
 ( #1299, #793 ),
 ( #1292, #2246 ),
 ( #416, #2122 ),
 ( #1408, #1352 ),
 ( #1127, #914 ),
 ( #2115, #1634 ) ),
 .UNSPECIFIED., .F., .F., .F.,
 ( 4, 1, 1, 1, 1, 1, 1, 1, 1, 1, 1, 1, 1, 1, 1, 1, 1, 1, 1, 1, 4 ),
 ( 2, 2 ),
 ( 0.0000000000000000000, 0.03151551312998467800, 0.06480979674365734700, 0.09991169883527570300, 0.1366755286001708800, 0.1751432978746824400, 0.2157650117082458300, 0.2581569125231217300, 0.3022930440652045700, 0.3927408518774001000, 0.4832984694610615900, 0.5744114847371660800, 0.6664774093514972400, 0.7120107481430554300, 0.7563744975915032100, 0.7998154803065211600, 0.8419616993485903300, 0.8828431755911850800, 0.9229180315891946100, 0.9619666184423850700, 1.000000000000000000 ),
 ( 0.0000000000000000000, 1.000000000000000000 ),
 .UNSPECIFIED. ) ;
#2931 =( NAMED_UNIT ( * ) SI_UNIT ( $, .STERADIAN. ) SOLID_ANGLE_UNIT ( ) );
#2932 = ORIENTED_EDGE ( 'NONE', *, *, #2913, .F. ) ;
#2933 = FILL_AREA_STYLE_COLOUR ( '', #1891 ) ;
#2934 = PLANE ( 'NONE',  #2369 ) ;
#2935 =( GEOMETRIC_REPRESENTATION_CONTEXT ( 3 ) GLOBAL_UNCERTAINTY_ASSIGNED_CONTEXT ( ( #1247 ) ) GLOBAL_UNIT_ASSIGNED_CONTEXT ( ( #768, #2453, #1014 ) ) REPRESENTATION_CONTEXT ( 'NONE', 'WORKASPACE' ) );
#2936 = CARTESIAN_POINT ( 'NONE',  ( 0.8810017367214070200, 1.249999999999999600, -0.5978675179053321000 ) ) ;
#2937 = CARTESIAN_POINT ( 'NONE',  ( 0.6724336686852933100, 1.249000000000000100, -0.5987181975187696500 ) ) ;
#2938 = CARTESIAN_POINT ( 'NONE',  ( -1.233627025660686500, 1.250000000000000000, -0.01613858267716233900 ) ) ;
#2939 = SURFACE_STYLE_USAGE ( .BOTH. , #1260 ) ;
#2940 = B_SPLINE_SURFACE_WITH_KNOTS ( 'NONE', 3, 1, ( 
 ( #3050, #895 ),
 ( #2575, #1149 ),
 ( #2807, #1390 ),
 ( #3060, #1629 ) ),
 .UNSPECIFIED., .F., .F., .F.,
 ( 4, 4 ),
 ( 2, 2 ),
 ( 0.1818181818181818200, 0.2727272727272727100 ),
 ( 0.0000000000000000000, 1.000000000000000000 ),
 .UNSPECIFIED. ) ;
#2941 = UNCERTAINTY_MEASURE_WITH_UNIT (LENGTH_MEASURE( 1.000000000000000100E-005 ), #626, 'distance_accuracy_value', 'NONE');
#2942 = ORIENTED_EDGE ( 'NONE', *, *, #2361, .F. ) ;
#2943 = VECTOR ( 'NONE', #2511, 1000.000000000000000 ) ;
#2944 =( LENGTH_UNIT ( ) NAMED_UNIT ( * ) SI_UNIT ( .MILLI., .METRE. ) );
#2945 = CARTESIAN_POINT ( 'NONE',  ( 1.143283040082379700, 1.249999999999999800, -0.4495165157309847200 ) ) ;
#2946 = EDGE_LOOP ( 'NONE', ( #804, #381, #289, #820 ) ) ;
#2947 = SURFACE_SIDE_STYLE ('',( #1500 ) ) ;
#2948 = CARTESIAN_POINT ( 'NONE',  ( -0.8862852933772215100, 1.249000000000000100, -0.1391181102362200300 ) ) ;
#2949 =( GEOMETRIC_REPRESENTATION_CONTEXT ( 3 ) GLOBAL_UNCERTAINTY_ASSIGNED_CONTEXT ( ( #2298 ) ) GLOBAL_UNIT_ASSIGNED_CONTEXT ( ( #1170, #1996, #2102 ) ) REPRESENTATION_CONTEXT ( 'NONE', 'WORKASPACE' ) );
#2950 = CARTESIAN_POINT ( 'NONE',  ( 0.5298965353608653400, 1.249000000000000100, -0.2037494561333616000 ) ) ;
#2951 = VECTOR ( 'NONE', #2227, 1000.000000000000000 ) ;
#2952 = CARTESIAN_POINT ( 'NONE',  ( -1.171628600463835900, 1.249000000000000100, -0.1527685039370064400 ) ) ;
#2953 = CARTESIAN_POINT ( 'NONE',  ( 1.053721479530609100, 1.250000000000000000, 0.1180961235023767100 ) ) ;
#2954 = VECTOR ( 'NONE', #2963, 1000.000000000000000 ) ;
#2955 = VERTEX_POINT ( 'NONE', #217 ) ;
#2956 = EDGE_LOOP ( 'NONE', ( #227, #2305, #840, #2378 ) ) ;
#2957 = ORIENTED_EDGE ( 'NONE', *, *, #2715, .F. ) ;
#2958 = APPLICATION_PROTOCOL_DEFINITION ( 'draft international standard', 'automotive_design', 1998, #75 ) ;
#2959 =( NAMED_UNIT ( * ) PLANE_ANGLE_UNIT ( ) SI_UNIT ( $, .RADIAN. ) );
#2960 = PRESENTATION_LAYER_ASSIGNMENT (  '', '', ( #2641 ) ) ;
#2961 = B_SPLINE_SURFACE_WITH_KNOTS ( 'NONE', 3, 1, ( 
 ( #1301, #1710 ),
 ( #1744, #1753 ),
 ( #1788, #1798 ),
 ( #1830, #1839 ),
 ( #1847, #1854 ),
 ( #1861, #1892 ),
 ( #1894, #1916 ),
 ( #1918, #1952 ),
 ( #1963, #1974 ),
 ( #1987, #1998 ),
 ( #2028, #2061 ),
 ( #2071, #2083 ),
 ( #2098, #2118 ),
 ( #2126, #2146 ),
 ( #2161, #2164 ) ),
 .UNSPECIFIED., .F., .F., .F.,
 ( 4, 1, 1, 1, 1, 1, 1, 1, 1, 1, 1, 1, 4 ),
 ( 2, 2 ),
 ( 0.0000000000000000000, 0.05027287497458355500, 0.1027903700748774700, 0.1576131012369288700, 0.2146311133156755500, 0.2740612127265388800, 0.3356974550538851500, 0.4000702787165527600, 0.4668267493853401300, 0.6020780869193702600, 0.7357515335047494200, 0.8682046170340285100, 1.000000000000000000 ),
 ( 0.0000000000000000000, 1.000000000000000000 ),
 .UNSPECIFIED. ) ;
#2962 = CARTESIAN_POINT ( 'NONE',  ( 0.8163727917268464000, 1.249999999999999800, -0.04503794086383463400 ) ) ;
#2963 = DIRECTION ( 'NONE',  ( -1.000000000000000000, 0.0000000000000000000, -2.816109538923387900E-016 ) ) ;
#2964 = CARTESIAN_POINT ( 'NONE',  ( 1.079574179478380900, 1.249999999999998700, 0.1220415754096393600 ) ) ;
#2965 = CARTESIAN_POINT ( 'NONE',  ( -1.107524663455962300, 1.249000000000000100, -0.3665999999999977600 ) ) ;
#2966 = SURFACE_STYLE_FILL_AREA ( #2151 ) ;
#2967 = B_SPLINE_SURFACE_WITH_KNOTS ( 'NONE', 3, 1, ( 
 ( #1579, #2329 ),
 ( #2349, #2357 ),
 ( #2366, #2377 ),
 ( #2389, #2397 ) ),
 .UNSPECIFIED., .F., .F., .F.,
 ( 4, 4 ),
 ( 2, 2 ),
 ( 0.09090909090909091200, 0.1818181818181818200 ),
 ( 0.0000000000000000000, 1.000000000000000000 ),
 .UNSPECIFIED. ) ;
#2968 = SURFACE_STYLE_FILL_AREA ( #466 ) ;
#2969 = UNCERTAINTY_MEASURE_WITH_UNIT (LENGTH_MEASURE( 1.000000000000000100E-005 ), #2813, 'distance_accuracy_value', 'NONE');
#2970 = APPLICATION_CONTEXT ( 'automotive_design' ) ;
#2971 =( NAMED_UNIT ( * ) SI_UNIT ( $, .STERADIAN. ) SOLID_ANGLE_UNIT ( ) );
#2972 =( GEOMETRIC_REPRESENTATION_CONTEXT ( 3 ) GLOBAL_UNCERTAINTY_ASSIGNED_CONTEXT ( ( #618 ) ) GLOBAL_UNIT_ASSIGNED_CONTEXT ( ( #1816, #354, #2058 ) ) REPRESENTATION_CONTEXT ( 'NONE', 'WORKASPACE' ) );
#2973 = CARTESIAN_POINT ( 'NONE',  ( 1.399999999999999700, 0.0000000000000000000, 1.345000000000000400 ) ) ;
#2974 = CARTESIAN_POINT ( 'NONE',  ( 1.150748910208276400, 1.250000000000000000, 0.03148334573070834400 ) ) ;
#2975 = EDGE_CURVE ( 'NONE', #1716, #1174, #128, .T. ) ;
#2976 = CARTESIAN_POINT ( 'NONE',  ( -1.171628600463835900, 1.250000000000000000, -0.1527685039370064400 ) ) ;
#2977 = ORIENTED_EDGE ( 'NONE', *, *, #1661, .F. ) ;
#2978 = LINE ( 'NONE', #714, #3057 ) ;
#2979 =( NAMED_UNIT ( * ) PLANE_ANGLE_UNIT ( ) SI_UNIT ( $, .RADIAN. ) );
#2980 = LINE ( 'NONE', #2407, #2087 ) ;
#2981 = CARTESIAN_POINT ( 'NONE',  ( 0.4103642948236609900, 1.249000000000000100, -0.3339012696539069800 ) ) ;
#2982 = CARTESIAN_POINT ( 'NONE',  ( 1.596107221721835900, 0.1114745847477245400, 1.596107221721835700 ) ) ;
#2983 = FACE_OUTER_BOUND ( 'NONE', #634, .T. ) ;
#2984 = DIRECTION ( 'NONE',  ( 0.0000000000000000000, 0.0000000000000000000, -1.000000000000000000 ) ) ;
#2985 = FILL_AREA_STYLE_COLOUR ( '', #175 ) ;
#2986 = CARTESIAN_POINT ( 'NONE',  ( 0.4881888140544302600, 1.250000000000000000, 0.3391756534230161400 ) ) ;
#2987 = LINE ( 'NONE', #2168, #1087 ) ;
#2988 = ORIENTED_EDGE ( 'NONE', *, *, #1157, .F. ) ;
#2989 =( NAMED_UNIT ( * ) PLANE_ANGLE_UNIT ( ) SI_UNIT ( $, .RADIAN. ) );
#2990 = PRESENTATION_STYLE_ASSIGNMENT (( #62 ) ) ;
#2991 =( LENGTH_UNIT ( ) NAMED_UNIT ( * ) SI_UNIT ( .MILLI., .METRE. ) );
#2992 = B_SPLINE_SURFACE_WITH_KNOTS ( 'NONE', 3, 1, ( 
 ( #2611, #717 ),
 ( #861, #1176 ),
 ( #3132, #2843 ),
 ( #2644, #2370 ),
 ( #869, #963 ),
 ( #977, #988 ),
 ( #1116, #1184 ),
 ( #1200, #1228 ),
 ( #1431, #1449 ),
 ( #1460, #1472 ),
 ( #1648, #1663 ),
 ( #1698, #1872 ),
 ( #1884, #1908 ),
 ( #1919, #1930 ),
 ( #2062, #2072 ) ),
 .UNSPECIFIED., .F., .F., .F.,
 ( 4, 1, 1, 1, 1, 1, 1, 1, 1, 1, 1, 1, 4 ),
 ( 2, 2 ),
 ( 0.0000000000000000000, 0.05027287497458356900, 0.1027903700748775000, 0.1576131012369289300, 0.2146311133156756100, 0.2740612127265389400, 0.3356974550538852100, 0.4000702787165528200, 0.4668267493853402500, 0.6020780869193702600, 0.7357515335047494200, 0.8682046170340285100, 1.000000000000000000 ),
 ( 0.0000000000000000000, 1.000000000000000000 ),
 .UNSPECIFIED. ) ;
#2993 = FACE_OUTER_BOUND ( 'NONE', #1650, .T. ) ;
#2994 = CARTESIAN_POINT ( 'NONE',  ( -0.3689356870780081100, 1.250000000000000000, 0.2739228346456694100 ) ) ;
#2995 = CARTESIAN_POINT ( 'NONE',  ( 0.9468727082851994300, 1.249000000000000100, -0.5786428561923686600 ) ) ;
#2996 = CARTESIAN_POINT ( 'NONE',  ( -1.600000000000001000, 0.0000000000000000000, -1.600000000000000500 ) ) ;
#2997 = EDGE_LOOP ( 'NONE', ( #2543, #805, #242, #2281 ) ) ;
#2998 = CARTESIAN_POINT ( 'NONE',  ( -0.2164160020386388700, 1.249000000000000100, -0.01149606299212686800 ) ) ;
#2999 = ORIENTED_EDGE ( 'NONE', *, *, #1917, .F. ) ;
#3000 = CARTESIAN_POINT ( 'NONE',  ( -1.107524663455962300, 1.249000000000000100, -0.3665999999999977600 ) ) ;
#3001 = DIRECTION ( 'NONE',  ( 0.0000000000000000000, 1.300643610516437500E-013, -1.000000000000000000 ) ) ;
#3002 = SURFACE_SIDE_STYLE ('',( #815 ) ) ;
#3003 = ORIENTED_EDGE ( 'NONE', *, *, #1874, .F. ) ;
#3004 = FILL_AREA_STYLE ('',( #2299 ) ) ;
#3005 =( NAMED_UNIT ( * ) SI_UNIT ( $, .STERADIAN. ) SOLID_ANGLE_UNIT ( ) );
#3006 = MECHANICAL_DESIGN_GEOMETRIC_PRESENTATION_REPRESENTATION (  '', ( #2524 ), #36 ) ;
#3007 = CARTESIAN_POINT ( 'NONE',  ( 0.9468727082851994300, 1.250000000000000000, -0.001719779269291688600 ) ) ;
#3008 = CARTESIAN_POINT ( 'NONE',  ( 0.6307990869808660600, 1.250000000000000200, 0.4400543681035266100 ) ) ;
#3009 = FILL_AREA_STYLE_COLOUR ( '', #3072 ) ;
#3010 =( NAMED_UNIT ( * ) SI_UNIT ( $, .STERADIAN. ) SOLID_ANGLE_UNIT ( ) );
#3011 = VERTEX_POINT ( 'NONE', #1690 ) ;
#3012 = PRESENTATION_STYLE_ASSIGNMENT (( #1636 ) ) ;
#3013 = CARTESIAN_POINT ( 'NONE',  ( 0.6033884851921130800, 1.249999999999999600, -0.1536178462165793400 ) ) ;
#3014 = CARTESIAN_POINT ( 'NONE',  ( 0.6724336686852935300, 1.249999999999998700, -0.02179512059569282300 ) ) ;
#3015 = CARTESIAN_POINT ( 'NONE',  ( 1.044923278175577700, 1.249999999999999800, -0.5568147572708803700 ) ) ;
#3016 = FACE_OUTER_BOUND ( 'NONE', #2946, .T. ) ;
#3017 = CARTESIAN_POINT ( 'NONE',  ( 0.9249521812137629900, 1.249000000000000300, -0.5850404347844818700 ) ) ;
#3018 =( GEOMETRIC_REPRESENTATION_CONTEXT ( 3 ) GLOBAL_UNCERTAINTY_ASSIGNED_CONTEXT ( ( #2128 ) ) GLOBAL_UNIT_ASSIGNED_CONTEXT ( ( #1674, #1684, #1697 ) ) REPRESENTATION_CONTEXT ( 'NONE', 'WORKASPACE' ) );
#3019 = COLOUR_RGB ( '',0.8274509803921568100, 0.8392156862745098200, 0.8274509803921568100 ) ;
#3020 = VERTEX_POINT ( 'NONE', #2181 ) ;
#3021 =( NAMED_UNIT ( * ) PLANE_ANGLE_UNIT ( ) SI_UNIT ( $, .RADIAN. ) );
#3022 = CARTESIAN_POINT ( 'NONE',  ( 0.9985640440302052700, 1.248999999999999900, 0.1071051207276817300 ) ) ;
#3023 = ORIENTED_EDGE ( 'NONE', *, *, #1711, .F. ) ;
#3024 = FILL_AREA_STYLE ('',( #2319 ) ) ;
#3025 = FILL_AREA_STYLE_COLOUR ( '', #30 ) ;
#3026 = PLANE ( 'NONE',  #2793 ) ;
#3027 = CARTESIAN_POINT ( 'NONE',  ( 1.026727637459864800, 1.250000000000000000, 0.1130811231504486600 ) ) ;
#3028 = B_SPLINE_SURFACE_WITH_KNOTS ( 'NONE', 3, 1, ( 
 ( #260, #28 ),
 ( #1729, #272 ),
 ( #1970, #518 ),
 ( #2224, #772 ),
 ( #2456, #1020 ),
 ( #2689, #1266 ),
 ( #2924, #1504 ),
 ( #40, #1740 ),
 ( #280, #1981 ),
 ( #528, #2236 ),
 ( #782, #2468 ),
 ( #1032, #2700 ),
 ( #1276, #2936 ),
 ( #1518, #55 ),
 ( #1749, #291 ) ),
 .UNSPECIFIED., .F., .F., .F.,
 ( 4, 1, 1, 1, 1, 1, 1, 1, 1, 1, 1, 1, 4 ),
 ( 2, 2 ),
 ( 0.0000000000000000000, 0.05027287497458354800, 0.1027903700748776000, 0.1576131012369289300, 0.2146311133156755800, 0.2740612127265389400, 0.3356974550538851000, 0.4000702787165528200, 0.4668267493853401300, 0.6020780869193701500, 0.7357515335047493100, 0.8682046170340285100, 1.000000000000000000 ),
 ( 0.0000000000000000000, 1.000000000000000000 ),
 .UNSPECIFIED. ) ;
#3029 = ORIENTED_EDGE ( 'NONE', *, *, #658, .F. ) ;
#3030 = AXIS2_PLACEMENT_3D ( 'NONE', #2754, #2766, #2907 ) ;
#3031 = ORIENTED_EDGE ( 'NONE', *, *, #231, .F. ) ;
#3032 = B_SPLINE_SURFACE_WITH_KNOTS ( 'NONE', 3, 1, ( 
 ( #2710, #553 ),
 ( #2258, #799 ),
 ( #2489, #1056 ),
 ( #2722, #1298 ) ),
 .UNSPECIFIED., .F., .F., .F.,
 ( 4, 4 ),
 ( 2, 2 ),
 ( 0.2727272727272727100, 0.3636363636363636500 ),
 ( 0.0000000000000000000, 1.000000000000000000 ),
 .UNSPECIFIED. ) ;
#3033 = CARTESIAN_POINT ( 'NONE',  ( -0.9727230886528125400, 1.249000000000000100, -0.2374330708661406600 ) ) ;
#3034 = EDGE_LOOP ( 'NONE', ( #1706, #3029, #2482, #1873 ) ) ;
#3035 = EDGE_CURVE ( 'NONE', #2437, #1643, #1992, .T. ) ;
#3036 = ADVANCED_FACE ( 'NONE', ( #632 ), #2421, .T. ) ;
#3037 = EDGE_CURVE ( 'NONE', #2955, #2030, #2160, .T. ) ;
#3038 = ORIENTED_EDGE ( 'NONE', *, *, #718, .F. ) ;
#3039 = CARTESIAN_POINT ( 'NONE',  ( 1.104338211421708200, 1.250000000000000700, 0.7017580616468643800 ) ) ;
#3040 = DIRECTION ( 'NONE',  ( 0.0000000000000000000, 0.0000000000000000000, -1.000000000000000000 ) ) ;
#3041 = SURFACE_SIDE_STYLE ('',( #2282 ) ) ;
#3042 = LINE ( 'NONE', #848, #2417 ) ;
#3043 = UNCERTAINTY_MEASURE_WITH_UNIT (LENGTH_MEASURE( 1.000000000000000100E-005 ), #1430, 'distance_accuracy_value', 'NONE');
#3044 = CARTESIAN_POINT ( 'NONE',  ( 0.5132301600453067500, 1.250000000000000000, -0.7125001011094328500 ) ) ;
#3045 = EDGE_CURVE ( 'NONE', #849, #320, #2334, .T. ) ;
#3046 = EDGE_CURVE ( 'NONE', #1951, #22, #1059, .T. ) ;
#3047 = STYLED_ITEM ( 'NONE', ( #2176 ), #931 ) ;
#3048 = FILL_AREA_STYLE_COLOUR ( '', #1780 ) ;
#3049 = CARTESIAN_POINT ( 'NONE',  ( 0.8776666429982876700, 1.248999999999999900, 0.6506561376852879600 ) ) ;
#3050 = CARTESIAN_POINT ( 'NONE',  ( -1.318067970542576000, 1.249000000000000100, -0.1926125984251939300 ) ) ;
#3051 = SURFACE_STYLE_USAGE ( .BOTH. , #3041 ) ;
#3052 = EDGE_CURVE ( 'NONE', #25, #2041, #2877, .T. ) ;
#3053 = PRESENTATION_STYLE_ASSIGNMENT (( #883 ) ) ;
#3054 = ADVANCED_FACE ( 'NONE', ( #2798 ), #2435, .T. ) ;
#3055 = SURFACE_STYLE_FILL_AREA ( #88 ) ;
#3056 = PRESENTATION_LAYER_ASSIGNMENT (  '', '', ( #2734 ) ) ;
#3057 = VECTOR ( 'NONE', #635, 1000.000000000000000 ) ;
#3058 = FILL_AREA_STYLE ('',( #3048 ) ) ;
#3059 = CARTESIAN_POINT ( 'NONE',  ( 0.6193875387883388500, 1.250000000000000400, 0.5222871953860375200 ) ) ;
#3060 = CARTESIAN_POINT ( 'NONE',  ( -0.8593986792039916000, 1.249000000000000100, 0.4306881889763788400 ) ) ;
#3061 = CARTESIAN_POINT ( 'NONE',  ( 0.5065181409775072500, 1.249000000000000100, -0.3339012696539069800 ) ) ;
#3062 =( LENGTH_UNIT ( ) NAMED_UNIT ( * ) SI_UNIT ( .MILLI., .METRE. ) );
#3063 = ORIENTED_EDGE ( 'NONE', *, *, #1720, .F. ) ;
#3064 =( GEOMETRIC_REPRESENTATION_CONTEXT ( 3 ) GLOBAL_UNCERTAINTY_ASSIGNED_CONTEXT ( ( #575 ) ) GLOBAL_UNIT_ASSIGNED_CONTEXT ( ( #2991, #3119, #2971 ) ) REPRESENTATION_CONTEXT ( 'NONE', 'WORKASPACE' ) );
#3065 = SURFACE_STYLE_FILL_AREA ( #337 ) ;
#3066 = VECTOR ( 'NONE', #2015, 1000.000000000000000 ) ;
#3067 = EDGE_CURVE ( 'NONE', #2839, #1102, #94, .T. ) ;
#3068 = CARTESIAN_POINT ( 'NONE',  ( -1.123078994164623500, 1.249000000000000100, -0.2597606299212574800 ) ) ;
#3069 = ORIENTED_EDGE ( 'NONE', *, *, #2882, .F. ) ;
#3070 = UNCERTAINTY_MEASURE_WITH_UNIT (LENGTH_MEASURE( 1.000000000000000100E-005 ), #516, 'distance_accuracy_value', 'NONE');
#3071 = LINE ( 'NONE', #2307, #585 ) ;
#3072 = COLOUR_RGB ( '',1.000000000000000000, 1.000000000000000000, 1.000000000000000000 ) ;
#3073 = ADVANCED_FACE ( 'NONE', ( #740 ), #27, .T. ) ;
#3074 = PLANE ( 'NONE',  #1950 ) ;
#3075 =( NAMED_UNIT ( * ) SI_UNIT ( $, .STERADIAN. ) SOLID_ANGLE_UNIT ( ) );
#3076 = FILL_AREA_STYLE_COLOUR ( '', #297 ) ;
#3077 = B_SPLINE_CURVE_WITH_KNOTS ( 'NONE', 3,
 ( #2986, #1754, #2781, #2895, #2904, #2917, #2928, #3008, #766, #47, #2249, #35, #1953, #2484, #1510 ),
 .UNSPECIFIED., .F., .F.,
 ( 4, 1, 1, 1, 1, 1, 1, 1, 1, 1, 1, 1, 4 ),
 ( 0.0000000000000000000, 0.05027287497458355500, 0.1027903700748774700, 0.1576131012369288700, 0.2146311133156755500, 0.2740612127265388800, 0.3356974550538851500, 0.4000702787165527600, 0.4668267493853401300, 0.6020780869193702600, 0.7357515335047494200, 0.8682046170340285100, 1.000000000000000000 ),
 .UNSPECIFIED. ) ;
#3078 =( NAMED_UNIT ( * ) PLANE_ANGLE_UNIT ( ) SI_UNIT ( $, .RADIAN. ) );
#3079 = LINE ( 'NONE', #1219, #1470 ) ;
#3080 = COLOUR_RGB ( '',1.000000000000000000, 1.000000000000000000, 1.000000000000000000 ) ;
#3081 = DIRECTION ( 'NONE',  ( 0.0000000000000000000, -0.0000000000000000000, 1.000000000000000000 ) ) ;
#3082 = PRESENTATION_LAYER_ASSIGNMENT (  '', '', ( #2749 ) ) ;
#3083 = VERTEX_POINT ( 'NONE', #1502 ) ;
#3084 =( LENGTH_UNIT ( ) NAMED_UNIT ( * ) SI_UNIT ( .MILLI., .METRE. ) );
#3085 = CARTESIAN_POINT ( 'NONE',  ( 1.150748910208276400, 1.249000000000000100, -0.4492858850385224000 ) ) ;
#3086 =( NAMED_UNIT ( * ) SI_UNIT ( $, .STERADIAN. ) SOLID_ANGLE_UNIT ( ) );
#3087 =( LENGTH_UNIT ( ) NAMED_UNIT ( * ) SI_UNIT ( .MILLI., .METRE. ) );
#3088 =( NAMED_UNIT ( * ) SI_UNIT ( $, .STERADIAN. ) SOLID_ANGLE_UNIT ( ) );
#3089 = VERTEX_POINT ( 'NONE', #39 ) ;
#3090 = AXIS2_PLACEMENT_3D ( 'NONE', #2390, #2886, #3081 ) ;
#3091 = ADVANCED_FACE ( 'NONE', ( #2208 ), #2532, .F. ) ;
#3092 = CARTESIAN_POINT ( 'NONE',  ( 0.9468727082851994300, 1.249000000000000100, -0.5786428561923686600 ) ) ;
#3093 = CARTESIAN_POINT ( 'NONE',  ( 0.5132301600453067500, 1.249000000000000100, -0.7125001011094328500 ) ) ;
#3094 = EDGE_CURVE ( 'NONE', #1654, #1557, #1972, .T. ) ;
#3095 = CARTESIAN_POINT ( 'NONE',  ( 0.9985640440302050400, 1.248999999999999700, 0.6840281976507586200 ) ) ;
#3096 = VERTEX_POINT ( 'NONE', #1514 ) ;
#3097 = VECTOR ( 'NONE', #653, 1000.000000000000000 ) ;
#3098 = SURFACE_SIDE_STYLE ('',( #1098 ) ) ;
#3099 = SURFACE_STYLE_USAGE ( .BOTH. , #444 ) ;
#3100 = B_SPLINE_CURVE_WITH_KNOTS ( 'NONE', 3,
 ( #1403, #898, #2859, #1250, #1734, #412, #1902, #2577, #1929, #2280, #1471, #1637, #654, #182, #2038 ),
 .UNSPECIFIED., .F., .F.,
 ( 4, 1, 1, 1, 1, 1, 1, 1, 1, 1, 1, 1, 4 ),
 ( 0.0000000000000000000, 0.05027287497458355500, 0.1027903700748774700, 0.1576131012369288700, 0.2146311133156755500, 0.2740612127265388800, 0.3356974550538851500, 0.4000702787165527600, 0.4668267493853401300, 0.6020780869193702600, 0.7357515335047494200, 0.8682046170340285100, 1.000000000000000000 ),
 .UNSPECIFIED. ) ;
#3101 = PRESENTATION_STYLE_ASSIGNMENT (( #486 ) ) ;
#3102 = CARTESIAN_POINT ( 'NONE',  ( 0.7052545179514081400, 1.248999999999999900, -0.09607392900490766000 ) ) ;
#3103 = DIRECTION ( 'NONE',  ( -0.0000000000000000000, 1.000000000000000000, -0.0000000000000000000 ) ) ;
#3104 = CARTESIAN_POINT ( 'NONE',  ( 0.9287008160760934500, 1.249000000000000300, -0.4875101161320244400 ) ) ;
#3105 = CARTESIAN_POINT ( 'NONE',  ( 0.9249521812137629900, 1.250000000000000200, -0.5850404347844818700 ) ) ;
#3106 = CARTESIAN_POINT ( 'NONE',  ( 0.5132301600453067500, 1.249000000000000100, 0.4413460527367211700 ) ) ;
#3107 = PRESENTATION_STYLE_ASSIGNMENT (( #1426 ) ) ;
#3108 = ADVANCED_FACE ( 'NONE', ( #1346 ), #1747, .T. ) ;
#3109 = VERTEX_POINT ( 'NONE', #550 ) ;
#3110 = DIRECTION ( 'NONE',  ( 0.0000000000000000000, -1.000000000000000000, 0.0000000000000000000 ) ) ;
#3111 = ORIENTED_EDGE ( 'NONE', *, *, #3046, .F. ) ;
#3112 = DIRECTION ( 'NONE',  ( 0.0000000000000000000, -0.0000000000000000000, -1.000000000000000000 ) ) ;
#3113 = CARTESIAN_POINT ( 'NONE',  ( -1.556349038135316200, 1.250000000000000000, -1.556349038135315800 ) ) ;
#3114 = STYLED_ITEM ( 'NONE', ( #2705 ), #880 ) ;
#3115 = EDGE_LOOP ( 'NONE', ( #112, #1577, #1651, #1886 ) ) ;
#3116 = CARTESIAN_POINT ( 'NONE',  ( -1.227598197486963600, 1.249000000000000100, 1.304946864401787000 ) ) ;
#3117 = STYLED_ITEM ( 'NONE', ( #1324 ), #3073 ) ;
#3118 = CARTESIAN_POINT ( 'NONE',  ( -1.600000000000001000, 0.0000000000000000000, -1.600000000000000500 ) ) ;
#3119 =( NAMED_UNIT ( * ) PLANE_ANGLE_UNIT ( ) SI_UNIT ( $, .RADIAN. ) );
#3120 = B_SPLINE_CURVE_WITH_KNOTS ( 'NONE', 3,
 ( #957, #2836, #876, #2436, #1074, #1727, #1203, #1172, #2406, #2395, #2387, #2376, #2365, #2355, #1846, #345, #2200, #2210, #2234, #2244, #2254, #2269, #1466 ),
 .UNSPECIFIED., .F., .F.,
 ( 4, 1, 1, 1, 1, 1, 1, 1, 1, 1, 1, 1, 1, 1, 1, 1, 1, 1, 1, 1, 4 ),
 ( 0.0000000000000000000, 0.03151551312998467800, 0.06480979674365734700, 0.09991169883527570300, 0.1366755286001708800, 0.1751432978746824400, 0.2157650117082458300, 0.2581569125231217300, 0.3022930440652045700, 0.3927408518774001000, 0.4832984694610615900, 0.5744114847371660800, 0.6664774093514972400, 0.7120107481430554300, 0.7563744975915032100, 0.7998154803065211600, 0.8419616993485903300, 0.8828431755911850800, 0.9229180315891946100, 0.9619666184423850700, 1.000000000000000000 ),
 .UNSPECIFIED. ) ;
#3121 = CARTESIAN_POINT ( 'NONE',  ( -1.227598197486963600, 1.249000000000000100, 1.155239767147279200 ) ) ;
#3122 = EDGE_LOOP ( 'NONE', ( #129, #3023, #322, #1362 ) ) ;
#3123 = ORIENTED_EDGE ( 'NONE', *, *, #884, .T. ) ;
#3124 = CARTESIAN_POINT ( 'NONE',  ( 0.9627039328275779400, 1.248999999999999900, -0.5744941170726302100 ) ) ;
#3125 = PLANE ( 'NONE',  #3090 ) ;
#3126 = CIRCLE ( 'NONE', #2088, 0.1497070972545076200 ) ;
#3127 = DIRECTION ( 'NONE',  ( -0.0000000000000000000, 0.0000000000000000000, 1.000000000000000000 ) ) ;
#3128 = DIRECTION ( 'NONE',  ( -0.0000000000000000000, 1.000000000000000000, -0.0000000000000000000 ) ) ;
#3129 = CARTESIAN_POINT ( 'NONE',  ( 1.150748910208276400, 1.250000000000000000, 0.03148334573070834400 ) ) ;
#3130 = DIRECTION ( 'NONE',  ( 0.0000000000000000000, -0.9993908270190956500, 0.03489949670250104600 ) ) ;
#3131 = MECHANICAL_DESIGN_GEOMETRIC_PRESENTATION_REPRESENTATION (  '', ( #2641 ), #145 ) ;
#3132 = CARTESIAN_POINT ( 'NONE',  ( 0.5083407561152232200, 1.249000000000000100, -0.2205150761205364500 ) ) ;
#3133 = VECTOR ( 'NONE', #1589, 1000.000000000000000 ) ;
#3134 = VECTOR ( 'NONE', #2808, 1000.000000000000000 ) ;
#3135 = VECTOR ( 'NONE', #1085, 1000.000000000000000 ) ;
ENDSEC;
END-ISO-10303-21;
